Age,Avg Monthly GB Download,Avg Monthly Long Distance Charges,CLTV,Dependents,Device Protection Plan,Internet Service,Married,Monthly Charge,Multiple Lines,Number of Dependents,Number of Referrals,Online Backup,Online Security,Paperless Billing,Partner,Phone Service,Premium Tech Support,Referred a Friend,Satisfaction Score,Senior Citizen,Streaming Movies,Streaming Music,Streaming TV,Tenure in Months,Total Charges,Total Extra Data Charges,Total Long Distance Charges,Total Refunds,Under 30,Unlimited Data,Contract_Month-to-Month,Contract_One Year,Contract_Two Year,Gender_Female,Gender_Male,Internet Type_Cable,Internet Type_DSL,Internet Type_Fiber Optic,Offer_Offer A,Offer_Offer B,Offer_Offer C,Offer_Offer D,Offer_Offer E,Payment Method_Bank Withdrawal,Payment Method_Credit Card,Payment Method_Mailed Check,Churn
40.0,2.0,0.0,2653.0,0.0,1.0,1.0,0.0,38.25,0.0,0.0,0.0,0.0,1.0,0.0,0.0,0.0,1.0,0.0,3.0,0.0,0.0,0.0,0.0,46.0,1755.35,0.0,0.0,0.0,0.0,1.0,0.0,0.0,1.0,0.0,1.0,0.0,1.0,0.0,0.0,1.0,0.0,0.0,0.0,0.0,1.0,0.0,0
79.0,11.0,33.1,4449.0,0.0,1.0,1.0,1.0,95.5,0.0,0.0,10.0,0.0,0.0,1.0,1.0,1.0,0.0,1.0,5.0,1.0,1.0,0.0,1.0,2.0,181.65,10.0,66.2,0.0,0.0,0.0,0.0,1.0,0.0,0.0,1.0,0.0,0.0,1.0,0.0,0.0,0.0,0.0,1.0,0.0,1.0,0.0,0
74.0,21.0,9.86,4407.0,0.0,0.0,1.0,0.0,70.75,0.0,0.0,0.0,0.0,0.0,0.0,0.0,1.0,0.0,0.0,2.0,1.0,0.0,0.0,0.0,2.0,154.85,0.0,19.72,0.0,0.0,1.0,1.0,0.0,0.0,1.0,0.0,0.0,0.0,1.0,0.0,0.0,0.0,0.0,1.0,1.0,0.0,0.0,1
74.0,19.0,0.0,5421.0,0.0,1.0,1.0,1.0,46.35,0.0,0.0,9.0,1.0,1.0,0.0,1.0,0.0,1.0,1.0,4.0,1.0,0.0,0.0,0.0,71.0,3353.4,0.0,0.0,18.64,0.0,1.0,0.0,0.0,1.0,0.0,1.0,0.0,1.0,0.0,1.0,0.0,0.0,0.0,0.0,0.0,1.0,0.0,0
25.0,82.0,48.49,4444.0,1.0,0.0,1.0,1.0,89.6,1.0,3.0,6.0,0.0,1.0,0.0,1.0,1.0,0.0,1.0,4.0,0.0,0.0,0.0,1.0,32.0,2901.8,0.0,1551.68,0.0,1.0,1.0,1.0,0.0,0.0,1.0,0.0,0.0,0.0,1.0,0.0,1.0,0.0,0.0,0.0,1.0,0.0,0.0,0
45.0,28.0,28.04,5968.0,1.0,0.0,1.0,1.0,85.6,0.0,3.0,1.0,0.0,0.0,1.0,1.0,1.0,1.0,1.0,4.0,0.0,1.0,1.0,0.0,18.0,1601.5,0.0,504.72,0.0,0.0,1.0,1.0,0.0,0.0,0.0,1.0,0.0,0.0,1.0,0.0,1.0,0.0,0.0,0.0,1.0,0.0,0.0,0
52.0,0.0,13.06,2010.0,1.0,0.0,0.0,1.0,20.05,0.0,2.0,7.0,0.0,0.0,0.0,1.0,1.0,0.0,1.0,4.0,0.0,0.0,0.0,0.0,25.0,520.1,0.0,326.5,0.0,0.0,0.0,0.0,1.0,0.0,1.0,0.0,0.0,0.0,1.0,0.0,0.0,1.0,0.0,0.0,0.0,1.0,0.0,0
39.0,17.0,26.7,4754.0,1.0,0.0,1.0,1.0,65.8,0.0,2.0,5.0,0.0,1.0,0.0,1.0,1.0,1.0,1.0,3.0,0.0,0.0,0.0,1.0,64.0,4068.0,20.0,1708.8,27.79,0.0,0.0,0.0,1.0,0.0,1.0,0.0,1.0,0.0,0.0,0.0,1.0,0.0,0.0,0.0,0.0,0.0,1.0,0
80.0,17.0,14.49,4184.0,0.0,1.0,1.0,1.0,101.9,1.0,0.0,9.0,1.0,1.0,1.0,1.0,1.0,0.0,1.0,3.0,1.0,0.0,0.0,1.0,50.0,5265.5,0.0,724.5,0.0,0.0,1.0,0.0,1.0,0.0,0.0,1.0,0.0,0.0,1.0,0.0,1.0,0.0,0.0,0.0,1.0,0.0,0.0,0
19.0,42.0,41.12,4494.0,0.0,0.0,1.0,0.0,70.4,0.0,0.0,0.0,0.0,0.0,0.0,0.0,1.0,0.0,0.0,1.0,0.0,0.0,1.0,0.0,4.0,281.0,70.0,164.48,0.0,1.0,0.0,1.0,0.0,0.0,1.0,0.0,0.0,0.0,1.0,0.0,1.0,0.0,0.0,0.0,1.0,0.0,0.0,1
79.0,0.0,25.89,3836.0,0.0,0.0,0.0,0.0,19.8,0.0,0.0,0.0,0.0,0.0,0.0,0.0,1.0,0.0,0.0,4.0,1.0,0.0,0.0,0.0,32.0,587.7,0.0,828.48,0.0,0.0,0.0,0.0,1.0,0.0,0.0,1.0,0.0,0.0,1.0,0.0,1.0,0.0,0.0,0.0,0.0,1.0,0.0,0
60.0,0.0,36.14,2111.0,0.0,0.0,0.0,1.0,19.3,0.0,0.0,3.0,0.0,0.0,0.0,1.0,1.0,0.0,1.0,5.0,0.0,0.0,0.0,0.0,23.0,486.2,0.0,831.22,0.0,0.0,0.0,0.0,1.0,0.0,0.0,1.0,0.0,0.0,1.0,0.0,1.0,0.0,0.0,0.0,0.0,1.0,0.0,0
37.0,0.0,37.59,4613.0,1.0,0.0,0.0,1.0,20.45,0.0,1.0,0.0,0.0,0.0,0.0,1.0,1.0,0.0,0.0,4.0,0.0,0.0,0.0,0.0,10.0,242.4,0.0,375.9,0.0,0.0,0.0,0.0,1.0,0.0,0.0,1.0,0.0,0.0,1.0,0.0,0.0,0.0,1.0,0.0,0.0,1.0,0.0,0
52.0,0.0,20.85,3764.0,1.0,0.0,0.0,1.0,19.6,0.0,3.0,1.0,0.0,0.0,0.0,1.0,1.0,0.0,1.0,4.0,0.0,0.0,0.0,0.0,35.0,686.95,0.0,729.75,0.0,0.0,0.0,0.0,0.0,1.0,0.0,1.0,0.0,0.0,1.0,0.0,0.0,1.0,0.0,0.0,0.0,1.0,0.0,0
37.0,9.0,5.08,5875.0,0.0,0.0,1.0,1.0,89.8,1.0,0.0,2.0,0.0,1.0,1.0,1.0,1.0,0.0,1.0,3.0,0.0,0.0,0.0,1.0,55.0,4959.6,0.0,279.4,0.0,0.0,1.0,1.0,0.0,0.0,1.0,0.0,0.0,0.0,1.0,0.0,1.0,0.0,0.0,0.0,1.0,0.0,0.0,0
77.0,28.0,19.46,4060.0,0.0,1.0,1.0,0.0,111.95,1.0,0.0,0.0,1.0,0.0,1.0,0.0,1.0,1.0,0.0,3.0,1.0,1.0,0.0,1.0,56.0,6418.9,0.0,1089.76,0.0,0.0,1.0,0.0,1.0,0.0,1.0,0.0,0.0,0.0,1.0,0.0,1.0,0.0,0.0,0.0,1.0,0.0,0.0,1
38.0,0.0,18.8,2910.0,0.0,0.0,0.0,0.0,20.1,0.0,0.0,0.0,0.0,0.0,0.0,0.0,1.0,0.0,0.0,4.0,0.0,0.0,0.0,0.0,18.0,407.05,0.0,338.4,0.0,0.0,0.0,0.0,1.0,0.0,1.0,0.0,0.0,0.0,1.0,0.0,0.0,0.0,1.0,0.0,0.0,0.0,1.0,0
71.0,27.0,46.11,5014.0,0.0,0.0,1.0,0.0,90.5,1.0,0.0,0.0,0.0,0.0,1.0,0.0,1.0,1.0,0.0,1.0,1.0,0.0,0.0,1.0,22.0,1910.6,0.0,1014.42,0.0,0.0,1.0,1.0,0.0,0.0,0.0,1.0,0.0,0.0,1.0,0.0,1.0,0.0,0.0,0.0,1.0,0.0,0.0,1
62.0,11.0,22.61,3887.0,0.0,0.0,1.0,1.0,86.5,1.0,0.0,1.0,0.0,0.0,1.0,1.0,1.0,0.0,1.0,1.0,0.0,0.0,0.0,1.0,7.0,582.5,20.0,158.27,0.0,0.0,0.0,1.0,0.0,0.0,1.0,0.0,0.0,0.0,1.0,0.0,1.0,0.0,0.0,0.0,1.0,0.0,0.0,1
29.0,85.0,48.49,4456.0,0.0,0.0,1.0,0.0,84.0,1.0,0.0,0.0,0.0,0.0,1.0,0.0,1.0,0.0,0.0,4.0,0.0,0.0,0.0,1.0,5.0,424.75,0.0,242.45,0.0,1.0,1.0,1.0,0.0,0.0,1.0,0.0,0.0,0.0,1.0,0.0,1.0,0.0,0.0,0.0,1.0,0.0,0.0,0
35.0,20.0,34.12,2421.0,0.0,0.0,1.0,0.0,69.8,0.0,0.0,0.0,0.0,0.0,1.0,0.0,1.0,0.0,0.0,4.0,0.0,0.0,0.0,0.0,18.0,1221.65,0.0,614.16,0.0,0.0,1.0,1.0,0.0,0.0,1.0,0.0,0.0,0.0,1.0,0.0,0.0,0.0,1.0,0.0,1.0,0.0,0.0,0
33.0,19.0,12.92,5731.0,0.0,1.0,1.0,0.0,105.55,1.0,0.0,0.0,1.0,0.0,0.0,0.0,1.0,0.0,0.0,5.0,0.0,1.0,1.0,1.0,53.0,5682.25,0.0,684.76,0.0,0.0,1.0,0.0,0.0,1.0,1.0,0.0,0.0,0.0,1.0,0.0,1.0,0.0,0.0,0.0,1.0,0.0,0.0,0
45.0,22.0,0.0,6251.0,0.0,1.0,1.0,0.0,59.95,0.0,0.0,0.0,0.0,1.0,0.0,0.0,0.0,1.0,0.0,3.0,0.0,1.0,1.0,1.0,65.0,3921.1,0.0,0.0,0.0,0.0,1.0,0.0,0.0,1.0,1.0,0.0,1.0,0.0,0.0,0.0,1.0,0.0,0.0,0.0,0.0,1.0,0.0,0
22.0,59.0,0.0,6427.0,0.0,1.0,1.0,1.0,62.15,0.0,0.0,1.0,0.0,1.0,1.0,1.0,0.0,1.0,1.0,3.0,0.0,1.0,1.0,1.0,61.0,3778.85,0.0,0.0,0.0,1.0,1.0,0.0,0.0,1.0,0.0,1.0,0.0,1.0,0.0,0.0,1.0,0.0,0.0,0.0,0.0,1.0,0.0,0
35.0,29.0,49.9,6130.0,0.0,1.0,1.0,1.0,109.55,1.0,0.0,9.0,1.0,1.0,0.0,1.0,1.0,0.0,1.0,4.0,0.0,1.0,1.0,1.0,54.0,6118.95,0.0,2694.6,0.0,0.0,1.0,1.0,0.0,0.0,0.0,1.0,0.0,0.0,1.0,0.0,1.0,0.0,0.0,0.0,1.0,0.0,0.0,0
71.0,5.0,0.0,2056.0,0.0,0.0,1.0,0.0,46.35,0.0,0.0,0.0,0.0,0.0,1.0,0.0,0.0,0.0,0.0,4.0,1.0,1.0,1.0,1.0,14.0,672.7,0.0,0.0,0.0,0.0,1.0,0.0,0.0,1.0,1.0,0.0,1.0,0.0,0.0,0.0,1.0,0.0,0.0,0.0,1.0,0.0,0.0,0
32.0,57.0,30.06,5144.0,1.0,0.0,1.0,1.0,63.8,0.0,3.0,0.0,1.0,0.0,0.0,1.0,1.0,1.0,0.0,3.0,0.0,1.0,1.0,0.0,47.0,3007.25,80.0,1412.82,0.0,0.0,0.0,0.0,0.0,1.0,1.0,0.0,0.0,1.0,0.0,0.0,1.0,0.0,0.0,0.0,1.0,0.0,0.0,0
21.0,51.0,27.27,4265.0,1.0,0.0,1.0,1.0,65.7,0.0,2.0,1.0,0.0,0.0,0.0,1.0,1.0,0.0,1.0,1.0,0.0,1.0,1.0,1.0,2.0,134.35,0.0,54.54,0.0,1.0,1.0,1.0,0.0,0.0,1.0,0.0,0.0,1.0,0.0,0.0,1.0,0.0,0.0,0.0,0.0,1.0,0.0,1
28.0,0.0,20.49,6015.0,1.0,0.0,0.0,1.0,19.9,0.0,2.0,1.0,0.0,0.0,0.0,1.0,1.0,0.0,1.0,3.0,0.0,0.0,0.0,0.0,71.0,1397.3,0.0,1454.79,0.0,1.0,0.0,0.0,0.0,1.0,1.0,0.0,0.0,0.0,1.0,1.0,0.0,0.0,0.0,0.0,0.0,1.0,0.0,0
26.0,59.0,14.78,2431.0,0.0,0.0,1.0,0.0,50.65,0.0,0.0,0.0,1.0,0.0,0.0,0.0,1.0,0.0,0.0,1.0,0.0,0.0,1.0,0.0,1.0,50.65,0.0,14.78,0.0,1.0,1.0,1.0,0.0,0.0,0.0,1.0,0.0,1.0,0.0,0.0,0.0,0.0,0.0,1.0,0.0,1.0,0.0,1
41.0,7.0,48.37,5345.0,0.0,1.0,1.0,1.0,84.7,0.0,0.0,10.0,1.0,1.0,1.0,1.0,1.0,1.0,1.0,3.0,0.0,1.0,1.0,1.0,69.0,5878.9,0.0,3337.53,0.0,0.0,1.0,0.0,0.0,1.0,0.0,1.0,0.0,1.0,0.0,0.0,1.0,0.0,0.0,0.0,0.0,1.0,0.0,0
35.0,6.0,36.62,4915.0,0.0,0.0,1.0,1.0,100.15,1.0,0.0,8.0,1.0,1.0,1.0,1.0,1.0,1.0,1.0,4.0,0.0,0.0,0.0,1.0,65.0,6643.5,0.0,2380.3,0.0,0.0,1.0,0.0,1.0,0.0,1.0,0.0,0.0,0.0,1.0,0.0,1.0,0.0,0.0,0.0,1.0,0.0,0.0,0
39.0,30.0,18.99,5915.0,0.0,1.0,1.0,0.0,95.6,1.0,0.0,0.0,1.0,0.0,1.0,0.0,1.0,0.0,0.0,1.0,0.0,1.0,1.0,0.0,16.0,1555.65,0.0,303.84,0.0,0.0,1.0,1.0,0.0,0.0,1.0,0.0,0.0,0.0,1.0,0.0,0.0,0.0,1.0,0.0,0.0,1.0,0.0,1
77.0,26.0,0.0,2030.0,0.0,1.0,1.0,0.0,39.85,0.0,0.0,0.0,0.0,0.0,1.0,0.0,0.0,0.0,0.0,4.0,1.0,0.0,0.0,1.0,35.0,1434.6,0.0,0.0,0.0,0.0,1.0,0.0,0.0,1.0,1.0,0.0,1.0,0.0,0.0,0.0,1.0,0.0,0.0,0.0,1.0,0.0,0.0,0
31.0,11.0,3.97,4796.0,0.0,0.0,1.0,0.0,49.8,1.0,0.0,0.0,0.0,0.0,1.0,0.0,1.0,0.0,0.0,4.0,0.0,0.0,0.0,0.0,1.0,49.8,0.0,3.97,0.0,0.0,1.0,1.0,0.0,0.0,0.0,1.0,0.0,1.0,0.0,0.0,1.0,0.0,0.0,0.0,0.0,1.0,0.0,0
37.0,29.0,18.26,2075.0,0.0,1.0,1.0,1.0,95.25,1.0,0.0,1.0,1.0,0.0,1.0,1.0,1.0,0.0,1.0,1.0,0.0,0.0,0.0,1.0,42.0,3959.35,0.0,766.92,27.3,0.0,1.0,1.0,0.0,0.0,0.0,1.0,0.0,0.0,1.0,0.0,1.0,0.0,0.0,0.0,1.0,0.0,0.0,1
37.0,9.0,28.25,2928.0,0.0,0.0,1.0,0.0,50.45,1.0,0.0,0.0,0.0,0.0,1.0,0.0,1.0,0.0,0.0,3.0,0.0,0.0,0.0,0.0,1.0,50.45,0.0,28.25,0.0,0.0,1.0,1.0,0.0,0.0,0.0,1.0,1.0,0.0,0.0,0.0,1.0,0.0,0.0,0.0,1.0,0.0,0.0,1
57.0,11.0,15.92,5963.0,0.0,0.0,1.0,0.0,70.3,0.0,0.0,0.0,0.0,0.0,1.0,0.0,1.0,0.0,0.0,1.0,0.0,0.0,0.0,0.0,1.0,70.3,0.0,15.92,0.0,0.0,1.0,1.0,0.0,0.0,1.0,0.0,0.0,0.0,1.0,0.0,0.0,0.0,0.0,1.0,1.0,0.0,0.0,1
26.0,30.0,45.93,4495.0,1.0,1.0,1.0,1.0,103.95,1.0,2.0,1.0,1.0,1.0,0.0,1.0,1.0,1.0,1.0,3.0,0.0,1.0,1.0,0.0,72.0,7517.7,0.0,3306.96,0.0,1.0,1.0,0.0,0.0,1.0,0.0,1.0,0.0,0.0,1.0,1.0,0.0,0.0,0.0,0.0,0.0,1.0,0.0,0
45.0,9.0,43.47,5120.0,0.0,1.0,1.0,1.0,76.8,1.0,0.0,5.0,0.0,0.0,1.0,1.0,1.0,0.0,1.0,3.0,0.0,1.0,1.0,1.0,72.0,5468.45,90.0,3129.84,0.0,0.0,0.0,0.0,0.0,1.0,1.0,0.0,1.0,0.0,0.0,1.0,0.0,0.0,0.0,0.0,1.0,0.0,0.0,0
70.0,30.0,43.45,5056.0,0.0,0.0,1.0,0.0,69.85,0.0,0.0,0.0,0.0,0.0,1.0,0.0,1.0,0.0,0.0,1.0,1.0,0.0,0.0,0.0,1.0,69.85,40.0,43.45,0.0,0.0,0.0,1.0,0.0,0.0,1.0,0.0,0.0,0.0,1.0,0.0,1.0,0.0,0.0,0.0,1.0,0.0,0.0,1
19.0,0.0,1.14,4634.0,1.0,0.0,0.0,1.0,24.1,1.0,3.0,1.0,0.0,0.0,1.0,1.0,1.0,0.0,1.0,3.0,0.0,0.0,0.0,0.0,24.0,587.4,0.0,27.36,0.0,1.0,0.0,0.0,0.0,1.0,0.0,1.0,0.0,0.0,1.0,0.0,0.0,1.0,0.0,0.0,1.0,0.0,0.0,0
78.0,21.0,17.51,4138.0,0.0,0.0,1.0,1.0,80.3,1.0,0.0,1.0,0.0,1.0,1.0,1.0,1.0,0.0,1.0,1.0,1.0,0.0,0.0,0.0,1.0,80.3,0.0,17.51,0.0,0.0,1.0,1.0,0.0,0.0,0.0,1.0,0.0,0.0,1.0,0.0,1.0,0.0,0.0,0.0,1.0,0.0,0.0,1
39.0,12.0,0.0,5768.0,0.0,0.0,1.0,0.0,24.6,0.0,0.0,0.0,0.0,0.0,0.0,0.0,0.0,0.0,0.0,2.0,0.0,0.0,0.0,0.0,1.0,24.6,0.0,0.0,0.0,0.0,1.0,1.0,0.0,0.0,1.0,0.0,0.0,1.0,0.0,0.0,1.0,0.0,0.0,0.0,1.0,0.0,0.0,1
63.0,0.0,10.46,6059.0,1.0,0.0,0.0,1.0,25.35,1.0,1.0,6.0,0.0,0.0,0.0,1.0,1.0,0.0,1.0,3.0,0.0,0.0,0.0,0.0,70.0,1715.15,0.0,732.2,0.0,0.0,0.0,0.0,0.0,1.0,0.0,1.0,0.0,0.0,1.0,1.0,0.0,0.0,0.0,0.0,0.0,1.0,0.0,0
54.0,23.0,0.0,2540.0,0.0,1.0,1.0,0.0,41.9,0.0,0.0,0.0,0.0,1.0,0.0,0.0,0.0,1.0,0.0,3.0,0.0,0.0,0.0,0.0,47.0,1875.25,0.0,0.0,0.0,0.0,1.0,0.0,0.0,1.0,1.0,0.0,1.0,0.0,0.0,0.0,1.0,0.0,0.0,0.0,0.0,1.0,0.0,0
62.0,0.0,42.36,5733.0,0.0,0.0,0.0,0.0,20.25,0.0,0.0,0.0,0.0,0.0,0.0,0.0,1.0,0.0,0.0,4.0,0.0,0.0,0.0,0.0,72.0,1566.9,0.0,3049.92,0.0,0.0,0.0,0.0,0.0,1.0,1.0,0.0,0.0,0.0,1.0,0.0,1.0,0.0,0.0,0.0,0.0,1.0,0.0,0
64.0,0.0,8.54,2847.0,0.0,0.0,0.0,0.0,19.6,0.0,0.0,0.0,0.0,0.0,0.0,0.0,1.0,0.0,0.0,4.0,0.0,0.0,0.0,0.0,14.0,300.4,0.0,119.56,0.0,0.0,0.0,1.0,0.0,0.0,0.0,1.0,0.0,0.0,1.0,0.0,0.0,0.0,1.0,0.0,0.0,1.0,0.0,0
25.0,71.0,9.84,3513.0,1.0,0.0,1.0,1.0,85.6,1.0,1.0,10.0,0.0,0.0,0.0,1.0,1.0,0.0,1.0,3.0,0.0,1.0,1.0,0.0,23.0,1868.4,0.0,226.32,0.0,1.0,1.0,1.0,0.0,0.0,1.0,0.0,0.0,0.0,1.0,0.0,1.0,0.0,0.0,0.0,1.0,0.0,0.0,0
39.0,21.0,48.22,3017.0,0.0,0.0,1.0,0.0,46.3,0.0,0.0,0.0,0.0,0.0,0.0,0.0,1.0,0.0,0.0,1.0,0.0,0.0,0.0,0.0,1.0,46.3,0.0,48.22,0.0,0.0,1.0,1.0,0.0,0.0,0.0,1.0,0.0,1.0,0.0,0.0,1.0,0.0,0.0,0.0,0.0,1.0,0.0,1
54.0,0.0,23.73,2186.0,1.0,0.0,0.0,1.0,19.85,0.0,2.0,8.0,0.0,0.0,0.0,1.0,1.0,0.0,1.0,5.0,0.0,0.0,0.0,0.0,6.0,138.85,0.0,142.38,0.0,0.0,0.0,1.0,0.0,0.0,0.0,1.0,0.0,0.0,1.0,0.0,0.0,0.0,0.0,1.0,0.0,1.0,0.0,0
56.0,0.0,22.1,5579.0,0.0,0.0,0.0,1.0,20.05,0.0,0.0,3.0,0.0,0.0,1.0,1.0,1.0,0.0,1.0,5.0,0.0,0.0,0.0,0.0,49.0,923.1,0.0,1082.9,0.0,0.0,0.0,0.0,1.0,0.0,1.0,0.0,0.0,0.0,1.0,0.0,1.0,0.0,0.0,0.0,1.0,0.0,0.0,0
74.0,21.0,23.18,2416.0,0.0,0.0,1.0,0.0,81.45,0.0,0.0,0.0,0.0,0.0,1.0,0.0,1.0,0.0,0.0,5.0,1.0,1.0,1.0,0.0,20.0,1671.6,0.0,463.6,0.0,0.0,1.0,0.0,1.0,0.0,1.0,0.0,0.0,0.0,1.0,0.0,0.0,0.0,1.0,0.0,1.0,0.0,0.0,0
38.0,22.0,36.21,5437.0,1.0,1.0,1.0,1.0,103.4,0.0,1.0,2.0,1.0,0.0,1.0,1.0,1.0,1.0,1.0,5.0,0.0,1.0,1.0,1.0,50.0,5236.4,0.0,1810.5,0.0,0.0,1.0,0.0,1.0,0.0,0.0,1.0,0.0,0.0,1.0,0.0,1.0,0.0,0.0,0.0,1.0,0.0,0.0,0
66.0,27.0,11.57,5084.0,0.0,0.0,1.0,0.0,100.3,0.0,0.0,0.0,0.0,1.0,0.0,0.0,1.0,1.0,0.0,1.0,1.0,1.0,1.0,1.0,8.0,832.35,0.0,92.56,0.0,0.0,1.0,1.0,0.0,0.0,0.0,1.0,0.0,0.0,1.0,0.0,1.0,0.0,0.0,0.0,0.0,1.0,0.0,1
33.0,30.0,14.53,5184.0,0.0,0.0,1.0,0.0,98.5,1.0,0.0,0.0,0.0,0.0,1.0,0.0,1.0,1.0,0.0,1.0,0.0,1.0,1.0,1.0,10.0,1058.25,110.0,145.3,0.0,0.0,0.0,1.0,0.0,0.0,1.0,0.0,0.0,0.0,1.0,0.0,1.0,0.0,0.0,0.0,1.0,0.0,0.0,1
64.0,16.0,18.79,5545.0,0.0,0.0,1.0,0.0,101.75,1.0,0.0,0.0,1.0,0.0,1.0,0.0,1.0,0.0,0.0,2.0,0.0,1.0,1.0,1.0,42.0,4273.45,0.0,789.18,0.0,0.0,1.0,1.0,0.0,0.0,0.0,1.0,0.0,0.0,1.0,0.0,1.0,0.0,0.0,0.0,1.0,0.0,0.0,1
46.0,18.0,18.26,6280.0,0.0,0.0,1.0,1.0,76.95,1.0,0.0,1.0,0.0,1.0,1.0,1.0,1.0,1.0,1.0,3.0,0.0,1.0,1.0,1.0,70.0,5289.8,0.0,1278.2,0.0,0.0,1.0,0.0,0.0,1.0,0.0,1.0,0.0,1.0,0.0,1.0,0.0,0.0,0.0,0.0,0.0,1.0,0.0,0
28.0,59.0,19.17,4929.0,1.0,0.0,1.0,0.0,52.1,0.0,1.0,0.0,0.0,1.0,1.0,0.0,1.0,0.0,0.0,3.0,0.0,0.0,1.0,0.0,13.0,670.65,0.0,249.21,0.0,1.0,1.0,1.0,0.0,0.0,0.0,1.0,1.0,0.0,0.0,0.0,0.0,0.0,1.0,0.0,0.0,1.0,0.0,0
27.0,59.0,40.42,4599.0,1.0,0.0,1.0,1.0,44.35,0.0,3.0,0.0,0.0,0.0,1.0,1.0,1.0,0.0,0.0,2.0,0.0,0.0,0.0,0.0,1.0,44.35,0.0,40.42,0.0,1.0,1.0,1.0,0.0,0.0,1.0,0.0,1.0,0.0,0.0,0.0,1.0,0.0,0.0,0.0,1.0,0.0,0.0,1
47.0,26.0,0.0,2782.0,0.0,1.0,1.0,0.0,49.2,0.0,0.0,0.0,0.0,0.0,0.0,0.0,0.0,0.0,0.0,4.0,0.0,1.0,1.0,1.0,35.0,1701.65,0.0,0.0,0.0,0.0,1.0,1.0,0.0,0.0,0.0,1.0,0.0,1.0,0.0,0.0,0.0,1.0,0.0,0.0,1.0,0.0,0.0,0
21.0,0.0,39.84,2980.0,0.0,0.0,0.0,0.0,25.6,1.0,0.0,0.0,0.0,0.0,1.0,0.0,1.0,0.0,0.0,4.0,0.0,0.0,0.0,0.0,35.0,901.25,0.0,1394.4,0.0,1.0,0.0,1.0,0.0,0.0,0.0,1.0,0.0,0.0,1.0,0.0,1.0,0.0,0.0,0.0,1.0,0.0,0.0,0
47.0,4.0,38.93,5140.0,0.0,1.0,1.0,1.0,54.25,0.0,0.0,6.0,0.0,0.0,0.0,1.0,1.0,1.0,1.0,5.0,0.0,0.0,0.0,0.0,23.0,1221.55,0.0,895.39,0.0,0.0,1.0,1.0,0.0,0.0,1.0,0.0,1.0,0.0,0.0,0.0,0.0,0.0,1.0,0.0,1.0,0.0,0.0,0
41.0,18.0,19.15,4094.0,0.0,0.0,1.0,1.0,70.0,0.0,0.0,1.0,0.0,0.0,0.0,1.0,1.0,0.0,1.0,3.0,0.0,0.0,0.0,0.0,1.0,70.0,10.0,19.15,0.0,0.0,0.0,1.0,0.0,0.0,0.0,1.0,0.0,0.0,1.0,0.0,0.0,0.0,0.0,1.0,1.0,0.0,0.0,1
35.0,30.0,43.57,4053.0,0.0,1.0,1.0,1.0,65.85,0.0,0.0,4.0,1.0,1.0,1.0,1.0,1.0,1.0,1.0,3.0,0.0,0.0,0.0,0.0,60.0,3928.3,0.0,2614.2,0.0,0.0,1.0,0.0,1.0,0.0,0.0,1.0,0.0,1.0,0.0,0.0,1.0,0.0,0.0,0.0,1.0,0.0,0.0,0
64.0,8.0,12.98,4000.0,0.0,0.0,1.0,1.0,64.85,1.0,0.0,6.0,0.0,0.0,1.0,1.0,1.0,1.0,1.0,3.0,0.0,0.0,0.0,1.0,43.0,2908.2,0.0,558.14,0.0,0.0,1.0,0.0,1.0,0.0,1.0,0.0,0.0,1.0,0.0,0.0,1.0,0.0,0.0,0.0,1.0,0.0,0.0,0
46.0,0.0,24.7,5248.0,1.0,0.0,0.0,1.0,19.35,0.0,2.0,2.0,0.0,0.0,0.0,1.0,1.0,0.0,1.0,3.0,0.0,0.0,0.0,0.0,55.0,1153.25,0.0,1358.5,0.0,0.0,0.0,0.0,0.0,1.0,0.0,1.0,0.0,0.0,1.0,0.0,1.0,0.0,0.0,0.0,1.0,0.0,0.0,0
19.0,59.0,2.63,5978.0,1.0,0.0,1.0,0.0,56.2,0.0,2.0,0.0,1.0,1.0,0.0,0.0,1.0,0.0,0.0,4.0,0.0,0.0,0.0,0.0,27.0,1567.55,30.0,71.01,0.0,1.0,0.0,0.0,1.0,0.0,0.0,1.0,0.0,1.0,0.0,0.0,0.0,1.0,0.0,0.0,0.0,1.0,0.0,0
36.0,75.0,43.7,3918.0,1.0,0.0,1.0,1.0,56.25,0.0,3.0,10.0,0.0,1.0,0.0,1.0,1.0,1.0,1.0,3.0,0.0,0.0,0.0,0.0,44.0,2419.55,40.0,1922.8,14.78,0.0,0.0,1.0,0.0,0.0,1.0,0.0,0.0,1.0,0.0,0.0,1.0,0.0,0.0,0.0,1.0,0.0,0.0,0
54.0,19.0,32.43,5324.0,1.0,1.0,1.0,1.0,76.3,0.0,1.0,1.0,1.0,1.0,0.0,1.0,1.0,1.0,1.0,3.0,0.0,1.0,1.0,0.0,32.0,2404.15,0.0,1037.76,0.0,0.0,1.0,1.0,0.0,0.0,1.0,0.0,1.0,0.0,0.0,0.0,0.0,1.0,0.0,0.0,1.0,0.0,0.0,0
59.0,30.0,7.99,2578.0,0.0,0.0,1.0,0.0,93.3,1.0,0.0,0.0,0.0,0.0,1.0,0.0,1.0,0.0,0.0,3.0,0.0,1.0,1.0,1.0,1.0,93.3,0.0,7.99,0.0,0.0,1.0,1.0,0.0,0.0,0.0,1.0,0.0,0.0,1.0,0.0,0.0,0.0,0.0,1.0,1.0,0.0,0.0,1
62.0,29.0,44.96,3443.0,0.0,1.0,1.0,0.0,80.05,1.0,0.0,0.0,0.0,0.0,0.0,0.0,1.0,0.0,0.0,5.0,0.0,0.0,0.0,0.0,17.0,1345.65,0.0,764.32,0.0,0.0,1.0,1.0,0.0,0.0,1.0,0.0,0.0,0.0,1.0,0.0,0.0,0.0,1.0,0.0,1.0,0.0,0.0,0
28.0,52.0,32.06,5056.0,1.0,0.0,1.0,0.0,61.2,0.0,2.0,0.0,0.0,1.0,1.0,0.0,1.0,0.0,0.0,4.0,0.0,1.0,1.0,0.0,2.0,125.95,0.0,64.12,0.0,1.0,1.0,1.0,0.0,0.0,1.0,0.0,1.0,0.0,0.0,0.0,0.0,0.0,0.0,1.0,0.0,1.0,0.0,0
35.0,0.0,29.01,5638.0,1.0,0.0,0.0,1.0,19.25,0.0,3.0,1.0,0.0,0.0,1.0,1.0,1.0,0.0,1.0,1.0,0.0,0.0,0.0,0.0,11.0,180.3,0.0,319.11,0.0,0.0,0.0,1.0,0.0,0.0,1.0,0.0,0.0,0.0,1.0,0.0,0.0,0.0,1.0,0.0,0.0,1.0,0.0,1
75.0,16.0,36.83,5556.0,0.0,0.0,1.0,0.0,59.4,0.0,0.0,0.0,0.0,0.0,0.0,0.0,1.0,1.0,0.0,1.0,1.0,0.0,0.0,1.0,16.0,1023.9,0.0,589.28,0.0,0.0,1.0,1.0,0.0,0.0,1.0,0.0,0.0,1.0,0.0,0.0,1.0,0.0,0.0,0.0,1.0,0.0,0.0,1
80.0,13.0,0.0,2587.0,0.0,0.0,1.0,1.0,29.8,0.0,0.0,10.0,0.0,1.0,0.0,1.0,0.0,0.0,1.0,3.0,1.0,0.0,0.0,0.0,7.0,220.45,0.0,0.0,11.83,0.0,1.0,0.0,1.0,0.0,0.0,1.0,0.0,1.0,0.0,0.0,0.0,0.0,0.0,1.0,1.0,0.0,0.0,0
39.0,0.0,30.14,5971.0,0.0,0.0,0.0,1.0,19.95,0.0,0.0,7.0,0.0,0.0,0.0,1.0,1.0,0.0,1.0,4.0,0.0,0.0,0.0,0.0,60.0,1258.15,0.0,1808.4,0.0,0.0,0.0,0.0,0.0,1.0,0.0,1.0,0.0,0.0,1.0,0.0,1.0,0.0,0.0,0.0,0.0,1.0,0.0,0
46.0,15.0,3.18,6216.0,0.0,1.0,1.0,1.0,110.1,0.0,0.0,8.0,1.0,1.0,1.0,1.0,1.0,1.0,1.0,3.0,0.0,1.0,1.0,1.0,63.0,6705.7,0.0,200.34,0.0,0.0,1.0,0.0,0.0,1.0,0.0,1.0,0.0,0.0,1.0,0.0,1.0,0.0,0.0,0.0,0.0,1.0,0.0,0
46.0,27.0,0.0,3747.0,0.0,0.0,1.0,1.0,29.2,0.0,0.0,1.0,1.0,0.0,0.0,1.0,0.0,0.0,1.0,1.0,0.0,0.0,0.0,0.0,12.0,309.1,0.0,0.0,0.0,0.0,1.0,1.0,0.0,0.0,1.0,0.0,0.0,1.0,0.0,0.0,1.0,0.0,0.0,0.0,0.0,0.0,1.0,1
20.0,71.0,25.64,3097.0,1.0,0.0,1.0,1.0,50.7,0.0,2.0,1.0,0.0,1.0,0.0,1.0,1.0,0.0,1.0,3.0,0.0,0.0,0.0,0.0,7.0,350.35,0.0,179.48,0.0,1.0,1.0,1.0,0.0,0.0,1.0,0.0,0.0,1.0,0.0,0.0,1.0,0.0,0.0,0.0,0.0,1.0,0.0,0
38.0,19.0,9.91,4192.0,0.0,1.0,1.0,1.0,78.8,0.0,0.0,6.0,1.0,1.0,0.0,1.0,1.0,0.0,1.0,4.0,0.0,1.0,1.0,1.0,45.0,3597.5,0.0,445.95,23.28,0.0,1.0,0.0,1.0,0.0,0.0,1.0,1.0,0.0,0.0,0.0,1.0,0.0,0.0,0.0,1.0,0.0,0.0,0
36.0,20.0,34.27,4478.0,0.0,0.0,1.0,0.0,100.05,0.0,0.0,0.0,1.0,1.0,1.0,0.0,1.0,0.0,0.0,4.0,0.0,1.0,1.0,1.0,54.0,5299.65,0.0,1850.58,0.0,0.0,1.0,0.0,1.0,0.0,1.0,0.0,0.0,0.0,1.0,0.0,1.0,0.0,0.0,0.0,0.0,1.0,0.0,0
29.0,0.0,49.02,4758.0,0.0,0.0,0.0,0.0,20.8,0.0,0.0,0.0,0.0,0.0,0.0,0.0,1.0,0.0,0.0,4.0,0.0,0.0,0.0,0.0,58.0,1212.25,0.0,2843.16,0.0,1.0,0.0,0.0,0.0,1.0,0.0,1.0,0.0,0.0,1.0,0.0,1.0,0.0,0.0,0.0,0.0,1.0,0.0,0
31.0,13.0,0.0,4193.0,0.0,0.0,1.0,0.0,25.35,0.0,0.0,0.0,0.0,0.0,0.0,0.0,0.0,0.0,0.0,4.0,0.0,0.0,0.0,0.0,1.0,25.35,0.0,0.0,0.0,0.0,1.0,1.0,0.0,0.0,0.0,1.0,0.0,1.0,0.0,0.0,1.0,0.0,0.0,0.0,0.0,1.0,0.0,0
27.0,0.0,42.33,5145.0,0.0,0.0,0.0,1.0,20.5,0.0,0.0,3.0,0.0,0.0,0.0,1.0,1.0,0.0,1.0,4.0,0.0,0.0,0.0,0.0,28.0,563.05,0.0,1185.24,0.0,1.0,0.0,1.0,0.0,0.0,1.0,0.0,0.0,0.0,1.0,0.0,1.0,0.0,0.0,0.0,0.0,1.0,0.0,0
48.0,0.0,4.09,2507.0,0.0,0.0,0.0,0.0,20.3,0.0,0.0,0.0,0.0,0.0,0.0,0.0,1.0,0.0,0.0,5.0,0.0,0.0,0.0,0.0,1.0,20.3,0.0,4.09,0.0,0.0,0.0,1.0,0.0,0.0,1.0,0.0,0.0,0.0,1.0,0.0,1.0,0.0,0.0,0.0,0.0,1.0,0.0,0
51.0,12.0,21.91,4713.0,0.0,0.0,1.0,0.0,50.8,0.0,0.0,0.0,0.0,0.0,1.0,0.0,1.0,1.0,0.0,2.0,0.0,0.0,0.0,0.0,6.0,288.05,0.0,131.46,0.0,0.0,1.0,1.0,0.0,0.0,1.0,0.0,0.0,1.0,0.0,0.0,0.0,0.0,0.0,1.0,1.0,0.0,0.0,1
36.0,13.0,4.51,4940.0,0.0,0.0,1.0,0.0,93.85,0.0,0.0,0.0,0.0,1.0,0.0,0.0,1.0,0.0,0.0,1.0,0.0,1.0,1.0,1.0,17.0,1625.65,0.0,76.67,0.0,0.0,1.0,1.0,0.0,0.0,0.0,1.0,0.0,0.0,1.0,0.0,1.0,0.0,0.0,0.0,1.0,0.0,0.0,1
23.0,85.0,0.0,4698.0,0.0,1.0,1.0,1.0,66.8,0.0,0.0,10.0,1.0,1.0,0.0,1.0,0.0,1.0,1.0,4.0,0.0,1.0,1.0,1.0,71.0,4689.15,0.0,0.0,0.0,1.0,1.0,0.0,1.0,0.0,1.0,0.0,1.0,0.0,0.0,0.0,1.0,0.0,0.0,0.0,1.0,0.0,0.0,0
79.0,22.0,44.1,3669.0,0.0,0.0,1.0,1.0,100.6,1.0,0.0,6.0,1.0,0.0,1.0,1.0,1.0,0.0,1.0,4.0,1.0,1.0,0.0,1.0,33.0,3270.25,0.0,1455.3,0.0,0.0,1.0,1.0,0.0,0.0,0.0,1.0,0.0,0.0,1.0,0.0,1.0,0.0,0.0,0.0,1.0,0.0,0.0,0
74.0,7.0,8.81,4556.0,0.0,0.0,1.0,0.0,84.85,1.0,0.0,0.0,0.0,0.0,1.0,0.0,1.0,0.0,0.0,4.0,1.0,0.0,0.0,1.0,43.0,3645.6,0.0,378.83,0.0,0.0,1.0,0.0,0.0,1.0,0.0,1.0,0.0,0.0,1.0,0.0,1.0,0.0,0.0,0.0,1.0,0.0,0.0,0
62.0,7.0,30.61,3182.0,0.0,1.0,1.0,0.0,76.65,0.0,0.0,0.0,0.0,0.0,1.0,0.0,1.0,0.0,0.0,2.0,0.0,0.0,0.0,0.0,17.0,1313.55,0.0,520.37,0.0,0.0,1.0,1.0,0.0,0.0,0.0,1.0,0.0,0.0,1.0,0.0,1.0,0.0,0.0,0.0,1.0,0.0,0.0,1
55.0,0.0,47.31,2050.0,0.0,0.0,0.0,0.0,21.05,0.0,0.0,0.0,0.0,0.0,0.0,0.0,1.0,0.0,0.0,5.0,0.0,0.0,0.0,0.0,24.0,531.55,0.0,1135.44,0.0,0.0,0.0,0.0,1.0,0.0,1.0,0.0,0.0,0.0,1.0,0.0,1.0,0.0,0.0,0.0,1.0,0.0,0.0,0
63.0,2.0,21.82,5531.0,0.0,1.0,1.0,0.0,88.15,1.0,0.0,0.0,1.0,1.0,1.0,0.0,1.0,1.0,0.0,3.0,0.0,1.0,1.0,1.0,68.0,6148.45,0.0,1483.76,36.29,0.0,1.0,0.0,0.0,1.0,1.0,0.0,0.0,1.0,0.0,0.0,1.0,0.0,0.0,0.0,1.0,0.0,0.0,0
76.0,3.0,2.85,2837.0,0.0,0.0,1.0,1.0,101.85,1.0,0.0,1.0,0.0,1.0,0.0,1.0,1.0,0.0,1.0,1.0,1.0,1.0,0.0,1.0,40.0,4086.3,0.0,114.0,0.0,0.0,1.0,1.0,0.0,0.0,0.0,1.0,0.0,0.0,1.0,0.0,1.0,0.0,0.0,0.0,1.0,0.0,0.0,1
72.0,13.0,18.2,2146.0,0.0,0.0,1.0,0.0,70.55,0.0,0.0,0.0,0.0,0.0,1.0,0.0,1.0,0.0,0.0,3.0,1.0,0.0,0.0,0.0,1.0,70.55,0.0,18.2,0.0,0.0,1.0,1.0,0.0,0.0,1.0,0.0,0.0,0.0,1.0,0.0,0.0,0.0,0.0,1.0,1.0,0.0,0.0,1
55.0,8.0,35.58,3492.0,0.0,1.0,1.0,0.0,104.8,1.0,0.0,0.0,0.0,0.0,0.0,0.0,1.0,1.0,0.0,1.0,0.0,1.0,1.0,1.0,40.0,4131.95,0.0,1423.2,0.0,0.0,1.0,1.0,0.0,0.0,0.0,1.0,0.0,0.0,1.0,0.0,1.0,0.0,0.0,0.0,1.0,0.0,0.0,1
57.0,0.0,6.85,5191.0,0.0,0.0,0.0,0.0,20.05,0.0,0.0,0.0,0.0,0.0,1.0,0.0,1.0,0.0,0.0,3.0,0.0,0.0,0.0,0.0,2.0,39.25,0.0,13.7,0.0,0.0,0.0,1.0,0.0,0.0,1.0,0.0,0.0,0.0,1.0,0.0,0.0,0.0,0.0,1.0,0.0,0.0,1.0,0
21.0,58.0,0.0,5278.0,0.0,1.0,1.0,0.0,38.9,0.0,0.0,0.0,0.0,1.0,0.0,0.0,0.0,1.0,0.0,3.0,0.0,0.0,0.0,0.0,68.0,2719.2,0.0,0.0,0.0,1.0,1.0,0.0,0.0,1.0,1.0,0.0,0.0,1.0,0.0,0.0,1.0,0.0,0.0,0.0,0.0,1.0,0.0,0
63.0,28.0,14.34,3336.0,0.0,0.0,1.0,1.0,86.15,1.0,0.0,1.0,0.0,0.0,0.0,1.0,1.0,0.0,1.0,2.0,0.0,1.0,1.0,0.0,33.0,2745.7,0.0,473.22,0.0,0.0,1.0,1.0,0.0,0.0,1.0,0.0,0.0,0.0,1.0,0.0,1.0,0.0,0.0,0.0,0.0,1.0,0.0,1
54.0,0.0,14.54,6066.0,1.0,0.0,0.0,1.0,26.3,1.0,2.0,2.0,0.0,0.0,0.0,1.0,1.0,0.0,1.0,5.0,0.0,0.0,0.0,0.0,67.0,1688.9,0.0,974.18,0.0,0.0,0.0,0.0,0.0,1.0,0.0,1.0,0.0,0.0,1.0,1.0,0.0,0.0,0.0,0.0,0.0,1.0,0.0,0
54.0,0.0,30.82,3948.0,0.0,0.0,0.0,0.0,24.0,1.0,0.0,0.0,0.0,0.0,0.0,0.0,1.0,0.0,0.0,3.0,0.0,0.0,0.0,0.0,48.0,1183.05,0.0,1479.36,0.0,0.0,0.0,0.0,0.0,1.0,1.0,0.0,0.0,0.0,1.0,0.0,1.0,0.0,0.0,0.0,0.0,1.0,0.0,0
60.0,16.0,39.83,5722.0,0.0,1.0,1.0,1.0,54.7,0.0,0.0,1.0,1.0,0.0,1.0,1.0,1.0,0.0,1.0,3.0,0.0,0.0,0.0,0.0,22.0,1178.75,0.0,876.26,0.0,0.0,1.0,1.0,0.0,0.0,1.0,0.0,1.0,0.0,0.0,0.0,0.0,0.0,1.0,0.0,0.0,1.0,0.0,0
46.0,16.0,0.0,5131.0,0.0,0.0,1.0,0.0,31.05,0.0,0.0,0.0,1.0,0.0,1.0,0.0,0.0,0.0,0.0,2.0,0.0,0.0,0.0,0.0,13.0,347.25,0.0,0.0,0.0,0.0,1.0,1.0,0.0,0.0,1.0,0.0,1.0,0.0,0.0,0.0,1.0,0.0,0.0,0.0,1.0,0.0,0.0,1
40.0,11.0,27.1,3598.0,0.0,0.0,1.0,0.0,80.25,0.0,0.0,0.0,0.0,0.0,1.0,0.0,1.0,0.0,0.0,3.0,0.0,1.0,1.0,0.0,10.0,846.0,0.0,271.0,0.0,0.0,1.0,1.0,0.0,0.0,1.0,0.0,0.0,0.0,1.0,0.0,1.0,0.0,0.0,0.0,1.0,0.0,0.0,1
56.0,13.0,13.2,5878.0,0.0,0.0,1.0,1.0,99.05,1.0,0.0,5.0,1.0,1.0,1.0,1.0,1.0,1.0,1.0,3.0,0.0,0.0,0.0,1.0,65.0,6416.7,0.0,858.0,0.0,0.0,1.0,0.0,0.0,1.0,1.0,0.0,0.0,0.0,1.0,0.0,1.0,0.0,0.0,0.0,0.0,1.0,0.0,0
28.0,27.0,9.76,4559.0,0.0,0.0,1.0,1.0,70.7,0.0,0.0,1.0,0.0,0.0,1.0,1.0,1.0,0.0,1.0,2.0,0.0,0.0,0.0,0.0,2.0,141.45,0.0,19.52,0.0,1.0,1.0,1.0,0.0,0.0,1.0,0.0,1.0,0.0,0.0,0.0,0.0,0.0,0.0,1.0,1.0,0.0,0.0,1
67.0,18.0,30.8,5745.0,0.0,0.0,1.0,0.0,84.4,1.0,0.0,0.0,0.0,0.0,1.0,0.0,1.0,0.0,0.0,2.0,1.0,1.0,0.0,0.0,9.0,732.5,0.0,277.2,0.0,0.0,1.0,1.0,0.0,0.0,0.0,1.0,0.0,0.0,1.0,0.0,1.0,0.0,0.0,0.0,0.0,1.0,0.0,1
43.0,0.0,33.92,5555.0,0.0,0.0,0.0,0.0,20.05,0.0,0.0,0.0,0.0,0.0,1.0,0.0,1.0,0.0,0.0,5.0,0.0,0.0,0.0,0.0,22.0,470.2,0.0,746.24,0.0,0.0,0.0,1.0,0.0,0.0,1.0,0.0,0.0,0.0,1.0,0.0,0.0,0.0,1.0,0.0,0.0,1.0,0.0,0
26.0,58.0,0.0,3345.0,0.0,1.0,1.0,1.0,38.55,0.0,0.0,5.0,1.0,1.0,0.0,1.0,0.0,0.0,1.0,4.0,0.0,0.0,0.0,0.0,7.0,280.0,0.0,0.0,0.0,1.0,1.0,0.0,0.0,1.0,0.0,1.0,1.0,0.0,0.0,0.0,1.0,0.0,0.0,0.0,0.0,1.0,0.0,0
59.0,0.0,31.14,4672.0,1.0,0.0,0.0,1.0,20.0,0.0,3.0,1.0,0.0,0.0,1.0,1.0,1.0,0.0,1.0,1.0,0.0,0.0,0.0,0.0,15.0,288.05,0.0,467.1,0.0,0.0,0.0,1.0,0.0,0.0,0.0,1.0,0.0,0.0,1.0,0.0,1.0,0.0,0.0,0.0,1.0,0.0,0.0,1
26.0,59.0,11.79,3153.0,1.0,0.0,1.0,1.0,85.9,0.0,3.0,0.0,0.0,0.0,0.0,1.0,1.0,1.0,0.0,3.0,0.0,0.0,0.0,1.0,25.0,2199.05,0.0,294.75,0.0,1.0,1.0,1.0,0.0,0.0,0.0,1.0,0.0,0.0,1.0,0.0,0.0,1.0,0.0,0.0,1.0,0.0,0.0,0
24.0,53.0,26.99,5269.0,0.0,0.0,1.0,1.0,68.4,1.0,0.0,8.0,0.0,1.0,1.0,1.0,1.0,1.0,1.0,3.0,0.0,1.0,1.0,0.0,58.0,3972.25,0.0,1565.42,0.0,1.0,1.0,0.0,1.0,0.0,1.0,0.0,1.0,0.0,0.0,0.0,1.0,0.0,0.0,0.0,1.0,0.0,0.0,0
80.0,15.0,48.59,5546.0,1.0,0.0,1.0,1.0,69.2,1.0,1.0,7.0,1.0,1.0,0.0,1.0,1.0,0.0,1.0,4.0,1.0,0.0,0.0,1.0,71.0,4982.5,0.0,3449.89,0.0,0.0,1.0,0.0,1.0,0.0,1.0,0.0,0.0,1.0,0.0,0.0,1.0,0.0,0.0,0.0,1.0,0.0,0.0,0
47.0,4.0,0.0,2563.0,0.0,0.0,1.0,0.0,33.65,0.0,0.0,0.0,1.0,1.0,1.0,0.0,0.0,0.0,0.0,2.0,0.0,0.0,0.0,0.0,4.0,137.85,0.0,0.0,0.0,0.0,1.0,1.0,0.0,0.0,1.0,0.0,0.0,1.0,0.0,0.0,0.0,0.0,0.0,1.0,1.0,0.0,0.0,1
27.0,59.0,30.6,4727.0,0.0,1.0,1.0,0.0,95.65,0.0,0.0,0.0,1.0,1.0,1.0,0.0,1.0,0.0,0.0,3.0,0.0,0.0,0.0,1.0,46.0,4664.2,0.0,1407.6,0.0,1.0,1.0,0.0,1.0,0.0,1.0,0.0,0.0,0.0,1.0,0.0,1.0,0.0,0.0,0.0,0.0,1.0,0.0,0
27.0,46.0,21.07,5561.0,0.0,1.0,1.0,1.0,93.5,0.0,0.0,2.0,1.0,1.0,1.0,1.0,1.0,0.0,1.0,3.0,0.0,0.0,0.0,1.0,51.0,4619.55,0.0,1074.57,0.0,1.0,1.0,0.0,1.0,0.0,1.0,0.0,0.0,0.0,1.0,0.0,1.0,0.0,0.0,0.0,1.0,0.0,0.0,0
35.0,29.0,24.72,2518.0,0.0,0.0,1.0,0.0,79.5,1.0,0.0,0.0,0.0,0.0,1.0,0.0,1.0,1.0,0.0,1.0,0.0,0.0,0.0,0.0,27.0,2180.55,0.0,667.44,0.0,0.0,1.0,1.0,0.0,0.0,0.0,1.0,0.0,0.0,1.0,0.0,1.0,0.0,0.0,0.0,1.0,0.0,0.0,1
80.0,21.0,21.37,3533.0,0.0,0.0,1.0,1.0,75.4,1.0,0.0,2.0,0.0,0.0,1.0,1.0,1.0,0.0,1.0,4.0,1.0,0.0,0.0,0.0,7.0,533.05,0.0,149.59,0.0,0.0,1.0,1.0,0.0,0.0,0.0,1.0,0.0,0.0,1.0,0.0,1.0,0.0,0.0,0.0,1.0,0.0,0.0,0
49.0,21.0,0.0,4648.0,0.0,0.0,1.0,0.0,42.6,0.0,0.0,0.0,1.0,1.0,1.0,0.0,0.0,0.0,0.0,2.0,0.0,1.0,1.0,0.0,2.0,72.4,0.0,0.0,0.0,0.0,1.0,1.0,0.0,0.0,1.0,0.0,0.0,1.0,0.0,0.0,0.0,0.0,0.0,1.0,1.0,0.0,0.0,1
24.0,59.0,36.26,4123.0,0.0,1.0,1.0,1.0,111.2,1.0,0.0,1.0,1.0,0.0,1.0,1.0,1.0,1.0,1.0,3.0,0.0,1.0,1.0,1.0,21.0,2317.1,120.0,761.46,0.0,1.0,0.0,1.0,0.0,0.0,0.0,1.0,0.0,0.0,1.0,0.0,1.0,0.0,0.0,0.0,1.0,0.0,0.0,1
51.0,11.0,33.44,5216.0,0.0,0.0,1.0,0.0,79.15,1.0,0.0,0.0,1.0,0.0,1.0,0.0,1.0,0.0,0.0,1.0,0.0,0.0,0.0,0.0,23.0,1676.95,0.0,769.12,0.0,0.0,1.0,1.0,0.0,0.0,1.0,0.0,0.0,0.0,1.0,0.0,0.0,0.0,1.0,0.0,1.0,0.0,0.0,1
53.0,22.0,47.72,5494.0,1.0,0.0,1.0,0.0,86.0,1.0,1.0,0.0,0.0,1.0,1.0,0.0,1.0,1.0,0.0,3.0,0.0,0.0,0.0,0.0,14.0,1164.05,0.0,668.08,0.0,0.0,1.0,1.0,0.0,0.0,1.0,0.0,0.0,0.0,1.0,0.0,0.0,0.0,1.0,0.0,0.0,0.0,1.0,0
57.0,0.0,45.19,3924.0,0.0,0.0,0.0,1.0,19.5,0.0,0.0,1.0,0.0,0.0,0.0,1.0,1.0,0.0,1.0,4.0,0.0,0.0,0.0,0.0,37.0,805.2,0.0,1672.03,0.0,0.0,0.0,1.0,0.0,0.0,1.0,0.0,0.0,0.0,1.0,0.0,1.0,0.0,0.0,0.0,1.0,0.0,0.0,0
19.0,82.0,0.0,4865.0,0.0,0.0,1.0,1.0,35.8,0.0,0.0,1.0,0.0,1.0,1.0,1.0,0.0,1.0,1.0,4.0,0.0,0.0,0.0,0.0,49.0,1782.0,0.0,0.0,0.0,1.0,1.0,0.0,1.0,0.0,1.0,0.0,1.0,0.0,0.0,0.0,1.0,0.0,0.0,0.0,0.0,1.0,0.0,0
53.0,22.0,2.86,2989.0,0.0,1.0,1.0,1.0,57.45,0.0,0.0,1.0,0.0,0.0,0.0,1.0,1.0,0.0,1.0,1.0,0.0,1.0,1.0,0.0,18.0,990.85,0.0,51.48,15.73,0.0,1.0,1.0,0.0,0.0,0.0,1.0,0.0,1.0,0.0,0.0,1.0,0.0,0.0,0.0,1.0,0.0,0.0,1
28.0,42.0,29.07,5451.0,0.0,0.0,1.0,0.0,45.45,0.0,0.0,0.0,0.0,0.0,0.0,0.0,1.0,0.0,0.0,3.0,0.0,0.0,0.0,0.0,26.0,1233.15,0.0,755.82,0.0,1.0,1.0,1.0,0.0,0.0,0.0,1.0,1.0,0.0,0.0,0.0,0.0,1.0,0.0,0.0,1.0,0.0,0.0,0
25.0,46.0,0.0,2496.0,0.0,0.0,1.0,0.0,34.8,0.0,0.0,0.0,0.0,0.0,1.0,0.0,0.0,0.0,0.0,4.0,0.0,0.0,0.0,1.0,3.0,113.95,0.0,0.0,0.0,1.0,1.0,1.0,0.0,0.0,1.0,0.0,0.0,1.0,0.0,0.0,1.0,0.0,0.0,0.0,0.0,1.0,0.0,0
21.0,71.0,14.19,4773.0,0.0,1.0,1.0,1.0,108.2,1.0,0.0,10.0,1.0,0.0,1.0,1.0,1.0,1.0,1.0,4.0,0.0,1.0,1.0,1.0,72.0,7840.6,0.0,1021.68,0.0,1.0,1.0,0.0,0.0,1.0,0.0,1.0,0.0,0.0,1.0,0.0,1.0,0.0,0.0,0.0,1.0,0.0,0.0,0
28.0,85.0,7.52,3398.0,0.0,0.0,1.0,0.0,54.6,1.0,0.0,0.0,0.0,0.0,0.0,0.0,1.0,1.0,0.0,3.0,0.0,0.0,0.0,0.0,24.0,1242.25,0.0,180.48,28.42,1.0,1.0,0.0,1.0,0.0,0.0,1.0,1.0,0.0,0.0,0.0,1.0,0.0,0.0,0.0,1.0,0.0,0.0,0
27.0,69.0,2.73,4162.0,0.0,0.0,1.0,1.0,61.45,0.0,0.0,1.0,1.0,0.0,1.0,1.0,1.0,0.0,1.0,5.0,0.0,1.0,1.0,0.0,69.0,4131.2,0.0,188.37,0.0,1.0,1.0,0.0,0.0,1.0,1.0,0.0,0.0,1.0,0.0,0.0,1.0,0.0,0.0,0.0,0.0,1.0,0.0,0
42.0,24.0,27.72,2558.0,0.0,1.0,1.0,0.0,87.55,0.0,0.0,0.0,0.0,0.0,1.0,0.0,1.0,1.0,0.0,1.0,0.0,1.0,1.0,0.0,36.0,3078.1,0.0,997.92,0.0,0.0,1.0,1.0,0.0,0.0,1.0,0.0,0.0,0.0,1.0,0.0,1.0,0.0,0.0,0.0,1.0,0.0,0.0,1
42.0,24.0,5.68,5718.0,0.0,1.0,1.0,0.0,110.5,1.0,0.0,0.0,1.0,0.0,1.0,0.0,1.0,1.0,0.0,5.0,0.0,1.0,1.0,1.0,64.0,7069.25,60.0,363.52,0.0,0.0,0.0,0.0,0.0,1.0,1.0,0.0,0.0,0.0,1.0,0.0,1.0,0.0,0.0,0.0,0.0,1.0,0.0,0
58.0,12.0,47.83,2937.0,0.0,1.0,1.0,0.0,62.05,1.0,0.0,0.0,0.0,0.0,0.0,0.0,1.0,1.0,0.0,2.0,0.0,0.0,0.0,0.0,1.0,62.05,10.0,47.83,0.0,0.0,0.0,1.0,0.0,0.0,0.0,1.0,0.0,1.0,0.0,0.0,0.0,0.0,0.0,1.0,0.0,0.0,1.0,1
52.0,0.0,44.32,4686.0,1.0,0.0,0.0,1.0,20.3,0.0,3.0,1.0,0.0,0.0,0.0,1.0,1.0,0.0,1.0,5.0,0.0,0.0,0.0,0.0,38.0,749.35,0.0,1684.16,10.65,0.0,0.0,0.0,1.0,0.0,1.0,0.0,0.0,0.0,1.0,0.0,0.0,1.0,0.0,0.0,0.0,1.0,0.0,0
65.0,6.0,22.33,3179.0,0.0,1.0,1.0,1.0,99.05,1.0,0.0,1.0,0.0,0.0,1.0,1.0,1.0,0.0,1.0,1.0,1.0,1.0,1.0,1.0,29.0,2952.85,0.0,647.57,0.0,0.0,1.0,1.0,0.0,0.0,1.0,0.0,0.0,0.0,1.0,0.0,1.0,0.0,0.0,0.0,1.0,0.0,0.0,1
79.0,6.0,48.15,5870.0,0.0,0.0,1.0,1.0,93.8,1.0,0.0,8.0,1.0,1.0,0.0,1.0,1.0,0.0,1.0,4.0,1.0,1.0,1.0,0.0,13.0,1261.0,0.0,625.95,0.0,0.0,1.0,0.0,0.0,1.0,0.0,1.0,0.0,0.0,1.0,0.0,0.0,0.0,1.0,0.0,0.0,1.0,0.0,0
55.0,0.0,37.98,5613.0,0.0,0.0,0.0,1.0,24.15,1.0,0.0,7.0,0.0,0.0,1.0,1.0,1.0,0.0,1.0,5.0,0.0,0.0,0.0,0.0,72.0,1776.45,0.0,2734.56,0.0,0.0,0.0,0.0,0.0,1.0,1.0,0.0,0.0,0.0,1.0,0.0,1.0,0.0,0.0,0.0,0.0,1.0,0.0,0
35.0,30.0,38.43,3183.0,0.0,1.0,1.0,0.0,65.6,0.0,0.0,0.0,1.0,1.0,0.0,0.0,1.0,1.0,0.0,4.0,0.0,0.0,0.0,0.0,37.0,2313.8,0.0,1421.91,0.0,0.0,1.0,0.0,0.0,1.0,0.0,1.0,1.0,0.0,0.0,0.0,1.0,0.0,0.0,0.0,1.0,0.0,0.0,0
30.0,41.0,28.27,4882.0,0.0,0.0,1.0,0.0,87.55,1.0,0.0,0.0,1.0,1.0,1.0,0.0,1.0,1.0,0.0,3.0,0.0,0.0,0.0,0.0,57.0,4884.85,0.0,1611.39,1.83,0.0,1.0,1.0,0.0,0.0,1.0,0.0,0.0,0.0,1.0,0.0,1.0,0.0,0.0,0.0,1.0,0.0,0.0,0
76.0,10.0,47.34,4105.0,0.0,0.0,1.0,1.0,74.9,1.0,0.0,2.0,0.0,0.0,1.0,1.0,1.0,0.0,1.0,2.0,1.0,0.0,0.0,0.0,32.0,2303.35,0.0,1514.88,0.0,0.0,1.0,1.0,0.0,0.0,0.0,1.0,0.0,0.0,1.0,0.0,0.0,1.0,0.0,0.0,1.0,0.0,0.0,1
55.0,53.0,25.02,5010.0,1.0,1.0,1.0,1.0,105.55,1.0,3.0,3.0,0.0,1.0,0.0,1.0,1.0,0.0,1.0,3.0,0.0,1.0,1.0,1.0,71.0,7405.5,0.0,1776.42,0.0,0.0,1.0,0.0,0.0,1.0,0.0,1.0,0.0,0.0,1.0,1.0,0.0,0.0,0.0,0.0,1.0,0.0,0.0,0
33.0,0.0,9.81,4006.0,0.0,0.0,0.0,1.0,19.8,0.0,0.0,2.0,0.0,0.0,0.0,1.0,1.0,0.0,1.0,5.0,0.0,0.0,0.0,0.0,30.0,576.65,0.0,294.3,0.0,0.0,0.0,0.0,1.0,0.0,0.0,1.0,0.0,0.0,1.0,0.0,1.0,0.0,0.0,0.0,0.0,1.0,0.0,0
20.0,0.0,27.88,3625.0,0.0,0.0,0.0,0.0,19.65,0.0,0.0,0.0,0.0,0.0,0.0,0.0,1.0,0.0,0.0,3.0,0.0,0.0,0.0,0.0,1.0,19.65,0.0,27.88,0.0,1.0,0.0,1.0,0.0,0.0,0.0,1.0,0.0,0.0,1.0,0.0,1.0,0.0,0.0,0.0,1.0,0.0,0.0,0
51.0,30.0,25.9,5907.0,1.0,1.0,1.0,1.0,81.25,1.0,2.0,10.0,1.0,1.0,0.0,1.0,1.0,1.0,1.0,4.0,0.0,0.0,0.0,1.0,56.0,4620.4,0.0,1450.4,0.0,0.0,1.0,0.0,0.0,1.0,1.0,0.0,1.0,0.0,0.0,0.0,1.0,0.0,0.0,0.0,0.0,1.0,0.0,0
22.0,41.0,3.16,2482.0,0.0,0.0,1.0,0.0,55.7,0.0,0.0,0.0,1.0,1.0,1.0,0.0,1.0,0.0,0.0,3.0,0.0,0.0,0.0,0.0,6.0,335.65,0.0,18.96,0.0,1.0,1.0,1.0,0.0,0.0,0.0,1.0,0.0,1.0,0.0,0.0,1.0,0.0,0.0,0.0,1.0,0.0,0.0,0
53.0,15.0,10.12,4157.0,0.0,0.0,1.0,0.0,99.7,1.0,0.0,0.0,0.0,1.0,1.0,0.0,1.0,0.0,0.0,3.0,0.0,1.0,1.0,1.0,15.0,1566.75,0.0,151.8,0.0,0.0,1.0,1.0,0.0,0.0,0.0,1.0,0.0,0.0,1.0,0.0,0.0,0.0,1.0,0.0,1.0,0.0,0.0,0
23.0,58.0,48.17,5662.0,0.0,0.0,1.0,0.0,58.6,0.0,0.0,0.0,1.0,0.0,1.0,0.0,1.0,0.0,0.0,4.0,0.0,0.0,0.0,1.0,39.0,2224.5,0.0,1878.63,0.0,1.0,1.0,0.0,1.0,0.0,1.0,0.0,0.0,1.0,0.0,0.0,0.0,1.0,0.0,0.0,0.0,1.0,0.0,0
50.0,5.0,41.38,3167.0,0.0,0.0,1.0,0.0,54.2,0.0,0.0,0.0,0.0,0.0,1.0,0.0,1.0,0.0,0.0,4.0,0.0,0.0,0.0,1.0,3.0,140.4,0.0,124.14,0.0,0.0,1.0,1.0,0.0,0.0,1.0,0.0,0.0,1.0,0.0,0.0,1.0,0.0,0.0,0.0,1.0,0.0,0.0,0
43.0,0.0,48.93,5822.0,0.0,0.0,0.0,0.0,23.4,1.0,0.0,0.0,0.0,0.0,0.0,0.0,1.0,0.0,0.0,4.0,0.0,0.0,0.0,0.0,62.0,1429.65,0.0,3033.66,0.0,0.0,0.0,0.0,0.0,1.0,0.0,1.0,0.0,0.0,1.0,0.0,1.0,0.0,0.0,0.0,1.0,0.0,0.0,0
63.0,14.0,31.83,4055.0,1.0,1.0,1.0,1.0,116.85,1.0,1.0,1.0,1.0,1.0,1.0,1.0,1.0,1.0,1.0,3.0,0.0,1.0,1.0,1.0,72.0,8477.7,0.0,2291.76,0.0,0.0,1.0,0.0,0.0,1.0,1.0,0.0,0.0,0.0,1.0,1.0,0.0,0.0,0.0,0.0,1.0,0.0,0.0,0
47.0,0.0,49.16,5084.0,1.0,0.0,0.0,0.0,19.45,0.0,2.0,0.0,0.0,0.0,0.0,0.0,1.0,0.0,0.0,3.0,0.0,0.0,0.0,0.0,7.0,136.75,0.0,344.12,0.0,0.0,0.0,0.0,1.0,0.0,0.0,1.0,0.0,0.0,1.0,0.0,1.0,0.0,0.0,0.0,0.0,1.0,0.0,0
32.0,26.0,39.3,4483.0,0.0,0.0,1.0,0.0,51.25,0.0,0.0,0.0,0.0,1.0,0.0,0.0,1.0,0.0,0.0,4.0,0.0,0.0,0.0,0.0,1.0,51.25,0.0,39.3,0.0,0.0,1.0,1.0,0.0,0.0,0.0,1.0,0.0,1.0,0.0,0.0,1.0,0.0,0.0,0.0,0.0,1.0,0.0,0
30.0,51.0,5.09,4651.0,1.0,0.0,1.0,1.0,45.45,0.0,2.0,0.0,0.0,0.0,1.0,1.0,1.0,0.0,0.0,4.0,0.0,0.0,0.0,0.0,8.0,411.75,0.0,40.72,0.0,0.0,1.0,1.0,0.0,0.0,1.0,0.0,0.0,1.0,0.0,0.0,0.0,0.0,0.0,1.0,1.0,0.0,0.0,0
37.0,0.0,48.06,2173.0,0.0,0.0,0.0,1.0,20.15,0.0,0.0,3.0,0.0,0.0,0.0,1.0,1.0,0.0,1.0,5.0,0.0,0.0,0.0,0.0,22.0,419.9,0.0,1057.32,0.0,0.0,0.0,0.0,1.0,0.0,0.0,1.0,0.0,0.0,1.0,0.0,1.0,0.0,0.0,0.0,0.0,1.0,0.0,0
40.0,27.0,0.0,2555.0,0.0,0.0,1.0,0.0,34.3,0.0,0.0,0.0,1.0,0.0,0.0,0.0,0.0,1.0,0.0,5.0,0.0,0.0,0.0,0.0,29.0,1004.75,0.0,0.0,0.0,0.0,1.0,1.0,0.0,0.0,0.0,1.0,0.0,1.0,0.0,0.0,1.0,0.0,0.0,0.0,1.0,0.0,0.0,0
35.0,18.0,27.97,2901.0,0.0,0.0,1.0,0.0,69.75,0.0,0.0,0.0,0.0,0.0,0.0,0.0,1.0,0.0,0.0,2.0,0.0,0.0,0.0,0.0,1.0,69.75,0.0,27.97,0.0,0.0,1.0,1.0,0.0,0.0,0.0,1.0,0.0,0.0,1.0,0.0,0.0,0.0,0.0,1.0,1.0,0.0,0.0,1
38.0,0.0,16.91,3478.0,1.0,0.0,0.0,0.0,20.2,0.0,2.0,0.0,0.0,0.0,1.0,0.0,1.0,0.0,0.0,4.0,0.0,0.0,0.0,0.0,6.0,98.35,0.0,101.46,0.0,0.0,0.0,1.0,0.0,0.0,0.0,1.0,0.0,0.0,1.0,0.0,1.0,0.0,0.0,0.0,0.0,1.0,0.0,0
27.0,0.0,42.15,3586.0,0.0,0.0,0.0,0.0,20.2,0.0,0.0,0.0,0.0,0.0,0.0,0.0,1.0,0.0,0.0,3.0,0.0,0.0,0.0,0.0,1.0,20.2,0.0,42.15,0.0,1.0,0.0,1.0,0.0,0.0,0.0,1.0,0.0,0.0,1.0,0.0,1.0,0.0,0.0,0.0,0.0,0.0,1.0,0
34.0,0.0,38.96,4996.0,0.0,0.0,0.0,0.0,20.05,0.0,0.0,0.0,0.0,0.0,0.0,0.0,1.0,0.0,0.0,4.0,0.0,0.0,0.0,0.0,12.0,265.45,0.0,467.52,0.0,0.0,0.0,1.0,0.0,0.0,0.0,1.0,0.0,0.0,1.0,0.0,0.0,0.0,1.0,0.0,0.0,1.0,0.0,0
52.0,9.0,25.88,4811.0,0.0,1.0,1.0,1.0,102.45,1.0,0.0,1.0,0.0,1.0,1.0,1.0,1.0,0.0,1.0,1.0,0.0,1.0,1.0,1.0,1.0,102.45,0.0,25.88,0.0,0.0,1.0,1.0,0.0,0.0,1.0,0.0,0.0,0.0,1.0,0.0,1.0,0.0,0.0,0.0,1.0,0.0,0.0,1
54.0,18.0,2.19,3670.0,0.0,0.0,1.0,0.0,99.95,1.0,0.0,0.0,1.0,0.0,1.0,0.0,1.0,0.0,0.0,1.0,0.0,1.0,1.0,1.0,19.0,1931.75,0.0,41.61,0.0,0.0,1.0,1.0,0.0,0.0,0.0,1.0,0.0,0.0,1.0,0.0,0.0,0.0,1.0,0.0,1.0,0.0,0.0,1
42.0,0.0,32.78,4791.0,0.0,0.0,0.0,0.0,21.1,0.0,0.0,0.0,0.0,0.0,1.0,0.0,1.0,0.0,0.0,5.0,0.0,0.0,0.0,0.0,46.0,937.1,0.0,1507.88,0.0,0.0,0.0,0.0,0.0,1.0,1.0,0.0,0.0,0.0,1.0,0.0,1.0,0.0,0.0,0.0,1.0,0.0,0.0,0
46.0,0.0,45.77,5441.0,1.0,0.0,0.0,1.0,19.9,0.0,1.0,4.0,0.0,0.0,0.0,1.0,1.0,0.0,1.0,1.0,0.0,0.0,0.0,0.0,1.0,19.9,0.0,45.77,0.0,0.0,0.0,1.0,0.0,0.0,0.0,1.0,0.0,0.0,1.0,0.0,0.0,0.0,0.0,1.0,0.0,0.0,1.0,1
69.0,29.0,24.62,6488.0,0.0,1.0,1.0,1.0,79.95,0.0,0.0,9.0,0.0,1.0,1.0,1.0,1.0,1.0,1.0,4.0,1.0,1.0,0.0,1.0,62.0,4819.75,0.0,1526.44,0.0,0.0,1.0,0.0,0.0,1.0,1.0,0.0,0.0,1.0,0.0,0.0,1.0,0.0,0.0,0.0,0.0,1.0,0.0,0
29.0,52.0,41.89,6411.0,1.0,0.0,1.0,1.0,85.5,1.0,2.0,1.0,0.0,0.0,0.0,1.0,1.0,0.0,1.0,4.0,0.0,1.0,1.0,0.0,55.0,4713.4,0.0,2303.95,0.0,1.0,1.0,1.0,0.0,0.0,0.0,1.0,0.0,0.0,1.0,0.0,1.0,0.0,0.0,0.0,1.0,0.0,0.0,0
41.0,21.0,8.6,5455.0,0.0,1.0,1.0,1.0,111.15,1.0,0.0,4.0,1.0,0.0,1.0,1.0,1.0,1.0,1.0,4.0,0.0,1.0,1.0,1.0,64.0,6953.4,0.0,550.4,0.0,0.0,1.0,1.0,0.0,0.0,1.0,0.0,0.0,0.0,1.0,0.0,1.0,0.0,0.0,0.0,1.0,0.0,0.0,0
46.0,0.0,43.8,4691.0,0.0,0.0,0.0,0.0,19.75,0.0,0.0,0.0,0.0,0.0,0.0,0.0,1.0,0.0,0.0,4.0,0.0,0.0,0.0,0.0,32.0,624.15,0.0,1401.6,0.0,0.0,0.0,0.0,1.0,0.0,1.0,0.0,0.0,0.0,1.0,0.0,1.0,0.0,0.0,0.0,1.0,0.0,0.0,0
70.0,7.0,14.48,5866.0,0.0,1.0,1.0,1.0,105.35,0.0,0.0,2.0,1.0,1.0,0.0,1.0,1.0,0.0,1.0,4.0,1.0,1.0,1.0,1.0,70.0,7511.9,0.0,1013.6,0.0,0.0,1.0,0.0,0.0,1.0,0.0,1.0,0.0,0.0,1.0,1.0,0.0,0.0,0.0,0.0,0.0,1.0,0.0,0
22.0,51.0,40.36,3479.0,1.0,0.0,1.0,1.0,61.5,0.0,2.0,7.0,1.0,1.0,1.0,1.0,1.0,1.0,1.0,4.0,0.0,0.0,0.0,0.0,18.0,1087.45,0.0,726.48,0.0,1.0,1.0,0.0,1.0,0.0,1.0,0.0,0.0,1.0,0.0,0.0,0.0,0.0,1.0,0.0,0.0,1.0,0.0,0
25.0,59.0,35.9,4422.0,1.0,1.0,1.0,1.0,78.35,1.0,1.0,2.0,1.0,1.0,0.0,1.0,1.0,1.0,1.0,4.0,0.0,1.0,1.0,0.0,70.0,5445.95,0.0,2513.0,0.0,1.0,1.0,0.0,1.0,0.0,0.0,1.0,1.0,0.0,0.0,1.0,0.0,0.0,0.0,0.0,1.0,0.0,0.0,0
31.0,0.0,27.7,5390.0,1.0,0.0,0.0,1.0,19.15,0.0,1.0,0.0,0.0,0.0,0.0,1.0,1.0,0.0,0.0,3.0,0.0,0.0,0.0,0.0,55.0,998.1,0.0,1523.5,0.0,0.0,0.0,0.0,1.0,0.0,1.0,0.0,0.0,0.0,1.0,0.0,1.0,0.0,0.0,0.0,0.0,1.0,0.0,0
20.0,59.0,0.0,3766.0,0.0,0.0,1.0,1.0,28.5,0.0,0.0,8.0,0.0,1.0,0.0,1.0,0.0,0.0,1.0,4.0,0.0,0.0,0.0,0.0,21.0,629.35,0.0,0.0,0.0,1.0,1.0,1.0,0.0,0.0,1.0,0.0,0.0,1.0,0.0,0.0,0.0,0.0,1.0,0.0,1.0,0.0,0.0,0
31.0,22.0,25.75,4718.0,0.0,0.0,1.0,1.0,73.2,0.0,0.0,1.0,0.0,1.0,1.0,1.0,1.0,0.0,1.0,2.0,0.0,0.0,0.0,0.0,19.0,1441.1,0.0,489.25,0.0,0.0,1.0,1.0,0.0,0.0,1.0,0.0,0.0,0.0,1.0,0.0,0.0,0.0,1.0,0.0,1.0,0.0,0.0,1
35.0,12.0,17.49,4750.0,1.0,1.0,1.0,1.0,104.45,1.0,1.0,5.0,1.0,0.0,1.0,1.0,1.0,0.0,1.0,5.0,0.0,1.0,1.0,1.0,72.0,7459.0,130.0,1259.28,0.0,0.0,0.0,0.0,1.0,0.0,0.0,1.0,0.0,0.0,1.0,1.0,0.0,0.0,0.0,0.0,0.0,1.0,0.0,0
35.0,9.0,27.38,6312.0,0.0,1.0,1.0,0.0,58.55,0.0,0.0,0.0,0.0,0.0,0.0,0.0,1.0,0.0,0.0,3.0,0.0,1.0,1.0,0.0,63.0,3503.5,0.0,1724.94,0.0,0.0,1.0,0.0,1.0,0.0,1.0,0.0,0.0,1.0,0.0,0.0,1.0,0.0,0.0,0.0,0.0,1.0,0.0,0
76.0,3.0,20.06,5028.0,0.0,0.0,1.0,0.0,90.7,1.0,0.0,0.0,1.0,0.0,0.0,0.0,1.0,0.0,0.0,4.0,1.0,1.0,1.0,0.0,39.0,3413.25,0.0,782.34,0.0,0.0,1.0,0.0,0.0,1.0,0.0,1.0,0.0,0.0,1.0,0.0,1.0,0.0,0.0,0.0,1.0,0.0,0.0,0
59.0,26.0,12.3,3012.0,0.0,0.0,1.0,1.0,60.85,1.0,0.0,5.0,0.0,1.0,1.0,1.0,1.0,1.0,1.0,4.0,0.0,0.0,0.0,0.0,34.0,2003.6,0.0,418.2,0.0,0.0,1.0,1.0,0.0,0.0,1.0,0.0,0.0,1.0,0.0,0.0,1.0,0.0,0.0,0.0,1.0,0.0,0.0,0
66.0,2.0,3.3,4448.0,0.0,0.0,1.0,0.0,96.55,1.0,0.0,0.0,0.0,0.0,1.0,0.0,1.0,0.0,0.0,2.0,1.0,1.0,0.0,1.0,37.0,3580.3,0.0,122.1,0.0,0.0,1.0,1.0,0.0,0.0,1.0,0.0,0.0,0.0,1.0,0.0,1.0,0.0,0.0,0.0,1.0,0.0,0.0,1
79.0,25.0,1.06,3754.0,0.0,1.0,1.0,0.0,82.65,1.0,0.0,0.0,0.0,0.0,1.0,0.0,1.0,0.0,0.0,4.0,1.0,0.0,0.0,0.0,17.0,1470.05,0.0,18.02,0.0,0.0,1.0,0.0,1.0,0.0,1.0,0.0,0.0,0.0,1.0,0.0,0.0,0.0,1.0,0.0,0.0,1.0,0.0,0
28.0,48.0,13.97,4014.0,0.0,0.0,1.0,1.0,88.85,1.0,0.0,10.0,1.0,0.0,0.0,1.0,1.0,0.0,1.0,3.0,0.0,1.0,1.0,0.0,34.0,3000.25,0.0,474.98,0.0,1.0,1.0,1.0,0.0,0.0,0.0,1.0,0.0,0.0,1.0,0.0,1.0,0.0,0.0,0.0,0.0,1.0,0.0,0
33.0,56.0,26.09,5447.0,1.0,1.0,1.0,1.0,106.9,0.0,3.0,1.0,0.0,1.0,1.0,1.0,1.0,1.0,1.0,3.0,0.0,1.0,1.0,1.0,35.0,3756.45,150.0,913.15,34.47,0.0,0.0,1.0,0.0,0.0,1.0,0.0,0.0,0.0,1.0,0.0,1.0,0.0,0.0,0.0,1.0,0.0,0.0,0
50.0,12.0,29.72,6316.0,0.0,0.0,1.0,1.0,65.2,1.0,0.0,1.0,0.0,1.0,0.0,1.0,1.0,0.0,1.0,3.0,0.0,1.0,1.0,0.0,70.0,4543.15,0.0,2080.4,0.0,0.0,1.0,0.0,1.0,0.0,1.0,0.0,0.0,1.0,0.0,1.0,0.0,0.0,0.0,0.0,1.0,0.0,0.0,0
35.0,0.0,20.65,5052.0,0.0,0.0,0.0,0.0,20.1,0.0,0.0,0.0,0.0,0.0,0.0,0.0,1.0,0.0,0.0,3.0,0.0,0.0,0.0,0.0,16.0,296.15,0.0,330.4,0.0,0.0,0.0,0.0,1.0,0.0,1.0,0.0,0.0,0.0,1.0,0.0,0.0,0.0,1.0,0.0,0.0,1.0,0.0,0
27.0,0.0,43.5,3854.0,0.0,0.0,0.0,0.0,19.9,0.0,0.0,0.0,0.0,0.0,0.0,0.0,1.0,0.0,0.0,3.0,0.0,0.0,0.0,0.0,14.0,283.75,0.0,609.0,0.0,1.0,0.0,1.0,0.0,0.0,0.0,1.0,0.0,0.0,1.0,0.0,0.0,0.0,1.0,0.0,0.0,1.0,0.0,0
64.0,0.0,39.49,2722.0,0.0,0.0,0.0,0.0,19.6,0.0,0.0,0.0,0.0,0.0,0.0,0.0,1.0,0.0,0.0,3.0,0.0,0.0,0.0,0.0,15.0,331.6,0.0,592.35,0.0,0.0,0.0,0.0,0.0,1.0,1.0,0.0,0.0,0.0,1.0,0.0,0.0,0.0,1.0,0.0,0.0,1.0,0.0,0
50.0,0.0,35.35,5997.0,0.0,0.0,0.0,0.0,20.5,0.0,0.0,0.0,0.0,0.0,0.0,0.0,1.0,0.0,0.0,5.0,0.0,0.0,0.0,0.0,63.0,1328.15,0.0,2227.05,15.62,0.0,0.0,0.0,1.0,0.0,0.0,1.0,0.0,0.0,1.0,0.0,1.0,0.0,0.0,0.0,0.0,1.0,0.0,0
42.0,30.0,39.03,5055.0,0.0,0.0,1.0,0.0,80.25,0.0,0.0,0.0,0.0,0.0,1.0,0.0,1.0,0.0,0.0,1.0,0.0,0.0,0.0,1.0,2.0,144.55,10.0,78.06,0.0,0.0,0.0,1.0,0.0,0.0,0.0,1.0,0.0,0.0,1.0,0.0,0.0,0.0,0.0,1.0,1.0,0.0,0.0,1
48.0,0.0,11.18,5063.0,0.0,0.0,0.0,1.0,25.6,1.0,0.0,3.0,0.0,0.0,0.0,1.0,1.0,0.0,1.0,5.0,0.0,0.0,0.0,0.0,71.0,1888.25,0.0,793.78,0.0,0.0,0.0,0.0,0.0,1.0,1.0,0.0,0.0,0.0,1.0,0.0,1.0,0.0,0.0,0.0,0.0,1.0,0.0,0
48.0,10.0,41.2,5089.0,0.0,1.0,1.0,1.0,104.25,1.0,0.0,4.0,0.0,1.0,1.0,1.0,1.0,0.0,1.0,3.0,0.0,1.0,1.0,1.0,65.0,6812.95,0.0,2678.0,0.0,0.0,1.0,1.0,0.0,0.0,0.0,1.0,0.0,0.0,1.0,0.0,1.0,0.0,0.0,0.0,1.0,0.0,0.0,0
60.0,23.0,16.45,3965.0,0.0,1.0,1.0,0.0,112.95,1.0,0.0,0.0,1.0,0.0,1.0,0.0,1.0,1.0,0.0,2.0,0.0,1.0,1.0,1.0,12.0,1384.75,0.0,197.4,0.0,0.0,1.0,1.0,0.0,0.0,0.0,1.0,1.0,0.0,0.0,0.0,1.0,0.0,0.0,0.0,0.0,0.0,1.0,1
36.0,26.0,0.0,2327.0,1.0,1.0,1.0,0.0,40.1,0.0,3.0,0.0,0.0,1.0,0.0,0.0,0.0,1.0,0.0,4.0,0.0,0.0,0.0,0.0,23.0,857.75,0.0,0.0,0.0,0.0,1.0,0.0,0.0,1.0,0.0,1.0,0.0,1.0,0.0,0.0,1.0,0.0,0.0,0.0,0.0,1.0,0.0,0
53.0,15.0,0.0,4969.0,0.0,1.0,1.0,1.0,65.1,0.0,0.0,7.0,1.0,1.0,1.0,1.0,0.0,1.0,1.0,4.0,0.0,1.0,1.0,1.0,72.0,4754.3,0.0,0.0,0.0,0.0,1.0,0.0,0.0,1.0,0.0,1.0,0.0,1.0,0.0,1.0,0.0,0.0,0.0,0.0,0.0,1.0,0.0,0
24.0,41.0,41.33,2701.0,0.0,0.0,1.0,1.0,93.6,0.0,0.0,3.0,0.0,1.0,1.0,1.0,1.0,0.0,1.0,4.0,0.0,1.0,1.0,1.0,36.0,3366.05,0.0,1487.88,16.56,1.0,1.0,1.0,0.0,0.0,0.0,1.0,0.0,0.0,1.0,0.0,0.0,1.0,0.0,0.0,1.0,0.0,0.0,0
78.0,14.0,1.28,3172.0,0.0,1.0,1.0,1.0,99.55,1.0,0.0,1.0,0.0,0.0,1.0,1.0,1.0,0.0,1.0,3.0,1.0,1.0,0.0,1.0,11.0,1131.2,0.0,14.08,0.0,0.0,1.0,1.0,0.0,0.0,1.0,0.0,0.0,0.0,1.0,0.0,0.0,0.0,1.0,0.0,1.0,0.0,0.0,1
63.0,10.0,20.13,5056.0,1.0,0.0,1.0,0.0,64.1,0.0,1.0,0.0,0.0,1.0,1.0,0.0,1.0,1.0,0.0,3.0,0.0,0.0,0.0,1.0,40.0,2460.35,0.0,805.2,0.0,0.0,1.0,1.0,0.0,0.0,1.0,0.0,0.0,1.0,0.0,0.0,1.0,0.0,0.0,0.0,0.0,1.0,0.0,0
33.0,12.0,23.54,3333.0,1.0,1.0,1.0,0.0,99.7,1.0,2.0,0.0,0.0,0.0,0.0,0.0,1.0,0.0,0.0,4.0,0.0,1.0,1.0,1.0,45.0,4634.35,0.0,1059.3,0.0,0.0,1.0,0.0,0.0,1.0,0.0,1.0,0.0,0.0,1.0,0.0,1.0,0.0,0.0,0.0,1.0,0.0,0.0,0
69.0,11.0,3.76,4053.0,0.0,1.0,1.0,1.0,97.0,0.0,0.0,9.0,1.0,1.0,0.0,1.0,1.0,0.0,1.0,3.0,1.0,1.0,0.0,0.0,64.0,6430.9,0.0,240.64,0.0,0.0,1.0,0.0,1.0,0.0,1.0,0.0,0.0,0.0,1.0,0.0,1.0,0.0,0.0,0.0,1.0,0.0,0.0,0
35.0,0.0,34.46,4157.0,0.0,0.0,0.0,1.0,19.9,0.0,0.0,8.0,0.0,0.0,0.0,1.0,1.0,0.0,1.0,3.0,0.0,0.0,0.0,0.0,53.0,1110.05,0.0,1826.38,0.0,0.0,0.0,0.0,0.0,1.0,0.0,1.0,0.0,0.0,1.0,0.0,1.0,0.0,0.0,0.0,0.0,1.0,0.0,0
19.0,59.0,4.19,2721.0,1.0,1.0,1.0,1.0,105.35,1.0,3.0,6.0,1.0,0.0,1.0,1.0,1.0,0.0,1.0,3.0,0.0,1.0,1.0,1.0,15.0,1559.25,0.0,62.85,0.0,1.0,1.0,1.0,0.0,0.0,1.0,0.0,0.0,0.0,1.0,0.0,0.0,0.0,1.0,0.0,1.0,0.0,0.0,0
71.0,27.0,40.19,2656.0,1.0,0.0,1.0,1.0,85.35,1.0,1.0,7.0,0.0,0.0,0.0,1.0,1.0,0.0,1.0,5.0,1.0,0.0,0.0,1.0,22.0,1961.6,0.0,884.18,0.0,0.0,1.0,0.0,0.0,1.0,1.0,0.0,0.0,0.0,1.0,0.0,0.0,0.0,1.0,0.0,1.0,0.0,0.0,0
65.0,18.0,36.93,5301.0,0.0,0.0,1.0,0.0,78.85,0.0,0.0,0.0,0.0,0.0,1.0,0.0,1.0,0.0,0.0,3.0,1.0,0.0,0.0,1.0,4.0,292.8,0.0,147.72,0.0,0.0,1.0,1.0,0.0,0.0,1.0,0.0,0.0,0.0,1.0,0.0,1.0,0.0,0.0,0.0,1.0,0.0,0.0,1
59.0,26.0,0.0,5474.0,0.0,1.0,1.0,0.0,33.5,0.0,0.0,0.0,1.0,0.0,1.0,0.0,0.0,0.0,0.0,2.0,0.0,0.0,0.0,0.0,18.0,600.0,0.0,0.0,0.0,0.0,1.0,1.0,0.0,0.0,0.0,1.0,0.0,1.0,0.0,0.0,0.0,0.0,1.0,0.0,0.0,1.0,0.0,1
56.0,0.0,10.11,2016.0,0.0,0.0,0.0,0.0,19.75,0.0,0.0,0.0,0.0,0.0,0.0,0.0,1.0,0.0,0.0,5.0,0.0,0.0,0.0,0.0,13.0,265.75,0.0,131.43,0.0,0.0,0.0,0.0,0.0,1.0,0.0,1.0,0.0,0.0,1.0,0.0,0.0,0.0,1.0,0.0,0.0,1.0,0.0,0
69.0,30.0,0.0,3511.0,0.0,0.0,1.0,1.0,24.85,0.0,0.0,2.0,0.0,0.0,1.0,1.0,0.0,0.0,1.0,3.0,1.0,0.0,0.0,0.0,38.0,955.75,0.0,0.0,0.0,0.0,1.0,1.0,0.0,0.0,0.0,1.0,1.0,0.0,0.0,0.0,0.0,1.0,0.0,0.0,1.0,0.0,0.0,0
78.0,19.0,5.93,6357.0,1.0,0.0,1.0,1.0,72.6,0.0,1.0,8.0,0.0,1.0,1.0,1.0,1.0,1.0,1.0,4.0,1.0,1.0,0.0,1.0,56.0,4084.35,140.0,332.08,0.0,0.0,0.0,0.0,0.0,1.0,1.0,0.0,0.0,1.0,0.0,0.0,1.0,0.0,0.0,0.0,0.0,1.0,0.0,0
80.0,27.0,11.55,6335.0,0.0,1.0,1.0,1.0,95.65,1.0,0.0,10.0,1.0,1.0,0.0,1.0,1.0,1.0,1.0,3.0,1.0,0.0,0.0,0.0,56.0,5471.75,0.0,646.8,21.71,0.0,1.0,0.0,1.0,0.0,1.0,0.0,0.0,0.0,1.0,0.0,1.0,0.0,0.0,0.0,1.0,0.0,0.0,0
42.0,0.0,24.71,5072.0,0.0,0.0,0.0,1.0,25.95,1.0,0.0,2.0,0.0,0.0,1.0,1.0,1.0,0.0,1.0,5.0,0.0,0.0,0.0,0.0,71.0,1801.9,0.0,1754.41,0.0,0.0,0.0,0.0,0.0,1.0,1.0,0.0,0.0,0.0,1.0,1.0,0.0,0.0,0.0,0.0,0.0,1.0,0.0,0
44.0,0.0,32.22,5331.0,0.0,0.0,0.0,1.0,24.85,1.0,0.0,7.0,0.0,0.0,0.0,1.0,1.0,0.0,1.0,3.0,0.0,0.0,0.0,0.0,44.0,1013.6,0.0,1417.68,0.0,0.0,0.0,0.0,1.0,0.0,0.0,1.0,0.0,0.0,1.0,0.0,1.0,0.0,0.0,0.0,1.0,0.0,0.0,0
37.0,57.0,20.76,2132.0,1.0,1.0,1.0,1.0,89.3,1.0,3.0,1.0,0.0,1.0,0.0,1.0,1.0,1.0,1.0,3.0,0.0,0.0,0.0,0.0,31.0,2823.0,0.0,643.56,0.0,0.0,1.0,1.0,0.0,0.0,0.0,1.0,0.0,0.0,1.0,0.0,0.0,1.0,0.0,0.0,1.0,0.0,0.0,0
32.0,0.0,31.7,4821.0,1.0,0.0,0.0,1.0,20.2,0.0,3.0,3.0,0.0,0.0,0.0,1.0,1.0,0.0,1.0,3.0,0.0,0.0,0.0,0.0,19.0,387.4,0.0,602.3,0.0,0.0,0.0,0.0,0.0,1.0,0.0,1.0,0.0,0.0,1.0,0.0,1.0,0.0,0.0,0.0,0.0,1.0,0.0,0
52.0,0.0,15.48,2839.0,0.0,0.0,0.0,0.0,20.45,0.0,0.0,0.0,0.0,0.0,0.0,0.0,1.0,0.0,0.0,5.0,0.0,0.0,0.0,0.0,41.0,775.6,0.0,634.68,0.0,0.0,0.0,1.0,0.0,0.0,1.0,0.0,0.0,0.0,1.0,0.0,1.0,0.0,0.0,0.0,1.0,0.0,0.0,0
29.0,51.0,4.48,5269.0,0.0,1.0,1.0,0.0,87.25,1.0,0.0,0.0,0.0,0.0,1.0,0.0,1.0,1.0,0.0,1.0,0.0,0.0,0.0,0.0,45.0,3941.7,0.0,201.6,0.0,1.0,1.0,1.0,0.0,0.0,1.0,0.0,1.0,0.0,0.0,0.0,1.0,0.0,0.0,0.0,1.0,0.0,0.0,1
44.0,19.0,26.28,5823.0,1.0,0.0,1.0,1.0,90.45,1.0,1.0,7.0,0.0,0.0,1.0,1.0,1.0,1.0,1.0,3.0,0.0,1.0,1.0,0.0,28.0,2509.25,0.0,735.84,0.0,0.0,1.0,0.0,1.0,0.0,1.0,0.0,0.0,0.0,1.0,0.0,0.0,1.0,0.0,0.0,1.0,0.0,0.0,0
37.0,29.0,0.0,4458.0,0.0,1.0,1.0,0.0,54.2,0.0,0.0,0.0,0.0,0.0,0.0,0.0,0.0,1.0,0.0,3.0,0.0,1.0,1.0,1.0,25.0,1423.15,0.0,0.0,0.0,0.0,1.0,0.0,1.0,0.0,1.0,0.0,1.0,0.0,0.0,0.0,0.0,1.0,0.0,0.0,1.0,0.0,0.0,0
53.0,0.0,29.09,5573.0,1.0,0.0,0.0,1.0,19.55,0.0,3.0,0.0,0.0,0.0,0.0,1.0,1.0,0.0,0.0,4.0,0.0,0.0,0.0,0.0,4.0,68.8,0.0,116.36,0.0,0.0,0.0,0.0,0.0,1.0,0.0,1.0,0.0,0.0,1.0,0.0,0.0,0.0,0.0,1.0,0.0,1.0,0.0,0
45.0,25.0,34.13,4499.0,1.0,1.0,1.0,1.0,72.95,0.0,1.0,4.0,0.0,0.0,1.0,1.0,1.0,1.0,1.0,4.0,0.0,1.0,1.0,1.0,68.0,4953.25,0.0,2320.84,0.0,0.0,1.0,0.0,0.0,1.0,0.0,1.0,0.0,1.0,0.0,0.0,1.0,0.0,0.0,0.0,1.0,0.0,0.0,0
49.0,53.0,42.55,5613.0,1.0,0.0,1.0,1.0,59.5,0.0,4.0,8.0,1.0,1.0,0.0,1.0,1.0,1.0,1.0,4.0,0.0,0.0,0.0,0.0,2.0,130.5,0.0,85.1,0.0,0.0,1.0,0.0,0.0,1.0,0.0,1.0,0.0,1.0,0.0,0.0,0.0,0.0,0.0,1.0,0.0,0.0,1.0,0
54.0,13.0,0.0,4093.0,0.0,1.0,1.0,0.0,58.35,0.0,0.0,0.0,0.0,1.0,1.0,0.0,0.0,1.0,0.0,3.0,0.0,1.0,1.0,1.0,70.0,4214.25,0.0,0.0,0.0,0.0,1.0,0.0,0.0,1.0,1.0,0.0,0.0,1.0,0.0,1.0,0.0,0.0,0.0,0.0,1.0,0.0,0.0,0
34.0,0.0,44.69,5404.0,0.0,0.0,0.0,0.0,20.55,0.0,0.0,0.0,0.0,0.0,1.0,0.0,1.0,0.0,0.0,4.0,0.0,0.0,0.0,0.0,47.0,945.7,0.0,2100.43,0.0,0.0,0.0,0.0,0.0,1.0,1.0,0.0,0.0,0.0,1.0,0.0,1.0,0.0,0.0,0.0,0.0,1.0,0.0,0
59.0,5.0,35.53,3721.0,0.0,0.0,1.0,0.0,45.15,0.0,0.0,0.0,0.0,0.0,1.0,0.0,1.0,0.0,0.0,2.0,0.0,0.0,0.0,0.0,8.0,438.4,0.0,284.24,0.0,0.0,1.0,1.0,0.0,0.0,0.0,1.0,1.0,0.0,0.0,0.0,1.0,0.0,0.0,0.0,0.0,1.0,0.0,1
51.0,19.0,12.13,4548.0,0.0,0.0,1.0,0.0,69.85,0.0,0.0,0.0,0.0,0.0,1.0,0.0,1.0,0.0,0.0,1.0,0.0,0.0,0.0,0.0,1.0,69.85,0.0,12.13,0.0,0.0,1.0,1.0,0.0,0.0,0.0,1.0,0.0,0.0,1.0,0.0,0.0,0.0,0.0,1.0,1.0,0.0,0.0,1
35.0,0.0,40.51,4103.0,0.0,0.0,0.0,0.0,20.15,0.0,0.0,0.0,0.0,0.0,0.0,0.0,1.0,0.0,0.0,2.0,0.0,0.0,0.0,0.0,1.0,20.15,0.0,40.51,0.0,0.0,0.0,1.0,0.0,0.0,0.0,1.0,0.0,0.0,1.0,0.0,0.0,0.0,0.0,1.0,0.0,1.0,0.0,1
80.0,5.0,42.91,2571.0,0.0,0.0,1.0,0.0,81.45,1.0,0.0,0.0,1.0,0.0,1.0,0.0,1.0,0.0,0.0,3.0,1.0,0.0,0.0,0.0,27.0,2122.05,0.0,1158.57,0.0,0.0,1.0,1.0,0.0,0.0,0.0,1.0,0.0,0.0,1.0,0.0,1.0,0.0,0.0,0.0,1.0,0.0,0.0,1
48.0,0.0,10.67,6002.0,1.0,0.0,0.0,1.0,19.55,0.0,2.0,4.0,0.0,0.0,0.0,1.0,1.0,0.0,1.0,5.0,0.0,0.0,0.0,0.0,63.0,1245.6,0.0,672.21,0.0,0.0,0.0,0.0,0.0,1.0,0.0,1.0,0.0,0.0,1.0,0.0,1.0,0.0,0.0,0.0,0.0,0.0,1.0,0
26.0,59.0,41.93,4946.0,0.0,0.0,1.0,0.0,70.7,0.0,0.0,0.0,0.0,0.0,0.0,0.0,1.0,0.0,0.0,5.0,0.0,0.0,1.0,0.0,8.0,553.4,0.0,335.44,0.0,1.0,1.0,1.0,0.0,0.0,0.0,1.0,0.0,0.0,1.0,0.0,0.0,0.0,0.0,1.0,1.0,0.0,0.0,0
77.0,5.0,14.52,2728.0,0.0,1.0,1.0,1.0,110.75,1.0,0.0,1.0,1.0,0.0,1.0,1.0,1.0,1.0,1.0,2.0,1.0,1.0,0.0,1.0,43.0,4687.9,0.0,624.36,0.0,0.0,1.0,1.0,0.0,0.0,0.0,1.0,0.0,0.0,1.0,0.0,1.0,0.0,0.0,0.0,1.0,0.0,0.0,1
39.0,30.0,21.58,2044.0,0.0,0.0,1.0,1.0,74.95,1.0,0.0,1.0,0.0,0.0,1.0,1.0,1.0,0.0,1.0,1.0,0.0,0.0,0.0,0.0,11.0,825.7,0.0,237.38,0.0,0.0,1.0,1.0,0.0,0.0,0.0,1.0,0.0,0.0,1.0,0.0,0.0,0.0,1.0,0.0,1.0,0.0,0.0,1
37.0,0.0,26.95,5849.0,0.0,0.0,0.0,1.0,20.15,0.0,0.0,5.0,0.0,0.0,0.0,1.0,1.0,0.0,1.0,4.0,0.0,0.0,0.0,0.0,50.0,930.9,0.0,1347.5,0.0,0.0,0.0,0.0,0.0,1.0,1.0,0.0,0.0,0.0,1.0,0.0,1.0,0.0,0.0,0.0,1.0,0.0,0.0,0
62.0,0.0,17.17,2916.0,0.0,0.0,0.0,0.0,18.8,0.0,0.0,0.0,0.0,0.0,0.0,0.0,1.0,0.0,0.0,3.0,0.0,0.0,0.0,0.0,19.0,279.2,0.0,326.23,0.0,0.0,0.0,0.0,1.0,0.0,0.0,1.0,0.0,0.0,1.0,0.0,0.0,0.0,1.0,0.0,0.0,1.0,0.0,0
64.0,17.0,28.36,4190.0,1.0,1.0,1.0,1.0,104.05,1.0,1.0,1.0,1.0,1.0,1.0,1.0,1.0,1.0,1.0,3.0,0.0,1.0,1.0,0.0,53.0,5566.4,0.0,1503.08,0.0,0.0,1.0,0.0,0.0,1.0,1.0,0.0,0.0,0.0,1.0,0.0,1.0,0.0,0.0,0.0,1.0,0.0,0.0,0
65.0,10.0,37.62,3502.0,0.0,0.0,1.0,0.0,95.6,1.0,0.0,0.0,0.0,0.0,1.0,0.0,1.0,0.0,0.0,3.0,1.0,1.0,1.0,1.0,14.0,1273.3,0.0,526.68,0.0,0.0,1.0,1.0,0.0,0.0,0.0,1.0,0.0,0.0,1.0,0.0,1.0,0.0,0.0,0.0,1.0,0.0,0.0,0
40.0,0.0,13.85,3075.0,0.0,0.0,0.0,0.0,19.65,0.0,0.0,0.0,0.0,0.0,1.0,0.0,1.0,0.0,0.0,3.0,0.0,0.0,0.0,0.0,1.0,19.65,0.0,13.85,0.0,0.0,0.0,1.0,0.0,0.0,0.0,1.0,0.0,0.0,1.0,0.0,0.0,0.0,0.0,1.0,1.0,0.0,0.0,0
58.0,11.0,20.93,5915.0,1.0,0.0,1.0,0.0,105.85,0.0,1.0,0.0,1.0,1.0,1.0,0.0,1.0,1.0,0.0,4.0,0.0,1.0,1.0,1.0,54.0,5826.65,10.0,1130.22,0.0,0.0,0.0,0.0,1.0,0.0,0.0,1.0,0.0,0.0,1.0,0.0,1.0,0.0,0.0,0.0,1.0,0.0,0.0,0
59.0,18.0,47.64,5087.0,0.0,0.0,1.0,0.0,88.95,0.0,0.0,0.0,0.0,1.0,1.0,0.0,1.0,1.0,0.0,3.0,0.0,0.0,0.0,1.0,33.0,3027.65,0.0,1572.12,0.0,0.0,1.0,0.0,0.0,1.0,0.0,1.0,0.0,0.0,1.0,0.0,0.0,1.0,0.0,0.0,1.0,0.0,0.0,0
48.0,4.0,12.5,3319.0,0.0,1.0,1.0,0.0,74.75,0.0,0.0,0.0,0.0,0.0,1.0,0.0,1.0,0.0,0.0,3.0,0.0,0.0,0.0,0.0,3.0,238.1,0.0,37.5,38.84,0.0,1.0,1.0,0.0,0.0,1.0,0.0,0.0,0.0,1.0,0.0,1.0,0.0,0.0,0.0,0.0,0.0,1.0,0
69.0,12.0,16.22,2984.0,0.0,1.0,1.0,0.0,104.75,1.0,0.0,0.0,1.0,0.0,1.0,0.0,1.0,0.0,0.0,1.0,1.0,1.0,0.0,1.0,42.0,4323.45,0.0,681.24,0.0,0.0,1.0,1.0,0.0,0.0,1.0,0.0,0.0,0.0,1.0,0.0,1.0,0.0,0.0,0.0,1.0,0.0,0.0,1
19.0,51.0,44.46,4903.0,0.0,0.0,1.0,1.0,44.3,0.0,0.0,1.0,0.0,0.0,0.0,1.0,1.0,0.0,1.0,2.0,0.0,0.0,1.0,0.0,3.0,134.5,0.0,133.38,0.0,1.0,1.0,1.0,0.0,0.0,1.0,0.0,0.0,1.0,0.0,0.0,0.0,0.0,0.0,1.0,0.0,1.0,0.0,1
42.0,0.0,33.71,4404.0,0.0,0.0,0.0,0.0,26.5,1.0,0.0,0.0,0.0,0.0,0.0,0.0,1.0,0.0,0.0,3.0,0.0,0.0,0.0,0.0,65.0,1698.55,0.0,2191.15,0.0,0.0,0.0,0.0,0.0,1.0,1.0,0.0,0.0,0.0,1.0,0.0,1.0,0.0,0.0,0.0,1.0,0.0,0.0,0
47.0,14.0,0.0,4667.0,0.0,0.0,1.0,0.0,30.5,0.0,0.0,0.0,1.0,0.0,1.0,0.0,0.0,0.0,0.0,1.0,0.0,0.0,0.0,0.0,6.0,208.7,0.0,0.0,0.0,0.0,1.0,1.0,0.0,0.0,0.0,1.0,0.0,1.0,0.0,0.0,0.0,0.0,0.0,1.0,0.0,1.0,0.0,1
33.0,0.0,35.88,4629.0,0.0,0.0,0.0,0.0,19.2,0.0,0.0,0.0,0.0,0.0,0.0,0.0,1.0,0.0,0.0,3.0,0.0,0.0,0.0,0.0,1.0,19.2,0.0,35.88,0.0,0.0,0.0,1.0,0.0,0.0,0.0,1.0,0.0,0.0,1.0,0.0,1.0,0.0,0.0,0.0,0.0,1.0,0.0,0
35.0,21.0,12.15,5113.0,0.0,1.0,1.0,1.0,75.7,1.0,0.0,3.0,0.0,1.0,0.0,1.0,1.0,1.0,1.0,3.0,0.0,1.0,1.0,0.0,63.0,4676.7,0.0,765.45,0.0,0.0,1.0,0.0,0.0,1.0,0.0,1.0,0.0,1.0,0.0,0.0,1.0,0.0,0.0,0.0,0.0,1.0,0.0,0
40.0,0.0,48.73,4444.0,0.0,0.0,0.0,1.0,24.25,1.0,0.0,4.0,0.0,0.0,1.0,1.0,1.0,0.0,1.0,5.0,0.0,0.0,0.0,0.0,62.0,1424.6,0.0,3021.26,0.0,0.0,0.0,0.0,0.0,1.0,0.0,1.0,0.0,0.0,1.0,0.0,1.0,0.0,0.0,0.0,1.0,0.0,0.0,0
60.0,26.0,49.61,4446.0,0.0,0.0,1.0,0.0,89.2,0.0,0.0,0.0,0.0,1.0,1.0,0.0,1.0,1.0,0.0,4.0,0.0,1.0,1.0,0.0,35.0,3251.3,0.0,1736.35,0.0,0.0,1.0,0.0,1.0,0.0,0.0,1.0,0.0,0.0,1.0,0.0,0.0,1.0,0.0,0.0,1.0,0.0,0.0,0
67.0,11.0,16.32,2075.0,0.0,0.0,1.0,0.0,74.95,1.0,0.0,0.0,0.0,0.0,1.0,0.0,1.0,0.0,0.0,3.0,1.0,0.0,0.0,0.0,14.0,1036.75,0.0,228.48,39.29,0.0,1.0,1.0,0.0,0.0,0.0,1.0,0.0,0.0,1.0,0.0,0.0,0.0,1.0,0.0,1.0,0.0,0.0,1
19.0,41.0,30.51,6139.0,0.0,0.0,1.0,1.0,96.1,1.0,0.0,4.0,1.0,1.0,0.0,1.0,1.0,0.0,1.0,4.0,0.0,1.0,1.0,0.0,62.0,6001.45,0.0,1891.62,0.0,1.0,1.0,0.0,1.0,0.0,0.0,1.0,0.0,0.0,1.0,0.0,1.0,0.0,0.0,0.0,1.0,0.0,0.0,0
57.0,22.0,40.22,3384.0,0.0,0.0,1.0,0.0,56.2,0.0,0.0,0.0,0.0,0.0,1.0,0.0,1.0,0.0,0.0,5.0,0.0,1.0,1.0,0.0,19.0,1093.4,0.0,764.18,0.0,0.0,1.0,1.0,0.0,0.0,1.0,0.0,1.0,0.0,0.0,0.0,0.0,0.0,1.0,0.0,1.0,0.0,0.0,0
48.0,22.0,0.0,5988.0,1.0,0.0,1.0,1.0,30.25,0.0,1.0,4.0,0.0,0.0,0.0,1.0,0.0,1.0,1.0,4.0,0.0,0.0,0.0,0.0,12.0,368.85,0.0,0.0,0.0,0.0,1.0,0.0,1.0,0.0,1.0,0.0,0.0,1.0,0.0,0.0,1.0,0.0,0.0,0.0,0.0,1.0,0.0,0
28.0,48.0,6.42,2887.0,0.0,1.0,1.0,0.0,99.0,1.0,0.0,0.0,1.0,1.0,1.0,0.0,1.0,0.0,0.0,3.0,0.0,1.0,1.0,0.0,42.0,4298.45,0.0,269.64,0.0,1.0,1.0,0.0,1.0,0.0,0.0,1.0,0.0,0.0,1.0,0.0,1.0,0.0,0.0,0.0,1.0,0.0,0.0,0
36.0,0.0,33.44,5667.0,0.0,0.0,0.0,0.0,20.6,0.0,0.0,0.0,0.0,0.0,1.0,0.0,1.0,0.0,0.0,3.0,0.0,0.0,0.0,0.0,16.0,330.25,0.0,535.04,0.0,0.0,0.0,1.0,0.0,0.0,0.0,1.0,0.0,0.0,1.0,0.0,0.0,0.0,1.0,0.0,0.0,1.0,0.0,0
74.0,24.0,48.35,5808.0,0.0,1.0,1.0,0.0,89.2,1.0,0.0,0.0,0.0,0.0,1.0,0.0,1.0,0.0,0.0,1.0,1.0,0.0,0.0,1.0,4.0,346.2,0.0,193.4,0.0,0.0,1.0,1.0,0.0,0.0,1.0,0.0,1.0,0.0,0.0,0.0,1.0,0.0,0.0,0.0,1.0,0.0,0.0,1
40.0,2.0,37.46,4703.0,0.0,0.0,1.0,1.0,66.15,1.0,0.0,3.0,0.0,1.0,1.0,1.0,1.0,0.0,1.0,3.0,0.0,0.0,0.0,1.0,64.0,4392.5,0.0,2397.44,0.0,0.0,1.0,0.0,1.0,0.0,0.0,1.0,0.0,1.0,0.0,0.0,1.0,0.0,0.0,0.0,0.0,1.0,0.0,0
27.0,48.0,0.0,4259.0,0.0,0.0,1.0,1.0,25.25,0.0,0.0,8.0,0.0,0.0,1.0,1.0,0.0,0.0,1.0,3.0,0.0,0.0,0.0,0.0,39.0,947.75,0.0,0.0,0.0,1.0,1.0,0.0,1.0,0.0,0.0,1.0,0.0,1.0,0.0,0.0,1.0,0.0,0.0,0.0,0.0,1.0,0.0,0
21.0,69.0,38.69,4359.0,0.0,0.0,1.0,0.0,90.6,1.0,0.0,0.0,0.0,0.0,1.0,0.0,1.0,1.0,0.0,2.0,0.0,0.0,1.0,1.0,23.0,1943.2,0.0,889.87,4.73,1.0,1.0,1.0,0.0,0.0,0.0,1.0,1.0,0.0,0.0,0.0,1.0,0.0,0.0,0.0,1.0,0.0,0.0,1
26.0,82.0,22.14,5505.0,1.0,1.0,1.0,1.0,94.75,0.0,3.0,4.0,0.0,0.0,1.0,1.0,1.0,0.0,1.0,5.0,0.0,1.0,1.0,1.0,8.0,759.55,0.0,177.12,0.0,1.0,1.0,1.0,0.0,0.0,0.0,1.0,0.0,0.0,1.0,0.0,1.0,0.0,0.0,0.0,1.0,0.0,0.0,0
25.0,27.0,6.84,5458.0,0.0,0.0,1.0,1.0,94.2,1.0,0.0,1.0,0.0,0.0,1.0,1.0,1.0,0.0,1.0,1.0,0.0,1.0,1.0,1.0,42.0,4186.3,0.0,287.28,0.0,1.0,1.0,1.0,0.0,0.0,1.0,0.0,0.0,0.0,1.0,0.0,1.0,0.0,0.0,0.0,1.0,0.0,0.0,1
51.0,22.0,22.83,5441.0,0.0,1.0,1.0,1.0,65.65,1.0,0.0,5.0,1.0,1.0,0.0,1.0,1.0,0.0,1.0,3.0,0.0,0.0,0.0,0.0,67.0,4322.85,0.0,1529.61,0.0,0.0,1.0,0.0,0.0,1.0,1.0,0.0,1.0,0.0,0.0,0.0,1.0,0.0,0.0,0.0,0.0,1.0,0.0,0
73.0,0.0,15.9,5209.0,0.0,0.0,0.0,1.0,19.55,0.0,0.0,2.0,0.0,0.0,1.0,1.0,1.0,0.0,1.0,3.0,1.0,0.0,0.0,0.0,70.0,1462.05,0.0,1113.0,0.0,0.0,0.0,0.0,0.0,1.0,1.0,0.0,0.0,0.0,1.0,1.0,0.0,0.0,0.0,0.0,0.0,1.0,0.0,0
72.0,17.0,36.27,3468.0,0.0,0.0,1.0,0.0,80.7,0.0,0.0,0.0,1.0,1.0,0.0,0.0,1.0,0.0,0.0,4.0,1.0,0.0,0.0,0.0,5.0,374.8,0.0,181.35,0.0,0.0,1.0,1.0,0.0,0.0,1.0,0.0,0.0,0.0,1.0,0.0,0.0,0.0,0.0,1.0,1.0,0.0,0.0,0
35.0,0.0,17.21,4424.0,1.0,0.0,0.0,1.0,20.3,0.0,1.0,6.0,0.0,0.0,0.0,1.0,1.0,0.0,1.0,3.0,0.0,0.0,0.0,0.0,58.0,1160.75,0.0,998.18,25.57,0.0,0.0,0.0,0.0,1.0,1.0,0.0,0.0,0.0,1.0,0.0,1.0,0.0,0.0,0.0,0.0,1.0,0.0,0
50.0,21.0,0.0,2933.0,0.0,1.0,1.0,0.0,39.65,0.0,0.0,0.0,0.0,0.0,1.0,0.0,0.0,0.0,0.0,1.0,0.0,0.0,0.0,1.0,19.0,733.35,0.0,0.0,0.0,0.0,1.0,1.0,0.0,0.0,0.0,1.0,0.0,1.0,0.0,0.0,1.0,0.0,0.0,0.0,1.0,0.0,0.0,1
58.0,57.0,0.0,2898.0,1.0,0.0,1.0,1.0,40.55,0.0,3.0,0.0,1.0,1.0,0.0,1.0,0.0,1.0,0.0,3.0,0.0,0.0,0.0,0.0,13.0,590.35,0.0,0.0,0.0,0.0,1.0,0.0,0.0,1.0,0.0,1.0,0.0,1.0,0.0,0.0,1.0,0.0,0.0,0.0,0.0,1.0,0.0,0
73.0,30.0,15.19,5098.0,0.0,0.0,1.0,0.0,72.6,1.0,0.0,0.0,0.0,0.0,1.0,0.0,1.0,0.0,0.0,3.0,1.0,0.0,0.0,0.0,2.0,154.3,0.0,30.38,0.0,0.0,1.0,1.0,0.0,0.0,0.0,1.0,0.0,0.0,1.0,0.0,1.0,0.0,0.0,0.0,0.0,0.0,1.0,0
44.0,19.0,38.48,2004.0,1.0,0.0,1.0,1.0,90.6,0.0,1.0,9.0,0.0,0.0,0.0,1.0,1.0,0.0,1.0,5.0,0.0,1.0,1.0,1.0,11.0,1020.2,0.0,423.28,0.0,0.0,1.0,1.0,0.0,0.0,0.0,1.0,0.0,0.0,1.0,0.0,0.0,0.0,1.0,0.0,1.0,0.0,0.0,0
52.0,27.0,7.64,2323.0,0.0,0.0,1.0,0.0,69.65,0.0,0.0,0.0,0.0,0.0,0.0,0.0,1.0,0.0,0.0,2.0,0.0,0.0,0.0,0.0,2.0,145.15,0.0,15.28,0.0,0.0,1.0,1.0,0.0,0.0,1.0,0.0,0.0,0.0,1.0,0.0,0.0,0.0,0.0,1.0,1.0,0.0,0.0,1
24.0,0.0,22.78,4949.0,1.0,0.0,0.0,1.0,20.35,0.0,1.0,1.0,0.0,0.0,0.0,1.0,1.0,0.0,1.0,3.0,0.0,0.0,0.0,0.0,72.0,1354.4,0.0,1640.16,0.0,1.0,0.0,0.0,0.0,1.0,0.0,1.0,0.0,0.0,1.0,0.0,1.0,0.0,0.0,0.0,1.0,0.0,0.0,0
61.0,0.0,25.21,5408.0,0.0,0.0,0.0,1.0,24.95,1.0,0.0,10.0,0.0,0.0,0.0,1.0,1.0,0.0,1.0,3.0,0.0,0.0,0.0,0.0,34.0,894.3,0.0,857.14,0.0,0.0,0.0,0.0,0.0,1.0,1.0,0.0,0.0,0.0,1.0,0.0,1.0,0.0,0.0,0.0,0.0,1.0,0.0,0
60.0,5.0,20.11,3613.0,0.0,0.0,1.0,0.0,59.15,0.0,0.0,0.0,0.0,1.0,1.0,0.0,1.0,0.0,0.0,3.0,0.0,1.0,1.0,0.0,6.0,336.7,0.0,120.66,0.0,0.0,1.0,1.0,0.0,0.0,0.0,1.0,0.0,1.0,0.0,0.0,0.0,0.0,0.0,1.0,1.0,0.0,0.0,0
69.0,21.0,4.14,6034.0,0.0,1.0,1.0,0.0,94.0,0.0,0.0,0.0,0.0,0.0,1.0,0.0,1.0,0.0,0.0,4.0,1.0,1.0,1.0,1.0,51.0,4905.75,0.0,211.14,0.0,0.0,1.0,0.0,1.0,0.0,0.0,1.0,0.0,0.0,1.0,0.0,1.0,0.0,0.0,0.0,1.0,0.0,0.0,0
72.0,13.0,2.18,4899.0,0.0,1.0,1.0,0.0,74.05,0.0,0.0,0.0,0.0,0.0,1.0,0.0,1.0,0.0,0.0,3.0,1.0,0.0,0.0,0.0,8.0,600.15,0.0,17.44,0.0,0.0,1.0,0.0,0.0,1.0,1.0,0.0,0.0,0.0,1.0,0.0,1.0,0.0,0.0,0.0,1.0,0.0,0.0,0
28.0,73.0,1.41,5517.0,1.0,0.0,1.0,1.0,60.2,0.0,3.0,9.0,0.0,1.0,1.0,1.0,1.0,0.0,1.0,3.0,0.0,1.0,1.0,0.0,29.0,1834.15,0.0,40.89,0.0,1.0,1.0,1.0,0.0,0.0,0.0,1.0,0.0,1.0,0.0,0.0,1.0,0.0,0.0,0.0,0.0,1.0,0.0,0
39.0,30.0,6.05,6212.0,0.0,1.0,1.0,1.0,89.05,1.0,0.0,7.0,1.0,1.0,1.0,1.0,1.0,1.0,1.0,4.0,0.0,1.0,1.0,1.0,72.0,6254.45,0.0,435.6,0.0,0.0,1.0,0.0,0.0,1.0,0.0,1.0,1.0,0.0,0.0,1.0,0.0,0.0,0.0,0.0,1.0,0.0,0.0,0
36.0,8.0,19.0,4099.0,0.0,1.0,1.0,1.0,54.75,0.0,0.0,10.0,1.0,0.0,1.0,1.0,1.0,0.0,1.0,3.0,0.0,0.0,0.0,0.0,8.0,445.85,0.0,152.0,0.0,0.0,1.0,1.0,0.0,0.0,0.0,1.0,1.0,0.0,0.0,0.0,0.0,0.0,0.0,1.0,0.0,1.0,0.0,0
62.0,24.0,19.08,5283.0,0.0,0.0,1.0,0.0,75.2,1.0,0.0,0.0,0.0,0.0,0.0,0.0,1.0,0.0,0.0,2.0,0.0,0.0,0.0,0.0,49.0,3678.3,20.0,934.92,0.0,0.0,0.0,1.0,0.0,0.0,0.0,1.0,0.0,0.0,1.0,0.0,1.0,0.0,0.0,0.0,0.0,1.0,0.0,1
49.0,3.0,21.39,4740.0,0.0,1.0,1.0,0.0,73.85,1.0,0.0,0.0,1.0,0.0,1.0,0.0,1.0,1.0,0.0,4.0,0.0,0.0,0.0,1.0,48.0,3581.4,60.0,1026.72,0.0,0.0,0.0,0.0,1.0,0.0,1.0,0.0,0.0,1.0,0.0,0.0,1.0,0.0,0.0,0.0,1.0,0.0,0.0,0
27.0,0.0,39.89,3172.0,1.0,0.0,0.0,1.0,20.85,0.0,1.0,1.0,0.0,0.0,0.0,1.0,1.0,0.0,1.0,5.0,0.0,0.0,0.0,0.0,4.0,62.9,0.0,159.56,0.0,1.0,0.0,1.0,0.0,0.0,1.0,0.0,0.0,0.0,1.0,0.0,1.0,0.0,0.0,0.0,0.0,1.0,0.0,0
48.0,0.0,32.28,4052.0,1.0,0.0,0.0,0.0,19.7,0.0,1.0,0.0,0.0,0.0,0.0,0.0,1.0,0.0,0.0,3.0,0.0,0.0,0.0,0.0,27.0,509.3,0.0,871.56,0.0,0.0,0.0,0.0,0.0,1.0,0.0,1.0,0.0,0.0,1.0,0.0,0.0,1.0,0.0,0.0,0.0,1.0,0.0,0
36.0,11.0,13.94,5012.0,1.0,1.0,1.0,1.0,109.6,1.0,2.0,5.0,0.0,1.0,1.0,1.0,1.0,1.0,1.0,3.0,0.0,1.0,1.0,1.0,56.0,5953.0,0.0,780.64,0.0,0.0,1.0,1.0,0.0,0.0,1.0,0.0,0.0,0.0,1.0,0.0,1.0,0.0,0.0,0.0,0.0,1.0,0.0,0
25.0,30.0,21.37,5133.0,0.0,1.0,1.0,0.0,61.15,0.0,0.0,0.0,1.0,1.0,1.0,0.0,1.0,0.0,0.0,3.0,0.0,0.0,0.0,0.0,66.0,4017.45,0.0,1410.42,0.0,1.0,1.0,0.0,0.0,1.0,1.0,0.0,0.0,1.0,0.0,0.0,1.0,0.0,0.0,0.0,1.0,0.0,0.0,0
77.0,21.0,42.06,2169.0,0.0,1.0,1.0,0.0,98.4,1.0,0.0,0.0,0.0,0.0,1.0,0.0,1.0,0.0,0.0,1.0,1.0,1.0,0.0,1.0,41.0,4187.75,0.0,1724.46,0.0,0.0,1.0,1.0,0.0,0.0,0.0,1.0,0.0,0.0,1.0,0.0,1.0,0.0,0.0,0.0,1.0,0.0,0.0,1
60.0,30.0,29.23,6212.0,0.0,1.0,1.0,1.0,94.6,1.0,0.0,0.0,1.0,0.0,0.0,1.0,1.0,0.0,0.0,3.0,0.0,0.0,0.0,1.0,52.0,5025.8,0.0,1519.96,0.0,0.0,1.0,1.0,0.0,0.0,1.0,0.0,0.0,0.0,1.0,0.0,1.0,0.0,0.0,0.0,1.0,0.0,0.0,0
38.0,0.0,16.94,3114.0,1.0,0.0,0.0,0.0,20.5,0.0,2.0,0.0,0.0,0.0,0.0,0.0,1.0,0.0,0.0,4.0,0.0,0.0,0.0,0.0,32.0,696.8,0.0,542.08,0.0,0.0,0.0,0.0,0.0,1.0,0.0,1.0,0.0,0.0,1.0,0.0,1.0,0.0,0.0,0.0,0.0,1.0,0.0,0
78.0,5.0,45.9,3327.0,0.0,0.0,1.0,1.0,71.8,0.0,0.0,1.0,0.0,0.0,1.0,1.0,1.0,0.0,1.0,1.0,1.0,0.0,0.0,0.0,16.0,1167.8,0.0,734.4,0.0,0.0,1.0,1.0,0.0,0.0,0.0,1.0,0.0,0.0,1.0,0.0,1.0,0.0,0.0,0.0,1.0,0.0,0.0,1
59.0,0.0,49.74,5403.0,0.0,0.0,0.0,0.0,18.95,0.0,0.0,0.0,0.0,0.0,1.0,0.0,1.0,0.0,0.0,3.0,0.0,0.0,0.0,0.0,9.0,185.6,0.0,447.66,0.0,0.0,0.0,1.0,0.0,0.0,0.0,1.0,0.0,0.0,1.0,0.0,0.0,0.0,0.0,1.0,0.0,1.0,0.0,1
38.0,24.0,47.69,4879.0,1.0,0.0,1.0,1.0,92.85,0.0,1.0,1.0,1.0,0.0,1.0,1.0,1.0,0.0,1.0,5.0,0.0,1.0,1.0,1.0,58.0,5305.05,0.0,2766.02,0.0,0.0,1.0,1.0,0.0,0.0,0.0,1.0,0.0,0.0,1.0,0.0,1.0,0.0,0.0,0.0,1.0,0.0,0.0,0
65.0,0.0,41.98,3460.0,0.0,0.0,0.0,0.0,20.05,0.0,0.0,0.0,0.0,0.0,0.0,0.0,1.0,0.0,0.0,5.0,1.0,0.0,0.0,0.0,4.0,91.45,0.0,167.92,0.0,0.0,0.0,0.0,0.0,1.0,1.0,0.0,0.0,0.0,1.0,0.0,1.0,0.0,0.0,0.0,0.0,1.0,0.0,0
19.0,59.0,0.0,3108.0,0.0,0.0,1.0,0.0,30.4,0.0,0.0,0.0,0.0,0.0,0.0,0.0,0.0,1.0,0.0,4.0,0.0,0.0,0.0,0.0,3.0,82.15,0.0,0.0,0.0,1.0,1.0,1.0,0.0,0.0,0.0,1.0,0.0,1.0,0.0,0.0,1.0,0.0,0.0,0.0,1.0,0.0,0.0,0
64.0,13.0,21.65,5644.0,0.0,0.0,1.0,1.0,68.95,0.0,0.0,1.0,0.0,0.0,1.0,1.0,1.0,0.0,1.0,2.0,0.0,0.0,0.0,0.0,1.0,68.95,0.0,21.65,0.0,0.0,1.0,1.0,0.0,0.0,1.0,0.0,0.0,0.0,1.0,0.0,0.0,0.0,0.0,1.0,1.0,0.0,0.0,1
72.0,21.0,1.67,4452.0,0.0,0.0,1.0,0.0,89.0,1.0,0.0,0.0,1.0,0.0,0.0,0.0,1.0,0.0,0.0,4.0,1.0,0.0,0.0,1.0,15.0,1288.3,0.0,25.05,45.69,0.0,1.0,0.0,1.0,0.0,1.0,0.0,0.0,0.0,1.0,0.0,1.0,0.0,0.0,0.0,0.0,1.0,0.0,0
30.0,73.0,24.23,4870.0,0.0,0.0,1.0,0.0,105.65,1.0,0.0,0.0,1.0,0.0,1.0,0.0,1.0,1.0,0.0,1.0,0.0,1.0,1.0,1.0,64.0,6903.1,0.0,1550.72,0.0,0.0,1.0,0.0,1.0,0.0,0.0,1.0,0.0,0.0,1.0,0.0,1.0,0.0,0.0,0.0,0.0,1.0,0.0,1
73.0,20.0,34.24,4001.0,0.0,0.0,1.0,1.0,64.05,1.0,0.0,9.0,1.0,0.0,0.0,1.0,1.0,0.0,1.0,4.0,1.0,1.0,1.0,0.0,61.0,3902.6,0.0,2088.64,0.0,0.0,1.0,0.0,1.0,0.0,0.0,1.0,0.0,1.0,0.0,0.0,1.0,0.0,0.0,0.0,1.0,0.0,0.0,0
60.0,28.0,17.52,3325.0,0.0,0.0,1.0,0.0,58.2,0.0,0.0,0.0,1.0,1.0,0.0,0.0,1.0,1.0,0.0,4.0,0.0,0.0,0.0,0.0,8.0,469.25,30.0,140.16,0.0,0.0,0.0,0.0,1.0,0.0,1.0,0.0,0.0,1.0,0.0,0.0,1.0,0.0,0.0,0.0,1.0,0.0,0.0,0
22.0,59.0,33.53,5866.0,0.0,0.0,1.0,0.0,55.15,0.0,0.0,0.0,1.0,0.0,1.0,0.0,1.0,1.0,0.0,3.0,0.0,0.0,0.0,0.0,22.0,1193.05,0.0,737.66,0.0,1.0,1.0,0.0,1.0,0.0,0.0,1.0,0.0,1.0,0.0,0.0,1.0,0.0,0.0,0.0,0.0,1.0,0.0,1
28.0,48.0,10.06,3885.0,0.0,0.0,1.0,0.0,79.0,1.0,0.0,0.0,0.0,1.0,1.0,0.0,1.0,0.0,0.0,3.0,0.0,0.0,0.0,0.0,11.0,929.3,0.0,110.66,0.0,1.0,1.0,1.0,0.0,0.0,1.0,0.0,0.0,0.0,1.0,0.0,0.0,0.0,1.0,0.0,1.0,0.0,0.0,0
47.0,20.0,10.36,2545.0,1.0,0.0,1.0,1.0,51.3,0.0,1.0,7.0,0.0,1.0,1.0,1.0,1.0,0.0,1.0,4.0,0.0,0.0,0.0,0.0,8.0,411.6,0.0,82.88,15.02,0.0,1.0,1.0,0.0,0.0,0.0,1.0,0.0,1.0,0.0,0.0,1.0,0.0,0.0,0.0,0.0,1.0,0.0,0
20.0,48.0,37.45,5527.0,0.0,1.0,1.0,1.0,92.4,1.0,0.0,8.0,1.0,1.0,1.0,1.0,1.0,1.0,1.0,3.0,0.0,1.0,1.0,1.0,72.0,6786.1,150.0,2696.4,0.0,1.0,0.0,0.0,0.0,1.0,1.0,0.0,0.0,1.0,0.0,0.0,1.0,0.0,0.0,0.0,1.0,0.0,0.0,0
33.0,20.0,34.76,4668.0,0.0,1.0,1.0,0.0,66.5,0.0,0.0,0.0,0.0,0.0,0.0,0.0,1.0,1.0,0.0,5.0,0.0,1.0,1.0,0.0,42.0,2762.75,0.0,1459.92,0.0,0.0,1.0,0.0,0.0,1.0,1.0,0.0,1.0,0.0,0.0,0.0,1.0,0.0,0.0,0.0,0.0,1.0,0.0,0
56.0,30.0,13.67,2125.0,1.0,1.0,1.0,1.0,78.95,1.0,3.0,2.0,1.0,0.0,0.0,1.0,1.0,0.0,1.0,5.0,0.0,1.0,1.0,1.0,38.0,2862.55,0.0,519.46,0.0,0.0,1.0,0.0,1.0,0.0,0.0,1.0,1.0,0.0,0.0,0.0,1.0,0.0,0.0,0.0,0.0,1.0,0.0,0
51.0,18.0,28.0,5503.0,0.0,0.0,1.0,0.0,105.35,1.0,0.0,0.0,1.0,0.0,1.0,0.0,1.0,1.0,0.0,3.0,0.0,1.0,1.0,1.0,34.0,3540.65,0.0,952.0,0.0,0.0,1.0,1.0,0.0,0.0,0.0,1.0,0.0,0.0,1.0,0.0,1.0,0.0,0.0,0.0,1.0,0.0,0.0,0
32.0,30.0,39.52,3817.0,0.0,0.0,1.0,1.0,78.9,1.0,0.0,8.0,1.0,0.0,1.0,1.0,1.0,0.0,1.0,5.0,0.0,0.0,0.0,0.0,47.0,3650.35,0.0,1857.44,0.0,0.0,1.0,0.0,1.0,0.0,0.0,1.0,0.0,0.0,1.0,0.0,1.0,0.0,0.0,0.0,1.0,0.0,0.0,0
64.0,27.0,2.67,4584.0,0.0,0.0,1.0,0.0,94.4,0.0,0.0,0.0,0.0,0.0,1.0,0.0,1.0,1.0,0.0,5.0,0.0,1.0,1.0,1.0,30.0,2638.1,0.0,80.1,0.0,0.0,1.0,0.0,1.0,0.0,1.0,0.0,0.0,0.0,1.0,0.0,1.0,0.0,0.0,0.0,1.0,0.0,0.0,0
44.0,0.0,4.72,2325.0,0.0,0.0,0.0,1.0,20.2,0.0,0.0,6.0,0.0,0.0,1.0,1.0,1.0,0.0,1.0,3.0,0.0,0.0,0.0,0.0,46.0,845.6,0.0,217.12,0.0,0.0,0.0,0.0,1.0,0.0,0.0,1.0,0.0,0.0,1.0,0.0,1.0,0.0,0.0,0.0,1.0,0.0,0.0,0
26.0,41.0,17.66,2885.0,0.0,1.0,1.0,0.0,84.25,0.0,0.0,0.0,1.0,0.0,1.0,0.0,1.0,1.0,0.0,2.0,0.0,0.0,1.0,0.0,38.0,3264.5,0.0,671.08,0.0,1.0,1.0,1.0,0.0,0.0,1.0,0.0,0.0,0.0,1.0,0.0,1.0,0.0,0.0,0.0,0.0,1.0,0.0,1
44.0,14.0,40.26,3553.0,0.0,0.0,1.0,0.0,84.05,1.0,0.0,0.0,0.0,0.0,0.0,0.0,1.0,0.0,0.0,2.0,0.0,0.0,0.0,1.0,32.0,2781.85,0.0,1288.32,0.0,0.0,1.0,0.0,1.0,0.0,1.0,0.0,0.0,0.0,1.0,0.0,1.0,0.0,0.0,0.0,1.0,0.0,0.0,1
74.0,5.0,0.0,5688.0,0.0,0.0,1.0,0.0,25.2,0.0,0.0,0.0,0.0,0.0,1.0,0.0,0.0,0.0,0.0,1.0,1.0,0.0,0.0,0.0,1.0,25.2,0.0,0.0,0.0,0.0,1.0,1.0,0.0,0.0,1.0,0.0,1.0,0.0,0.0,0.0,1.0,0.0,0.0,0.0,1.0,0.0,0.0,1
21.0,59.0,45.21,5083.0,1.0,0.0,1.0,1.0,54.65,0.0,1.0,1.0,0.0,1.0,0.0,1.0,1.0,1.0,1.0,3.0,0.0,0.0,0.0,0.0,45.0,2553.7,0.0,2034.45,0.0,1.0,1.0,0.0,0.0,1.0,0.0,1.0,1.0,0.0,0.0,0.0,1.0,0.0,0.0,0.0,1.0,0.0,0.0,0
33.0,53.0,2.31,3607.0,1.0,1.0,1.0,1.0,56.25,0.0,3.0,7.0,0.0,1.0,1.0,1.0,1.0,0.0,1.0,4.0,0.0,0.0,0.0,0.0,24.0,1454.25,0.0,55.44,0.0,0.0,1.0,0.0,1.0,0.0,0.0,1.0,1.0,0.0,0.0,0.0,1.0,0.0,0.0,0.0,0.0,1.0,0.0,0
44.0,17.0,10.49,2744.0,0.0,1.0,1.0,0.0,100.25,1.0,0.0,0.0,0.0,0.0,1.0,0.0,1.0,0.0,0.0,3.0,0.0,1.0,1.0,1.0,35.0,3527.6,0.0,367.15,0.0,0.0,1.0,1.0,0.0,0.0,1.0,0.0,0.0,0.0,1.0,0.0,0.0,1.0,0.0,0.0,1.0,0.0,0.0,1
40.0,16.0,36.81,3529.0,0.0,0.0,1.0,0.0,86.25,0.0,0.0,0.0,1.0,1.0,1.0,0.0,1.0,1.0,0.0,2.0,0.0,0.0,0.0,0.0,2.0,181.65,0.0,73.62,0.0,0.0,1.0,1.0,0.0,0.0,1.0,0.0,0.0,0.0,1.0,0.0,1.0,0.0,0.0,0.0,1.0,0.0,0.0,1
67.0,13.0,9.56,5437.0,0.0,0.0,1.0,1.0,69.35,0.0,0.0,0.0,0.0,0.0,1.0,1.0,1.0,0.0,0.0,4.0,1.0,0.0,0.0,0.0,5.0,341.6,0.0,47.8,0.0,0.0,1.0,0.0,1.0,0.0,1.0,0.0,0.0,0.0,1.0,0.0,0.0,0.0,0.0,1.0,1.0,0.0,0.0,0
20.0,59.0,47.81,6281.0,1.0,0.0,1.0,0.0,62.85,0.0,2.0,0.0,1.0,1.0,0.0,0.0,1.0,1.0,0.0,4.0,0.0,0.0,0.0,0.0,53.0,3419.5,0.0,2533.93,0.0,1.0,1.0,0.0,1.0,0.0,0.0,1.0,1.0,0.0,0.0,0.0,1.0,0.0,0.0,0.0,0.0,1.0,0.0,0
42.0,0.0,6.0,2159.0,0.0,0.0,0.0,0.0,19.2,0.0,0.0,0.0,0.0,0.0,1.0,0.0,1.0,0.0,0.0,4.0,0.0,0.0,0.0,0.0,25.0,532.1,0.0,150.0,0.0,0.0,0.0,1.0,0.0,0.0,1.0,0.0,0.0,0.0,1.0,0.0,0.0,1.0,0.0,0.0,0.0,1.0,0.0,0
23.0,41.0,19.2,3549.0,0.0,0.0,1.0,0.0,84.15,1.0,0.0,0.0,0.0,0.0,1.0,0.0,1.0,0.0,0.0,3.0,0.0,0.0,0.0,1.0,22.0,1821.95,60.0,422.4,0.0,1.0,0.0,1.0,0.0,0.0,1.0,0.0,0.0,0.0,1.0,0.0,1.0,0.0,0.0,0.0,1.0,0.0,0.0,0
26.0,82.0,37.1,4591.0,0.0,1.0,1.0,1.0,74.6,0.0,0.0,7.0,0.0,0.0,1.0,1.0,1.0,0.0,1.0,5.0,0.0,0.0,0.0,0.0,25.0,1797.75,0.0,927.5,0.0,1.0,1.0,1.0,0.0,0.0,1.0,0.0,0.0,0.0,1.0,0.0,1.0,0.0,0.0,0.0,1.0,0.0,0.0,0
35.0,16.0,40.35,4780.0,1.0,0.0,1.0,1.0,106.7,1.0,2.0,3.0,0.0,1.0,0.0,1.0,1.0,1.0,1.0,3.0,0.0,1.0,1.0,1.0,67.0,7009.5,0.0,2703.45,0.0,0.0,1.0,0.0,0.0,1.0,1.0,0.0,0.0,0.0,1.0,1.0,0.0,0.0,0.0,0.0,0.0,1.0,0.0,0
50.0,57.0,38.44,5100.0,1.0,0.0,1.0,1.0,74.35,1.0,4.0,9.0,0.0,0.0,0.0,1.0,1.0,0.0,1.0,5.0,0.0,0.0,0.0,0.0,60.0,4453.3,0.0,2306.4,0.0,0.0,1.0,1.0,0.0,0.0,0.0,1.0,0.0,0.0,1.0,0.0,1.0,0.0,0.0,0.0,1.0,0.0,0.0,0
39.0,28.0,14.75,4292.0,0.0,0.0,1.0,1.0,69.35,0.0,0.0,1.0,0.0,0.0,1.0,1.0,1.0,0.0,1.0,1.0,0.0,0.0,0.0,0.0,7.0,451.1,10.0,103.25,0.0,0.0,0.0,1.0,0.0,0.0,0.0,1.0,0.0,0.0,1.0,0.0,0.0,0.0,0.0,1.0,1.0,0.0,0.0,1
75.0,15.0,28.25,4912.0,1.0,1.0,1.0,1.0,95.3,0.0,1.0,8.0,1.0,0.0,1.0,1.0,1.0,1.0,1.0,3.0,1.0,0.0,0.0,1.0,57.0,5567.45,0.0,1610.25,0.0,0.0,1.0,1.0,0.0,0.0,1.0,0.0,0.0,0.0,1.0,0.0,1.0,0.0,0.0,0.0,0.0,1.0,0.0,0
24.0,48.0,45.69,4344.0,0.0,1.0,1.0,0.0,104.0,1.0,0.0,0.0,0.0,1.0,0.0,0.0,1.0,0.0,0.0,3.0,0.0,1.0,1.0,1.0,61.0,6363.45,0.0,2787.09,0.0,1.0,1.0,0.0,1.0,0.0,0.0,1.0,0.0,0.0,1.0,0.0,1.0,0.0,0.0,0.0,1.0,0.0,0.0,0
23.0,0.0,22.08,5418.0,0.0,0.0,0.0,1.0,26.3,1.0,0.0,7.0,0.0,0.0,1.0,1.0,1.0,0.0,1.0,4.0,0.0,0.0,0.0,0.0,69.0,1763.55,0.0,1523.52,0.0,1.0,0.0,0.0,1.0,0.0,1.0,0.0,0.0,0.0,1.0,1.0,0.0,0.0,0.0,0.0,1.0,0.0,0.0,0
52.0,0.0,14.17,3448.0,0.0,0.0,0.0,0.0,19.6,0.0,0.0,0.0,0.0,0.0,1.0,0.0,1.0,0.0,0.0,1.0,0.0,0.0,0.0,0.0,1.0,19.6,0.0,14.17,0.0,0.0,0.0,1.0,0.0,0.0,0.0,1.0,0.0,0.0,1.0,0.0,0.0,0.0,0.0,1.0,0.0,1.0,0.0,1
33.0,25.0,36.78,5631.0,0.0,1.0,1.0,0.0,86.95,0.0,0.0,0.0,1.0,1.0,1.0,0.0,1.0,1.0,0.0,4.0,0.0,1.0,1.0,1.0,47.0,4138.9,0.0,1728.66,0.0,0.0,1.0,0.0,1.0,0.0,0.0,1.0,0.0,1.0,0.0,0.0,1.0,0.0,0.0,0.0,1.0,0.0,0.0,0
34.0,14.0,38.15,4488.0,0.0,1.0,1.0,1.0,100.5,1.0,0.0,3.0,0.0,0.0,1.0,1.0,1.0,0.0,1.0,3.0,0.0,1.0,1.0,1.0,47.0,4707.1,0.0,1793.05,0.0,0.0,1.0,1.0,0.0,0.0,1.0,0.0,0.0,0.0,1.0,0.0,1.0,0.0,0.0,0.0,1.0,0.0,0.0,0
54.0,22.0,1.85,4895.0,0.0,1.0,1.0,0.0,73.8,0.0,0.0,0.0,0.0,0.0,1.0,0.0,1.0,0.0,0.0,3.0,0.0,0.0,0.0,0.0,9.0,704.3,50.0,16.65,0.0,0.0,0.0,1.0,0.0,0.0,0.0,1.0,0.0,0.0,1.0,0.0,1.0,0.0,0.0,0.0,1.0,0.0,0.0,0
39.0,26.0,33.88,2066.0,0.0,0.0,1.0,0.0,79.7,0.0,0.0,0.0,0.0,0.0,1.0,0.0,1.0,0.0,0.0,3.0,0.0,1.0,1.0,0.0,1.0,79.7,0.0,33.88,0.0,0.0,1.0,1.0,0.0,0.0,1.0,0.0,0.0,0.0,1.0,0.0,1.0,0.0,0.0,0.0,1.0,0.0,0.0,1
45.0,27.0,0.0,2136.0,0.0,1.0,1.0,0.0,54.85,0.0,0.0,0.0,1.0,1.0,0.0,0.0,0.0,1.0,0.0,4.0,0.0,0.0,0.0,1.0,16.0,916.15,0.0,0.0,0.0,0.0,1.0,0.0,0.0,1.0,0.0,1.0,0.0,1.0,0.0,0.0,1.0,0.0,0.0,0.0,0.0,1.0,0.0,0
31.0,0.0,10.22,4441.0,0.0,0.0,0.0,0.0,19.75,0.0,0.0,0.0,0.0,0.0,1.0,0.0,1.0,0.0,0.0,5.0,0.0,0.0,0.0,0.0,1.0,19.75,0.0,10.22,0.0,0.0,0.0,1.0,0.0,0.0,0.0,1.0,0.0,0.0,1.0,0.0,0.0,0.0,0.0,1.0,0.0,1.0,0.0,0
58.0,22.0,38.09,4910.0,0.0,0.0,1.0,0.0,88.8,0.0,0.0,0.0,0.0,0.0,1.0,0.0,1.0,0.0,0.0,2.0,0.0,1.0,1.0,1.0,26.0,2274.35,50.0,990.34,0.0,0.0,0.0,1.0,0.0,0.0,1.0,0.0,0.0,0.0,1.0,0.0,1.0,0.0,0.0,0.0,1.0,0.0,0.0,1
59.0,3.0,9.85,5233.0,0.0,0.0,1.0,0.0,59.9,1.0,0.0,0.0,0.0,1.0,0.0,0.0,1.0,1.0,0.0,3.0,0.0,0.0,0.0,0.0,51.0,3043.6,0.0,502.35,0.0,0.0,1.0,0.0,1.0,0.0,0.0,1.0,1.0,0.0,0.0,0.0,1.0,0.0,0.0,0.0,0.0,1.0,0.0,0
73.0,19.0,17.19,3167.0,0.0,0.0,1.0,0.0,55.0,1.0,0.0,0.0,0.0,0.0,0.0,0.0,1.0,1.0,0.0,1.0,1.0,0.0,0.0,0.0,15.0,757.1,0.0,257.85,0.0,0.0,1.0,1.0,0.0,0.0,1.0,0.0,0.0,1.0,0.0,0.0,0.0,0.0,1.0,0.0,0.0,1.0,0.0,1
30.0,0.0,22.78,3785.0,1.0,0.0,0.0,0.0,19.4,0.0,3.0,0.0,0.0,0.0,1.0,0.0,1.0,0.0,0.0,2.0,0.0,0.0,0.0,0.0,20.0,374.5,0.0,455.6,0.0,0.0,0.0,1.0,0.0,0.0,0.0,1.0,0.0,0.0,1.0,0.0,1.0,0.0,0.0,0.0,1.0,0.0,0.0,1
63.0,24.0,38.83,5568.0,1.0,1.0,1.0,1.0,84.1,1.0,3.0,4.0,1.0,0.0,1.0,1.0,1.0,1.0,1.0,4.0,0.0,1.0,1.0,1.0,70.0,5979.7,0.0,2718.1,0.0,0.0,1.0,0.0,0.0,1.0,0.0,1.0,0.0,1.0,0.0,0.0,1.0,0.0,0.0,0.0,1.0,0.0,0.0,0
62.0,18.0,24.56,3094.0,1.0,1.0,1.0,1.0,107.5,1.0,2.0,9.0,1.0,0.0,1.0,1.0,1.0,1.0,1.0,4.0,0.0,1.0,1.0,1.0,30.0,3242.5,0.0,736.8,0.0,0.0,1.0,1.0,0.0,0.0,1.0,0.0,0.0,0.0,1.0,0.0,1.0,0.0,0.0,0.0,1.0,0.0,0.0,0
59.0,12.0,0.0,2553.0,0.0,1.0,1.0,0.0,33.45,0.0,0.0,0.0,0.0,0.0,1.0,0.0,0.0,1.0,0.0,5.0,0.0,0.0,0.0,0.0,35.0,1175.85,30.0,0.0,0.0,0.0,0.0,1.0,0.0,0.0,1.0,0.0,1.0,0.0,0.0,0.0,0.0,1.0,0.0,0.0,0.0,1.0,0.0,0
41.0,18.0,22.23,4774.0,0.0,1.0,1.0,0.0,74.2,1.0,0.0,0.0,1.0,0.0,1.0,0.0,1.0,1.0,0.0,3.0,0.0,1.0,1.0,0.0,65.0,4805.65,0.0,1444.95,0.0,0.0,1.0,0.0,0.0,1.0,0.0,1.0,0.0,1.0,0.0,0.0,1.0,0.0,0.0,0.0,0.0,1.0,0.0,0
70.0,23.0,48.95,4684.0,0.0,0.0,1.0,0.0,74.2,1.0,0.0,0.0,0.0,0.0,1.0,0.0,1.0,0.0,0.0,2.0,1.0,0.0,0.0,0.0,1.0,74.2,0.0,48.95,0.0,0.0,1.0,1.0,0.0,0.0,1.0,0.0,0.0,0.0,1.0,0.0,0.0,0.0,0.0,1.0,1.0,0.0,0.0,1
48.0,22.0,9.98,4115.0,0.0,1.0,1.0,1.0,106.15,1.0,0.0,5.0,1.0,0.0,1.0,1.0,1.0,0.0,1.0,3.0,0.0,1.0,1.0,1.0,60.0,6411.25,0.0,598.8,0.0,0.0,1.0,1.0,0.0,0.0,1.0,0.0,0.0,0.0,1.0,0.0,1.0,0.0,0.0,0.0,1.0,0.0,0.0,0
60.0,22.0,19.58,4730.0,0.0,1.0,1.0,0.0,88.65,1.0,0.0,0.0,1.0,0.0,0.0,0.0,1.0,1.0,0.0,4.0,0.0,1.0,1.0,1.0,61.0,5321.25,0.0,1194.38,0.0,0.0,1.0,0.0,0.0,1.0,1.0,0.0,0.0,1.0,0.0,0.0,1.0,0.0,0.0,0.0,0.0,1.0,0.0,0
45.0,26.0,15.23,4675.0,0.0,0.0,1.0,1.0,64.75,1.0,0.0,7.0,1.0,1.0,0.0,1.0,1.0,1.0,1.0,3.0,0.0,0.0,0.0,0.0,72.0,4804.75,0.0,1096.56,0.0,0.0,1.0,0.0,0.0,1.0,1.0,0.0,0.0,1.0,0.0,0.0,1.0,0.0,0.0,0.0,1.0,0.0,0.0,0
27.0,85.0,3.86,5973.0,0.0,0.0,1.0,1.0,104.15,1.0,0.0,1.0,1.0,0.0,1.0,1.0,1.0,1.0,1.0,4.0,0.0,1.0,1.0,1.0,71.0,7365.3,0.0,274.06,0.0,1.0,1.0,0.0,0.0,1.0,0.0,1.0,0.0,0.0,1.0,1.0,0.0,0.0,0.0,0.0,0.0,1.0,0.0,0
72.0,18.0,3.33,4638.0,1.0,1.0,1.0,0.0,78.05,1.0,1.0,0.0,0.0,0.0,1.0,0.0,1.0,0.0,0.0,1.0,1.0,0.0,0.0,0.0,27.0,2135.5,10.0,89.91,0.0,0.0,0.0,1.0,0.0,0.0,1.0,0.0,0.0,0.0,1.0,0.0,0.0,1.0,0.0,0.0,1.0,0.0,0.0,1
33.0,16.0,5.16,4162.0,1.0,0.0,1.0,0.0,44.55,0.0,1.0,0.0,0.0,0.0,1.0,0.0,1.0,0.0,0.0,3.0,0.0,0.0,0.0,0.0,12.0,480.6,0.0,61.92,18.21,0.0,0.0,1.0,0.0,0.0,1.0,0.0,0.0,1.0,0.0,0.0,1.0,0.0,0.0,0.0,1.0,0.0,0.0,1
48.0,0.0,43.71,4254.0,1.0,0.0,0.0,1.0,20.9,0.0,3.0,1.0,0.0,0.0,0.0,1.0,1.0,0.0,1.0,5.0,0.0,0.0,0.0,0.0,53.0,1146.05,0.0,2316.63,0.0,0.0,0.0,0.0,0.0,1.0,1.0,0.0,0.0,0.0,1.0,0.0,1.0,0.0,0.0,0.0,0.0,1.0,0.0,0
74.0,10.0,39.31,6238.0,1.0,1.0,1.0,1.0,65.2,1.0,1.0,9.0,0.0,0.0,1.0,1.0,1.0,0.0,1.0,4.0,1.0,0.0,0.0,1.0,61.0,3965.05,0.0,2397.91,0.0,0.0,1.0,0.0,1.0,0.0,1.0,0.0,0.0,1.0,0.0,0.0,1.0,0.0,0.0,0.0,1.0,0.0,0.0,0
36.0,12.0,26.55,3826.0,0.0,1.0,1.0,0.0,91.65,0.0,0.0,0.0,1.0,0.0,1.0,0.0,1.0,0.0,0.0,5.0,0.0,0.0,0.0,1.0,43.0,3954.1,0.0,1141.65,0.0,0.0,1.0,1.0,0.0,0.0,1.0,0.0,0.0,0.0,1.0,0.0,1.0,0.0,0.0,0.0,1.0,0.0,0.0,0
54.0,20.0,5.32,2683.0,0.0,1.0,1.0,0.0,80.6,1.0,0.0,0.0,0.0,0.0,0.0,0.0,1.0,0.0,0.0,1.0,0.0,0.0,0.0,0.0,2.0,155.8,0.0,10.64,0.0,0.0,1.0,1.0,0.0,0.0,1.0,0.0,0.0,0.0,1.0,0.0,1.0,0.0,0.0,0.0,0.0,1.0,0.0,1
21.0,73.0,42.37,5020.0,1.0,1.0,1.0,1.0,86.75,0.0,3.0,4.0,1.0,1.0,1.0,1.0,1.0,1.0,1.0,3.0,0.0,1.0,1.0,1.0,59.0,5186.0,150.0,2499.83,0.0,1.0,0.0,0.0,0.0,1.0,0.0,1.0,1.0,0.0,0.0,0.0,1.0,0.0,0.0,0.0,1.0,0.0,0.0,0
64.0,19.0,28.63,4641.0,1.0,1.0,1.0,1.0,88.7,1.0,2.0,1.0,1.0,1.0,0.0,1.0,1.0,1.0,1.0,4.0,0.0,1.0,1.0,1.0,72.0,6501.35,0.0,2061.36,0.0,0.0,1.0,0.0,0.0,1.0,0.0,1.0,0.0,1.0,0.0,1.0,0.0,0.0,0.0,0.0,0.0,1.0,0.0,0
37.0,26.0,18.57,5479.0,0.0,0.0,1.0,0.0,44.75,0.0,0.0,0.0,0.0,0.0,1.0,0.0,1.0,0.0,0.0,4.0,0.0,0.0,0.0,0.0,1.0,44.75,10.0,18.57,0.0,0.0,0.0,1.0,0.0,0.0,0.0,1.0,0.0,1.0,0.0,0.0,0.0,0.0,0.0,1.0,1.0,0.0,0.0,0
48.0,30.0,0.0,4850.0,0.0,0.0,1.0,1.0,54.6,0.0,0.0,1.0,1.0,0.0,1.0,1.0,0.0,1.0,1.0,4.0,0.0,1.0,1.0,1.0,64.0,3423.5,0.0,0.0,0.0,0.0,1.0,0.0,0.0,1.0,1.0,0.0,0.0,1.0,0.0,0.0,1.0,0.0,0.0,0.0,1.0,0.0,0.0,0
42.0,29.0,35.62,3207.0,0.0,0.0,1.0,1.0,95.9,1.0,0.0,6.0,0.0,1.0,0.0,1.0,1.0,1.0,1.0,3.0,0.0,0.0,0.0,1.0,22.0,2234.95,0.0,783.64,0.0,0.0,1.0,1.0,0.0,0.0,0.0,1.0,0.0,0.0,1.0,0.0,1.0,0.0,0.0,0.0,0.0,1.0,0.0,0
76.0,27.0,45.13,2926.0,1.0,0.0,1.0,0.0,80.45,1.0,2.0,0.0,0.0,1.0,1.0,0.0,1.0,0.0,0.0,3.0,1.0,0.0,0.0,0.0,38.0,3162.65,0.0,1714.94,0.0,0.0,1.0,0.0,0.0,1.0,0.0,1.0,0.0,0.0,1.0,0.0,1.0,0.0,0.0,0.0,0.0,1.0,0.0,0
22.0,82.0,0.0,4296.0,0.0,0.0,1.0,0.0,54.55,0.0,0.0,0.0,0.0,1.0,0.0,0.0,0.0,1.0,0.0,4.0,0.0,1.0,1.0,1.0,26.0,1362.85,0.0,0.0,0.0,1.0,1.0,0.0,1.0,0.0,0.0,1.0,1.0,0.0,0.0,0.0,0.0,1.0,0.0,0.0,0.0,1.0,0.0,0
48.0,0.0,11.53,6015.0,0.0,0.0,0.0,1.0,25.45,1.0,0.0,2.0,0.0,0.0,0.0,1.0,1.0,0.0,1.0,4.0,0.0,0.0,0.0,0.0,61.0,1538.6,0.0,703.33,0.0,0.0,0.0,0.0,0.0,1.0,0.0,1.0,0.0,0.0,1.0,0.0,1.0,0.0,0.0,0.0,1.0,0.0,0.0,0
47.0,0.0,47.17,5216.0,0.0,0.0,0.0,0.0,20.2,0.0,0.0,0.0,0.0,0.0,1.0,0.0,1.0,0.0,0.0,4.0,0.0,0.0,0.0,0.0,59.0,1192.3,0.0,2783.03,0.0,0.0,0.0,0.0,0.0,1.0,0.0,1.0,0.0,0.0,1.0,0.0,1.0,0.0,0.0,0.0,1.0,0.0,0.0,0
63.0,25.0,40.59,4761.0,0.0,1.0,1.0,1.0,115.15,1.0,0.0,10.0,1.0,1.0,0.0,1.0,1.0,1.0,1.0,4.0,0.0,1.0,1.0,1.0,72.0,8349.7,0.0,2922.48,0.0,0.0,1.0,0.0,0.0,1.0,1.0,0.0,0.0,0.0,1.0,0.0,1.0,0.0,0.0,0.0,1.0,0.0,0.0,0
79.0,12.0,0.0,4162.0,0.0,0.0,1.0,1.0,56.55,0.0,0.0,10.0,1.0,1.0,0.0,1.0,0.0,0.0,1.0,3.0,1.0,1.0,1.0,1.0,69.0,3952.65,40.0,0.0,0.0,0.0,0.0,0.0,0.0,1.0,0.0,1.0,0.0,1.0,0.0,1.0,0.0,0.0,0.0,0.0,0.0,1.0,0.0,0
50.0,0.0,16.36,5626.0,0.0,0.0,0.0,0.0,19.3,0.0,0.0,0.0,0.0,0.0,0.0,0.0,1.0,0.0,0.0,5.0,0.0,0.0,0.0,0.0,1.0,19.3,0.0,16.36,0.0,0.0,0.0,1.0,0.0,0.0,0.0,1.0,0.0,0.0,1.0,0.0,0.0,0.0,0.0,1.0,0.0,1.0,0.0,0
34.0,8.0,0.0,2854.0,0.0,1.0,1.0,0.0,50.6,0.0,0.0,0.0,0.0,0.0,1.0,0.0,0.0,0.0,0.0,4.0,0.0,1.0,1.0,1.0,22.0,1073.3,0.0,0.0,0.0,0.0,1.0,1.0,0.0,0.0,1.0,0.0,0.0,1.0,0.0,0.0,1.0,0.0,0.0,0.0,1.0,0.0,0.0,0
55.0,29.0,0.0,5941.0,1.0,1.0,1.0,0.0,49.45,0.0,2.0,0.0,0.0,0.0,1.0,0.0,0.0,0.0,0.0,3.0,0.0,1.0,1.0,1.0,22.0,1031.4,0.0,0.0,0.0,0.0,1.0,0.0,1.0,0.0,1.0,0.0,0.0,1.0,0.0,0.0,1.0,0.0,0.0,0.0,0.0,1.0,0.0,0
63.0,26.0,5.65,3476.0,1.0,1.0,1.0,1.0,84.05,0.0,1.0,10.0,0.0,0.0,1.0,1.0,1.0,0.0,1.0,3.0,0.0,0.0,0.0,1.0,34.0,2909.95,0.0,192.1,0.0,0.0,1.0,1.0,0.0,0.0,0.0,1.0,0.0,0.0,1.0,0.0,1.0,0.0,0.0,0.0,0.0,1.0,0.0,0
29.0,48.0,2.0,5119.0,0.0,1.0,1.0,1.0,108.9,1.0,0.0,6.0,1.0,0.0,1.0,1.0,1.0,1.0,1.0,5.0,0.0,1.0,1.0,1.0,46.0,4854.3,0.0,92.0,0.0,1.0,1.0,0.0,0.0,1.0,1.0,0.0,0.0,0.0,1.0,0.0,1.0,0.0,0.0,0.0,0.0,1.0,0.0,0
36.0,20.0,39.9,3443.0,0.0,0.0,1.0,0.0,45.3,0.0,0.0,0.0,0.0,0.0,1.0,0.0,1.0,0.0,0.0,2.0,0.0,0.0,0.0,0.0,4.0,196.95,0.0,159.6,0.0,0.0,1.0,1.0,0.0,0.0,1.0,0.0,1.0,0.0,0.0,0.0,0.0,0.0,0.0,1.0,0.0,1.0,0.0,1
23.0,59.0,0.0,2133.0,0.0,1.0,1.0,0.0,40.4,0.0,0.0,0.0,1.0,0.0,1.0,0.0,0.0,1.0,0.0,5.0,0.0,0.0,0.0,0.0,11.0,422.6,0.0,0.0,0.0,1.0,1.0,0.0,1.0,0.0,1.0,0.0,0.0,1.0,0.0,0.0,1.0,0.0,0.0,0.0,0.0,1.0,0.0,0
65.0,15.0,48.71,4038.0,0.0,1.0,1.0,0.0,100.5,1.0,0.0,0.0,0.0,0.0,1.0,0.0,1.0,0.0,0.0,1.0,1.0,1.0,1.0,1.0,9.0,918.6,0.0,438.39,0.0,0.0,1.0,1.0,0.0,0.0,0.0,1.0,0.0,0.0,1.0,0.0,1.0,0.0,0.0,0.0,1.0,0.0,0.0,1
73.0,26.0,17.43,2505.0,0.0,1.0,1.0,1.0,103.0,1.0,0.0,1.0,1.0,0.0,1.0,1.0,1.0,0.0,1.0,1.0,1.0,1.0,0.0,1.0,43.0,4414.3,0.0,749.49,0.0,0.0,1.0,1.0,0.0,0.0,0.0,1.0,0.0,0.0,1.0,0.0,1.0,0.0,0.0,0.0,1.0,0.0,0.0,1
46.0,14.0,9.36,3358.0,0.0,0.0,1.0,0.0,69.9,0.0,0.0,0.0,0.0,0.0,1.0,0.0,1.0,0.0,0.0,4.0,0.0,0.0,0.0,0.0,1.0,69.9,10.0,9.36,0.0,0.0,0.0,1.0,0.0,0.0,0.0,1.0,0.0,0.0,1.0,0.0,1.0,0.0,0.0,0.0,1.0,0.0,0.0,0
41.0,2.0,0.0,4452.0,0.0,0.0,1.0,0.0,34.85,0.0,0.0,0.0,1.0,0.0,1.0,0.0,0.0,1.0,0.0,4.0,0.0,0.0,0.0,0.0,36.0,1267.2,0.0,0.0,0.0,0.0,1.0,1.0,0.0,0.0,1.0,0.0,1.0,0.0,0.0,0.0,0.0,1.0,0.0,0.0,1.0,0.0,0.0,0
63.0,30.0,35.72,2845.0,1.0,0.0,1.0,1.0,58.85,0.0,3.0,1.0,1.0,0.0,1.0,1.0,1.0,0.0,1.0,4.0,0.0,0.0,0.0,1.0,21.0,1215.45,0.0,750.12,0.0,0.0,1.0,0.0,1.0,0.0,1.0,0.0,1.0,0.0,0.0,0.0,1.0,0.0,0.0,0.0,0.0,1.0,0.0,0
31.0,0.0,17.81,2968.0,0.0,0.0,0.0,0.0,20.4,0.0,0.0,0.0,0.0,0.0,0.0,0.0,1.0,0.0,0.0,5.0,0.0,0.0,0.0,0.0,1.0,20.4,0.0,17.81,0.0,0.0,0.0,1.0,0.0,0.0,0.0,1.0,0.0,0.0,1.0,0.0,1.0,0.0,0.0,0.0,0.0,0.0,1.0,0
53.0,14.0,9.46,2583.0,0.0,1.0,1.0,0.0,79.9,1.0,0.0,0.0,0.0,0.0,0.0,0.0,1.0,0.0,0.0,4.0,0.0,0.0,0.0,0.0,42.0,3313.4,0.0,397.32,23.47,0.0,1.0,1.0,0.0,0.0,0.0,1.0,0.0,0.0,1.0,0.0,1.0,0.0,0.0,0.0,1.0,0.0,0.0,0
45.0,9.0,32.33,3473.0,0.0,0.0,1.0,0.0,95.65,1.0,0.0,0.0,0.0,0.0,0.0,0.0,1.0,0.0,0.0,2.0,0.0,1.0,1.0,1.0,1.0,95.65,0.0,32.33,0.0,0.0,1.0,1.0,0.0,0.0,1.0,0.0,0.0,0.0,1.0,0.0,0.0,0.0,0.0,1.0,0.0,1.0,0.0,1
25.0,41.0,36.54,5057.0,1.0,0.0,1.0,1.0,70.45,1.0,3.0,9.0,0.0,0.0,1.0,1.0,1.0,0.0,1.0,5.0,0.0,1.0,1.0,1.0,62.0,4300.45,0.0,2265.48,0.0,1.0,1.0,1.0,0.0,0.0,1.0,0.0,0.0,1.0,0.0,0.0,1.0,0.0,0.0,0.0,0.0,1.0,0.0,0
61.0,26.0,37.83,3794.0,0.0,0.0,1.0,1.0,100.0,1.0,0.0,1.0,1.0,0.0,1.0,1.0,1.0,0.0,1.0,1.0,0.0,1.0,1.0,1.0,16.0,1534.75,0.0,605.28,0.0,0.0,1.0,1.0,0.0,0.0,1.0,0.0,1.0,0.0,0.0,0.0,1.0,0.0,0.0,0.0,1.0,0.0,0.0,1
78.0,28.0,49.98,3509.0,0.0,1.0,1.0,0.0,69.75,0.0,0.0,0.0,0.0,1.0,1.0,0.0,1.0,1.0,0.0,3.0,1.0,1.0,1.0,0.0,22.0,1545.4,0.0,1099.56,0.0,0.0,1.0,0.0,1.0,0.0,1.0,0.0,0.0,1.0,0.0,0.0,0.0,0.0,1.0,0.0,0.0,0.0,1.0,0
31.0,26.0,12.15,5372.0,1.0,1.0,1.0,0.0,99.65,1.0,2.0,0.0,0.0,0.0,1.0,0.0,1.0,0.0,0.0,3.0,0.0,1.0,1.0,1.0,8.0,820.5,0.0,97.2,0.0,0.0,1.0,1.0,0.0,0.0,1.0,0.0,1.0,0.0,0.0,0.0,1.0,0.0,0.0,0.0,1.0,0.0,0.0,1
50.0,0.0,19.09,5668.0,1.0,0.0,0.0,1.0,25.4,1.0,2.0,10.0,0.0,0.0,0.0,1.0,1.0,0.0,1.0,4.0,0.0,0.0,0.0,0.0,68.0,1620.2,0.0,1298.12,9.34,0.0,0.0,0.0,0.0,1.0,0.0,1.0,0.0,0.0,1.0,0.0,1.0,0.0,0.0,0.0,1.0,0.0,0.0,0
61.0,30.0,12.02,6166.0,1.0,0.0,1.0,1.0,95.2,0.0,1.0,6.0,0.0,0.0,1.0,1.0,1.0,1.0,1.0,4.0,0.0,1.0,1.0,1.0,69.0,6671.7,0.0,829.38,0.0,0.0,1.0,0.0,0.0,1.0,0.0,1.0,0.0,0.0,1.0,0.0,1.0,0.0,0.0,0.0,0.0,1.0,0.0,0
48.0,22.0,23.67,4610.0,0.0,1.0,1.0,1.0,113.15,1.0,0.0,1.0,1.0,1.0,1.0,1.0,1.0,1.0,1.0,1.0,0.0,1.0,1.0,1.0,68.0,7856.0,0.0,1609.56,0.0,0.0,1.0,0.0,0.0,1.0,0.0,1.0,0.0,0.0,1.0,1.0,0.0,0.0,0.0,0.0,1.0,0.0,0.0,1
77.0,18.0,26.95,4419.0,1.0,0.0,1.0,0.0,76.45,0.0,2.0,0.0,0.0,1.0,0.0,0.0,1.0,0.0,0.0,2.0,1.0,0.0,0.0,0.0,7.0,503.6,0.0,188.65,11.05,0.0,0.0,1.0,0.0,0.0,1.0,0.0,0.0,0.0,1.0,0.0,0.0,0.0,0.0,1.0,1.0,0.0,0.0,1
46.0,12.0,11.32,3185.0,0.0,1.0,1.0,1.0,104.4,1.0,0.0,1.0,1.0,0.0,1.0,1.0,1.0,0.0,1.0,1.0,0.0,1.0,1.0,1.0,33.0,3409.6,0.0,373.56,0.0,0.0,1.0,1.0,0.0,0.0,1.0,0.0,0.0,0.0,1.0,0.0,1.0,0.0,0.0,0.0,1.0,0.0,0.0,1
62.0,9.0,28.32,4244.0,0.0,0.0,1.0,0.0,68.7,1.0,0.0,0.0,0.0,1.0,0.0,0.0,1.0,1.0,0.0,3.0,0.0,1.0,1.0,0.0,59.0,4070.95,150.0,1670.88,0.0,0.0,0.0,0.0,1.0,0.0,1.0,0.0,0.0,1.0,0.0,0.0,1.0,0.0,0.0,0.0,1.0,0.0,0.0,0
37.0,27.0,44.98,5230.0,0.0,0.0,1.0,0.0,49.95,0.0,0.0,0.0,1.0,0.0,0.0,0.0,1.0,0.0,0.0,3.0,0.0,0.0,0.0,0.0,1.0,49.95,0.0,44.98,0.0,0.0,1.0,1.0,0.0,0.0,1.0,0.0,0.0,1.0,0.0,0.0,1.0,0.0,0.0,0.0,1.0,0.0,0.0,0
25.0,52.0,27.69,4193.0,0.0,1.0,1.0,1.0,107.65,1.0,0.0,1.0,1.0,0.0,1.0,1.0,1.0,1.0,1.0,5.0,0.0,1.0,1.0,1.0,65.0,7082.85,0.0,1799.85,0.0,1.0,1.0,0.0,0.0,1.0,1.0,0.0,0.0,0.0,1.0,0.0,1.0,0.0,0.0,0.0,1.0,0.0,0.0,0
61.0,4.0,0.0,4987.0,0.0,0.0,1.0,1.0,39.0,0.0,0.0,6.0,0.0,0.0,1.0,1.0,0.0,1.0,1.0,4.0,0.0,0.0,0.0,1.0,62.0,2337.45,0.0,0.0,0.0,0.0,1.0,0.0,0.0,1.0,0.0,1.0,1.0,0.0,0.0,0.0,1.0,0.0,0.0,0.0,1.0,0.0,0.0,0
42.0,17.0,19.02,3344.0,0.0,1.0,1.0,1.0,110.85,1.0,0.0,1.0,0.0,1.0,1.0,1.0,1.0,1.0,1.0,1.0,0.0,1.0,1.0,1.0,47.0,5275.8,0.0,893.94,4.93,0.0,1.0,0.0,1.0,0.0,0.0,1.0,0.0,0.0,1.0,0.0,1.0,0.0,0.0,0.0,0.0,1.0,0.0,1
20.0,30.0,0.0,6445.0,0.0,1.0,1.0,1.0,54.05,0.0,0.0,10.0,0.0,0.0,1.0,1.0,0.0,1.0,1.0,4.0,0.0,1.0,1.0,1.0,56.0,2959.8,40.0,0.0,0.0,1.0,0.0,0.0,1.0,0.0,0.0,1.0,0.0,1.0,0.0,0.0,1.0,0.0,0.0,0.0,1.0,0.0,0.0,0
59.0,16.0,0.0,5825.0,1.0,0.0,1.0,1.0,30.2,0.0,2.0,8.0,0.0,1.0,1.0,1.0,0.0,0.0,1.0,4.0,0.0,0.0,0.0,0.0,15.0,469.65,0.0,0.0,0.0,0.0,1.0,1.0,0.0,0.0,0.0,1.0,1.0,0.0,0.0,0.0,1.0,0.0,0.0,0.0,1.0,0.0,0.0,0
63.0,26.0,0.0,2519.0,0.0,1.0,1.0,1.0,40.4,0.0,0.0,6.0,0.0,1.0,0.0,1.0,0.0,1.0,1.0,3.0,0.0,0.0,0.0,0.0,46.0,1842.7,80.0,0.0,0.0,0.0,0.0,0.0,0.0,1.0,0.0,1.0,0.0,1.0,0.0,0.0,1.0,0.0,0.0,0.0,0.0,1.0,0.0,0
69.0,23.0,5.99,4584.0,0.0,0.0,1.0,1.0,85.0,1.0,0.0,1.0,0.0,0.0,1.0,1.0,1.0,0.0,1.0,1.0,1.0,1.0,1.0,0.0,32.0,2642.05,0.0,191.68,49.57,0.0,1.0,1.0,0.0,0.0,0.0,1.0,0.0,0.0,1.0,0.0,1.0,0.0,0.0,0.0,1.0,0.0,0.0,1
28.0,0.0,10.21,3901.0,0.0,0.0,0.0,0.0,20.9,0.0,0.0,0.0,0.0,0.0,0.0,0.0,1.0,0.0,0.0,5.0,0.0,0.0,0.0,0.0,1.0,20.9,0.0,10.21,0.0,1.0,0.0,1.0,0.0,0.0,1.0,0.0,0.0,0.0,1.0,0.0,1.0,0.0,0.0,0.0,0.0,0.0,1.0,0
24.0,52.0,31.34,3555.0,0.0,0.0,1.0,0.0,79.05,0.0,0.0,0.0,0.0,0.0,1.0,0.0,1.0,0.0,0.0,1.0,0.0,0.0,1.0,1.0,1.0,79.05,0.0,31.34,0.0,1.0,1.0,1.0,0.0,0.0,0.0,1.0,0.0,0.0,1.0,0.0,1.0,0.0,0.0,0.0,1.0,0.0,0.0,1
56.0,0.0,2.15,3078.0,0.0,0.0,0.0,1.0,20.35,0.0,0.0,3.0,0.0,0.0,0.0,1.0,1.0,0.0,1.0,4.0,0.0,0.0,0.0,0.0,37.0,697.65,0.0,79.55,45.07,0.0,0.0,1.0,0.0,0.0,0.0,1.0,0.0,0.0,1.0,0.0,1.0,0.0,0.0,0.0,1.0,0.0,0.0,0
20.0,76.0,39.05,4098.0,1.0,0.0,1.0,1.0,99.25,0.0,2.0,9.0,1.0,1.0,0.0,1.0,1.0,0.0,1.0,3.0,0.0,1.0,1.0,1.0,58.0,5846.65,0.0,2264.9,0.0,1.0,1.0,0.0,1.0,0.0,1.0,0.0,0.0,0.0,1.0,0.0,1.0,0.0,0.0,0.0,0.0,1.0,0.0,0
38.0,25.0,32.22,6378.0,1.0,1.0,1.0,1.0,104.9,1.0,3.0,6.0,1.0,1.0,1.0,1.0,1.0,1.0,1.0,4.0,0.0,1.0,1.0,0.0,72.0,7732.65,0.0,2319.84,0.0,0.0,1.0,0.0,0.0,1.0,0.0,1.0,0.0,0.0,1.0,1.0,0.0,0.0,0.0,0.0,0.0,1.0,0.0,0
26.0,26.0,21.28,3599.0,0.0,0.0,1.0,0.0,49.6,0.0,0.0,0.0,1.0,0.0,1.0,0.0,1.0,0.0,0.0,1.0,0.0,0.0,0.0,0.0,2.0,114.7,0.0,42.56,0.0,1.0,1.0,1.0,0.0,0.0,1.0,0.0,1.0,0.0,0.0,0.0,0.0,0.0,0.0,1.0,0.0,1.0,0.0,1
44.0,19.0,0.0,5646.0,0.0,0.0,1.0,0.0,30.75,0.0,0.0,0.0,0.0,1.0,1.0,0.0,0.0,0.0,0.0,3.0,0.0,0.0,0.0,0.0,46.0,1489.3,0.0,0.0,0.0,0.0,1.0,0.0,1.0,0.0,0.0,1.0,1.0,0.0,0.0,0.0,1.0,0.0,0.0,0.0,1.0,0.0,0.0,0
30.0,26.0,48.8,4020.0,0.0,1.0,1.0,1.0,99.45,1.0,0.0,2.0,0.0,0.0,1.0,1.0,1.0,0.0,1.0,3.0,0.0,1.0,1.0,1.0,69.0,7007.6,0.0,3367.2,0.0,0.0,1.0,1.0,0.0,0.0,0.0,1.0,0.0,0.0,1.0,1.0,0.0,0.0,0.0,0.0,0.0,1.0,0.0,1
41.0,28.0,43.33,5328.0,1.0,1.0,1.0,1.0,115.25,1.0,1.0,1.0,1.0,1.0,0.0,1.0,1.0,1.0,1.0,5.0,0.0,1.0,1.0,1.0,60.0,6758.45,0.0,2599.8,11.85,0.0,1.0,0.0,0.0,1.0,1.0,0.0,0.0,0.0,1.0,0.0,1.0,0.0,0.0,0.0,0.0,1.0,0.0,0
22.0,73.0,8.33,5377.0,0.0,1.0,1.0,0.0,100.3,0.0,0.0,0.0,1.0,0.0,1.0,0.0,1.0,0.0,0.0,4.0,0.0,1.0,1.0,1.0,53.0,5200.8,0.0,441.49,0.0,1.0,1.0,0.0,1.0,0.0,1.0,0.0,0.0,0.0,1.0,0.0,1.0,0.0,0.0,0.0,0.0,0.0,1.0,0
24.0,59.0,6.78,4654.0,0.0,0.0,1.0,1.0,79.75,0.0,0.0,3.0,0.0,0.0,1.0,1.0,1.0,0.0,1.0,5.0,0.0,1.0,1.0,0.0,9.0,769.1,0.0,61.02,0.0,1.0,1.0,1.0,0.0,0.0,1.0,0.0,0.0,0.0,1.0,0.0,1.0,0.0,0.0,0.0,1.0,0.0,0.0,0
27.0,52.0,33.39,5723.0,1.0,1.0,1.0,1.0,109.55,1.0,3.0,9.0,1.0,1.0,0.0,1.0,1.0,0.0,1.0,4.0,0.0,1.0,1.0,1.0,72.0,7887.25,120.0,2404.08,0.0,1.0,0.0,0.0,0.0,1.0,1.0,0.0,0.0,0.0,1.0,0.0,1.0,0.0,0.0,0.0,0.0,1.0,0.0,0
53.0,58.0,48.43,2923.0,1.0,1.0,1.0,1.0,86.45,0.0,3.0,0.0,0.0,0.0,0.0,1.0,1.0,0.0,0.0,3.0,0.0,1.0,1.0,0.0,30.0,2538.05,0.0,1452.9,0.0,0.0,1.0,0.0,1.0,0.0,1.0,0.0,0.0,0.0,1.0,0.0,0.0,1.0,0.0,0.0,1.0,0.0,0.0,0
44.0,0.0,6.71,3678.0,0.0,0.0,0.0,0.0,19.65,0.0,0.0,0.0,0.0,0.0,1.0,0.0,1.0,0.0,0.0,3.0,0.0,0.0,0.0,0.0,43.0,779.25,0.0,288.53,0.0,0.0,0.0,0.0,0.0,1.0,1.0,0.0,0.0,0.0,1.0,0.0,1.0,0.0,0.0,0.0,1.0,0.0,0.0,0
66.0,27.0,42.82,5502.0,0.0,1.0,1.0,1.0,85.45,1.0,0.0,2.0,1.0,0.0,1.0,1.0,1.0,0.0,1.0,1.0,1.0,0.0,0.0,0.0,55.0,4874.7,90.0,2355.1,0.0,0.0,0.0,1.0,0.0,0.0,1.0,0.0,0.0,0.0,1.0,0.0,1.0,0.0,0.0,0.0,1.0,0.0,0.0,1
35.0,13.0,44.72,4077.0,0.0,0.0,1.0,1.0,60.6,1.0,0.0,1.0,0.0,1.0,1.0,1.0,1.0,1.0,1.0,4.0,0.0,0.0,0.0,0.0,48.0,2985.25,100.0,2146.56,0.0,0.0,0.0,0.0,1.0,0.0,1.0,0.0,0.0,1.0,0.0,0.0,1.0,0.0,0.0,0.0,1.0,0.0,0.0,0
68.0,2.0,40.93,3797.0,0.0,0.0,1.0,0.0,45.05,0.0,0.0,0.0,0.0,0.0,1.0,0.0,1.0,0.0,0.0,1.0,1.0,0.0,0.0,0.0,17.0,770.6,0.0,695.81,0.0,0.0,1.0,1.0,0.0,0.0,0.0,1.0,0.0,1.0,0.0,0.0,1.0,0.0,0.0,0.0,1.0,0.0,0.0,1
30.0,59.0,26.47,5072.0,0.0,1.0,1.0,1.0,94.8,1.0,0.0,7.0,1.0,1.0,1.0,1.0,1.0,1.0,1.0,3.0,0.0,1.0,1.0,1.0,70.0,6859.05,0.0,1852.9,0.0,0.0,1.0,0.0,0.0,1.0,1.0,0.0,0.0,1.0,0.0,1.0,0.0,0.0,0.0,0.0,0.0,1.0,0.0,0
56.0,14.0,23.89,4846.0,1.0,0.0,1.0,0.0,46.0,0.0,1.0,0.0,0.0,0.0,0.0,0.0,1.0,0.0,0.0,1.0,0.0,0.0,0.0,0.0,5.0,221.7,0.0,119.45,0.0,0.0,1.0,1.0,0.0,0.0,1.0,0.0,0.0,1.0,0.0,0.0,1.0,0.0,0.0,0.0,0.0,0.0,1.0,1
39.0,24.0,36.21,5589.0,1.0,1.0,1.0,1.0,69.35,1.0,1.0,6.0,1.0,1.0,1.0,1.0,1.0,1.0,1.0,3.0,0.0,0.0,0.0,0.0,67.0,4653.25,0.0,2426.07,9.99,0.0,1.0,0.0,1.0,0.0,0.0,1.0,0.0,1.0,0.0,0.0,1.0,0.0,0.0,0.0,0.0,1.0,0.0,0
28.0,51.0,13.58,3877.0,0.0,1.0,1.0,1.0,68.5,1.0,0.0,4.0,1.0,0.0,0.0,1.0,1.0,0.0,1.0,4.0,0.0,0.0,0.0,1.0,41.0,2839.95,0.0,556.78,38.37,1.0,1.0,0.0,1.0,0.0,0.0,1.0,0.0,1.0,0.0,0.0,1.0,0.0,0.0,0.0,1.0,0.0,0.0,0
20.0,48.0,40.99,5277.0,0.0,0.0,1.0,0.0,64.6,1.0,0.0,0.0,0.0,0.0,0.0,0.0,1.0,1.0,0.0,5.0,0.0,0.0,0.0,1.0,3.0,174.2,0.0,122.97,0.0,1.0,1.0,1.0,0.0,0.0,1.0,0.0,1.0,0.0,0.0,0.0,1.0,0.0,0.0,0.0,1.0,0.0,0.0,0
26.0,59.0,41.05,5025.0,0.0,1.0,1.0,1.0,101.0,0.0,0.0,9.0,1.0,1.0,0.0,1.0,1.0,1.0,1.0,3.0,0.0,1.0,1.0,0.0,70.0,7085.5,0.0,2873.5,0.0,1.0,1.0,0.0,0.0,1.0,0.0,1.0,0.0,0.0,1.0,1.0,0.0,0.0,0.0,0.0,0.0,1.0,0.0,0
28.0,41.0,43.77,5565.0,0.0,0.0,1.0,0.0,44.8,0.0,0.0,0.0,0.0,0.0,1.0,0.0,1.0,0.0,0.0,4.0,0.0,0.0,1.0,0.0,4.0,176.2,0.0,175.08,0.0,1.0,1.0,1.0,0.0,0.0,0.0,1.0,0.0,1.0,0.0,0.0,0.0,0.0,0.0,1.0,0.0,1.0,0.0,0
47.0,13.0,36.11,4998.0,0.0,0.0,1.0,0.0,45.0,0.0,0.0,0.0,0.0,0.0,1.0,0.0,1.0,0.0,0.0,3.0,0.0,0.0,0.0,0.0,12.0,524.35,0.0,433.32,0.0,0.0,1.0,1.0,0.0,0.0,1.0,0.0,0.0,1.0,0.0,0.0,1.0,0.0,0.0,0.0,1.0,0.0,0.0,0
70.0,0.0,22.92,3848.0,0.0,0.0,0.0,0.0,19.45,0.0,0.0,0.0,0.0,0.0,1.0,0.0,1.0,0.0,0.0,1.0,1.0,0.0,0.0,0.0,1.0,19.45,0.0,22.92,0.0,0.0,0.0,1.0,0.0,0.0,1.0,0.0,0.0,0.0,1.0,0.0,1.0,0.0,0.0,0.0,1.0,0.0,0.0,1
77.0,2.0,18.14,5187.0,0.0,1.0,1.0,1.0,103.5,1.0,0.0,2.0,1.0,0.0,1.0,1.0,1.0,0.0,1.0,4.0,1.0,1.0,1.0,1.0,63.0,6479.4,0.0,1142.82,0.0,0.0,1.0,1.0,0.0,0.0,1.0,0.0,0.0,0.0,1.0,0.0,1.0,0.0,0.0,0.0,1.0,0.0,0.0,0
75.0,11.0,41.9,3501.0,0.0,0.0,1.0,0.0,79.4,1.0,0.0,0.0,1.0,0.0,1.0,0.0,1.0,0.0,0.0,1.0,1.0,0.0,0.0,0.0,3.0,205.05,0.0,125.7,0.0,0.0,1.0,1.0,0.0,0.0,1.0,0.0,0.0,0.0,1.0,0.0,1.0,0.0,0.0,0.0,1.0,0.0,0.0,1
39.0,10.0,5.69,6432.0,0.0,1.0,1.0,1.0,100.35,1.0,0.0,7.0,0.0,0.0,0.0,1.0,1.0,0.0,1.0,3.0,0.0,1.0,1.0,1.0,58.0,5681.1,0.0,330.02,0.0,0.0,1.0,0.0,1.0,0.0,0.0,1.0,0.0,0.0,1.0,0.0,1.0,0.0,0.0,0.0,0.0,1.0,0.0,0
32.0,7.0,10.38,4390.0,0.0,1.0,1.0,0.0,101.45,1.0,0.0,0.0,0.0,0.0,1.0,0.0,1.0,0.0,0.0,1.0,0.0,1.0,1.0,1.0,1.0,101.45,0.0,10.38,0.0,0.0,1.0,1.0,0.0,0.0,0.0,1.0,0.0,0.0,1.0,0.0,1.0,0.0,0.0,0.0,1.0,0.0,0.0,1
48.0,16.0,31.23,4094.0,0.0,1.0,1.0,0.0,83.25,1.0,0.0,0.0,1.0,0.0,1.0,0.0,1.0,0.0,0.0,3.0,0.0,0.0,0.0,0.0,59.0,4949.1,0.0,1842.57,0.0,0.0,1.0,1.0,0.0,0.0,1.0,0.0,0.0,0.0,1.0,0.0,1.0,0.0,0.0,0.0,1.0,0.0,0.0,0
26.0,48.0,21.67,3955.0,0.0,0.0,1.0,0.0,76.15,0.0,0.0,0.0,0.0,1.0,1.0,0.0,1.0,1.0,0.0,3.0,0.0,1.0,1.0,1.0,25.0,1992.95,0.0,541.75,0.0,1.0,1.0,1.0,0.0,0.0,1.0,0.0,0.0,1.0,0.0,0.0,1.0,0.0,0.0,0.0,0.0,1.0,0.0,0
78.0,9.0,17.13,5171.0,0.0,0.0,1.0,0.0,71.45,0.0,0.0,0.0,0.0,0.0,1.0,0.0,1.0,0.0,0.0,4.0,1.0,0.0,0.0,0.0,5.0,371.6,0.0,85.65,0.0,0.0,1.0,0.0,0.0,1.0,0.0,1.0,0.0,0.0,1.0,0.0,0.0,0.0,0.0,1.0,0.0,1.0,0.0,0
20.0,51.0,0.0,5421.0,1.0,0.0,1.0,0.0,25.3,0.0,3.0,0.0,0.0,0.0,1.0,0.0,0.0,0.0,0.0,2.0,0.0,0.0,0.0,0.0,1.0,25.3,10.0,0.0,0.0,1.0,0.0,1.0,0.0,0.0,0.0,1.0,1.0,0.0,0.0,0.0,1.0,0.0,0.0,0.0,1.0,0.0,0.0,1
60.0,0.0,18.14,4220.0,0.0,0.0,0.0,0.0,19.5,0.0,0.0,0.0,0.0,0.0,0.0,0.0,1.0,0.0,0.0,4.0,0.0,0.0,0.0,0.0,44.0,835.5,0.0,798.16,0.0,0.0,0.0,0.0,1.0,0.0,0.0,1.0,0.0,0.0,1.0,0.0,1.0,0.0,0.0,0.0,0.0,1.0,0.0,0
30.0,0.0,1.57,2007.0,0.0,0.0,0.0,0.0,20.15,0.0,0.0,0.0,0.0,0.0,0.0,0.0,1.0,0.0,0.0,3.0,0.0,0.0,0.0,0.0,39.0,826.0,0.0,61.23,25.92,0.0,0.0,0.0,0.0,1.0,1.0,0.0,0.0,0.0,1.0,0.0,0.0,1.0,0.0,0.0,0.0,0.0,1.0,0
73.0,4.0,14.22,2660.0,0.0,0.0,1.0,0.0,84.7,0.0,0.0,0.0,1.0,0.0,1.0,0.0,1.0,0.0,0.0,4.0,1.0,0.0,0.0,1.0,5.0,392.5,0.0,71.1,41.2,0.0,1.0,0.0,1.0,0.0,1.0,0.0,0.0,0.0,1.0,0.0,0.0,0.0,0.0,1.0,1.0,0.0,0.0,0
48.0,23.0,32.0,3235.0,0.0,1.0,1.0,0.0,75.55,0.0,0.0,0.0,1.0,1.0,1.0,0.0,1.0,1.0,0.0,4.0,0.0,1.0,1.0,0.0,36.0,2680.15,100.0,1152.0,0.0,0.0,0.0,0.0,1.0,0.0,1.0,0.0,1.0,0.0,0.0,0.0,1.0,0.0,0.0,0.0,0.0,1.0,0.0,0
29.0,69.0,0.0,4180.0,1.0,1.0,1.0,1.0,46.25,0.0,2.0,10.0,1.0,1.0,0.0,1.0,0.0,1.0,1.0,4.0,0.0,0.0,0.0,0.0,69.0,3121.4,0.0,0.0,0.0,1.0,1.0,0.0,0.0,1.0,1.0,0.0,0.0,1.0,0.0,0.0,1.0,0.0,0.0,0.0,1.0,0.0,0.0,0
20.0,27.0,26.63,5611.0,1.0,0.0,1.0,0.0,44.0,0.0,1.0,0.0,0.0,0.0,0.0,0.0,1.0,0.0,0.0,3.0,0.0,0.0,1.0,0.0,13.0,659.35,0.0,346.19,0.0,1.0,1.0,1.0,0.0,0.0,0.0,1.0,0.0,1.0,0.0,0.0,0.0,0.0,1.0,0.0,0.0,1.0,0.0,0
45.0,2.0,45.28,4864.0,0.0,0.0,1.0,0.0,44.6,0.0,0.0,0.0,0.0,0.0,0.0,0.0,1.0,0.0,0.0,4.0,0.0,0.0,0.0,0.0,1.0,44.6,0.0,45.28,0.0,0.0,1.0,1.0,0.0,0.0,0.0,1.0,0.0,1.0,0.0,0.0,1.0,0.0,0.0,0.0,0.0,0.0,1.0,0
25.0,41.0,36.07,3086.0,0.0,1.0,1.0,0.0,84.85,0.0,0.0,0.0,0.0,0.0,1.0,0.0,1.0,0.0,0.0,1.0,0.0,0.0,1.0,1.0,1.0,84.85,0.0,36.07,0.0,1.0,1.0,1.0,0.0,0.0,0.0,1.0,0.0,0.0,1.0,0.0,1.0,0.0,0.0,0.0,1.0,0.0,0.0,1
69.0,20.0,11.34,3348.0,0.0,0.0,1.0,0.0,74.7,1.0,0.0,0.0,0.0,0.0,1.0,0.0,1.0,0.0,0.0,1.0,1.0,0.0,0.0,0.0,1.0,74.7,0.0,11.34,0.0,0.0,1.0,1.0,0.0,0.0,0.0,1.0,0.0,0.0,1.0,0.0,1.0,0.0,0.0,0.0,1.0,0.0,0.0,1
35.0,12.0,10.5,4304.0,0.0,1.0,1.0,0.0,103.85,1.0,0.0,0.0,0.0,0.0,1.0,0.0,1.0,1.0,0.0,5.0,0.0,1.0,1.0,1.0,48.0,4946.05,0.0,504.0,0.0,0.0,1.0,1.0,0.0,0.0,1.0,0.0,0.0,0.0,1.0,0.0,1.0,0.0,0.0,0.0,1.0,0.0,0.0,0
73.0,0.0,35.14,5443.0,1.0,0.0,0.0,1.0,19.5,0.0,1.0,8.0,0.0,0.0,0.0,1.0,1.0,0.0,1.0,3.0,1.0,0.0,0.0,0.0,68.0,1193.55,0.0,2389.52,0.0,0.0,0.0,0.0,1.0,0.0,0.0,1.0,0.0,0.0,1.0,0.0,1.0,0.0,0.0,0.0,1.0,0.0,0.0,0
44.0,27.0,8.94,3246.0,1.0,0.0,1.0,1.0,79.65,1.0,1.0,5.0,1.0,0.0,0.0,1.0,1.0,1.0,1.0,4.0,0.0,1.0,1.0,1.0,48.0,3870.3,0.0,429.12,0.0,0.0,1.0,0.0,0.0,1.0,1.0,0.0,0.0,1.0,0.0,0.0,1.0,0.0,0.0,0.0,1.0,0.0,0.0,0
49.0,11.0,33.75,2457.0,0.0,0.0,1.0,0.0,72.15,1.0,0.0,0.0,0.0,0.0,1.0,0.0,1.0,0.0,0.0,2.0,0.0,1.0,1.0,1.0,10.0,794.25,80.0,337.5,0.0,0.0,0.0,1.0,0.0,0.0,0.0,1.0,0.0,1.0,0.0,0.0,1.0,0.0,0.0,0.0,0.0,1.0,0.0,1
66.0,22.0,24.95,4267.0,0.0,0.0,1.0,0.0,81.5,0.0,0.0,0.0,0.0,0.0,0.0,0.0,1.0,0.0,0.0,4.0,1.0,0.0,0.0,1.0,2.0,162.55,0.0,49.9,0.0,0.0,1.0,0.0,0.0,1.0,1.0,0.0,0.0,0.0,1.0,0.0,1.0,0.0,0.0,0.0,0.0,1.0,0.0,0
59.0,15.0,3.93,2202.0,0.0,0.0,1.0,0.0,49.8,0.0,0.0,0.0,0.0,0.0,1.0,0.0,1.0,1.0,0.0,4.0,0.0,0.0,0.0,0.0,39.0,1971.15,0.0,153.27,0.0,0.0,1.0,0.0,0.0,1.0,0.0,1.0,0.0,1.0,0.0,0.0,0.0,1.0,0.0,0.0,1.0,0.0,0.0,0
36.0,22.0,37.0,3501.0,0.0,0.0,1.0,0.0,71.1,0.0,0.0,0.0,1.0,1.0,0.0,0.0,1.0,1.0,0.0,4.0,0.0,1.0,1.0,0.0,3.0,213.35,0.0,111.0,2.62,0.0,1.0,0.0,0.0,1.0,1.0,0.0,0.0,1.0,0.0,0.0,1.0,0.0,0.0,0.0,0.0,1.0,0.0,0
67.0,0.0,2.03,3288.0,0.0,0.0,0.0,0.0,19.5,0.0,0.0,0.0,0.0,0.0,0.0,0.0,1.0,0.0,0.0,3.0,1.0,0.0,0.0,0.0,6.0,106.8,0.0,12.18,0.0,0.0,0.0,0.0,0.0,1.0,1.0,0.0,0.0,0.0,1.0,0.0,0.0,0.0,0.0,1.0,1.0,0.0,0.0,0
42.0,10.0,7.97,3043.0,0.0,0.0,1.0,0.0,56.65,0.0,0.0,0.0,0.0,1.0,0.0,0.0,1.0,1.0,0.0,1.0,0.0,0.0,0.0,0.0,12.0,654.85,0.0,95.64,0.0,0.0,1.0,1.0,0.0,0.0,0.0,1.0,1.0,0.0,0.0,0.0,1.0,0.0,0.0,0.0,0.0,1.0,0.0,1
49.0,0.0,27.04,3027.0,0.0,0.0,0.0,0.0,20.7,0.0,0.0,0.0,0.0,0.0,1.0,0.0,1.0,0.0,0.0,4.0,0.0,0.0,0.0,0.0,4.0,83.75,0.0,108.16,0.0,0.0,0.0,1.0,0.0,0.0,0.0,1.0,0.0,0.0,1.0,0.0,1.0,0.0,0.0,0.0,0.0,1.0,0.0,0
36.0,30.0,0.0,5691.0,1.0,0.0,1.0,1.0,40.9,0.0,1.0,6.0,0.0,0.0,0.0,1.0,0.0,1.0,1.0,3.0,0.0,0.0,0.0,1.0,35.0,1383.6,0.0,0.0,0.0,0.0,1.0,0.0,1.0,0.0,1.0,0.0,0.0,1.0,0.0,0.0,1.0,0.0,0.0,0.0,0.0,1.0,0.0,0
42.0,57.0,13.25,4306.0,1.0,1.0,1.0,1.0,110.8,1.0,3.0,5.0,1.0,0.0,1.0,1.0,1.0,1.0,1.0,4.0,0.0,1.0,1.0,1.0,62.0,6840.95,0.0,821.5,0.0,0.0,1.0,0.0,1.0,0.0,1.0,0.0,0.0,0.0,1.0,0.0,1.0,0.0,0.0,0.0,1.0,0.0,0.0,0
34.0,0.0,29.55,5535.0,1.0,0.0,0.0,1.0,24.55,1.0,1.0,6.0,0.0,0.0,0.0,1.0,1.0,0.0,1.0,3.0,0.0,0.0,0.0,0.0,52.0,1331.05,0.0,1536.6,0.0,0.0,0.0,0.0,0.0,1.0,0.0,1.0,0.0,0.0,1.0,0.0,1.0,0.0,0.0,0.0,0.0,1.0,0.0,0
75.0,2.0,21.38,6268.0,0.0,1.0,1.0,1.0,114.95,1.0,0.0,3.0,1.0,1.0,1.0,1.0,1.0,1.0,1.0,3.0,1.0,1.0,0.0,1.0,72.0,8196.4,0.0,1539.36,0.0,0.0,1.0,0.0,0.0,1.0,0.0,1.0,0.0,0.0,1.0,1.0,0.0,0.0,0.0,0.0,1.0,0.0,0.0,0
39.0,6.0,25.68,5207.0,0.0,0.0,1.0,0.0,99.65,1.0,0.0,0.0,1.0,0.0,1.0,0.0,1.0,0.0,0.0,3.0,0.0,1.0,1.0,1.0,24.0,2404.85,0.0,616.32,0.0,0.0,1.0,1.0,0.0,0.0,0.0,1.0,0.0,0.0,1.0,0.0,0.0,1.0,0.0,0.0,1.0,0.0,0.0,0
46.0,30.0,0.0,2601.0,0.0,1.0,1.0,1.0,39.05,0.0,0.0,1.0,0.0,0.0,1.0,1.0,0.0,0.0,1.0,3.0,0.0,0.0,0.0,1.0,18.0,669.85,0.0,0.0,0.0,0.0,1.0,1.0,0.0,0.0,1.0,0.0,1.0,0.0,0.0,0.0,1.0,0.0,0.0,0.0,1.0,0.0,0.0,1
53.0,0.0,16.72,5183.0,0.0,0.0,0.0,0.0,25.6,1.0,0.0,0.0,0.0,0.0,1.0,0.0,1.0,0.0,0.0,3.0,0.0,0.0,0.0,0.0,67.0,1790.35,0.0,1120.24,46.06,0.0,0.0,0.0,0.0,1.0,1.0,0.0,0.0,0.0,1.0,0.0,1.0,0.0,0.0,0.0,1.0,0.0,0.0,0
50.0,0.0,45.87,5826.0,0.0,0.0,0.0,0.0,24.8,1.0,0.0,0.0,0.0,0.0,0.0,0.0,1.0,0.0,0.0,4.0,0.0,0.0,0.0,0.0,65.0,1600.95,0.0,2981.55,0.0,0.0,0.0,0.0,1.0,0.0,0.0,1.0,0.0,0.0,1.0,0.0,1.0,0.0,0.0,0.0,0.0,1.0,0.0,0
79.0,25.0,4.45,3363.0,0.0,0.0,1.0,0.0,82.0,1.0,0.0,0.0,0.0,0.0,1.0,0.0,1.0,0.0,0.0,2.0,1.0,1.0,0.0,0.0,13.0,1127.2,0.0,57.85,0.0,0.0,1.0,1.0,0.0,0.0,1.0,0.0,0.0,0.0,1.0,0.0,1.0,0.0,0.0,0.0,1.0,0.0,0.0,1
41.0,18.0,26.38,6481.0,1.0,1.0,1.0,1.0,116.05,1.0,1.0,5.0,1.0,1.0,1.0,1.0,1.0,1.0,1.0,3.0,0.0,1.0,1.0,1.0,71.0,8297.5,110.0,1872.98,42.57,0.0,0.0,0.0,0.0,1.0,0.0,1.0,0.0,0.0,1.0,1.0,0.0,0.0,0.0,0.0,1.0,0.0,0.0,0
41.0,6.0,30.04,3565.0,0.0,0.0,1.0,0.0,43.9,0.0,0.0,0.0,0.0,0.0,0.0,0.0,1.0,0.0,0.0,5.0,0.0,0.0,0.0,0.0,7.0,278.4,0.0,210.28,0.0,0.0,1.0,1.0,0.0,0.0,0.0,1.0,0.0,1.0,0.0,0.0,0.0,0.0,0.0,1.0,0.0,1.0,0.0,0
23.0,51.0,35.28,5730.0,0.0,0.0,1.0,0.0,71.35,0.0,0.0,0.0,0.0,0.0,1.0,0.0,1.0,0.0,0.0,3.0,0.0,0.0,1.0,0.0,1.0,71.35,0.0,35.28,0.0,1.0,1.0,1.0,0.0,0.0,0.0,1.0,0.0,0.0,1.0,0.0,1.0,0.0,0.0,0.0,0.0,1.0,0.0,1
51.0,2.0,0.0,5633.0,0.0,1.0,1.0,1.0,59.3,0.0,0.0,1.0,1.0,1.0,0.0,1.0,0.0,0.0,1.0,1.0,0.0,1.0,1.0,1.0,51.0,3014.65,0.0,0.0,0.0,0.0,1.0,0.0,1.0,0.0,0.0,1.0,0.0,1.0,0.0,0.0,1.0,0.0,0.0,0.0,1.0,0.0,0.0,1
62.0,53.0,5.67,5560.0,1.0,0.0,1.0,1.0,56.7,1.0,3.0,1.0,0.0,1.0,0.0,1.0,1.0,0.0,1.0,1.0,0.0,0.0,0.0,0.0,2.0,113.55,0.0,11.34,0.0,0.0,1.0,1.0,0.0,0.0,0.0,1.0,0.0,1.0,0.0,0.0,1.0,0.0,0.0,0.0,0.0,1.0,0.0,1
80.0,20.0,4.14,5397.0,0.0,0.0,1.0,0.0,85.7,0.0,0.0,0.0,1.0,1.0,1.0,0.0,1.0,1.0,0.0,4.0,1.0,0.0,0.0,0.0,45.0,3778.1,50.0,186.3,0.0,0.0,0.0,1.0,0.0,0.0,1.0,0.0,0.0,0.0,1.0,0.0,1.0,0.0,0.0,0.0,1.0,0.0,0.0,0
49.0,22.0,35.11,4551.0,0.0,1.0,1.0,0.0,109.2,1.0,0.0,0.0,1.0,0.0,0.0,0.0,1.0,1.0,0.0,3.0,0.0,1.0,1.0,1.0,72.0,7878.3,0.0,2527.92,0.0,0.0,1.0,0.0,0.0,1.0,0.0,1.0,0.0,0.0,1.0,0.0,1.0,0.0,0.0,0.0,1.0,0.0,0.0,0
32.0,30.0,3.95,2270.0,0.0,0.0,1.0,0.0,48.8,0.0,0.0,0.0,0.0,1.0,1.0,0.0,1.0,0.0,0.0,1.0,0.0,0.0,0.0,0.0,22.0,1054.6,20.0,86.9,0.0,0.0,0.0,1.0,0.0,0.0,1.0,0.0,0.0,1.0,0.0,0.0,1.0,0.0,0.0,0.0,0.0,1.0,0.0,1
50.0,20.0,33.66,4294.0,0.0,0.0,1.0,0.0,83.85,1.0,0.0,0.0,0.0,0.0,0.0,0.0,1.0,0.0,0.0,4.0,0.0,1.0,1.0,0.0,40.0,3532.25,0.0,1346.4,0.0,0.0,1.0,1.0,0.0,0.0,1.0,0.0,0.0,0.0,1.0,0.0,1.0,0.0,0.0,0.0,1.0,0.0,0.0,0
43.0,23.0,39.81,4739.0,0.0,0.0,1.0,0.0,70.9,0.0,0.0,0.0,0.0,0.0,0.0,0.0,1.0,0.0,0.0,1.0,0.0,0.0,0.0,0.0,1.0,70.9,0.0,39.81,0.0,0.0,1.0,1.0,0.0,0.0,1.0,0.0,0.0,0.0,1.0,0.0,0.0,0.0,0.0,1.0,0.0,0.0,1.0,1
63.0,5.0,14.21,2445.0,0.0,0.0,1.0,1.0,85.35,1.0,0.0,1.0,0.0,0.0,1.0,1.0,1.0,0.0,1.0,3.0,0.0,0.0,0.0,1.0,9.0,754.65,50.0,127.89,0.0,0.0,0.0,1.0,0.0,0.0,1.0,0.0,0.0,0.0,1.0,0.0,0.0,0.0,0.0,1.0,1.0,0.0,0.0,1
68.0,17.0,48.51,5881.0,0.0,1.0,1.0,1.0,89.85,1.0,0.0,0.0,1.0,1.0,1.0,1.0,1.0,1.0,0.0,3.0,1.0,1.0,0.0,1.0,72.0,6697.35,0.0,3492.72,0.0,0.0,1.0,0.0,0.0,1.0,1.0,0.0,1.0,0.0,0.0,1.0,0.0,0.0,0.0,0.0,1.0,0.0,0.0,0
19.0,58.0,2.43,5328.0,0.0,1.0,1.0,1.0,70.85,0.0,0.0,3.0,0.0,1.0,1.0,1.0,1.0,1.0,1.0,4.0,0.0,1.0,1.0,0.0,71.0,4973.4,0.0,172.53,0.0,1.0,1.0,0.0,0.0,1.0,0.0,1.0,1.0,0.0,0.0,0.0,1.0,0.0,0.0,0.0,0.0,1.0,0.0,0
57.0,29.0,7.47,5071.0,1.0,1.0,1.0,1.0,78.45,1.0,3.0,8.0,1.0,1.0,1.0,1.0,1.0,1.0,1.0,5.0,0.0,1.0,1.0,0.0,68.0,5333.35,0.0,507.96,0.0,0.0,1.0,0.0,1.0,0.0,1.0,0.0,0.0,1.0,0.0,0.0,1.0,0.0,0.0,0.0,1.0,0.0,0.0,0
67.0,2.0,26.99,3443.0,0.0,0.0,1.0,1.0,80.45,0.0,0.0,2.0,0.0,0.0,1.0,1.0,1.0,0.0,1.0,1.0,1.0,0.0,0.0,1.0,8.0,583.45,0.0,215.92,0.0,0.0,1.0,1.0,0.0,0.0,0.0,1.0,0.0,0.0,1.0,0.0,1.0,0.0,0.0,0.0,0.0,1.0,0.0,1
27.0,0.0,27.47,3300.0,0.0,0.0,0.0,0.0,19.85,0.0,0.0,0.0,0.0,0.0,0.0,0.0,1.0,0.0,0.0,3.0,0.0,0.0,0.0,0.0,2.0,51.6,0.0,54.94,0.0,1.0,0.0,1.0,0.0,0.0,0.0,1.0,0.0,0.0,1.0,0.0,0.0,0.0,0.0,1.0,0.0,1.0,0.0,0
40.0,0.0,37.46,5678.0,0.0,0.0,0.0,0.0,19.75,0.0,0.0,0.0,0.0,0.0,1.0,0.0,1.0,0.0,0.0,3.0,0.0,0.0,0.0,0.0,41.0,806.95,0.0,1535.86,0.0,0.0,0.0,0.0,1.0,0.0,1.0,0.0,0.0,0.0,1.0,0.0,1.0,0.0,0.0,0.0,0.0,1.0,0.0,0
37.0,10.0,45.95,4280.0,1.0,1.0,1.0,1.0,81.0,0.0,1.0,1.0,0.0,1.0,0.0,1.0,1.0,1.0,1.0,4.0,0.0,1.0,1.0,1.0,46.0,3846.35,0.0,2113.7,0.0,0.0,1.0,0.0,0.0,1.0,0.0,1.0,1.0,0.0,0.0,0.0,1.0,0.0,0.0,0.0,0.0,0.0,1.0,0
21.0,51.0,4.94,3847.0,0.0,1.0,1.0,0.0,99.3,0.0,0.0,0.0,0.0,0.0,0.0,0.0,1.0,1.0,0.0,4.0,0.0,1.0,1.0,1.0,25.0,2513.5,0.0,123.5,0.0,1.0,1.0,0.0,0.0,1.0,0.0,1.0,0.0,0.0,1.0,0.0,0.0,1.0,0.0,0.0,1.0,0.0,0.0,0
44.0,0.0,35.86,3071.0,0.0,0.0,0.0,1.0,20.4,0.0,0.0,6.0,0.0,0.0,0.0,1.0,1.0,0.0,1.0,5.0,0.0,0.0,0.0,0.0,24.0,482.8,0.0,860.64,0.0,0.0,0.0,0.0,1.0,0.0,1.0,0.0,0.0,0.0,1.0,0.0,1.0,0.0,0.0,0.0,0.0,1.0,0.0,0
62.0,0.0,23.17,5878.0,0.0,0.0,0.0,0.0,19.65,0.0,0.0,0.0,0.0,0.0,0.0,0.0,1.0,0.0,0.0,3.0,0.0,0.0,0.0,0.0,53.0,978.0,0.0,1228.01,0.0,0.0,0.0,0.0,0.0,1.0,0.0,1.0,0.0,0.0,1.0,0.0,1.0,0.0,0.0,0.0,1.0,0.0,0.0,0
74.0,8.0,26.12,2076.0,0.0,0.0,1.0,1.0,74.3,0.0,0.0,1.0,1.0,0.0,1.0,1.0,1.0,0.0,1.0,1.0,1.0,0.0,0.0,0.0,16.0,1178.25,0.0,417.92,0.0,0.0,1.0,1.0,0.0,0.0,0.0,1.0,0.0,0.0,1.0,0.0,0.0,0.0,1.0,0.0,0.0,1.0,0.0,1
35.0,6.0,32.31,4437.0,0.0,0.0,1.0,0.0,84.95,0.0,0.0,0.0,0.0,1.0,0.0,0.0,1.0,0.0,0.0,1.0,0.0,0.0,0.0,1.0,8.0,668.4,0.0,258.48,0.0,0.0,1.0,1.0,0.0,0.0,1.0,0.0,0.0,0.0,1.0,0.0,1.0,0.0,0.0,0.0,1.0,0.0,0.0,1
44.0,7.0,46.59,2724.0,0.0,1.0,1.0,0.0,78.65,0.0,0.0,0.0,0.0,1.0,0.0,0.0,1.0,1.0,0.0,3.0,0.0,1.0,1.0,1.0,6.0,483.3,10.0,279.54,0.0,0.0,0.0,1.0,0.0,0.0,0.0,1.0,0.0,1.0,0.0,0.0,0.0,0.0,0.0,1.0,0.0,1.0,0.0,0
32.0,53.0,16.09,4121.0,1.0,0.0,1.0,1.0,103.75,1.0,3.0,6.0,1.0,0.0,1.0,1.0,1.0,1.0,1.0,3.0,0.0,1.0,1.0,1.0,68.0,7039.45,0.0,1094.12,0.0,0.0,1.0,0.0,0.0,1.0,1.0,0.0,0.0,0.0,1.0,0.0,1.0,0.0,0.0,0.0,0.0,1.0,0.0,0
45.0,0.0,46.57,5986.0,1.0,0.0,0.0,0.0,25.45,1.0,2.0,0.0,0.0,0.0,0.0,0.0,1.0,0.0,0.0,5.0,0.0,0.0,0.0,0.0,39.0,958.45,0.0,1816.23,0.0,0.0,0.0,0.0,1.0,0.0,0.0,1.0,0.0,0.0,1.0,0.0,1.0,0.0,0.0,0.0,1.0,0.0,0.0,0
68.0,17.0,34.39,5507.0,0.0,1.0,1.0,0.0,106.0,1.0,0.0,0.0,0.0,0.0,1.0,0.0,1.0,1.0,0.0,3.0,1.0,1.0,0.0,1.0,60.0,6441.4,110.0,2063.4,0.0,0.0,0.0,0.0,1.0,0.0,1.0,0.0,0.0,0.0,1.0,0.0,1.0,0.0,0.0,0.0,1.0,0.0,0.0,1
25.0,59.0,16.01,6252.0,1.0,1.0,1.0,1.0,116.8,1.0,2.0,2.0,1.0,1.0,1.0,1.0,1.0,1.0,1.0,3.0,0.0,1.0,1.0,1.0,72.0,8456.75,0.0,1152.72,0.0,1.0,1.0,0.0,0.0,1.0,1.0,0.0,0.0,0.0,1.0,0.0,1.0,0.0,0.0,0.0,0.0,1.0,0.0,0
47.0,53.0,26.35,4667.0,1.0,1.0,1.0,1.0,86.9,1.0,3.0,9.0,0.0,1.0,0.0,1.0,1.0,1.0,1.0,3.0,0.0,1.0,1.0,1.0,69.0,6194.1,0.0,1818.15,0.0,0.0,1.0,0.0,0.0,1.0,0.0,1.0,0.0,1.0,0.0,0.0,1.0,0.0,0.0,0.0,1.0,0.0,0.0,0
49.0,6.0,18.34,5764.0,0.0,1.0,1.0,0.0,94.4,0.0,0.0,0.0,0.0,0.0,0.0,0.0,1.0,0.0,0.0,3.0,0.0,1.0,1.0,1.0,1.0,94.4,0.0,18.34,0.0,0.0,1.0,1.0,0.0,0.0,1.0,0.0,0.0,0.0,1.0,0.0,1.0,0.0,0.0,0.0,1.0,0.0,0.0,1
50.0,13.0,0.0,5632.0,0.0,1.0,1.0,1.0,55.9,0.0,0.0,3.0,0.0,1.0,0.0,1.0,0.0,0.0,1.0,1.0,0.0,1.0,1.0,1.0,39.0,2184.35,0.0,0.0,0.0,0.0,1.0,1.0,0.0,0.0,1.0,0.0,0.0,1.0,0.0,0.0,1.0,0.0,0.0,0.0,1.0,0.0,0.0,1
49.0,0.0,2.85,5566.0,0.0,0.0,0.0,0.0,19.4,0.0,0.0,0.0,0.0,0.0,0.0,0.0,1.0,0.0,0.0,3.0,0.0,0.0,0.0,0.0,1.0,19.4,0.0,2.85,0.0,0.0,0.0,1.0,0.0,0.0,1.0,0.0,0.0,0.0,1.0,0.0,1.0,0.0,0.0,0.0,0.0,1.0,0.0,0
56.0,2.0,10.5,3050.0,0.0,0.0,1.0,1.0,94.65,0.0,0.0,3.0,1.0,0.0,1.0,1.0,1.0,0.0,1.0,5.0,0.0,1.0,1.0,1.0,16.0,1461.15,0.0,168.0,0.0,0.0,1.0,1.0,0.0,0.0,1.0,0.0,0.0,0.0,1.0,0.0,0.0,0.0,1.0,0.0,1.0,0.0,0.0,0
31.0,26.0,49.98,4406.0,0.0,0.0,1.0,0.0,105.4,0.0,0.0,0.0,1.0,1.0,1.0,0.0,1.0,1.0,0.0,1.0,0.0,1.0,1.0,1.0,54.0,5643.4,0.0,2698.92,0.0,0.0,1.0,0.0,1.0,0.0,0.0,1.0,0.0,0.0,1.0,0.0,1.0,0.0,0.0,0.0,0.0,1.0,0.0,1
47.0,21.0,49.31,4508.0,0.0,1.0,1.0,1.0,106.75,1.0,0.0,7.0,1.0,1.0,1.0,1.0,1.0,1.0,1.0,1.0,0.0,0.0,0.0,1.0,59.0,6252.9,40.0,2909.29,0.0,0.0,0.0,1.0,0.0,0.0,0.0,1.0,0.0,0.0,1.0,0.0,1.0,0.0,0.0,0.0,1.0,0.0,0.0,1
36.0,10.0,7.89,5750.0,0.0,0.0,1.0,1.0,102.0,1.0,0.0,1.0,1.0,0.0,1.0,1.0,1.0,0.0,1.0,1.0,0.0,1.0,1.0,1.0,11.0,1145.35,0.0,86.79,0.0,0.0,1.0,1.0,0.0,0.0,1.0,0.0,0.0,0.0,1.0,0.0,1.0,0.0,0.0,0.0,1.0,0.0,0.0,1
55.0,20.0,9.36,4260.0,1.0,1.0,1.0,0.0,89.55,1.0,2.0,0.0,1.0,1.0,0.0,0.0,1.0,1.0,0.0,4.0,0.0,1.0,1.0,1.0,57.0,5012.35,0.0,533.52,30.45,0.0,1.0,0.0,0.0,1.0,0.0,1.0,1.0,0.0,0.0,0.0,1.0,0.0,0.0,0.0,0.0,0.0,1.0,0
38.0,0.0,38.63,5261.0,1.0,0.0,0.0,1.0,19.2,0.0,3.0,1.0,0.0,0.0,1.0,1.0,1.0,0.0,1.0,3.0,0.0,0.0,0.0,0.0,70.0,1401.4,0.0,2704.1,0.0,0.0,0.0,0.0,0.0,1.0,1.0,0.0,0.0,0.0,1.0,0.0,1.0,0.0,0.0,0.0,0.0,1.0,0.0,0
32.0,26.0,0.0,3844.0,0.0,1.0,1.0,1.0,45.1,0.0,0.0,6.0,1.0,0.0,1.0,1.0,0.0,0.0,1.0,4.0,0.0,1.0,1.0,0.0,42.0,2049.05,0.0,0.0,0.0,0.0,1.0,0.0,1.0,0.0,0.0,1.0,0.0,1.0,0.0,0.0,1.0,0.0,0.0,0.0,0.0,1.0,0.0,0
47.0,14.0,0.0,3248.0,0.0,0.0,1.0,0.0,44.95,0.0,0.0,0.0,0.0,0.0,1.0,0.0,0.0,0.0,0.0,3.0,0.0,1.0,1.0,1.0,23.0,996.85,40.0,0.0,25.84,0.0,0.0,1.0,0.0,0.0,1.0,0.0,0.0,1.0,0.0,0.0,1.0,0.0,0.0,0.0,1.0,0.0,0.0,0
47.0,24.0,18.7,5701.0,0.0,1.0,1.0,0.0,81.0,1.0,0.0,0.0,0.0,0.0,1.0,0.0,1.0,0.0,0.0,2.0,0.0,0.0,0.0,0.0,23.0,1917.1,0.0,430.1,0.0,0.0,1.0,1.0,0.0,0.0,0.0,1.0,0.0,0.0,1.0,0.0,0.0,0.0,1.0,0.0,1.0,0.0,0.0,1
72.0,22.0,42.29,3384.0,1.0,0.0,1.0,1.0,84.95,0.0,1.0,1.0,1.0,0.0,1.0,1.0,1.0,0.0,1.0,3.0,1.0,0.0,0.0,1.0,47.0,4018.05,80.0,1987.63,0.0,0.0,0.0,0.0,1.0,0.0,0.0,1.0,0.0,0.0,1.0,0.0,1.0,0.0,0.0,0.0,1.0,0.0,0.0,0
31.0,29.0,0.0,3897.0,1.0,0.0,1.0,1.0,40.55,0.0,1.0,10.0,0.0,0.0,1.0,1.0,0.0,1.0,1.0,5.0,0.0,0.0,0.0,1.0,34.0,1325.85,0.0,0.0,0.0,0.0,1.0,0.0,0.0,1.0,0.0,1.0,0.0,1.0,0.0,0.0,1.0,0.0,0.0,0.0,1.0,0.0,0.0,0
39.0,0.0,18.99,5574.0,1.0,0.0,0.0,1.0,23.9,1.0,1.0,9.0,0.0,0.0,0.0,1.0,1.0,0.0,1.0,4.0,0.0,0.0,0.0,0.0,71.0,1626.4,0.0,1348.29,0.0,0.0,0.0,0.0,0.0,1.0,0.0,1.0,0.0,0.0,1.0,1.0,0.0,0.0,0.0,0.0,0.0,1.0,0.0,0
36.0,16.0,24.13,3150.0,0.0,0.0,1.0,0.0,45.2,0.0,0.0,0.0,0.0,0.0,1.0,0.0,1.0,0.0,0.0,5.0,0.0,0.0,0.0,0.0,46.0,2065.15,0.0,1109.98,0.0,0.0,1.0,1.0,0.0,0.0,0.0,1.0,1.0,0.0,0.0,0.0,1.0,0.0,0.0,0.0,0.0,1.0,0.0,0
58.0,0.0,42.46,2522.0,1.0,0.0,0.0,1.0,20.35,0.0,3.0,9.0,0.0,0.0,0.0,1.0,1.0,0.0,1.0,4.0,0.0,0.0,0.0,0.0,20.0,442.6,0.0,849.2,0.0,0.0,0.0,1.0,0.0,0.0,1.0,0.0,0.0,0.0,1.0,0.0,1.0,0.0,0.0,0.0,0.0,1.0,0.0,0
50.0,17.0,2.05,4561.0,0.0,0.0,1.0,0.0,94.2,0.0,0.0,0.0,0.0,0.0,1.0,0.0,1.0,1.0,0.0,5.0,0.0,1.0,1.0,1.0,29.0,2607.6,20.0,59.45,0.0,0.0,0.0,1.0,0.0,0.0,0.0,1.0,0.0,0.0,1.0,0.0,1.0,0.0,0.0,0.0,1.0,0.0,0.0,0
80.0,18.0,0.0,2061.0,1.0,0.0,1.0,1.0,40.05,0.0,2.0,5.0,0.0,1.0,0.0,1.0,0.0,0.0,1.0,1.0,1.0,1.0,0.0,0.0,22.0,880.2,0.0,0.0,0.0,0.0,1.0,1.0,0.0,0.0,0.0,1.0,1.0,0.0,0.0,0.0,1.0,0.0,0.0,0.0,0.0,0.0,1.0,1
21.0,59.0,16.06,4504.0,0.0,0.0,1.0,1.0,53.55,0.0,0.0,6.0,1.0,1.0,1.0,1.0,1.0,0.0,1.0,4.0,0.0,0.0,1.0,0.0,1.0,53.55,0.0,16.06,0.0,1.0,1.0,1.0,0.0,0.0,1.0,0.0,0.0,1.0,0.0,0.0,0.0,0.0,0.0,1.0,0.0,1.0,0.0,0
37.0,24.0,0.0,2315.0,0.0,1.0,1.0,1.0,38.1,0.0,0.0,10.0,0.0,0.0,1.0,1.0,0.0,0.0,1.0,5.0,0.0,0.0,0.0,1.0,25.0,970.4,100.0,0.0,0.0,0.0,0.0,0.0,1.0,0.0,0.0,1.0,1.0,0.0,0.0,0.0,1.0,0.0,0.0,0.0,0.0,1.0,0.0,0
74.0,6.0,13.8,4174.0,0.0,0.0,1.0,0.0,75.75,1.0,0.0,0.0,0.0,0.0,1.0,0.0,1.0,0.0,0.0,3.0,1.0,0.0,0.0,0.0,8.0,606.25,0.0,110.4,0.0,0.0,1.0,1.0,0.0,0.0,1.0,0.0,0.0,0.0,1.0,0.0,1.0,0.0,0.0,0.0,1.0,0.0,0.0,1
61.0,53.0,25.85,5237.0,1.0,0.0,1.0,0.0,49.45,0.0,3.0,0.0,0.0,0.0,1.0,0.0,1.0,1.0,0.0,3.0,0.0,0.0,0.0,0.0,23.0,1119.35,0.0,594.55,0.0,0.0,1.0,0.0,1.0,0.0,1.0,0.0,1.0,0.0,0.0,0.0,0.0,0.0,1.0,0.0,1.0,0.0,0.0,0
27.0,48.0,10.05,5301.0,0.0,1.0,1.0,1.0,101.15,1.0,0.0,0.0,0.0,0.0,0.0,1.0,1.0,0.0,0.0,3.0,0.0,1.0,1.0,1.0,60.0,6067.4,0.0,603.0,0.0,1.0,1.0,0.0,0.0,1.0,0.0,1.0,0.0,0.0,1.0,0.0,1.0,0.0,0.0,0.0,0.0,1.0,0.0,0
22.0,73.0,42.49,5503.0,0.0,0.0,1.0,0.0,106.4,1.0,0.0,0.0,0.0,1.0,0.0,0.0,1.0,1.0,0.0,4.0,0.0,1.0,1.0,1.0,30.0,3211.9,60.0,1274.7,0.0,1.0,0.0,1.0,0.0,0.0,1.0,0.0,0.0,0.0,1.0,0.0,1.0,0.0,0.0,0.0,1.0,0.0,0.0,0
28.0,59.0,40.63,4154.0,0.0,1.0,1.0,1.0,84.5,1.0,0.0,1.0,1.0,0.0,1.0,1.0,1.0,0.0,1.0,1.0,0.0,0.0,1.0,0.0,12.0,916.9,0.0,487.56,0.0,1.0,1.0,1.0,0.0,0.0,1.0,0.0,0.0,0.0,1.0,0.0,1.0,0.0,0.0,0.0,1.0,0.0,0.0,1
29.0,73.0,36.75,5530.0,0.0,0.0,1.0,1.0,91.85,1.0,0.0,0.0,1.0,0.0,1.0,1.0,1.0,0.0,0.0,3.0,0.0,0.0,1.0,1.0,65.0,5940.85,0.0,2388.75,0.0,1.0,1.0,1.0,0.0,0.0,0.0,1.0,0.0,0.0,1.0,0.0,1.0,0.0,0.0,0.0,1.0,0.0,0.0,1
75.0,24.0,44.89,6205.0,0.0,1.0,1.0,1.0,115.75,1.0,0.0,2.0,1.0,1.0,1.0,1.0,1.0,1.0,1.0,3.0,1.0,1.0,0.0,1.0,72.0,8443.7,120.0,3232.08,0.0,0.0,0.0,0.0,0.0,1.0,1.0,0.0,0.0,0.0,1.0,1.0,0.0,0.0,0.0,0.0,0.0,1.0,0.0,0
44.0,0.0,6.81,5538.0,0.0,0.0,0.0,1.0,25.0,1.0,0.0,5.0,0.0,0.0,0.0,1.0,1.0,0.0,1.0,5.0,0.0,0.0,0.0,0.0,64.0,1584.8,0.0,435.84,0.0,0.0,0.0,0.0,0.0,1.0,1.0,0.0,0.0,0.0,1.0,0.0,1.0,0.0,0.0,0.0,0.0,1.0,0.0,0
57.0,0.0,27.37,4462.0,1.0,0.0,0.0,0.0,20.05,0.0,2.0,0.0,0.0,0.0,1.0,0.0,1.0,0.0,0.0,5.0,0.0,0.0,0.0,0.0,4.0,85.5,0.0,109.48,0.0,0.0,0.0,1.0,0.0,0.0,1.0,0.0,0.0,0.0,1.0,0.0,1.0,0.0,0.0,0.0,1.0,0.0,0.0,0
42.0,16.0,0.0,4601.0,0.0,1.0,1.0,1.0,54.1,0.0,0.0,7.0,0.0,1.0,1.0,1.0,0.0,0.0,1.0,3.0,0.0,1.0,1.0,1.0,68.0,3794.5,0.0,0.0,0.0,0.0,1.0,0.0,0.0,1.0,0.0,1.0,1.0,0.0,0.0,1.0,0.0,0.0,0.0,0.0,1.0,0.0,0.0,0
57.0,0.0,44.88,3838.0,1.0,0.0,0.0,0.0,19.7,0.0,1.0,0.0,0.0,0.0,0.0,0.0,1.0,0.0,0.0,4.0,0.0,0.0,0.0,0.0,11.0,216.2,0.0,493.68,0.0,0.0,0.0,1.0,0.0,0.0,1.0,0.0,0.0,0.0,1.0,0.0,0.0,0.0,1.0,0.0,0.0,1.0,0.0,0
47.0,6.0,44.45,5870.0,0.0,0.0,1.0,1.0,70.5,0.0,0.0,7.0,1.0,1.0,0.0,1.0,1.0,1.0,1.0,4.0,0.0,1.0,1.0,0.0,32.0,2201.75,0.0,1422.4,0.0,0.0,1.0,0.0,1.0,0.0,0.0,1.0,0.0,1.0,0.0,0.0,1.0,0.0,0.0,0.0,0.0,1.0,0.0,0
64.0,7.0,11.58,5514.0,0.0,0.0,1.0,0.0,74.85,1.0,0.0,0.0,0.0,0.0,1.0,0.0,1.0,0.0,0.0,4.0,0.0,0.0,0.0,0.0,8.0,572.45,0.0,92.64,0.0,0.0,1.0,1.0,0.0,0.0,0.0,1.0,0.0,0.0,1.0,0.0,0.0,0.0,0.0,1.0,1.0,0.0,0.0,0
56.0,16.0,29.47,5040.0,0.0,1.0,1.0,0.0,64.9,0.0,0.0,0.0,1.0,1.0,1.0,0.0,1.0,1.0,0.0,4.0,0.0,0.0,0.0,0.0,58.0,3795.45,0.0,1709.26,0.0,0.0,1.0,0.0,0.0,1.0,1.0,0.0,0.0,1.0,0.0,0.0,1.0,0.0,0.0,0.0,0.0,1.0,0.0,0
64.0,0.0,26.26,2782.0,0.0,0.0,0.0,0.0,20.05,0.0,0.0,0.0,0.0,0.0,0.0,0.0,1.0,0.0,0.0,3.0,0.0,0.0,0.0,0.0,18.0,388.6,0.0,472.68,0.0,0.0,0.0,0.0,0.0,1.0,0.0,1.0,0.0,0.0,1.0,0.0,1.0,0.0,0.0,0.0,0.0,1.0,0.0,0
34.0,0.0,40.05,2102.0,1.0,0.0,0.0,1.0,25.9,1.0,1.0,1.0,0.0,0.0,1.0,1.0,1.0,0.0,1.0,1.0,0.0,0.0,0.0,0.0,5.0,135.0,0.0,200.25,0.0,0.0,0.0,1.0,0.0,0.0,0.0,1.0,0.0,0.0,1.0,0.0,0.0,0.0,0.0,1.0,1.0,0.0,0.0,1
46.0,6.0,15.52,5242.0,0.0,1.0,1.0,1.0,67.8,1.0,0.0,1.0,1.0,1.0,1.0,1.0,1.0,1.0,1.0,3.0,0.0,0.0,0.0,0.0,72.0,4804.65,0.0,1117.44,0.0,0.0,1.0,0.0,0.0,1.0,0.0,1.0,1.0,0.0,0.0,0.0,1.0,0.0,0.0,0.0,1.0,0.0,0.0,0
78.0,28.0,18.39,4196.0,0.0,1.0,1.0,1.0,105.25,1.0,0.0,3.0,0.0,1.0,0.0,1.0,1.0,0.0,1.0,1.0,1.0,1.0,0.0,1.0,65.0,6786.4,0.0,1195.35,0.0,0.0,1.0,1.0,0.0,0.0,1.0,0.0,0.0,0.0,1.0,0.0,1.0,0.0,0.0,0.0,1.0,0.0,0.0,1
69.0,14.0,4.04,5983.0,0.0,0.0,1.0,0.0,90.5,1.0,0.0,0.0,0.0,1.0,1.0,0.0,1.0,0.0,0.0,3.0,1.0,1.0,0.0,0.0,30.0,2595.85,0.0,121.2,0.0,0.0,1.0,0.0,0.0,1.0,0.0,1.0,0.0,0.0,1.0,0.0,1.0,0.0,0.0,0.0,0.0,1.0,0.0,0
60.0,27.0,6.73,4558.0,1.0,1.0,1.0,1.0,80.1,1.0,2.0,6.0,1.0,0.0,0.0,1.0,1.0,0.0,1.0,4.0,0.0,1.0,1.0,1.0,29.0,2211.8,0.0,195.17,0.0,0.0,1.0,1.0,0.0,0.0,0.0,1.0,0.0,1.0,0.0,0.0,1.0,0.0,0.0,0.0,0.0,1.0,0.0,0
50.0,0.0,1.2,3058.0,1.0,0.0,0.0,0.0,19.8,0.0,3.0,0.0,0.0,0.0,0.0,0.0,1.0,0.0,0.0,3.0,0.0,0.0,0.0,0.0,23.0,465.45,0.0,27.6,0.0,0.0,0.0,0.0,1.0,0.0,0.0,1.0,0.0,0.0,1.0,0.0,0.0,0.0,1.0,0.0,0.0,1.0,0.0,0
39.0,6.0,0.0,6395.0,0.0,0.0,1.0,1.0,50.95,0.0,0.0,10.0,1.0,1.0,1.0,1.0,0.0,1.0,1.0,3.0,0.0,1.0,1.0,0.0,67.0,3521.7,0.0,0.0,0.0,0.0,1.0,0.0,0.0,1.0,0.0,1.0,0.0,1.0,0.0,0.0,1.0,0.0,0.0,0.0,1.0,0.0,0.0,0
73.0,26.0,3.23,5245.0,0.0,1.0,1.0,0.0,102.95,1.0,0.0,0.0,1.0,0.0,1.0,0.0,1.0,0.0,0.0,3.0,1.0,1.0,0.0,1.0,24.0,2496.7,0.0,77.52,0.0,0.0,1.0,1.0,0.0,0.0,0.0,1.0,0.0,0.0,1.0,0.0,1.0,0.0,0.0,0.0,0.0,1.0,0.0,1
33.0,8.0,38.93,6334.0,0.0,0.0,1.0,0.0,49.75,0.0,0.0,0.0,0.0,1.0,1.0,0.0,1.0,0.0,0.0,3.0,0.0,0.0,0.0,0.0,52.0,2535.55,0.0,2024.36,0.0,0.0,1.0,1.0,0.0,0.0,1.0,0.0,0.0,1.0,0.0,0.0,1.0,0.0,0.0,0.0,1.0,0.0,0.0,0
20.0,48.0,14.53,2590.0,0.0,0.0,1.0,1.0,73.65,1.0,0.0,5.0,0.0,0.0,1.0,1.0,1.0,1.0,1.0,5.0,0.0,1.0,1.0,1.0,23.0,1642.75,0.0,334.19,0.0,1.0,1.0,1.0,0.0,0.0,1.0,0.0,1.0,0.0,0.0,0.0,0.0,0.0,1.0,0.0,0.0,1.0,0.0,0
20.0,76.0,8.08,2810.0,1.0,0.0,1.0,0.0,55.25,0.0,1.0,0.0,1.0,1.0,1.0,0.0,1.0,0.0,0.0,1.0,0.0,0.0,0.0,0.0,40.0,2139.2,0.0,323.2,0.0,1.0,1.0,1.0,0.0,0.0,0.0,1.0,0.0,1.0,0.0,0.0,1.0,0.0,0.0,0.0,0.0,0.0,1.0,1
36.0,0.0,46.18,2997.0,0.0,0.0,0.0,0.0,24.25,1.0,0.0,0.0,0.0,0.0,1.0,0.0,1.0,0.0,0.0,3.0,0.0,0.0,0.0,0.0,38.0,914.4,0.0,1754.84,35.61,0.0,0.0,0.0,1.0,0.0,1.0,0.0,0.0,0.0,1.0,0.0,1.0,0.0,0.0,0.0,1.0,0.0,0.0,0
32.0,17.0,0.0,2793.0,1.0,0.0,1.0,1.0,29.6,0.0,2.0,1.0,0.0,1.0,1.0,1.0,0.0,0.0,1.0,4.0,0.0,0.0,0.0,0.0,11.0,346.45,0.0,0.0,27.24,0.0,1.0,1.0,0.0,0.0,1.0,0.0,0.0,1.0,0.0,0.0,1.0,0.0,0.0,0.0,1.0,0.0,0.0,0
27.0,47.0,23.88,5801.0,0.0,1.0,1.0,0.0,92.05,1.0,0.0,0.0,1.0,1.0,1.0,0.0,1.0,0.0,0.0,3.0,0.0,0.0,0.0,0.0,62.0,5755.8,0.0,1480.56,14.21,1.0,1.0,0.0,1.0,0.0,1.0,0.0,0.0,0.0,1.0,0.0,1.0,0.0,0.0,0.0,1.0,0.0,0.0,0
19.0,59.0,37.32,4081.0,0.0,1.0,1.0,0.0,88.8,1.0,0.0,0.0,1.0,1.0,1.0,0.0,1.0,1.0,0.0,3.0,0.0,1.0,1.0,1.0,67.0,5903.15,0.0,2500.44,0.0,1.0,1.0,0.0,1.0,0.0,0.0,1.0,0.0,1.0,0.0,1.0,0.0,0.0,0.0,0.0,1.0,0.0,0.0,0
39.0,7.0,31.88,3567.0,0.0,0.0,1.0,0.0,78.5,0.0,0.0,0.0,0.0,0.0,1.0,0.0,1.0,0.0,0.0,2.0,0.0,0.0,0.0,1.0,3.0,242.05,0.0,95.64,0.0,0.0,1.0,1.0,0.0,0.0,0.0,1.0,0.0,0.0,1.0,0.0,1.0,0.0,0.0,0.0,1.0,0.0,0.0,1
63.0,18.0,30.09,2675.0,0.0,0.0,1.0,0.0,89.1,0.0,0.0,0.0,0.0,0.0,1.0,0.0,1.0,0.0,0.0,4.0,0.0,1.0,1.0,1.0,38.0,3342.0,90.0,1143.42,0.0,0.0,0.0,0.0,1.0,0.0,1.0,0.0,0.0,0.0,1.0,0.0,0.0,1.0,0.0,0.0,0.0,0.0,1.0,0
20.0,59.0,46.68,3161.0,0.0,0.0,1.0,0.0,55.15,0.0,0.0,0.0,0.0,1.0,0.0,0.0,1.0,1.0,0.0,4.0,0.0,0.0,1.0,0.0,13.0,742.9,0.0,606.84,0.0,1.0,1.0,0.0,1.0,0.0,1.0,0.0,0.0,1.0,0.0,0.0,0.0,0.0,1.0,0.0,0.0,1.0,0.0,0
60.0,24.0,9.53,5421.0,0.0,1.0,1.0,0.0,85.95,0.0,0.0,0.0,1.0,0.0,1.0,0.0,1.0,1.0,0.0,3.0,0.0,0.0,0.0,0.0,24.0,2107.15,0.0,228.72,0.0,0.0,1.0,1.0,0.0,0.0,0.0,1.0,0.0,0.0,1.0,0.0,1.0,0.0,0.0,0.0,1.0,0.0,0.0,0
32.0,30.0,15.12,4753.0,0.0,1.0,1.0,1.0,84.2,1.0,0.0,4.0,1.0,0.0,0.0,1.0,1.0,1.0,1.0,4.0,0.0,1.0,1.0,1.0,71.0,5956.85,0.0,1073.52,0.0,0.0,1.0,0.0,0.0,1.0,0.0,1.0,0.0,1.0,0.0,0.0,1.0,0.0,0.0,0.0,0.0,1.0,0.0,0
49.0,0.0,8.91,4671.0,0.0,0.0,0.0,1.0,23.65,1.0,0.0,4.0,0.0,0.0,0.0,1.0,1.0,0.0,1.0,4.0,0.0,0.0,0.0,0.0,62.0,1416.75,0.0,552.42,0.0,0.0,0.0,0.0,0.0,1.0,1.0,0.0,0.0,0.0,1.0,0.0,1.0,0.0,0.0,0.0,1.0,0.0,0.0,0
23.0,73.0,16.77,5108.0,1.0,0.0,1.0,0.0,69.4,0.0,3.0,0.0,0.0,0.0,1.0,0.0,1.0,1.0,0.0,3.0,0.0,1.0,1.0,1.0,9.0,571.45,0.0,150.93,0.0,1.0,1.0,1.0,0.0,0.0,1.0,0.0,1.0,0.0,0.0,0.0,0.0,0.0,0.0,1.0,0.0,1.0,0.0,0
24.0,0.0,4.27,4722.0,1.0,0.0,0.0,1.0,24.05,1.0,2.0,4.0,0.0,0.0,0.0,1.0,1.0,0.0,1.0,5.0,0.0,0.0,0.0,0.0,70.0,1764.75,0.0,298.9,0.0,1.0,0.0,0.0,0.0,1.0,1.0,0.0,0.0,0.0,1.0,1.0,0.0,0.0,0.0,0.0,0.0,1.0,0.0,0
56.0,16.0,10.91,4909.0,0.0,0.0,1.0,0.0,44.45,0.0,0.0,0.0,0.0,0.0,0.0,0.0,1.0,0.0,0.0,3.0,0.0,0.0,0.0,0.0,8.0,369.3,0.0,87.28,0.0,0.0,1.0,1.0,0.0,0.0,1.0,0.0,0.0,1.0,0.0,0.0,1.0,0.0,0.0,0.0,0.0,1.0,0.0,0
25.0,0.0,8.82,5179.0,0.0,0.0,0.0,0.0,20.1,0.0,0.0,0.0,0.0,0.0,0.0,0.0,1.0,0.0,0.0,4.0,0.0,0.0,0.0,0.0,12.0,223.6,0.0,105.84,0.0,1.0,0.0,1.0,0.0,0.0,1.0,0.0,0.0,0.0,1.0,0.0,0.0,0.0,1.0,0.0,0.0,1.0,0.0,0
71.0,11.0,30.05,3368.0,0.0,0.0,1.0,0.0,69.05,0.0,0.0,0.0,0.0,0.0,1.0,0.0,1.0,0.0,0.0,3.0,1.0,0.0,0.0,0.0,5.0,318.5,0.0,150.25,0.0,0.0,1.0,1.0,0.0,0.0,1.0,0.0,0.0,0.0,1.0,0.0,1.0,0.0,0.0,0.0,0.0,1.0,0.0,1
72.0,28.0,0.0,5597.0,0.0,1.0,1.0,0.0,56.25,0.0,0.0,0.0,1.0,0.0,1.0,0.0,0.0,0.0,0.0,3.0,1.0,1.0,0.0,1.0,34.0,1765.95,0.0,0.0,0.0,0.0,1.0,0.0,0.0,1.0,1.0,0.0,0.0,1.0,0.0,0.0,1.0,0.0,0.0,0.0,1.0,0.0,0.0,0
41.0,10.0,5.01,4963.0,0.0,1.0,1.0,1.0,113.6,1.0,0.0,1.0,1.0,1.0,1.0,1.0,1.0,1.0,1.0,1.0,0.0,1.0,1.0,1.0,41.0,4594.95,0.0,205.41,0.0,0.0,1.0,1.0,0.0,0.0,1.0,0.0,0.0,0.0,1.0,0.0,1.0,0.0,0.0,0.0,1.0,0.0,0.0,1
19.0,82.0,4.39,4695.0,0.0,1.0,1.0,1.0,104.1,1.0,0.0,8.0,0.0,1.0,1.0,1.0,1.0,0.0,1.0,4.0,0.0,1.0,1.0,1.0,71.0,7412.25,0.0,311.69,0.0,1.0,1.0,0.0,1.0,0.0,1.0,0.0,0.0,0.0,1.0,1.0,0.0,0.0,0.0,0.0,0.0,1.0,0.0,0
61.0,21.0,49.2,4525.0,1.0,0.0,1.0,1.0,44.6,0.0,1.0,5.0,0.0,0.0,1.0,1.0,1.0,0.0,1.0,2.0,0.0,0.0,0.0,0.0,6.0,260.8,0.0,295.2,0.0,0.0,1.0,1.0,0.0,0.0,0.0,1.0,0.0,1.0,0.0,0.0,0.0,0.0,0.0,1.0,1.0,0.0,0.0,1
66.0,20.0,15.44,4045.0,0.0,1.0,1.0,1.0,91.55,0.0,0.0,1.0,0.0,0.0,1.0,1.0,1.0,1.0,1.0,5.0,1.0,1.0,1.0,0.0,16.0,1540.05,0.0,247.04,0.0,0.0,1.0,1.0,0.0,0.0,0.0,1.0,0.0,0.0,1.0,0.0,1.0,0.0,0.0,0.0,1.0,0.0,0.0,0
55.0,21.0,0.0,4517.0,0.0,0.0,1.0,1.0,23.45,0.0,0.0,3.0,0.0,0.0,1.0,1.0,0.0,0.0,1.0,2.0,0.0,0.0,0.0,0.0,1.0,23.45,0.0,0.0,0.0,0.0,1.0,1.0,0.0,0.0,0.0,1.0,0.0,1.0,0.0,0.0,0.0,0.0,0.0,1.0,1.0,0.0,0.0,1
44.0,0.0,24.48,4402.0,1.0,0.0,0.0,0.0,20.0,0.0,2.0,0.0,0.0,0.0,0.0,0.0,1.0,0.0,0.0,3.0,0.0,0.0,0.0,0.0,62.0,1250.1,0.0,1517.76,0.0,0.0,0.0,0.0,0.0,1.0,0.0,1.0,0.0,0.0,1.0,0.0,1.0,0.0,0.0,0.0,1.0,0.0,0.0,0
31.0,12.0,30.22,4602.0,1.0,0.0,1.0,0.0,91.0,1.0,1.0,0.0,1.0,0.0,1.0,0.0,1.0,0.0,0.0,4.0,0.0,0.0,0.0,1.0,15.0,1430.05,0.0,453.3,0.0,0.0,1.0,1.0,0.0,0.0,0.0,1.0,0.0,0.0,1.0,0.0,0.0,0.0,1.0,0.0,1.0,0.0,0.0,0
74.0,4.0,46.5,4990.0,0.0,0.0,1.0,1.0,86.65,1.0,0.0,2.0,0.0,0.0,1.0,1.0,1.0,0.0,1.0,1.0,1.0,1.0,0.0,0.0,10.0,856.65,0.0,465.0,0.0,0.0,1.0,1.0,0.0,0.0,0.0,1.0,1.0,0.0,0.0,0.0,1.0,0.0,0.0,0.0,1.0,0.0,0.0,1
45.0,57.0,26.66,4970.0,1.0,0.0,1.0,1.0,86.1,0.0,3.0,7.0,1.0,0.0,1.0,1.0,1.0,0.0,1.0,5.0,0.0,0.0,0.0,1.0,32.0,2723.75,130.0,853.12,0.0,0.0,0.0,1.0,0.0,0.0,1.0,0.0,0.0,0.0,1.0,0.0,1.0,0.0,0.0,0.0,1.0,0.0,0.0,0
40.0,0.0,30.86,5570.0,0.0,0.0,0.0,1.0,19.9,0.0,0.0,3.0,0.0,0.0,0.0,1.0,1.0,0.0,1.0,5.0,0.0,0.0,0.0,0.0,69.0,1363.45,0.0,2129.34,0.0,0.0,0.0,0.0,0.0,1.0,0.0,1.0,0.0,0.0,1.0,1.0,0.0,0.0,0.0,0.0,0.0,1.0,0.0,0
23.0,69.0,44.92,5762.0,0.0,1.0,1.0,1.0,89.8,1.0,0.0,3.0,1.0,1.0,0.0,1.0,1.0,1.0,1.0,3.0,0.0,1.0,1.0,1.0,72.0,6510.45,0.0,3234.24,0.0,1.0,1.0,0.0,0.0,1.0,1.0,0.0,0.0,1.0,0.0,0.0,1.0,0.0,0.0,0.0,0.0,1.0,0.0,0
54.0,4.0,22.56,2576.0,0.0,0.0,1.0,1.0,101.3,1.0,0.0,1.0,1.0,0.0,1.0,1.0,1.0,0.0,1.0,1.0,0.0,1.0,1.0,1.0,40.0,4113.1,0.0,902.4,0.0,0.0,1.0,1.0,0.0,0.0,0.0,1.0,1.0,0.0,0.0,0.0,1.0,0.0,0.0,0.0,1.0,0.0,0.0,1
49.0,22.0,48.89,4248.0,0.0,0.0,1.0,0.0,49.65,0.0,0.0,0.0,0.0,0.0,1.0,0.0,1.0,1.0,0.0,2.0,0.0,0.0,0.0,0.0,6.0,267.35,0.0,293.34,0.0,0.0,1.0,1.0,0.0,0.0,1.0,0.0,0.0,1.0,0.0,0.0,0.0,0.0,0.0,1.0,1.0,0.0,0.0,1
54.0,27.0,0.0,3882.0,0.0,0.0,1.0,1.0,33.15,0.0,0.0,7.0,0.0,1.0,0.0,1.0,0.0,1.0,1.0,3.0,0.0,0.0,0.0,0.0,12.0,444.75,0.0,0.0,0.0,0.0,1.0,0.0,1.0,0.0,1.0,0.0,0.0,1.0,0.0,0.0,1.0,0.0,0.0,0.0,0.0,1.0,0.0,0
42.0,3.0,2.5,4212.0,0.0,0.0,1.0,0.0,105.45,1.0,0.0,0.0,1.0,0.0,1.0,0.0,1.0,1.0,0.0,3.0,0.0,1.0,1.0,1.0,56.0,5916.95,0.0,140.0,0.0,0.0,1.0,1.0,0.0,0.0,1.0,0.0,0.0,0.0,1.0,0.0,1.0,0.0,0.0,0.0,1.0,0.0,0.0,0
33.0,0.0,6.36,5685.0,0.0,0.0,0.0,0.0,23.9,1.0,0.0,0.0,0.0,0.0,0.0,0.0,1.0,0.0,0.0,4.0,0.0,0.0,0.0,0.0,4.0,97.5,0.0,25.44,0.0,0.0,0.0,0.0,1.0,0.0,1.0,0.0,0.0,0.0,1.0,0.0,0.0,0.0,0.0,1.0,1.0,0.0,0.0,0
61.0,13.0,0.0,2987.0,0.0,0.0,1.0,1.0,35.15,0.0,0.0,1.0,0.0,0.0,1.0,1.0,0.0,0.0,1.0,2.0,0.0,1.0,1.0,0.0,3.0,99.75,0.0,0.0,0.0,0.0,1.0,1.0,0.0,0.0,0.0,1.0,1.0,0.0,0.0,0.0,0.0,0.0,0.0,1.0,1.0,0.0,0.0,1
67.0,27.0,0.0,2560.0,0.0,1.0,1.0,1.0,43.35,0.0,0.0,1.0,1.0,0.0,1.0,1.0,0.0,0.0,1.0,3.0,1.0,1.0,0.0,0.0,8.0,371.4,0.0,0.0,0.0,0.0,1.0,0.0,0.0,1.0,0.0,1.0,1.0,0.0,0.0,0.0,1.0,0.0,0.0,0.0,0.0,1.0,0.0,0
36.0,17.0,12.82,4595.0,0.0,1.0,1.0,0.0,79.85,1.0,0.0,0.0,1.0,1.0,1.0,0.0,1.0,1.0,0.0,3.0,0.0,0.0,0.0,1.0,63.0,4861.45,0.0,807.66,0.0,0.0,1.0,0.0,0.0,1.0,1.0,0.0,0.0,1.0,0.0,0.0,1.0,0.0,0.0,0.0,0.0,1.0,0.0,0
75.0,22.0,46.05,4819.0,0.0,0.0,1.0,1.0,84.0,1.0,0.0,1.0,0.0,0.0,1.0,1.0,1.0,0.0,1.0,3.0,1.0,1.0,0.0,0.0,8.0,613.4,0.0,368.4,0.0,0.0,1.0,1.0,0.0,0.0,1.0,0.0,0.0,0.0,1.0,0.0,1.0,0.0,0.0,0.0,1.0,0.0,0.0,1
59.0,76.0,31.45,5975.0,1.0,1.0,1.0,1.0,74.05,0.0,3.0,4.0,1.0,1.0,0.0,1.0,1.0,1.0,1.0,3.0,0.0,0.0,0.0,1.0,38.0,2802.3,0.0,1195.1,0.0,0.0,1.0,0.0,1.0,0.0,0.0,1.0,0.0,1.0,0.0,0.0,1.0,0.0,0.0,0.0,1.0,0.0,0.0,0
38.0,11.0,25.16,5246.0,0.0,0.0,1.0,1.0,74.7,0.0,0.0,10.0,0.0,1.0,1.0,1.0,1.0,1.0,1.0,4.0,0.0,1.0,1.0,1.0,41.0,3187.65,0.0,1031.56,0.0,0.0,1.0,0.0,1.0,0.0,1.0,0.0,0.0,1.0,0.0,0.0,1.0,0.0,0.0,0.0,0.0,1.0,0.0,0
46.0,29.0,10.99,5846.0,0.0,0.0,1.0,0.0,44.05,0.0,0.0,0.0,0.0,0.0,1.0,0.0,1.0,0.0,0.0,5.0,0.0,0.0,0.0,0.0,5.0,202.15,0.0,54.95,0.0,0.0,1.0,1.0,0.0,0.0,1.0,0.0,0.0,1.0,0.0,0.0,1.0,0.0,0.0,0.0,0.0,1.0,0.0,0
39.0,23.0,33.22,5943.0,0.0,1.0,1.0,1.0,94.65,0.0,0.0,9.0,0.0,0.0,1.0,1.0,1.0,0.0,1.0,3.0,0.0,1.0,1.0,1.0,72.0,6747.35,0.0,2391.84,0.0,0.0,1.0,1.0,0.0,0.0,0.0,1.0,0.0,0.0,1.0,0.0,1.0,0.0,0.0,0.0,1.0,0.0,0.0,0
52.0,8.0,44.67,6043.0,0.0,0.0,1.0,0.0,80.65,1.0,0.0,0.0,0.0,0.0,0.0,0.0,1.0,1.0,0.0,5.0,0.0,0.0,0.0,0.0,58.0,4807.35,0.0,2590.86,0.0,0.0,1.0,1.0,0.0,0.0,0.0,1.0,0.0,0.0,1.0,0.0,1.0,0.0,0.0,0.0,1.0,0.0,0.0,0
77.0,20.0,49.6,3106.0,0.0,1.0,1.0,0.0,88.8,1.0,0.0,0.0,0.0,0.0,1.0,0.0,1.0,0.0,0.0,1.0,1.0,0.0,0.0,1.0,1.0,88.8,10.0,49.6,0.0,0.0,0.0,1.0,0.0,0.0,0.0,1.0,0.0,0.0,1.0,0.0,1.0,0.0,0.0,0.0,1.0,0.0,0.0,1
36.0,5.0,30.96,3420.0,0.0,0.0,1.0,0.0,50.55,0.0,0.0,0.0,1.0,0.0,0.0,0.0,1.0,0.0,0.0,1.0,0.0,0.0,0.0,0.0,1.0,50.55,0.0,30.96,0.0,0.0,1.0,1.0,0.0,0.0,1.0,0.0,0.0,1.0,0.0,0.0,1.0,0.0,0.0,0.0,1.0,0.0,0.0,1
29.0,46.0,13.04,5341.0,0.0,0.0,1.0,0.0,69.95,0.0,0.0,0.0,0.0,0.0,1.0,0.0,1.0,0.0,0.0,3.0,0.0,0.0,0.0,0.0,1.0,69.95,0.0,13.04,0.0,1.0,1.0,1.0,0.0,0.0,1.0,0.0,0.0,0.0,1.0,0.0,0.0,0.0,0.0,1.0,0.0,1.0,0.0,1
30.0,0.0,8.23,5537.0,0.0,0.0,0.0,0.0,19.55,0.0,0.0,0.0,0.0,0.0,0.0,0.0,1.0,0.0,0.0,4.0,0.0,0.0,0.0,0.0,1.0,19.55,0.0,8.23,0.0,0.0,0.0,1.0,0.0,0.0,1.0,0.0,0.0,0.0,1.0,0.0,1.0,0.0,0.0,0.0,0.0,1.0,0.0,0
26.0,59.0,39.67,3291.0,0.0,0.0,1.0,1.0,76.1,0.0,0.0,0.0,1.0,0.0,1.0,1.0,1.0,0.0,0.0,3.0,0.0,0.0,0.0,0.0,27.0,2093.4,0.0,1071.09,30.14,1.0,1.0,1.0,0.0,0.0,1.0,0.0,0.0,0.0,1.0,0.0,0.0,1.0,0.0,0.0,1.0,0.0,0.0,0
26.0,27.0,36.29,4233.0,0.0,1.0,1.0,1.0,99.5,1.0,0.0,1.0,0.0,0.0,1.0,1.0,1.0,0.0,1.0,1.0,0.0,1.0,1.0,1.0,37.0,3762.0,0.0,1342.73,0.0,1.0,1.0,1.0,0.0,0.0,1.0,0.0,0.0,0.0,1.0,0.0,1.0,0.0,0.0,0.0,1.0,0.0,0.0,1
53.0,0.0,11.61,5384.0,0.0,0.0,0.0,0.0,20.45,0.0,0.0,0.0,0.0,0.0,1.0,0.0,1.0,0.0,0.0,3.0,0.0,0.0,0.0,0.0,1.0,20.45,0.0,11.61,0.0,0.0,0.0,1.0,0.0,0.0,0.0,1.0,0.0,0.0,1.0,0.0,1.0,0.0,0.0,0.0,0.0,0.0,1.0,0
65.0,9.0,36.49,4872.0,0.0,1.0,1.0,1.0,105.85,0.0,0.0,10.0,1.0,0.0,1.0,1.0,1.0,1.0,1.0,4.0,1.0,1.0,1.0,1.0,65.0,6725.5,0.0,2371.85,0.0,0.0,1.0,0.0,0.0,1.0,1.0,0.0,0.0,0.0,1.0,0.0,1.0,0.0,0.0,0.0,0.0,1.0,0.0,0
21.0,51.0,42.68,6193.0,0.0,1.0,1.0,1.0,113.95,1.0,0.0,3.0,1.0,1.0,0.0,1.0,1.0,1.0,1.0,3.0,0.0,1.0,1.0,1.0,62.0,6891.4,0.0,2646.16,0.0,1.0,1.0,0.0,0.0,1.0,1.0,0.0,0.0,0.0,1.0,0.0,1.0,0.0,0.0,0.0,0.0,1.0,0.0,0
22.0,58.0,35.6,3638.0,0.0,0.0,1.0,1.0,55.2,0.0,0.0,0.0,0.0,0.0,0.0,1.0,1.0,0.0,0.0,2.0,0.0,0.0,1.0,1.0,1.0,55.2,0.0,35.6,0.0,1.0,1.0,1.0,0.0,0.0,1.0,0.0,0.0,1.0,0.0,0.0,1.0,0.0,0.0,0.0,0.0,1.0,0.0,1
44.0,12.0,25.19,2406.0,0.0,1.0,1.0,0.0,106.7,1.0,0.0,0.0,1.0,0.0,1.0,0.0,1.0,0.0,0.0,2.0,0.0,1.0,1.0,1.0,12.0,1253.9,0.0,302.28,0.0,0.0,1.0,1.0,0.0,0.0,0.0,1.0,0.0,0.0,1.0,0.0,1.0,0.0,0.0,0.0,1.0,0.0,0.0,1
22.0,0.0,46.27,4221.0,0.0,0.0,0.0,1.0,19.4,0.0,0.0,3.0,0.0,0.0,1.0,1.0,1.0,0.0,1.0,3.0,0.0,0.0,0.0,0.0,61.0,1182.55,0.0,2822.47,0.0,1.0,0.0,1.0,0.0,0.0,1.0,0.0,0.0,0.0,1.0,0.0,1.0,0.0,0.0,0.0,0.0,1.0,0.0,1
29.0,59.0,48.45,3446.0,0.0,0.0,1.0,0.0,49.45,0.0,0.0,0.0,0.0,0.0,1.0,0.0,1.0,1.0,0.0,4.0,0.0,0.0,0.0,0.0,16.0,799.0,0.0,775.2,0.0,1.0,1.0,1.0,0.0,0.0,0.0,1.0,0.0,1.0,0.0,0.0,1.0,0.0,0.0,0.0,0.0,1.0,0.0,0
32.0,26.0,5.07,5630.0,0.0,0.0,1.0,1.0,74.05,0.0,0.0,1.0,1.0,0.0,1.0,1.0,1.0,0.0,1.0,3.0,0.0,0.0,0.0,0.0,21.0,1565.7,0.0,106.47,0.0,0.0,1.0,1.0,0.0,0.0,1.0,0.0,0.0,0.0,1.0,0.0,1.0,0.0,0.0,0.0,1.0,0.0,0.0,1
72.0,8.0,12.98,3583.0,0.0,0.0,1.0,1.0,71.55,0.0,0.0,2.0,0.0,0.0,0.0,1.0,1.0,0.0,1.0,3.0,1.0,0.0,0.0,0.0,34.0,2427.35,0.0,441.32,0.0,0.0,1.0,0.0,0.0,1.0,0.0,1.0,0.0,0.0,1.0,0.0,1.0,0.0,0.0,0.0,0.0,1.0,0.0,0
34.0,56.0,25.34,5806.0,1.0,0.0,1.0,0.0,78.95,1.0,3.0,0.0,0.0,1.0,1.0,0.0,1.0,0.0,0.0,1.0,0.0,0.0,0.0,0.0,12.0,927.35,80.0,304.08,0.0,0.0,0.0,1.0,0.0,0.0,1.0,0.0,0.0,0.0,1.0,0.0,1.0,0.0,0.0,0.0,1.0,0.0,0.0,1
34.0,53.0,8.69,3457.0,1.0,1.0,1.0,1.0,75.15,0.0,5.0,1.0,0.0,0.0,1.0,1.0,1.0,0.0,1.0,1.0,0.0,0.0,0.0,0.0,7.0,496.9,0.0,60.83,0.0,0.0,1.0,1.0,0.0,0.0,1.0,0.0,0.0,0.0,1.0,0.0,1.0,0.0,0.0,0.0,1.0,0.0,0.0,1
21.0,69.0,39.19,3255.0,0.0,0.0,1.0,0.0,55.25,0.0,0.0,0.0,0.0,0.0,1.0,0.0,1.0,0.0,0.0,5.0,0.0,1.0,1.0,0.0,1.0,55.25,60.0,39.19,0.0,1.0,0.0,1.0,0.0,0.0,0.0,1.0,0.0,1.0,0.0,0.0,1.0,0.0,0.0,0.0,1.0,0.0,0.0,0
47.0,21.0,22.42,5722.0,0.0,0.0,1.0,1.0,90.55,1.0,0.0,4.0,1.0,1.0,1.0,1.0,1.0,1.0,1.0,4.0,0.0,0.0,0.0,0.0,31.0,2929.75,0.0,695.02,0.0,0.0,1.0,1.0,0.0,0.0,0.0,1.0,0.0,0.0,1.0,0.0,0.0,1.0,0.0,0.0,0.0,1.0,0.0,0
56.0,28.0,25.3,3282.0,0.0,1.0,1.0,1.0,66.4,0.0,0.0,7.0,0.0,0.0,1.0,1.0,1.0,1.0,1.0,4.0,0.0,1.0,1.0,0.0,31.0,2019.8,0.0,784.3,0.0,0.0,1.0,1.0,0.0,0.0,0.0,1.0,1.0,0.0,0.0,0.0,0.0,1.0,0.0,0.0,0.0,1.0,0.0,0
70.0,5.0,12.08,4149.0,0.0,0.0,1.0,0.0,82.45,1.0,0.0,0.0,1.0,1.0,0.0,0.0,1.0,1.0,0.0,1.0,1.0,1.0,1.0,1.0,54.0,4350.1,0.0,652.32,0.0,0.0,1.0,0.0,1.0,0.0,1.0,0.0,0.0,1.0,0.0,0.0,1.0,0.0,0.0,0.0,1.0,0.0,0.0,1
64.0,0.0,32.93,5623.0,0.0,0.0,0.0,1.0,24.45,1.0,0.0,7.0,0.0,0.0,1.0,1.0,1.0,0.0,1.0,3.0,0.0,0.0,0.0,0.0,56.0,1431.65,0.0,1844.08,0.0,0.0,0.0,0.0,1.0,0.0,0.0,1.0,0.0,0.0,1.0,0.0,1.0,0.0,0.0,0.0,0.0,0.0,1.0,0
36.0,5.0,27.88,6432.0,0.0,1.0,1.0,1.0,79.8,1.0,0.0,7.0,1.0,0.0,1.0,1.0,1.0,0.0,1.0,5.0,0.0,1.0,1.0,1.0,61.0,4914.8,70.0,1700.68,0.0,0.0,0.0,0.0,1.0,0.0,0.0,1.0,0.0,1.0,0.0,0.0,1.0,0.0,0.0,0.0,1.0,0.0,0.0,0
65.0,22.0,25.19,3594.0,0.0,1.0,1.0,1.0,91.05,1.0,0.0,1.0,0.0,0.0,1.0,1.0,1.0,0.0,1.0,4.0,1.0,1.0,1.0,0.0,48.0,4370.75,0.0,1209.12,0.0,0.0,1.0,0.0,0.0,1.0,0.0,1.0,0.0,0.0,1.0,0.0,1.0,0.0,0.0,0.0,0.0,1.0,0.0,0
44.0,16.0,12.17,4126.0,0.0,0.0,1.0,0.0,97.0,0.0,0.0,0.0,1.0,0.0,1.0,0.0,1.0,0.0,0.0,5.0,0.0,1.0,1.0,1.0,30.0,3021.3,0.0,365.1,0.0,0.0,1.0,0.0,1.0,0.0,0.0,1.0,0.0,0.0,1.0,0.0,1.0,0.0,0.0,0.0,1.0,0.0,0.0,0
69.0,19.0,45.88,2482.0,0.0,1.0,1.0,0.0,91.7,1.0,0.0,0.0,1.0,1.0,0.0,0.0,1.0,0.0,0.0,1.0,1.0,0.0,0.0,0.0,30.0,2758.15,0.0,1376.4,0.0,0.0,1.0,1.0,0.0,0.0,1.0,0.0,0.0,0.0,1.0,0.0,1.0,0.0,0.0,0.0,0.0,1.0,0.0,1
59.0,22.0,25.89,3137.0,1.0,0.0,1.0,1.0,65.5,0.0,1.0,1.0,1.0,0.0,1.0,1.0,1.0,1.0,1.0,5.0,0.0,1.0,1.0,0.0,10.0,616.9,0.0,258.9,0.0,0.0,1.0,1.0,0.0,0.0,1.0,0.0,0.0,1.0,0.0,0.0,0.0,0.0,1.0,0.0,1.0,0.0,0.0,0
48.0,15.0,17.53,2934.0,0.0,0.0,1.0,0.0,74.95,1.0,0.0,0.0,0.0,0.0,1.0,0.0,1.0,0.0,0.0,2.0,0.0,0.0,0.0,0.0,26.0,1834.95,0.0,455.78,0.0,0.0,1.0,1.0,0.0,0.0,1.0,0.0,0.0,0.0,1.0,0.0,1.0,0.0,0.0,0.0,1.0,0.0,0.0,1
34.0,11.0,42.85,4577.0,1.0,0.0,1.0,1.0,49.7,0.0,2.0,2.0,0.0,1.0,1.0,1.0,1.0,0.0,1.0,3.0,0.0,0.0,0.0,0.0,61.0,2961.4,0.0,2613.85,0.0,0.0,1.0,0.0,1.0,0.0,1.0,0.0,0.0,1.0,0.0,0.0,1.0,0.0,0.0,0.0,1.0,0.0,0.0,0
68.0,12.0,9.09,4074.0,0.0,0.0,1.0,0.0,89.15,1.0,0.0,0.0,1.0,0.0,1.0,0.0,1.0,0.0,0.0,1.0,1.0,0.0,0.0,1.0,26.0,2277.65,0.0,236.34,0.0,0.0,1.0,1.0,0.0,0.0,1.0,0.0,0.0,0.0,1.0,0.0,0.0,1.0,0.0,0.0,1.0,0.0,0.0,1
32.0,17.0,7.65,3415.0,0.0,0.0,1.0,0.0,62.25,0.0,0.0,0.0,0.0,1.0,0.0,0.0,1.0,1.0,0.0,3.0,0.0,0.0,0.0,1.0,10.0,612.95,0.0,76.5,0.0,0.0,1.0,1.0,0.0,0.0,0.0,1.0,0.0,1.0,0.0,0.0,0.0,0.0,1.0,0.0,1.0,0.0,0.0,0
43.0,19.0,6.53,6148.0,1.0,0.0,1.0,1.0,60.05,0.0,2.0,1.0,1.0,1.0,0.0,1.0,1.0,1.0,1.0,4.0,0.0,0.0,0.0,0.0,67.0,3994.05,0.0,437.51,0.0,0.0,1.0,0.0,1.0,0.0,0.0,1.0,1.0,0.0,0.0,0.0,1.0,0.0,0.0,0.0,0.0,1.0,0.0,0
21.0,47.0,19.3,3131.0,0.0,0.0,1.0,1.0,75.5,0.0,0.0,6.0,0.0,1.0,1.0,1.0,1.0,0.0,1.0,3.0,0.0,0.0,0.0,0.0,32.0,2324.7,0.0,617.6,0.0,1.0,1.0,1.0,0.0,0.0,1.0,0.0,0.0,0.0,1.0,0.0,0.0,1.0,0.0,0.0,1.0,0.0,0.0,0
38.0,19.0,37.94,2698.0,0.0,1.0,1.0,0.0,100.45,0.0,0.0,0.0,0.0,1.0,1.0,0.0,1.0,0.0,0.0,4.0,0.0,1.0,1.0,1.0,39.0,3801.7,0.0,1479.66,0.0,0.0,1.0,0.0,0.0,1.0,0.0,1.0,0.0,0.0,1.0,0.0,1.0,0.0,0.0,0.0,1.0,0.0,0.0,0
40.0,0.0,16.91,3192.0,0.0,0.0,0.0,0.0,19.65,0.0,0.0,0.0,0.0,0.0,0.0,0.0,1.0,0.0,0.0,3.0,0.0,0.0,0.0,0.0,1.0,19.65,0.0,16.91,0.0,0.0,0.0,1.0,0.0,0.0,0.0,1.0,0.0,0.0,1.0,0.0,1.0,0.0,0.0,0.0,0.0,1.0,0.0,0
39.0,53.0,26.24,2545.0,1.0,1.0,1.0,0.0,64.4,1.0,3.0,0.0,1.0,1.0,1.0,0.0,1.0,0.0,0.0,4.0,0.0,0.0,0.0,0.0,48.0,3035.35,0.0,1259.52,0.0,0.0,1.0,0.0,1.0,0.0,0.0,1.0,1.0,0.0,0.0,0.0,1.0,0.0,0.0,0.0,1.0,0.0,0.0,0
22.0,73.0,41.61,4461.0,0.0,1.0,1.0,1.0,103.7,1.0,0.0,1.0,0.0,1.0,1.0,1.0,1.0,0.0,1.0,2.0,0.0,1.0,1.0,1.0,33.0,3467.0,0.0,1373.13,0.0,1.0,1.0,0.0,1.0,0.0,1.0,0.0,0.0,0.0,1.0,0.0,0.0,1.0,0.0,0.0,0.0,0.0,1.0,1
55.0,5.0,0.0,2044.0,0.0,0.0,1.0,1.0,33.55,0.0,0.0,1.0,1.0,0.0,0.0,1.0,0.0,1.0,1.0,2.0,0.0,0.0,0.0,0.0,42.0,1445.3,50.0,0.0,0.0,0.0,0.0,0.0,1.0,0.0,1.0,0.0,1.0,0.0,0.0,0.0,1.0,0.0,0.0,0.0,0.0,0.0,1.0,1
51.0,30.0,30.52,5679.0,0.0,0.0,1.0,0.0,85.0,1.0,0.0,0.0,0.0,0.0,1.0,0.0,1.0,0.0,0.0,3.0,0.0,1.0,1.0,0.0,1.0,85.0,0.0,30.52,0.0,0.0,1.0,1.0,0.0,0.0,1.0,0.0,0.0,0.0,1.0,0.0,0.0,0.0,0.0,1.0,1.0,0.0,0.0,1
70.0,30.0,16.85,3320.0,0.0,1.0,1.0,0.0,84.6,0.0,0.0,0.0,0.0,0.0,1.0,0.0,1.0,0.0,0.0,3.0,1.0,1.0,1.0,0.0,10.0,865.55,0.0,168.5,0.0,0.0,1.0,1.0,0.0,0.0,1.0,0.0,0.0,0.0,1.0,0.0,1.0,0.0,0.0,0.0,0.0,1.0,0.0,1
60.0,0.0,49.8,5397.0,0.0,0.0,0.0,0.0,20.4,0.0,0.0,0.0,0.0,0.0,0.0,0.0,1.0,0.0,0.0,4.0,0.0,0.0,0.0,0.0,11.0,231.45,0.0,547.8,0.0,0.0,0.0,0.0,0.0,1.0,0.0,1.0,0.0,0.0,1.0,0.0,0.0,0.0,1.0,0.0,0.0,1.0,0.0,0
25.0,52.0,0.0,2270.0,0.0,0.0,1.0,0.0,45.0,0.0,0.0,0.0,0.0,0.0,0.0,0.0,0.0,0.0,0.0,5.0,0.0,1.0,1.0,1.0,6.0,298.7,0.0,0.0,0.0,1.0,1.0,1.0,0.0,0.0,1.0,0.0,1.0,0.0,0.0,0.0,0.0,0.0,0.0,1.0,0.0,1.0,0.0,0
48.0,28.0,18.2,4846.0,0.0,1.0,1.0,0.0,77.35,0.0,0.0,0.0,1.0,1.0,0.0,0.0,1.0,1.0,0.0,3.0,0.0,0.0,0.0,1.0,71.0,5550.1,0.0,1292.2,0.0,0.0,1.0,0.0,0.0,1.0,1.0,0.0,0.0,1.0,0.0,1.0,0.0,0.0,0.0,0.0,0.0,1.0,0.0,0
47.0,14.0,0.0,3463.0,0.0,1.0,1.0,0.0,35.3,0.0,0.0,0.0,0.0,1.0,0.0,0.0,0.0,0.0,0.0,4.0,0.0,0.0,0.0,0.0,7.0,264.8,0.0,0.0,0.0,0.0,1.0,0.0,1.0,0.0,0.0,1.0,0.0,1.0,0.0,0.0,1.0,0.0,0.0,0.0,0.0,1.0,0.0,0
50.0,11.0,6.95,5111.0,0.0,1.0,1.0,0.0,50.9,0.0,0.0,0.0,0.0,0.0,0.0,0.0,1.0,0.0,0.0,1.0,0.0,0.0,0.0,0.0,1.0,50.9,0.0,6.95,0.0,0.0,1.0,1.0,0.0,0.0,0.0,1.0,0.0,1.0,0.0,0.0,0.0,0.0,0.0,1.0,0.0,1.0,0.0,1
40.0,0.0,29.06,5243.0,1.0,0.0,0.0,1.0,24.95,1.0,2.0,9.0,0.0,0.0,1.0,1.0,1.0,0.0,1.0,5.0,0.0,0.0,0.0,0.0,56.0,1468.9,0.0,1627.36,0.0,0.0,0.0,0.0,0.0,1.0,1.0,0.0,0.0,0.0,1.0,0.0,1.0,0.0,0.0,0.0,0.0,1.0,0.0,0
75.0,5.0,28.5,4680.0,0.0,1.0,1.0,1.0,102.65,1.0,0.0,5.0,1.0,1.0,1.0,1.0,1.0,0.0,1.0,3.0,1.0,1.0,0.0,0.0,72.0,7550.3,0.0,2052.0,0.0,0.0,1.0,0.0,0.0,1.0,0.0,1.0,0.0,0.0,1.0,0.0,1.0,0.0,0.0,0.0,0.0,1.0,0.0,0
27.0,85.0,8.94,4465.0,0.0,0.0,1.0,1.0,95.65,1.0,0.0,1.0,1.0,0.0,1.0,1.0,1.0,1.0,1.0,3.0,0.0,1.0,1.0,0.0,52.0,5088.4,0.0,464.88,11.8,1.0,1.0,1.0,0.0,0.0,0.0,1.0,0.0,0.0,1.0,0.0,1.0,0.0,0.0,0.0,0.0,1.0,0.0,0
52.0,0.0,26.85,5355.0,0.0,0.0,0.0,0.0,20.05,0.0,0.0,0.0,0.0,0.0,0.0,0.0,1.0,0.0,0.0,4.0,0.0,0.0,0.0,0.0,11.0,237.7,0.0,295.35,0.0,0.0,0.0,0.0,1.0,0.0,1.0,0.0,0.0,0.0,1.0,0.0,1.0,0.0,0.0,0.0,0.0,1.0,0.0,0
48.0,28.0,44.57,6247.0,0.0,0.0,1.0,0.0,105.2,1.0,0.0,0.0,1.0,0.0,1.0,0.0,1.0,1.0,0.0,3.0,0.0,1.0,1.0,1.0,69.0,7386.05,0.0,3075.33,0.0,0.0,1.0,0.0,1.0,0.0,0.0,1.0,0.0,0.0,1.0,1.0,0.0,0.0,0.0,0.0,1.0,0.0,0.0,0
55.0,17.0,40.52,4296.0,0.0,0.0,1.0,1.0,93.7,1.0,0.0,2.0,0.0,0.0,1.0,1.0,1.0,0.0,1.0,3.0,0.0,1.0,1.0,1.0,71.0,6585.35,0.0,2876.92,0.0,0.0,1.0,0.0,0.0,1.0,1.0,0.0,0.0,0.0,1.0,1.0,0.0,0.0,0.0,0.0,1.0,0.0,0.0,1
56.0,7.0,29.6,5009.0,0.0,1.0,1.0,1.0,95.95,0.0,0.0,9.0,0.0,0.0,1.0,1.0,1.0,0.0,1.0,3.0,0.0,1.0,1.0,1.0,18.0,1745.5,0.0,532.8,6.72,0.0,1.0,1.0,0.0,0.0,1.0,0.0,0.0,0.0,1.0,0.0,0.0,0.0,1.0,0.0,0.0,1.0,0.0,0
23.0,42.0,38.03,3403.0,0.0,0.0,1.0,1.0,78.15,1.0,0.0,4.0,0.0,1.0,1.0,1.0,1.0,0.0,1.0,3.0,0.0,0.0,0.0,0.0,10.0,765.15,0.0,380.3,0.0,1.0,1.0,1.0,0.0,0.0,1.0,0.0,0.0,0.0,1.0,0.0,1.0,0.0,0.0,0.0,0.0,1.0,0.0,0
55.0,5.0,13.65,2708.0,0.0,0.0,1.0,0.0,90.0,1.0,0.0,0.0,1.0,0.0,1.0,0.0,1.0,0.0,0.0,1.0,0.0,0.0,0.0,1.0,18.0,1527.35,0.0,245.7,0.0,0.0,1.0,1.0,0.0,0.0,1.0,0.0,0.0,0.0,1.0,0.0,1.0,0.0,0.0,0.0,0.0,1.0,0.0,1
44.0,27.0,35.54,3207.0,0.0,0.0,1.0,0.0,74.25,1.0,0.0,0.0,0.0,0.0,1.0,0.0,1.0,0.0,0.0,3.0,0.0,0.0,0.0,0.0,3.0,210.3,0.0,106.62,0.0,0.0,1.0,1.0,0.0,0.0,1.0,0.0,0.0,0.0,1.0,0.0,1.0,0.0,0.0,0.0,1.0,0.0,0.0,1
22.0,59.0,8.38,4776.0,0.0,0.0,1.0,0.0,99.9,1.0,0.0,0.0,1.0,0.0,0.0,0.0,1.0,0.0,0.0,3.0,0.0,1.0,1.0,1.0,63.0,6137.0,0.0,527.94,0.0,1.0,1.0,0.0,1.0,0.0,1.0,0.0,0.0,0.0,1.0,0.0,1.0,0.0,0.0,0.0,1.0,0.0,0.0,1
29.0,53.0,31.88,2333.0,0.0,0.0,1.0,1.0,69.1,0.0,0.0,7.0,1.0,0.0,1.0,1.0,1.0,0.0,1.0,5.0,0.0,1.0,1.0,1.0,46.0,3168.0,0.0,1466.48,0.0,1.0,1.0,1.0,0.0,0.0,1.0,0.0,0.0,1.0,0.0,0.0,1.0,0.0,0.0,0.0,0.0,1.0,0.0,0
51.0,25.0,0.0,5658.0,0.0,0.0,1.0,0.0,35.8,0.0,0.0,0.0,0.0,0.0,0.0,0.0,0.0,0.0,0.0,3.0,0.0,0.0,0.0,1.0,37.0,1316.9,100.0,0.0,0.0,0.0,0.0,0.0,0.0,1.0,0.0,1.0,0.0,1.0,0.0,0.0,1.0,0.0,0.0,0.0,0.0,1.0,0.0,0
48.0,23.0,12.48,4285.0,1.0,1.0,1.0,0.0,79.5,0.0,2.0,0.0,1.0,0.0,1.0,0.0,1.0,1.0,0.0,4.0,0.0,1.0,1.0,1.0,66.0,5196.1,0.0,823.68,0.0,0.0,1.0,0.0,0.0,1.0,0.0,1.0,0.0,1.0,0.0,1.0,0.0,0.0,0.0,0.0,0.0,1.0,0.0,0
35.0,18.0,0.0,3007.0,0.0,1.0,1.0,0.0,33.7,0.0,0.0,0.0,0.0,0.0,0.0,0.0,0.0,1.0,0.0,3.0,0.0,0.0,0.0,0.0,46.0,1537.85,0.0,0.0,0.0,0.0,1.0,0.0,1.0,0.0,0.0,1.0,0.0,1.0,0.0,0.0,1.0,0.0,0.0,0.0,0.0,1.0,0.0,0
57.0,11.0,11.32,4131.0,0.0,0.0,1.0,0.0,59.9,0.0,0.0,0.0,1.0,1.0,1.0,0.0,1.0,1.0,0.0,3.0,0.0,0.0,0.0,0.0,28.0,1654.7,0.0,316.96,0.0,0.0,1.0,0.0,1.0,0.0,1.0,0.0,0.0,1.0,0.0,0.0,0.0,1.0,0.0,0.0,1.0,0.0,0.0,0
51.0,6.0,14.69,5268.0,0.0,1.0,1.0,1.0,105.35,1.0,0.0,3.0,0.0,0.0,0.0,1.0,1.0,1.0,1.0,5.0,0.0,1.0,1.0,1.0,69.0,7240.65,50.0,1013.61,0.0,0.0,0.0,0.0,0.0,1.0,1.0,0.0,0.0,0.0,1.0,0.0,1.0,0.0,0.0,0.0,1.0,0.0,0.0,0
39.0,53.0,9.0,5969.0,1.0,0.0,1.0,0.0,49.9,0.0,3.0,0.0,0.0,1.0,0.0,0.0,1.0,0.0,0.0,3.0,0.0,0.0,0.0,0.0,1.0,49.9,0.0,9.0,0.0,0.0,1.0,1.0,0.0,0.0,1.0,0.0,1.0,0.0,0.0,0.0,0.0,0.0,0.0,1.0,0.0,1.0,0.0,0
27.0,0.0,49.51,5657.0,1.0,0.0,0.0,1.0,19.9,0.0,2.0,2.0,0.0,0.0,0.0,1.0,1.0,0.0,1.0,4.0,0.0,0.0,0.0,0.0,22.0,400.3,0.0,1089.22,0.0,1.0,0.0,1.0,0.0,0.0,1.0,0.0,0.0,0.0,1.0,0.0,0.0,0.0,1.0,0.0,0.0,1.0,0.0,0
40.0,27.0,24.71,5019.0,1.0,1.0,1.0,1.0,94.4,1.0,2.0,4.0,1.0,0.0,0.0,1.0,1.0,0.0,1.0,5.0,0.0,1.0,1.0,0.0,44.0,4295.35,40.0,1087.24,0.0,0.0,0.0,0.0,1.0,0.0,1.0,0.0,0.0,0.0,1.0,0.0,1.0,0.0,0.0,0.0,1.0,0.0,0.0,0
46.0,0.0,12.68,4630.0,1.0,0.0,0.0,1.0,19.4,0.0,3.0,9.0,0.0,0.0,0.0,1.0,1.0,0.0,1.0,4.0,0.0,0.0,0.0,0.0,46.0,958.15,0.0,583.28,0.0,0.0,0.0,0.0,0.0,1.0,1.0,0.0,0.0,0.0,1.0,0.0,1.0,0.0,0.0,0.0,0.0,1.0,0.0,0
25.0,59.0,0.0,3125.0,0.0,1.0,1.0,0.0,40.0,0.0,0.0,0.0,0.0,1.0,0.0,0.0,0.0,1.0,0.0,1.0,0.0,0.0,1.0,0.0,5.0,223.45,0.0,0.0,0.0,1.0,1.0,1.0,0.0,0.0,0.0,1.0,1.0,0.0,0.0,0.0,1.0,0.0,0.0,0.0,0.0,1.0,0.0,1
71.0,14.0,15.28,4499.0,0.0,0.0,1.0,0.0,45.1,0.0,0.0,0.0,0.0,0.0,0.0,0.0,1.0,0.0,0.0,2.0,1.0,0.0,0.0,0.0,1.0,45.1,0.0,15.28,0.0,0.0,1.0,1.0,0.0,0.0,0.0,1.0,1.0,0.0,0.0,0.0,0.0,0.0,0.0,1.0,1.0,0.0,0.0,1
39.0,26.0,5.07,5044.0,1.0,0.0,1.0,0.0,77.55,1.0,3.0,0.0,1.0,0.0,1.0,0.0,1.0,0.0,0.0,3.0,0.0,1.0,1.0,1.0,44.0,3471.1,0.0,223.08,0.0,0.0,1.0,0.0,1.0,0.0,1.0,0.0,0.0,1.0,0.0,0.0,1.0,0.0,0.0,0.0,0.0,1.0,0.0,0
25.0,59.0,25.45,5600.0,1.0,1.0,1.0,1.0,114.0,1.0,1.0,0.0,1.0,1.0,1.0,1.0,1.0,1.0,0.0,4.0,0.0,1.0,1.0,1.0,71.0,8175.9,0.0,1806.95,0.0,1.0,1.0,0.0,0.0,1.0,0.0,1.0,0.0,0.0,1.0,0.0,1.0,0.0,0.0,0.0,1.0,0.0,0.0,0
80.0,19.0,39.88,5443.0,0.0,0.0,1.0,0.0,73.65,1.0,0.0,0.0,0.0,0.0,1.0,0.0,1.0,0.0,0.0,3.0,1.0,0.0,0.0,0.0,1.0,73.65,0.0,39.88,0.0,0.0,1.0,1.0,0.0,0.0,0.0,1.0,0.0,0.0,1.0,0.0,1.0,0.0,0.0,0.0,1.0,0.0,0.0,1
40.0,24.0,39.35,5745.0,1.0,0.0,1.0,1.0,97.1,0.0,1.0,10.0,0.0,1.0,0.0,1.0,1.0,0.0,1.0,3.0,0.0,1.0,1.0,1.0,2.0,184.15,0.0,78.7,0.0,0.0,1.0,1.0,0.0,0.0,0.0,1.0,0.0,0.0,1.0,0.0,0.0,0.0,0.0,1.0,1.0,0.0,0.0,0
53.0,0.0,14.86,4808.0,1.0,0.0,0.0,1.0,19.7,0.0,1.0,8.0,0.0,0.0,0.0,1.0,1.0,0.0,1.0,5.0,0.0,0.0,0.0,0.0,71.0,1301.1,0.0,1055.06,0.0,0.0,0.0,0.0,0.0,1.0,0.0,1.0,0.0,0.0,1.0,1.0,0.0,0.0,0.0,0.0,0.0,1.0,0.0,0
59.0,3.0,29.16,4492.0,0.0,0.0,1.0,0.0,44.65,0.0,0.0,0.0,0.0,0.0,1.0,0.0,1.0,0.0,0.0,3.0,0.0,0.0,0.0,0.0,11.0,472.25,0.0,320.76,0.0,0.0,1.0,1.0,0.0,0.0,1.0,0.0,0.0,1.0,0.0,0.0,0.0,0.0,1.0,0.0,0.0,1.0,0.0,0
44.0,19.0,44.1,6433.0,1.0,0.0,1.0,1.0,66.8,1.0,1.0,2.0,1.0,0.0,1.0,1.0,1.0,0.0,1.0,5.0,0.0,0.0,0.0,1.0,58.0,3970.4,0.0,2557.8,0.0,0.0,1.0,1.0,0.0,0.0,1.0,0.0,0.0,1.0,0.0,0.0,1.0,0.0,0.0,0.0,1.0,0.0,0.0,0
79.0,2.0,43.34,5242.0,0.0,0.0,1.0,0.0,80.85,0.0,0.0,0.0,0.0,0.0,1.0,0.0,1.0,0.0,0.0,2.0,1.0,0.0,0.0,1.0,9.0,751.65,0.0,390.06,0.0,0.0,1.0,1.0,0.0,0.0,1.0,0.0,0.0,0.0,1.0,0.0,1.0,0.0,0.0,0.0,1.0,0.0,0.0,1
57.0,19.0,44.95,4612.0,0.0,0.0,1.0,1.0,44.6,0.0,0.0,1.0,0.0,0.0,0.0,1.0,1.0,0.0,1.0,3.0,0.0,0.0,0.0,0.0,14.0,641.25,0.0,629.3,0.0,0.0,1.0,0.0,1.0,0.0,0.0,1.0,0.0,1.0,0.0,0.0,0.0,0.0,1.0,0.0,1.0,0.0,0.0,0
24.0,0.0,26.02,2400.0,0.0,0.0,0.0,0.0,19.35,0.0,0.0,0.0,0.0,0.0,0.0,0.0,1.0,0.0,0.0,3.0,0.0,0.0,0.0,0.0,14.0,324.8,0.0,364.28,0.0,1.0,0.0,0.0,1.0,0.0,0.0,1.0,0.0,0.0,1.0,0.0,0.0,0.0,1.0,0.0,0.0,0.0,1.0,0
27.0,41.0,32.96,4151.0,1.0,1.0,1.0,1.0,81.0,1.0,3.0,1.0,0.0,0.0,1.0,1.0,1.0,1.0,1.0,4.0,0.0,1.0,1.0,1.0,61.0,4976.15,0.0,2010.56,0.0,1.0,1.0,0.0,0.0,1.0,0.0,1.0,0.0,1.0,0.0,0.0,1.0,0.0,0.0,0.0,1.0,0.0,0.0,0
37.0,19.0,0.0,5171.0,1.0,0.0,1.0,1.0,30.5,0.0,1.0,1.0,0.0,1.0,0.0,1.0,0.0,0.0,1.0,1.0,0.0,0.0,0.0,0.0,1.0,30.5,0.0,0.0,0.0,0.0,1.0,1.0,0.0,0.0,1.0,0.0,0.0,1.0,0.0,0.0,1.0,0.0,0.0,0.0,1.0,0.0,0.0,1
63.0,18.0,37.43,3790.0,0.0,1.0,1.0,0.0,95.85,0.0,0.0,0.0,0.0,0.0,1.0,0.0,1.0,0.0,0.0,1.0,0.0,1.0,1.0,1.0,2.0,197.7,0.0,74.86,0.0,0.0,1.0,1.0,0.0,0.0,0.0,1.0,0.0,0.0,1.0,0.0,1.0,0.0,0.0,0.0,1.0,0.0,0.0,1
78.0,5.0,32.54,2574.0,0.0,1.0,1.0,1.0,94.3,0.0,0.0,1.0,0.0,1.0,0.0,1.0,1.0,1.0,1.0,3.0,1.0,1.0,0.0,0.0,20.0,1818.3,0.0,650.8,0.0,0.0,1.0,0.0,1.0,0.0,0.0,1.0,0.0,0.0,1.0,0.0,1.0,0.0,0.0,0.0,0.0,1.0,0.0,0
36.0,14.0,0.0,4921.0,0.0,1.0,1.0,0.0,63.7,0.0,0.0,0.0,1.0,1.0,1.0,0.0,0.0,1.0,0.0,3.0,0.0,1.0,1.0,1.0,72.0,4464.8,0.0,0.0,0.0,0.0,1.0,0.0,0.0,1.0,0.0,1.0,1.0,0.0,0.0,1.0,0.0,0.0,0.0,0.0,1.0,0.0,0.0,0
23.0,26.0,14.24,4434.0,1.0,1.0,1.0,0.0,73.55,1.0,1.0,0.0,0.0,1.0,0.0,0.0,1.0,1.0,0.0,3.0,0.0,1.0,1.0,0.0,10.0,693.3,0.0,142.4,0.0,1.0,1.0,0.0,1.0,0.0,1.0,0.0,1.0,0.0,0.0,0.0,0.0,0.0,1.0,0.0,0.0,1.0,0.0,0
57.0,0.0,35.42,2843.0,1.0,0.0,0.0,1.0,20.3,0.0,2.0,2.0,0.0,0.0,0.0,1.0,1.0,0.0,1.0,3.0,0.0,0.0,0.0,0.0,2.0,31.9,0.0,70.84,0.0,0.0,0.0,0.0,1.0,0.0,1.0,0.0,0.0,0.0,1.0,0.0,1.0,0.0,0.0,0.0,0.0,1.0,0.0,0
60.0,4.0,19.08,2341.0,0.0,1.0,1.0,1.0,105.0,1.0,0.0,1.0,0.0,0.0,1.0,1.0,1.0,1.0,1.0,1.0,0.0,1.0,1.0,1.0,38.0,4026.4,0.0,725.04,0.0,0.0,1.0,1.0,0.0,0.0,1.0,0.0,0.0,0.0,1.0,0.0,1.0,0.0,0.0,0.0,1.0,0.0,0.0,1
69.0,5.0,11.82,4997.0,0.0,0.0,1.0,0.0,79.15,1.0,0.0,0.0,0.0,1.0,1.0,0.0,1.0,0.0,0.0,1.0,1.0,0.0,0.0,0.0,20.0,1520.9,0.0,236.4,0.0,0.0,1.0,1.0,0.0,0.0,1.0,0.0,0.0,0.0,1.0,0.0,1.0,0.0,0.0,0.0,1.0,0.0,0.0,1
29.0,52.0,7.14,4067.0,1.0,0.0,1.0,0.0,44.4,0.0,3.0,0.0,0.0,0.0,1.0,0.0,1.0,0.0,0.0,3.0,0.0,0.0,1.0,0.0,1.0,44.4,0.0,7.14,0.0,1.0,1.0,1.0,0.0,0.0,0.0,1.0,0.0,1.0,0.0,0.0,0.0,0.0,0.0,1.0,1.0,0.0,0.0,1
71.0,29.0,4.65,4795.0,0.0,0.0,1.0,1.0,50.4,0.0,0.0,1.0,1.0,0.0,1.0,1.0,1.0,0.0,1.0,3.0,1.0,0.0,0.0,0.0,30.0,1527.5,0.0,139.5,0.0,0.0,1.0,1.0,0.0,0.0,0.0,1.0,0.0,1.0,0.0,0.0,1.0,0.0,0.0,0.0,1.0,0.0,0.0,1
71.0,2.0,49.75,5720.0,0.0,1.0,1.0,0.0,109.8,1.0,0.0,0.0,1.0,1.0,1.0,0.0,1.0,0.0,0.0,3.0,1.0,1.0,0.0,1.0,44.0,4860.35,0.0,2189.0,0.0,0.0,1.0,0.0,1.0,0.0,1.0,0.0,0.0,0.0,1.0,0.0,1.0,0.0,0.0,0.0,0.0,1.0,0.0,0
42.0,4.0,0.0,4404.0,0.0,0.0,1.0,0.0,25.05,0.0,0.0,0.0,0.0,0.0,0.0,0.0,0.0,0.0,0.0,4.0,0.0,0.0,0.0,0.0,7.0,189.95,0.0,0.0,0.0,0.0,1.0,1.0,0.0,0.0,1.0,0.0,0.0,1.0,0.0,0.0,1.0,0.0,0.0,0.0,1.0,0.0,0.0,0
30.0,0.0,10.0,6072.0,0.0,0.0,0.0,0.0,19.7,0.0,0.0,0.0,0.0,0.0,0.0,0.0,1.0,0.0,0.0,4.0,0.0,0.0,0.0,0.0,70.0,1341.5,0.0,700.0,0.0,0.0,0.0,0.0,1.0,0.0,1.0,0.0,0.0,0.0,1.0,0.0,1.0,0.0,0.0,0.0,1.0,0.0,0.0,0
50.0,14.0,2.7,3270.0,0.0,0.0,1.0,0.0,95.85,0.0,0.0,0.0,0.0,0.0,1.0,0.0,1.0,1.0,0.0,4.0,0.0,1.0,1.0,1.0,1.0,95.85,0.0,2.7,0.0,0.0,1.0,1.0,0.0,0.0,1.0,0.0,0.0,0.0,1.0,0.0,1.0,0.0,0.0,0.0,1.0,0.0,0.0,0
53.0,11.0,4.67,3947.0,0.0,0.0,1.0,0.0,80.15,0.0,0.0,0.0,0.0,0.0,0.0,0.0,1.0,0.0,0.0,1.0,0.0,1.0,1.0,0.0,1.0,80.15,0.0,4.67,0.0,0.0,1.0,1.0,0.0,0.0,1.0,0.0,0.0,0.0,1.0,0.0,0.0,0.0,0.0,1.0,0.0,1.0,0.0,1
40.0,15.0,9.72,6317.0,1.0,1.0,1.0,1.0,80.85,1.0,2.0,5.0,1.0,1.0,0.0,1.0,1.0,1.0,1.0,4.0,0.0,1.0,1.0,0.0,72.0,5824.75,10.0,699.84,0.0,0.0,0.0,0.0,0.0,1.0,1.0,0.0,1.0,0.0,0.0,1.0,0.0,0.0,0.0,0.0,1.0,0.0,0.0,0
47.0,25.0,49.13,5107.0,0.0,0.0,1.0,0.0,77.85,1.0,0.0,0.0,1.0,0.0,1.0,0.0,1.0,0.0,0.0,1.0,0.0,0.0,0.0,0.0,43.0,3365.85,0.0,2112.59,0.0,0.0,1.0,1.0,0.0,0.0,0.0,1.0,0.0,0.0,1.0,0.0,1.0,0.0,0.0,0.0,1.0,0.0,0.0,1
36.0,0.0,1.44,4466.0,1.0,0.0,0.0,1.0,25.65,1.0,3.0,1.0,0.0,0.0,1.0,1.0,1.0,0.0,1.0,5.0,0.0,0.0,0.0,0.0,55.0,1388.0,0.0,79.2,0.0,0.0,0.0,0.0,0.0,1.0,1.0,0.0,0.0,0.0,1.0,0.0,1.0,0.0,0.0,0.0,0.0,1.0,0.0,0
54.0,0.0,4.26,5651.0,1.0,0.0,0.0,1.0,20.0,0.0,2.0,7.0,0.0,0.0,0.0,1.0,1.0,0.0,1.0,3.0,0.0,0.0,0.0,0.0,13.0,218.55,0.0,55.38,0.0,0.0,0.0,0.0,1.0,0.0,0.0,1.0,0.0,0.0,1.0,0.0,1.0,0.0,0.0,0.0,0.0,1.0,0.0,0
66.0,5.0,41.85,5242.0,0.0,0.0,1.0,0.0,69.7,0.0,0.0,0.0,0.0,0.0,1.0,0.0,1.0,0.0,0.0,4.0,1.0,0.0,0.0,0.0,8.0,572.85,0.0,334.8,0.0,0.0,1.0,0.0,0.0,1.0,0.0,1.0,0.0,0.0,1.0,0.0,0.0,0.0,0.0,1.0,1.0,0.0,0.0,0
49.0,19.0,0.0,5916.0,1.0,0.0,1.0,0.0,25.2,0.0,1.0,0.0,0.0,0.0,0.0,0.0,0.0,0.0,0.0,3.0,0.0,0.0,0.0,0.0,11.0,321.05,0.0,0.0,0.0,0.0,1.0,1.0,0.0,0.0,1.0,0.0,0.0,1.0,0.0,0.0,1.0,0.0,0.0,0.0,1.0,0.0,0.0,0
61.0,0.0,16.02,5811.0,1.0,0.0,0.0,1.0,20.05,0.0,3.0,3.0,0.0,0.0,0.0,1.0,1.0,0.0,1.0,5.0,0.0,0.0,0.0,0.0,1.0,20.05,0.0,16.02,0.0,0.0,0.0,1.0,0.0,0.0,1.0,0.0,0.0,0.0,1.0,0.0,1.0,0.0,0.0,0.0,0.0,1.0,0.0,0
32.0,11.0,45.35,3546.0,0.0,0.0,1.0,1.0,64.8,0.0,0.0,2.0,1.0,1.0,0.0,1.0,1.0,0.0,1.0,4.0,0.0,1.0,1.0,0.0,17.0,1175.6,0.0,770.95,0.0,0.0,1.0,0.0,1.0,0.0,0.0,1.0,0.0,1.0,0.0,0.0,0.0,0.0,1.0,0.0,0.0,1.0,0.0,0
19.0,85.0,28.05,4855.0,0.0,1.0,1.0,0.0,78.35,1.0,0.0,0.0,1.0,1.0,1.0,0.0,1.0,1.0,0.0,4.0,0.0,0.0,0.0,1.0,25.0,1837.9,0.0,701.25,0.0,1.0,1.0,1.0,0.0,0.0,1.0,0.0,1.0,0.0,0.0,0.0,1.0,0.0,0.0,0.0,1.0,0.0,0.0,0
28.0,0.0,12.87,5398.0,0.0,0.0,0.0,1.0,19.4,0.0,0.0,8.0,0.0,0.0,0.0,1.0,1.0,0.0,1.0,3.0,0.0,0.0,0.0,0.0,72.0,1496.45,0.0,926.64,0.0,1.0,0.0,0.0,0.0,1.0,1.0,0.0,0.0,0.0,1.0,0.0,1.0,0.0,0.0,0.0,1.0,0.0,0.0,0
52.0,0.0,49.95,4295.0,1.0,0.0,0.0,0.0,25.0,1.0,3.0,0.0,0.0,0.0,0.0,0.0,1.0,0.0,0.0,4.0,0.0,0.0,0.0,0.0,39.0,1004.35,0.0,1948.05,0.0,0.0,0.0,0.0,0.0,1.0,0.0,1.0,0.0,0.0,1.0,0.0,1.0,0.0,0.0,0.0,0.0,1.0,0.0,0
22.0,59.0,24.36,3974.0,1.0,1.0,1.0,1.0,59.65,1.0,2.0,6.0,0.0,0.0,1.0,1.0,1.0,1.0,1.0,4.0,0.0,0.0,0.0,0.0,15.0,867.1,0.0,365.4,32.65,1.0,1.0,1.0,0.0,0.0,0.0,1.0,0.0,1.0,0.0,0.0,0.0,0.0,1.0,0.0,1.0,0.0,0.0,0
22.0,59.0,28.34,5876.0,1.0,0.0,1.0,1.0,100.55,1.0,1.0,1.0,1.0,0.0,0.0,1.0,1.0,0.0,1.0,5.0,0.0,1.0,1.0,1.0,71.0,7113.75,0.0,2012.14,16.99,1.0,1.0,0.0,1.0,0.0,0.0,1.0,0.0,0.0,1.0,1.0,0.0,0.0,0.0,0.0,1.0,0.0,0.0,0
34.0,19.0,14.98,6251.0,0.0,1.0,1.0,1.0,113.75,1.0,0.0,9.0,1.0,1.0,0.0,1.0,1.0,1.0,1.0,3.0,0.0,1.0,1.0,1.0,59.0,6561.25,0.0,883.82,0.0,0.0,1.0,0.0,0.0,1.0,0.0,1.0,0.0,0.0,1.0,0.0,1.0,0.0,0.0,0.0,1.0,0.0,0.0,0
50.0,25.0,41.08,2044.0,0.0,0.0,1.0,0.0,74.9,1.0,0.0,0.0,0.0,0.0,1.0,0.0,1.0,0.0,0.0,4.0,0.0,0.0,0.0,0.0,2.0,136.05,0.0,82.16,0.0,0.0,1.0,1.0,0.0,0.0,1.0,0.0,0.0,0.0,1.0,0.0,1.0,0.0,0.0,0.0,0.0,1.0,0.0,0
54.0,27.0,0.0,4534.0,0.0,0.0,1.0,0.0,29.95,0.0,0.0,0.0,1.0,0.0,0.0,0.0,0.0,0.0,0.0,1.0,0.0,0.0,0.0,0.0,1.0,29.95,0.0,0.0,0.0,0.0,1.0,1.0,0.0,0.0,1.0,0.0,0.0,1.0,0.0,0.0,0.0,0.0,0.0,1.0,1.0,0.0,0.0,1
32.0,26.0,0.0,5453.0,1.0,0.0,1.0,1.0,48.7,0.0,2.0,6.0,1.0,1.0,0.0,1.0,0.0,1.0,1.0,3.0,0.0,0.0,0.0,1.0,62.0,3008.55,120.0,0.0,0.0,0.0,0.0,0.0,0.0,1.0,1.0,0.0,1.0,0.0,0.0,0.0,1.0,0.0,0.0,0.0,1.0,0.0,0.0,0
30.0,0.0,43.84,5249.0,0.0,0.0,0.0,0.0,25.7,1.0,0.0,0.0,0.0,0.0,1.0,0.0,1.0,0.0,0.0,3.0,0.0,0.0,0.0,0.0,1.0,25.7,0.0,43.84,0.0,0.0,0.0,1.0,0.0,0.0,1.0,0.0,0.0,0.0,1.0,0.0,0.0,0.0,0.0,1.0,1.0,0.0,0.0,0
48.0,0.0,8.53,5092.0,1.0,0.0,0.0,1.0,19.95,0.0,2.0,0.0,0.0,0.0,0.0,1.0,1.0,0.0,0.0,3.0,0.0,0.0,0.0,0.0,72.0,1322.85,0.0,614.16,0.0,0.0,0.0,0.0,0.0,1.0,0.0,1.0,0.0,0.0,1.0,1.0,0.0,0.0,0.0,0.0,1.0,0.0,0.0,0
31.0,0.0,14.79,2698.0,1.0,0.0,0.0,1.0,20.05,0.0,2.0,10.0,0.0,0.0,0.0,1.0,1.0,0.0,1.0,3.0,0.0,0.0,0.0,0.0,20.0,406.05,0.0,295.8,0.0,0.0,0.0,1.0,0.0,0.0,1.0,0.0,0.0,0.0,1.0,0.0,1.0,0.0,0.0,0.0,0.0,1.0,0.0,0
30.0,52.0,40.71,3198.0,0.0,0.0,1.0,0.0,70.5,0.0,0.0,0.0,0.0,0.0,1.0,0.0,1.0,0.0,0.0,3.0,0.0,0.0,0.0,0.0,9.0,597.9,0.0,366.39,0.0,0.0,1.0,1.0,0.0,0.0,0.0,1.0,0.0,0.0,1.0,0.0,0.0,0.0,0.0,1.0,1.0,0.0,0.0,0
33.0,11.0,17.01,5660.0,1.0,0.0,1.0,1.0,53.45,0.0,2.0,1.0,1.0,1.0,0.0,1.0,1.0,0.0,1.0,3.0,0.0,0.0,0.0,0.0,57.0,3053.0,0.0,969.57,0.0,0.0,1.0,0.0,1.0,0.0,1.0,0.0,0.0,1.0,0.0,0.0,1.0,0.0,0.0,0.0,1.0,0.0,0.0,0
64.0,21.0,3.47,6072.0,1.0,1.0,1.0,1.0,84.8,0.0,3.0,5.0,1.0,1.0,0.0,1.0,1.0,0.0,1.0,4.0,0.0,0.0,0.0,0.0,67.0,5598.3,0.0,232.49,0.0,0.0,1.0,0.0,1.0,0.0,1.0,0.0,0.0,0.0,1.0,0.0,1.0,0.0,0.0,0.0,1.0,0.0,0.0,0
61.0,6.0,0.0,5045.0,0.0,0.0,1.0,1.0,30.05,0.0,0.0,9.0,1.0,0.0,1.0,1.0,0.0,0.0,1.0,4.0,0.0,0.0,0.0,0.0,51.0,1529.45,0.0,0.0,0.0,0.0,1.0,1.0,0.0,0.0,0.0,1.0,0.0,1.0,0.0,0.0,1.0,0.0,0.0,0.0,0.0,1.0,0.0,0
53.0,10.0,21.39,2770.0,0.0,1.0,1.0,1.0,84.8,1.0,0.0,2.0,0.0,1.0,1.0,1.0,1.0,0.0,1.0,4.0,0.0,0.0,0.0,0.0,44.0,3626.35,0.0,941.16,43.96,0.0,1.0,1.0,0.0,0.0,0.0,1.0,0.0,0.0,1.0,0.0,1.0,0.0,0.0,0.0,0.0,1.0,0.0,0
54.0,28.0,34.62,4697.0,0.0,1.0,1.0,1.0,107.6,1.0,0.0,8.0,0.0,0.0,1.0,1.0,1.0,1.0,1.0,4.0,0.0,1.0,1.0,1.0,62.0,6912.7,0.0,2146.44,0.0,0.0,1.0,0.0,0.0,1.0,0.0,1.0,0.0,0.0,1.0,0.0,1.0,0.0,0.0,0.0,1.0,0.0,0.0,0
57.0,6.0,14.38,5671.0,0.0,0.0,1.0,0.0,89.75,1.0,0.0,0.0,1.0,0.0,1.0,0.0,1.0,0.0,0.0,3.0,0.0,0.0,0.0,1.0,12.0,1052.4,0.0,172.56,0.0,0.0,1.0,1.0,0.0,0.0,1.0,0.0,0.0,0.0,1.0,0.0,0.0,0.0,1.0,0.0,1.0,0.0,0.0,1
61.0,0.0,7.35,5980.0,0.0,0.0,0.0,0.0,19.55,0.0,0.0,0.0,0.0,0.0,0.0,0.0,1.0,0.0,0.0,5.0,0.0,0.0,0.0,0.0,6.0,124.45,0.0,44.1,0.0,0.0,0.0,0.0,0.0,1.0,1.0,0.0,0.0,0.0,1.0,0.0,0.0,0.0,0.0,1.0,0.0,1.0,0.0,0
21.0,51.0,9.98,2570.0,0.0,0.0,1.0,1.0,97.95,1.0,0.0,4.0,1.0,0.0,1.0,1.0,1.0,0.0,1.0,3.0,0.0,1.0,1.0,1.0,4.0,384.5,0.0,39.92,0.0,1.0,1.0,1.0,0.0,0.0,1.0,0.0,0.0,0.0,1.0,0.0,0.0,0.0,0.0,1.0,1.0,0.0,0.0,1
56.0,18.0,0.0,5079.0,1.0,0.0,1.0,0.0,40.65,0.0,2.0,0.0,0.0,1.0,1.0,0.0,0.0,0.0,0.0,3.0,0.0,0.0,0.0,1.0,25.0,970.55,0.0,0.0,0.0,0.0,1.0,0.0,1.0,0.0,0.0,1.0,0.0,1.0,0.0,0.0,1.0,0.0,0.0,0.0,0.0,1.0,0.0,0
63.0,10.0,9.06,4321.0,0.0,0.0,1.0,0.0,97.35,1.0,0.0,0.0,0.0,0.0,1.0,0.0,1.0,0.0,0.0,3.0,0.0,1.0,1.0,1.0,21.0,2119.5,0.0,190.26,0.0,0.0,1.0,1.0,0.0,0.0,1.0,0.0,0.0,0.0,1.0,0.0,1.0,0.0,0.0,0.0,1.0,0.0,0.0,1
55.0,23.0,5.0,3206.0,0.0,1.0,1.0,0.0,64.9,0.0,0.0,0.0,0.0,0.0,0.0,0.0,1.0,1.0,0.0,3.0,0.0,1.0,1.0,0.0,11.0,697.25,0.0,55.0,0.0,0.0,1.0,0.0,1.0,0.0,1.0,0.0,1.0,0.0,0.0,0.0,1.0,0.0,0.0,0.0,0.0,1.0,0.0,0
57.0,0.0,37.9,3591.0,1.0,0.0,0.0,1.0,20.05,0.0,1.0,3.0,0.0,0.0,0.0,1.0,1.0,0.0,1.0,4.0,0.0,0.0,0.0,0.0,15.0,284.3,0.0,568.5,0.0,0.0,0.0,1.0,0.0,0.0,1.0,0.0,0.0,0.0,1.0,0.0,1.0,0.0,0.0,0.0,0.0,1.0,0.0,0
28.0,0.0,47.53,2798.0,0.0,0.0,0.0,0.0,20.05,0.0,0.0,0.0,0.0,0.0,0.0,0.0,1.0,0.0,0.0,3.0,0.0,0.0,0.0,0.0,44.0,845.25,0.0,2091.32,15.31,1.0,0.0,0.0,0.0,1.0,0.0,1.0,0.0,0.0,1.0,0.0,1.0,0.0,0.0,0.0,0.0,1.0,0.0,0
27.0,0.0,27.5,4540.0,1.0,0.0,0.0,1.0,20.4,0.0,2.0,3.0,0.0,0.0,0.0,1.0,1.0,0.0,1.0,4.0,0.0,0.0,0.0,0.0,1.0,20.4,0.0,27.5,0.0,1.0,0.0,0.0,1.0,0.0,0.0,1.0,0.0,0.0,1.0,0.0,1.0,0.0,0.0,0.0,0.0,1.0,0.0,0
75.0,15.0,34.31,5581.0,0.0,1.0,1.0,1.0,80.35,1.0,0.0,7.0,0.0,0.0,1.0,1.0,1.0,0.0,1.0,4.0,1.0,0.0,0.0,0.0,68.0,5589.3,0.0,2333.08,0.0,0.0,1.0,0.0,1.0,0.0,0.0,1.0,0.0,0.0,1.0,1.0,0.0,0.0,0.0,0.0,0.0,1.0,0.0,0
80.0,12.0,48.8,6268.0,0.0,1.0,1.0,1.0,104.55,1.0,0.0,0.0,0.0,1.0,1.0,1.0,1.0,0.0,0.0,1.0,1.0,1.0,0.0,1.0,56.0,5794.65,0.0,2732.8,0.0,0.0,1.0,0.0,1.0,0.0,0.0,1.0,0.0,0.0,1.0,0.0,1.0,0.0,0.0,0.0,1.0,0.0,0.0,1
21.0,59.0,22.41,4288.0,0.0,1.0,1.0,1.0,79.2,1.0,0.0,9.0,1.0,1.0,0.0,1.0,1.0,1.0,1.0,4.0,0.0,0.0,0.0,1.0,72.0,5401.9,20.0,1613.52,0.0,1.0,0.0,0.0,0.0,1.0,1.0,0.0,0.0,1.0,0.0,1.0,0.0,0.0,0.0,0.0,0.0,1.0,0.0,0
57.0,0.0,2.41,4574.0,1.0,0.0,0.0,1.0,20.3,0.0,2.0,1.0,0.0,0.0,0.0,1.0,1.0,0.0,1.0,5.0,0.0,0.0,0.0,0.0,62.0,1296.15,0.0,149.42,0.0,0.0,0.0,0.0,0.0,1.0,1.0,0.0,0.0,0.0,1.0,0.0,1.0,0.0,0.0,0.0,1.0,0.0,0.0,0
60.0,27.0,36.49,4886.0,0.0,1.0,1.0,0.0,118.2,1.0,0.0,0.0,1.0,1.0,1.0,0.0,1.0,1.0,0.0,3.0,0.0,1.0,1.0,1.0,72.0,8547.15,0.0,2627.28,0.0,0.0,1.0,0.0,0.0,1.0,0.0,1.0,0.0,0.0,1.0,0.0,1.0,0.0,0.0,0.0,1.0,0.0,0.0,0
37.0,7.0,44.33,3249.0,0.0,0.0,1.0,0.0,78.9,0.0,0.0,0.0,0.0,0.0,1.0,0.0,1.0,0.0,0.0,2.0,0.0,0.0,0.0,1.0,29.0,2384.15,0.0,1285.57,0.0,0.0,1.0,1.0,0.0,0.0,1.0,0.0,0.0,0.0,1.0,0.0,1.0,0.0,0.0,0.0,1.0,0.0,0.0,1
70.0,19.0,35.39,4368.0,0.0,1.0,1.0,0.0,89.15,0.0,0.0,0.0,1.0,0.0,0.0,0.0,1.0,0.0,0.0,4.0,1.0,1.0,1.0,0.0,44.0,3990.75,0.0,1557.16,0.0,0.0,1.0,0.0,1.0,0.0,1.0,0.0,0.0,0.0,1.0,0.0,1.0,0.0,0.0,0.0,0.0,1.0,0.0,0
44.0,3.0,10.13,4120.0,0.0,1.0,1.0,1.0,94.65,1.0,0.0,1.0,1.0,0.0,1.0,1.0,1.0,0.0,1.0,4.0,0.0,0.0,0.0,1.0,46.0,4312.5,0.0,465.98,0.0,0.0,1.0,0.0,1.0,0.0,0.0,1.0,0.0,0.0,1.0,0.0,1.0,0.0,0.0,0.0,1.0,0.0,0.0,0
26.0,59.0,24.27,5313.0,0.0,0.0,1.0,1.0,58.2,0.0,0.0,9.0,1.0,1.0,1.0,1.0,1.0,1.0,1.0,3.0,0.0,0.0,0.0,0.0,66.0,3810.8,0.0,1601.82,0.0,1.0,1.0,0.0,0.0,1.0,1.0,0.0,1.0,0.0,0.0,0.0,1.0,0.0,0.0,0.0,0.0,1.0,0.0,0
74.0,53.0,2.03,3937.0,1.0,1.0,1.0,1.0,88.45,0.0,3.0,4.0,1.0,0.0,1.0,1.0,1.0,0.0,1.0,5.0,1.0,1.0,0.0,0.0,23.0,2130.55,0.0,46.69,0.0,0.0,1.0,0.0,0.0,1.0,1.0,0.0,0.0,0.0,1.0,0.0,1.0,0.0,0.0,0.0,1.0,0.0,0.0,0
42.0,3.0,32.02,4454.0,0.0,0.0,1.0,0.0,54.2,1.0,0.0,0.0,1.0,0.0,1.0,0.0,1.0,0.0,0.0,5.0,0.0,0.0,0.0,0.0,32.0,1739.6,0.0,1024.64,0.0,0.0,1.0,1.0,0.0,0.0,1.0,0.0,0.0,1.0,0.0,0.0,1.0,0.0,0.0,0.0,1.0,0.0,0.0,0
44.0,19.0,37.0,5240.0,1.0,1.0,1.0,1.0,90.6,1.0,1.0,3.0,1.0,1.0,1.0,1.0,1.0,1.0,1.0,4.0,0.0,1.0,1.0,1.0,64.0,5817.45,0.0,2368.0,0.0,0.0,1.0,0.0,0.0,1.0,1.0,0.0,0.0,1.0,0.0,0.0,1.0,0.0,0.0,0.0,0.0,0.0,1.0,0
28.0,53.0,21.26,5758.0,0.0,0.0,1.0,1.0,108.95,1.0,0.0,0.0,1.0,1.0,1.0,1.0,1.0,1.0,0.0,4.0,0.0,1.0,1.0,1.0,72.0,7875.0,0.0,1530.72,0.0,1.0,1.0,0.0,0.0,1.0,0.0,1.0,0.0,0.0,1.0,0.0,1.0,0.0,0.0,0.0,0.0,1.0,0.0,0
24.0,0.0,34.16,4610.0,0.0,0.0,0.0,0.0,24.6,1.0,0.0,0.0,0.0,0.0,0.0,0.0,1.0,0.0,0.0,5.0,0.0,0.0,0.0,0.0,53.0,1279.0,0.0,1810.48,37.68,1.0,0.0,0.0,0.0,1.0,0.0,1.0,0.0,0.0,1.0,0.0,1.0,0.0,0.0,0.0,0.0,1.0,0.0,0
30.0,0.0,2.87,3899.0,1.0,0.0,0.0,1.0,20.15,0.0,3.0,1.0,0.0,0.0,0.0,1.0,1.0,0.0,1.0,4.0,0.0,0.0,0.0,0.0,8.0,165.5,0.0,22.96,0.0,0.0,0.0,0.0,0.0,1.0,0.0,1.0,0.0,0.0,1.0,0.0,0.0,0.0,0.0,1.0,0.0,1.0,0.0,0
42.0,26.0,12.6,3265.0,1.0,1.0,1.0,1.0,100.4,0.0,3.0,1.0,0.0,0.0,1.0,1.0,1.0,1.0,1.0,5.0,0.0,1.0,1.0,1.0,42.0,4303.65,0.0,529.2,0.0,0.0,1.0,0.0,0.0,1.0,1.0,0.0,0.0,0.0,1.0,0.0,1.0,0.0,0.0,0.0,1.0,0.0,0.0,0
78.0,23.0,0.0,5185.0,0.0,1.0,1.0,0.0,50.5,0.0,0.0,0.0,1.0,0.0,1.0,0.0,0.0,1.0,0.0,3.0,1.0,0.0,0.0,1.0,52.0,2566.3,0.0,0.0,0.0,0.0,1.0,0.0,0.0,1.0,1.0,0.0,0.0,1.0,0.0,0.0,1.0,0.0,0.0,0.0,1.0,0.0,0.0,0
42.0,24.0,36.96,5968.0,0.0,0.0,1.0,0.0,50.95,0.0,0.0,0.0,0.0,1.0,0.0,0.0,1.0,0.0,0.0,3.0,0.0,0.0,0.0,0.0,2.0,123.05,0.0,73.92,0.0,0.0,1.0,1.0,0.0,0.0,1.0,0.0,0.0,1.0,0.0,0.0,0.0,0.0,0.0,1.0,0.0,1.0,0.0,0
27.0,59.0,15.45,3160.0,0.0,0.0,1.0,1.0,53.75,0.0,0.0,1.0,1.0,0.0,1.0,1.0,1.0,1.0,1.0,3.0,0.0,0.0,0.0,0.0,33.0,1857.3,0.0,509.85,0.0,1.0,1.0,0.0,1.0,0.0,1.0,0.0,1.0,0.0,0.0,0.0,1.0,0.0,0.0,0.0,0.0,1.0,0.0,0
71.0,52.0,11.33,3179.0,1.0,0.0,1.0,0.0,95.45,1.0,3.0,0.0,0.0,0.0,1.0,0.0,1.0,0.0,0.0,2.0,1.0,1.0,1.0,1.0,18.0,1752.55,0.0,203.94,45.61,0.0,1.0,1.0,0.0,0.0,0.0,1.0,0.0,0.0,1.0,0.0,0.0,0.0,1.0,0.0,1.0,0.0,0.0,1
51.0,13.0,9.47,5749.0,1.0,0.0,1.0,1.0,50.1,1.0,2.0,10.0,0.0,0.0,0.0,1.0,1.0,0.0,1.0,5.0,0.0,0.0,0.0,0.0,19.0,910.45,120.0,179.93,0.0,0.0,0.0,1.0,0.0,0.0,0.0,1.0,0.0,1.0,0.0,0.0,0.0,0.0,1.0,0.0,0.0,1.0,0.0,0
29.0,0.0,3.58,4761.0,0.0,0.0,0.0,0.0,19.5,0.0,0.0,0.0,0.0,0.0,1.0,0.0,1.0,0.0,0.0,4.0,0.0,0.0,0.0,0.0,25.0,516.3,0.0,89.5,0.0,1.0,0.0,0.0,1.0,0.0,0.0,1.0,0.0,0.0,1.0,0.0,0.0,1.0,0.0,0.0,1.0,0.0,0.0,0
46.0,0.0,2.74,3366.0,0.0,0.0,0.0,0.0,19.9,0.0,0.0,0.0,0.0,0.0,0.0,0.0,1.0,0.0,0.0,4.0,0.0,0.0,0.0,0.0,15.0,320.45,0.0,41.1,0.0,0.0,0.0,1.0,0.0,0.0,1.0,0.0,0.0,0.0,1.0,0.0,1.0,0.0,0.0,0.0,0.0,0.0,1.0,0
51.0,26.0,45.68,3019.0,1.0,0.0,1.0,1.0,81.0,1.0,3.0,3.0,0.0,1.0,0.0,1.0,1.0,1.0,1.0,3.0,0.0,1.0,1.0,1.0,24.0,1923.85,0.0,1096.32,0.0,0.0,1.0,1.0,0.0,0.0,0.0,1.0,1.0,0.0,0.0,0.0,0.0,1.0,0.0,0.0,1.0,0.0,0.0,0
70.0,4.0,35.76,4997.0,0.0,1.0,1.0,0.0,110.5,1.0,0.0,0.0,1.0,1.0,1.0,0.0,1.0,0.0,0.0,3.0,1.0,1.0,0.0,1.0,27.0,2857.6,0.0,965.52,0.0,0.0,1.0,0.0,1.0,0.0,1.0,0.0,0.0,0.0,1.0,0.0,0.0,1.0,0.0,0.0,1.0,0.0,0.0,0
31.0,0.0,48.7,5077.0,1.0,0.0,0.0,1.0,24.5,1.0,2.0,8.0,0.0,0.0,0.0,1.0,1.0,0.0,1.0,5.0,0.0,0.0,0.0,0.0,13.0,343.6,0.0,633.1,0.0,0.0,0.0,0.0,1.0,0.0,0.0,1.0,0.0,0.0,1.0,0.0,1.0,0.0,0.0,0.0,1.0,0.0,0.0,0
46.0,0.0,5.69,2712.0,0.0,0.0,0.0,1.0,19.85,0.0,0.0,0.0,0.0,0.0,0.0,1.0,1.0,0.0,0.0,4.0,0.0,0.0,0.0,0.0,29.0,573.05,0.0,165.01,0.0,0.0,0.0,1.0,0.0,0.0,1.0,0.0,0.0,0.0,1.0,0.0,1.0,0.0,0.0,0.0,0.0,0.0,1.0,0
59.0,6.0,0.0,6302.0,0.0,1.0,1.0,1.0,47.05,0.0,0.0,4.0,0.0,0.0,1.0,1.0,0.0,1.0,1.0,4.0,0.0,1.0,1.0,0.0,71.0,3263.6,0.0,0.0,0.0,0.0,1.0,0.0,0.0,1.0,1.0,0.0,1.0,0.0,0.0,0.0,1.0,0.0,0.0,0.0,1.0,0.0,0.0,0
36.0,0.0,4.89,4155.0,1.0,0.0,0.0,0.0,24.35,1.0,3.0,0.0,0.0,0.0,0.0,0.0,1.0,0.0,0.0,4.0,0.0,0.0,0.0,0.0,71.0,1654.6,0.0,347.19,0.0,0.0,0.0,0.0,0.0,1.0,0.0,1.0,0.0,0.0,1.0,0.0,1.0,0.0,0.0,0.0,0.0,1.0,0.0,0
30.0,51.0,24.83,4945.0,0.0,0.0,1.0,1.0,89.85,1.0,0.0,0.0,0.0,0.0,1.0,1.0,1.0,1.0,0.0,3.0,0.0,1.0,1.0,0.0,35.0,3161.2,20.0,869.05,0.0,0.0,0.0,1.0,0.0,0.0,0.0,1.0,0.0,0.0,1.0,0.0,1.0,0.0,0.0,0.0,1.0,0.0,0.0,0
63.0,19.0,21.72,3409.0,1.0,0.0,1.0,1.0,85.45,1.0,2.0,9.0,0.0,0.0,0.0,1.0,1.0,0.0,1.0,3.0,0.0,0.0,0.0,1.0,30.0,2509.95,120.0,651.6,23.13,0.0,0.0,1.0,0.0,0.0,0.0,1.0,0.0,0.0,1.0,0.0,1.0,0.0,0.0,0.0,1.0,0.0,0.0,0
77.0,0.0,37.53,4713.0,0.0,0.0,0.0,0.0,20.35,0.0,0.0,0.0,0.0,0.0,0.0,0.0,1.0,0.0,0.0,4.0,1.0,0.0,0.0,0.0,18.0,369.6,0.0,675.54,0.0,0.0,0.0,0.0,1.0,0.0,1.0,0.0,0.0,0.0,1.0,0.0,0.0,0.0,1.0,0.0,1.0,0.0,0.0,0
59.0,8.0,0.0,4051.0,0.0,1.0,1.0,0.0,43.7,0.0,0.0,0.0,1.0,1.0,0.0,0.0,0.0,1.0,0.0,4.0,0.0,0.0,0.0,0.0,61.0,2696.55,0.0,0.0,0.0,0.0,1.0,0.0,1.0,0.0,1.0,0.0,0.0,1.0,0.0,0.0,1.0,0.0,0.0,0.0,0.0,1.0,0.0,0
36.0,0.0,36.03,5514.0,0.0,0.0,0.0,1.0,25.85,1.0,0.0,1.0,0.0,0.0,0.0,1.0,1.0,0.0,1.0,5.0,0.0,0.0,0.0,0.0,72.0,1872.2,0.0,2594.16,5.73,0.0,0.0,0.0,0.0,1.0,0.0,1.0,0.0,0.0,1.0,0.0,1.0,0.0,0.0,0.0,0.0,1.0,0.0,0
33.0,9.0,47.89,3981.0,0.0,0.0,1.0,1.0,98.85,1.0,0.0,3.0,1.0,0.0,1.0,1.0,1.0,0.0,1.0,4.0,0.0,1.0,1.0,1.0,32.0,3145.9,0.0,1532.48,0.0,0.0,1.0,1.0,0.0,0.0,0.0,1.0,0.0,0.0,1.0,0.0,1.0,0.0,0.0,0.0,0.0,1.0,0.0,0
40.0,23.0,38.22,5770.0,0.0,1.0,1.0,1.0,82.0,0.0,0.0,0.0,0.0,1.0,1.0,1.0,1.0,1.0,0.0,3.0,0.0,1.0,1.0,1.0,71.0,5999.85,0.0,2713.62,0.0,0.0,1.0,0.0,0.0,1.0,1.0,0.0,0.0,1.0,0.0,0.0,1.0,0.0,0.0,0.0,0.0,1.0,0.0,0
57.0,53.0,23.41,5280.0,1.0,1.0,1.0,1.0,85.45,1.0,3.0,0.0,0.0,1.0,0.0,1.0,1.0,1.0,0.0,4.0,0.0,1.0,1.0,1.0,71.0,6300.85,0.0,1662.11,0.0,0.0,1.0,0.0,1.0,0.0,0.0,1.0,0.0,1.0,0.0,1.0,0.0,0.0,0.0,0.0,1.0,0.0,0.0,0
24.0,52.0,16.15,5515.0,0.0,0.0,1.0,1.0,84.05,1.0,0.0,8.0,1.0,1.0,1.0,1.0,1.0,0.0,1.0,4.0,0.0,0.0,1.0,0.0,72.0,6052.25,0.0,1162.8,0.0,1.0,1.0,0.0,0.0,1.0,1.0,0.0,0.0,0.0,1.0,1.0,0.0,0.0,0.0,0.0,1.0,0.0,0.0,0
55.0,53.0,18.42,6391.0,1.0,1.0,1.0,1.0,109.05,1.0,3.0,1.0,0.0,1.0,1.0,1.0,1.0,1.0,1.0,4.0,0.0,1.0,1.0,1.0,68.0,7508.55,0.0,1252.56,0.0,0.0,1.0,0.0,0.0,1.0,1.0,0.0,0.0,0.0,1.0,0.0,1.0,0.0,0.0,0.0,1.0,0.0,0.0,0
40.0,14.0,15.53,3475.0,0.0,1.0,1.0,0.0,94.05,0.0,0.0,0.0,0.0,0.0,1.0,0.0,1.0,0.0,0.0,4.0,0.0,1.0,1.0,1.0,9.0,811.65,0.0,139.77,0.0,0.0,1.0,1.0,0.0,0.0,0.0,1.0,0.0,0.0,1.0,0.0,0.0,0.0,0.0,1.0,1.0,0.0,0.0,0
57.0,0.0,9.33,4439.0,1.0,0.0,0.0,1.0,20.25,0.0,2.0,4.0,0.0,0.0,0.0,1.0,1.0,0.0,1.0,4.0,0.0,0.0,0.0,0.0,42.0,854.9,0.0,391.86,0.0,0.0,0.0,0.0,1.0,0.0,0.0,1.0,0.0,0.0,1.0,0.0,1.0,0.0,0.0,0.0,0.0,1.0,0.0,0
73.0,9.0,24.24,4989.0,0.0,0.0,1.0,1.0,49.55,0.0,0.0,1.0,0.0,1.0,1.0,1.0,1.0,0.0,1.0,1.0,1.0,0.0,0.0,0.0,1.0,49.55,0.0,24.24,0.0,0.0,1.0,1.0,0.0,0.0,1.0,0.0,1.0,0.0,0.0,0.0,0.0,0.0,0.0,1.0,1.0,0.0,0.0,1
36.0,30.0,36.93,4572.0,0.0,1.0,1.0,0.0,68.6,1.0,0.0,0.0,0.0,0.0,1.0,0.0,1.0,1.0,0.0,4.0,0.0,1.0,1.0,0.0,41.0,2877.05,0.0,1514.13,0.0,0.0,1.0,0.0,1.0,0.0,1.0,0.0,0.0,1.0,0.0,0.0,1.0,0.0,0.0,0.0,1.0,0.0,0.0,0
38.0,12.0,33.3,4648.0,1.0,0.0,1.0,1.0,89.85,0.0,2.0,1.0,1.0,1.0,0.0,1.0,1.0,0.0,1.0,3.0,0.0,0.0,0.0,1.0,3.0,248.4,0.0,99.9,0.0,0.0,1.0,1.0,0.0,0.0,0.0,1.0,0.0,0.0,1.0,0.0,0.0,0.0,0.0,1.0,1.0,0.0,0.0,0
48.0,0.0,39.59,4698.0,1.0,0.0,0.0,1.0,20.4,0.0,1.0,1.0,0.0,0.0,0.0,1.0,1.0,0.0,1.0,4.0,0.0,0.0,0.0,0.0,23.0,478.75,0.0,910.57,0.0,0.0,0.0,0.0,0.0,1.0,1.0,0.0,0.0,0.0,1.0,0.0,0.0,0.0,1.0,0.0,1.0,0.0,0.0,0
76.0,17.0,7.72,3253.0,0.0,1.0,1.0,0.0,74.85,0.0,0.0,0.0,0.0,0.0,0.0,0.0,1.0,1.0,0.0,5.0,1.0,1.0,1.0,1.0,44.0,3268.05,0.0,339.68,17.91,0.0,1.0,0.0,1.0,0.0,1.0,0.0,0.0,1.0,0.0,0.0,1.0,0.0,0.0,0.0,1.0,0.0,0.0,0
53.0,25.0,6.2,2426.0,0.0,0.0,1.0,0.0,87.65,1.0,0.0,0.0,0.0,1.0,0.0,0.0,1.0,1.0,0.0,3.0,0.0,0.0,0.0,0.0,32.0,2766.4,150.0,198.4,47.87,0.0,0.0,1.0,0.0,0.0,0.0,1.0,0.0,0.0,1.0,0.0,1.0,0.0,0.0,0.0,1.0,0.0,0.0,0
36.0,9.0,12.71,3676.0,0.0,0.0,1.0,1.0,91.7,1.0,0.0,3.0,0.0,1.0,0.0,1.0,1.0,0.0,1.0,3.0,0.0,0.0,0.0,1.0,38.0,3479.05,0.0,482.98,0.0,0.0,1.0,1.0,0.0,0.0,0.0,1.0,0.0,0.0,1.0,0.0,1.0,0.0,0.0,0.0,1.0,0.0,0.0,0
39.0,0.0,14.6,2047.0,1.0,0.0,0.0,1.0,20.45,0.0,2.0,8.0,0.0,0.0,0.0,1.0,1.0,0.0,1.0,4.0,0.0,0.0,0.0,0.0,18.0,357.0,0.0,262.8,0.0,0.0,0.0,1.0,0.0,0.0,1.0,0.0,0.0,0.0,1.0,0.0,1.0,0.0,0.0,0.0,0.0,1.0,0.0,0
41.0,23.0,36.91,5762.0,0.0,0.0,1.0,0.0,79.15,0.0,0.0,0.0,0.0,0.0,1.0,0.0,1.0,0.0,0.0,1.0,0.0,1.0,1.0,0.0,4.0,317.25,0.0,147.64,0.0,0.0,1.0,1.0,0.0,0.0,1.0,0.0,0.0,0.0,1.0,0.0,0.0,0.0,0.0,1.0,1.0,0.0,0.0,1
44.0,53.0,0.0,5880.0,1.0,0.0,1.0,0.0,29.65,0.0,3.0,0.0,1.0,0.0,0.0,0.0,0.0,0.0,0.0,3.0,0.0,0.0,0.0,0.0,3.0,90.05,0.0,0.0,0.0,0.0,1.0,1.0,0.0,0.0,1.0,0.0,0.0,1.0,0.0,0.0,1.0,0.0,0.0,0.0,0.0,0.0,1.0,0
39.0,16.0,31.15,5641.0,0.0,1.0,1.0,1.0,85.45,1.0,0.0,10.0,1.0,0.0,1.0,1.0,1.0,1.0,1.0,4.0,0.0,1.0,1.0,1.0,72.0,6227.5,0.0,2242.8,0.0,0.0,1.0,0.0,0.0,1.0,0.0,1.0,1.0,0.0,0.0,0.0,1.0,0.0,0.0,0.0,0.0,1.0,0.0,0
37.0,16.0,0.0,4375.0,1.0,1.0,1.0,1.0,35.4,0.0,2.0,1.0,0.0,1.0,0.0,1.0,0.0,0.0,1.0,4.0,0.0,0.0,0.0,0.0,41.0,1412.4,0.0,0.0,0.0,0.0,1.0,0.0,1.0,0.0,1.0,0.0,1.0,0.0,0.0,0.0,1.0,0.0,0.0,0.0,0.0,1.0,0.0,0
55.0,0.0,7.8,4841.0,0.0,0.0,0.0,0.0,19.65,0.0,0.0,0.0,0.0,0.0,1.0,0.0,1.0,0.0,0.0,5.0,0.0,0.0,0.0,0.0,2.0,31.2,0.0,15.6,0.0,0.0,0.0,1.0,0.0,0.0,0.0,1.0,0.0,0.0,1.0,0.0,1.0,0.0,0.0,0.0,1.0,0.0,0.0,0
49.0,19.0,29.18,4786.0,0.0,1.0,1.0,1.0,87.25,1.0,0.0,1.0,0.0,0.0,1.0,1.0,1.0,0.0,1.0,2.0,0.0,1.0,1.0,0.0,14.0,1258.6,0.0,408.52,0.0,0.0,1.0,1.0,0.0,0.0,1.0,0.0,0.0,0.0,1.0,0.0,1.0,0.0,0.0,0.0,1.0,0.0,0.0,1
32.0,0.0,15.02,5411.0,1.0,0.0,0.0,0.0,19.75,0.0,2.0,0.0,0.0,0.0,0.0,0.0,1.0,0.0,0.0,4.0,0.0,0.0,0.0,0.0,61.0,1124.2,0.0,916.22,0.0,0.0,0.0,0.0,0.0,1.0,0.0,1.0,0.0,0.0,1.0,0.0,1.0,0.0,0.0,0.0,0.0,0.0,1.0,0
78.0,12.0,16.83,4661.0,0.0,1.0,1.0,0.0,85.2,1.0,0.0,0.0,1.0,0.0,1.0,0.0,1.0,0.0,0.0,1.0,1.0,0.0,0.0,0.0,47.0,3969.35,0.0,791.01,0.0,0.0,1.0,1.0,0.0,0.0,1.0,0.0,0.0,0.0,1.0,0.0,1.0,0.0,0.0,0.0,1.0,0.0,0.0,1
74.0,9.0,39.97,5683.0,0.0,0.0,1.0,0.0,88.2,1.0,0.0,0.0,1.0,0.0,1.0,0.0,1.0,0.0,0.0,1.0,1.0,0.0,0.0,1.0,19.0,1775.8,0.0,759.43,0.0,0.0,1.0,1.0,0.0,0.0,0.0,1.0,0.0,0.0,1.0,0.0,0.0,0.0,1.0,0.0,1.0,0.0,0.0,1
36.0,21.0,2.92,3687.0,0.0,0.0,1.0,1.0,74.4,1.0,0.0,1.0,0.0,0.0,1.0,1.0,1.0,0.0,1.0,1.0,0.0,0.0,0.0,0.0,13.0,896.75,0.0,37.96,0.0,0.0,1.0,1.0,0.0,0.0,0.0,1.0,0.0,0.0,1.0,0.0,1.0,0.0,0.0,0.0,0.0,1.0,0.0,1
34.0,30.0,44.65,4024.0,0.0,1.0,1.0,0.0,105.3,1.0,0.0,0.0,1.0,0.0,0.0,0.0,1.0,0.0,0.0,3.0,0.0,1.0,1.0,1.0,5.0,550.6,0.0,223.25,0.0,0.0,1.0,1.0,0.0,0.0,0.0,1.0,0.0,0.0,1.0,0.0,0.0,0.0,0.0,1.0,1.0,0.0,0.0,0
27.0,0.0,45.86,3061.0,0.0,0.0,0.0,0.0,20.7,0.0,0.0,0.0,0.0,0.0,0.0,0.0,1.0,0.0,0.0,5.0,0.0,0.0,0.0,0.0,1.0,20.7,0.0,45.86,0.0,1.0,0.0,1.0,0.0,0.0,1.0,0.0,0.0,0.0,1.0,0.0,1.0,0.0,0.0,0.0,1.0,0.0,0.0,0
25.0,85.0,26.51,5220.0,0.0,0.0,1.0,0.0,65.4,0.0,0.0,0.0,1.0,0.0,1.0,0.0,1.0,1.0,0.0,1.0,0.0,1.0,1.0,0.0,36.0,2498.4,0.0,954.36,0.0,1.0,1.0,0.0,1.0,0.0,0.0,1.0,1.0,0.0,0.0,0.0,1.0,0.0,0.0,0.0,0.0,1.0,0.0,1
48.0,30.0,47.45,4722.0,0.0,1.0,1.0,0.0,65.2,1.0,0.0,0.0,0.0,0.0,1.0,0.0,1.0,0.0,0.0,1.0,0.0,1.0,1.0,0.0,16.0,1043.35,0.0,759.2,0.0,0.0,1.0,1.0,0.0,0.0,1.0,0.0,0.0,1.0,0.0,0.0,1.0,0.0,0.0,0.0,0.0,1.0,0.0,1
59.0,0.0,9.61,3007.0,0.0,0.0,0.0,0.0,19.65,0.0,0.0,0.0,0.0,0.0,1.0,0.0,1.0,0.0,0.0,4.0,0.0,0.0,0.0,0.0,2.0,38.8,0.0,19.22,0.0,0.0,0.0,1.0,0.0,0.0,0.0,1.0,0.0,0.0,1.0,0.0,0.0,0.0,0.0,1.0,0.0,1.0,0.0,0
56.0,22.0,6.99,3347.0,0.0,1.0,1.0,1.0,90.35,0.0,0.0,4.0,0.0,0.0,1.0,1.0,1.0,1.0,1.0,3.0,0.0,1.0,1.0,0.0,37.0,3419.3,150.0,258.63,0.0,0.0,0.0,1.0,0.0,0.0,0.0,1.0,0.0,0.0,1.0,0.0,1.0,0.0,0.0,0.0,1.0,0.0,0.0,0
23.0,52.0,0.0,3422.0,1.0,0.0,1.0,1.0,34.95,0.0,1.0,3.0,1.0,1.0,1.0,1.0,0.0,0.0,1.0,3.0,0.0,0.0,0.0,0.0,19.0,610.2,0.0,0.0,0.0,1.0,1.0,1.0,0.0,0.0,0.0,1.0,1.0,0.0,0.0,0.0,1.0,0.0,0.0,0.0,0.0,1.0,0.0,0
65.0,20.0,26.87,4474.0,0.0,1.0,1.0,0.0,108.1,1.0,0.0,0.0,1.0,0.0,1.0,0.0,1.0,1.0,0.0,5.0,1.0,1.0,1.0,1.0,72.0,7774.05,0.0,1934.64,0.0,0.0,1.0,0.0,0.0,1.0,1.0,0.0,0.0,0.0,1.0,1.0,0.0,0.0,0.0,0.0,1.0,0.0,0.0,0
73.0,21.0,6.25,2233.0,0.0,0.0,1.0,1.0,94.45,1.0,0.0,1.0,0.0,0.0,1.0,1.0,1.0,0.0,1.0,1.0,1.0,1.0,0.0,1.0,29.0,2653.65,0.0,181.25,0.0,0.0,1.0,1.0,0.0,0.0,0.0,1.0,0.0,0.0,1.0,0.0,1.0,0.0,0.0,0.0,1.0,0.0,0.0,1
39.0,0.0,9.66,5099.0,1.0,0.0,0.0,1.0,20.65,0.0,1.0,7.0,0.0,0.0,0.0,1.0,1.0,0.0,1.0,3.0,0.0,0.0,0.0,0.0,34.0,716.4,0.0,328.44,0.0,0.0,0.0,1.0,0.0,0.0,1.0,0.0,0.0,0.0,1.0,0.0,1.0,0.0,0.0,0.0,0.0,1.0,0.0,0
37.0,22.0,29.68,5764.0,1.0,0.0,1.0,1.0,49.95,0.0,2.0,1.0,0.0,1.0,1.0,1.0,1.0,0.0,1.0,3.0,0.0,0.0,0.0,0.0,13.0,587.45,150.0,385.84,0.0,0.0,0.0,1.0,0.0,0.0,0.0,1.0,0.0,1.0,0.0,0.0,0.0,0.0,1.0,0.0,0.0,0.0,1.0,0
43.0,0.0,16.84,6342.0,1.0,0.0,0.0,1.0,19.85,0.0,2.0,2.0,0.0,0.0,0.0,1.0,1.0,0.0,1.0,4.0,0.0,0.0,0.0,0.0,71.0,1326.35,0.0,1195.64,0.0,0.0,0.0,0.0,0.0,1.0,1.0,0.0,0.0,0.0,1.0,0.0,1.0,0.0,0.0,0.0,1.0,0.0,0.0,0
21.0,0.0,42.11,4376.0,1.0,0.0,0.0,1.0,19.1,0.0,1.0,8.0,0.0,0.0,0.0,1.0,1.0,0.0,1.0,4.0,0.0,0.0,0.0,0.0,61.0,1143.8,0.0,2568.71,0.0,1.0,0.0,0.0,1.0,0.0,1.0,0.0,0.0,0.0,1.0,0.0,1.0,0.0,0.0,0.0,0.0,1.0,0.0,0
36.0,10.0,45.03,2098.0,0.0,1.0,1.0,1.0,102.6,1.0,0.0,1.0,0.0,0.0,1.0,1.0,1.0,1.0,1.0,1.0,0.0,1.0,1.0,1.0,41.0,4213.35,0.0,1846.23,2.93,0.0,1.0,0.0,1.0,0.0,0.0,1.0,0.0,0.0,1.0,0.0,1.0,0.0,0.0,0.0,1.0,0.0,0.0,1
47.0,23.0,35.46,4019.0,0.0,1.0,1.0,1.0,104.3,1.0,0.0,1.0,1.0,0.0,1.0,1.0,1.0,0.0,1.0,1.0,0.0,1.0,1.0,1.0,54.0,5278.15,0.0,1914.84,11.45,0.0,1.0,1.0,0.0,0.0,0.0,1.0,0.0,0.0,1.0,0.0,1.0,0.0,0.0,0.0,1.0,0.0,0.0,1
71.0,4.0,21.49,3111.0,0.0,0.0,1.0,0.0,80.7,0.0,0.0,0.0,0.0,0.0,0.0,0.0,1.0,0.0,0.0,5.0,1.0,0.0,0.0,1.0,20.0,1614.2,0.0,429.8,0.0,0.0,1.0,0.0,1.0,0.0,1.0,0.0,0.0,0.0,1.0,0.0,1.0,0.0,0.0,0.0,1.0,0.0,0.0,0
25.0,48.0,36.34,5129.0,0.0,1.0,1.0,0.0,59.45,0.0,0.0,0.0,0.0,0.0,1.0,0.0,1.0,0.0,0.0,1.0,0.0,1.0,1.0,0.0,15.0,892.65,0.0,545.1,0.0,1.0,1.0,1.0,0.0,0.0,1.0,0.0,0.0,1.0,0.0,0.0,0.0,0.0,1.0,0.0,1.0,0.0,0.0,1
68.0,2.0,17.6,5033.0,0.0,0.0,1.0,0.0,71.25,0.0,0.0,0.0,0.0,0.0,1.0,0.0,1.0,0.0,0.0,4.0,1.0,0.0,0.0,0.0,1.0,71.25,10.0,17.6,0.0,0.0,0.0,0.0,0.0,1.0,1.0,0.0,0.0,0.0,1.0,0.0,1.0,0.0,0.0,0.0,1.0,0.0,0.0,0
64.0,76.0,40.68,2042.0,1.0,1.0,1.0,1.0,81.5,0.0,5.0,7.0,0.0,0.0,1.0,1.0,1.0,1.0,1.0,5.0,0.0,0.0,0.0,0.0,39.0,3107.3,0.0,1586.52,0.0,0.0,1.0,1.0,0.0,0.0,1.0,0.0,0.0,0.0,1.0,0.0,0.0,1.0,0.0,0.0,1.0,0.0,0.0,0
52.0,6.0,27.88,4320.0,0.0,1.0,1.0,0.0,64.5,0.0,0.0,0.0,1.0,0.0,0.0,0.0,1.0,0.0,0.0,5.0,0.0,0.0,0.0,1.0,30.0,1929.95,0.0,836.4,0.0,0.0,0.0,0.0,1.0,0.0,0.0,1.0,1.0,0.0,0.0,0.0,0.0,1.0,0.0,0.0,0.0,1.0,0.0,0
44.0,20.0,37.29,5344.0,0.0,0.0,1.0,0.0,62.05,1.0,0.0,0.0,0.0,0.0,0.0,0.0,1.0,0.0,0.0,1.0,0.0,1.0,1.0,0.0,2.0,118.3,0.0,74.58,0.0,0.0,1.0,1.0,0.0,0.0,0.0,1.0,1.0,0.0,0.0,0.0,1.0,0.0,0.0,0.0,1.0,0.0,0.0,1
56.0,15.0,20.27,3192.0,0.0,1.0,1.0,0.0,78.45,1.0,0.0,0.0,0.0,0.0,1.0,0.0,1.0,1.0,0.0,4.0,0.0,1.0,1.0,1.0,42.0,3373.4,0.0,851.34,0.0,0.0,1.0,0.0,0.0,1.0,1.0,0.0,0.0,1.0,0.0,0.0,1.0,0.0,0.0,0.0,0.0,1.0,0.0,0
40.0,0.0,47.51,4117.0,0.0,0.0,0.0,0.0,20.75,0.0,0.0,0.0,0.0,0.0,0.0,0.0,1.0,0.0,0.0,3.0,0.0,0.0,0.0,0.0,24.0,487.05,0.0,1140.24,0.0,0.0,0.0,0.0,0.0,1.0,0.0,1.0,0.0,0.0,1.0,0.0,1.0,0.0,0.0,0.0,0.0,1.0,0.0,0
49.0,21.0,41.4,4029.0,0.0,0.0,1.0,1.0,59.85,0.0,0.0,7.0,1.0,1.0,0.0,1.0,1.0,1.0,1.0,3.0,0.0,0.0,0.0,0.0,60.0,3483.45,0.0,2484.0,0.0,0.0,1.0,0.0,0.0,1.0,1.0,0.0,1.0,0.0,0.0,0.0,1.0,0.0,0.0,0.0,1.0,0.0,0.0,0
39.0,20.0,8.1,4843.0,1.0,0.0,1.0,1.0,75.85,0.0,1.0,10.0,0.0,0.0,1.0,1.0,1.0,1.0,1.0,5.0,0.0,0.0,0.0,0.0,9.0,647.5,0.0,72.9,0.0,0.0,1.0,1.0,0.0,0.0,1.0,0.0,0.0,0.0,1.0,0.0,1.0,0.0,0.0,0.0,1.0,0.0,0.0,0
78.0,22.0,24.75,5287.0,0.0,0.0,1.0,0.0,71.15,0.0,0.0,0.0,0.0,0.0,1.0,0.0,1.0,0.0,0.0,3.0,1.0,0.0,0.0,0.0,1.0,71.15,20.0,24.75,0.0,0.0,0.0,1.0,0.0,0.0,1.0,0.0,0.0,0.0,1.0,0.0,0.0,0.0,0.0,1.0,1.0,0.0,0.0,1
73.0,7.0,38.31,5915.0,0.0,0.0,1.0,1.0,80.35,1.0,0.0,1.0,0.0,1.0,0.0,1.0,1.0,0.0,1.0,1.0,1.0,0.0,0.0,0.0,47.0,3825.85,90.0,1800.57,0.0,0.0,0.0,1.0,0.0,0.0,1.0,0.0,0.0,0.0,1.0,0.0,1.0,0.0,0.0,0.0,1.0,0.0,0.0,1
57.0,0.0,37.62,3666.0,0.0,0.0,0.0,0.0,19.75,0.0,0.0,0.0,0.0,0.0,0.0,0.0,1.0,0.0,0.0,3.0,0.0,0.0,0.0,0.0,1.0,19.75,0.0,37.62,0.0,0.0,0.0,1.0,0.0,0.0,1.0,0.0,0.0,0.0,1.0,0.0,1.0,0.0,0.0,0.0,1.0,0.0,0.0,0
75.0,29.0,17.65,5570.0,0.0,1.0,1.0,0.0,104.95,1.0,0.0,0.0,0.0,0.0,1.0,0.0,1.0,1.0,0.0,5.0,1.0,1.0,0.0,1.0,50.0,5222.35,0.0,882.5,0.0,0.0,1.0,1.0,0.0,0.0,1.0,0.0,0.0,0.0,1.0,0.0,1.0,0.0,0.0,0.0,1.0,0.0,0.0,0
27.0,0.0,16.04,4479.0,0.0,0.0,0.0,0.0,20.0,0.0,0.0,0.0,0.0,0.0,0.0,0.0,1.0,0.0,0.0,3.0,0.0,0.0,0.0,0.0,7.0,137.6,0.0,112.28,0.0,1.0,0.0,1.0,0.0,0.0,1.0,0.0,0.0,0.0,1.0,0.0,0.0,0.0,0.0,1.0,1.0,0.0,0.0,1
79.0,29.0,47.35,3330.0,0.0,0.0,1.0,0.0,98.25,1.0,0.0,0.0,1.0,0.0,1.0,0.0,1.0,0.0,0.0,3.0,1.0,1.0,1.0,1.0,6.0,560.6,0.0,284.1,0.0,0.0,1.0,1.0,0.0,0.0,1.0,0.0,0.0,0.0,1.0,0.0,1.0,0.0,0.0,0.0,1.0,0.0,0.0,1
55.0,22.0,34.43,4711.0,1.0,0.0,1.0,0.0,54.4,0.0,1.0,0.0,1.0,0.0,1.0,0.0,1.0,1.0,0.0,3.0,0.0,0.0,0.0,0.0,28.0,1516.6,0.0,964.04,0.0,0.0,1.0,0.0,1.0,0.0,0.0,1.0,0.0,1.0,0.0,0.0,0.0,1.0,0.0,0.0,0.0,1.0,0.0,0
37.0,28.0,43.24,6026.0,1.0,1.0,1.0,1.0,60.5,0.0,2.0,7.0,1.0,1.0,0.0,1.0,1.0,0.0,1.0,3.0,0.0,0.0,0.0,0.0,60.0,3694.45,0.0,2594.4,0.0,0.0,1.0,0.0,0.0,1.0,0.0,1.0,0.0,1.0,0.0,0.0,1.0,0.0,0.0,0.0,1.0,0.0,0.0,0
53.0,20.0,31.49,2206.0,0.0,0.0,1.0,1.0,94.7,1.0,0.0,1.0,0.0,0.0,1.0,1.0,1.0,0.0,1.0,1.0,0.0,1.0,1.0,1.0,18.0,1687.95,0.0,566.82,0.0,0.0,1.0,1.0,0.0,0.0,0.0,1.0,0.0,0.0,1.0,0.0,0.0,0.0,1.0,0.0,1.0,0.0,0.0,1
23.0,30.0,2.12,3707.0,1.0,0.0,1.0,1.0,101.9,0.0,1.0,8.0,0.0,1.0,0.0,1.0,1.0,1.0,1.0,3.0,0.0,1.0,1.0,1.0,15.0,1667.25,120.0,31.8,0.0,1.0,0.0,0.0,1.0,0.0,0.0,1.0,0.0,0.0,1.0,0.0,1.0,0.0,0.0,0.0,1.0,0.0,0.0,0
56.0,0.0,26.17,3705.0,1.0,0.0,0.0,1.0,24.0,1.0,1.0,0.0,0.0,0.0,1.0,1.0,1.0,0.0,0.0,3.0,0.0,0.0,0.0,0.0,12.0,269.65,0.0,314.04,0.0,0.0,0.0,0.0,0.0,1.0,0.0,1.0,0.0,0.0,1.0,0.0,1.0,0.0,0.0,0.0,1.0,0.0,0.0,0
19.0,73.0,45.04,2804.0,0.0,1.0,1.0,0.0,64.1,0.0,0.0,0.0,0.0,0.0,0.0,0.0,1.0,1.0,0.0,5.0,0.0,1.0,1.0,0.0,8.0,504.05,10.0,360.32,0.0,1.0,0.0,1.0,0.0,0.0,1.0,0.0,0.0,1.0,0.0,0.0,1.0,0.0,0.0,0.0,0.0,0.0,1.0,0
55.0,6.0,7.37,5259.0,0.0,0.0,1.0,0.0,94.1,1.0,0.0,0.0,0.0,0.0,1.0,0.0,1.0,0.0,0.0,5.0,0.0,1.0,1.0,1.0,7.0,701.3,0.0,51.59,0.0,0.0,1.0,1.0,0.0,0.0,0.0,1.0,0.0,0.0,1.0,0.0,1.0,0.0,0.0,0.0,1.0,0.0,0.0,0
53.0,26.0,2.95,4311.0,0.0,1.0,1.0,1.0,91.15,1.0,0.0,4.0,1.0,1.0,1.0,1.0,1.0,1.0,1.0,4.0,0.0,1.0,1.0,1.0,72.0,6637.9,0.0,212.4,0.0,0.0,1.0,0.0,0.0,1.0,1.0,0.0,1.0,0.0,0.0,0.0,1.0,0.0,0.0,0.0,1.0,0.0,0.0,0
66.0,2.0,6.03,5925.0,0.0,1.0,1.0,1.0,104.15,1.0,0.0,0.0,1.0,0.0,1.0,1.0,1.0,0.0,0.0,3.0,1.0,1.0,0.0,1.0,72.0,7689.95,0.0,434.16,0.0,0.0,1.0,0.0,0.0,1.0,0.0,1.0,0.0,0.0,1.0,0.0,1.0,0.0,0.0,0.0,1.0,0.0,0.0,1
56.0,22.0,14.41,5904.0,1.0,1.0,1.0,1.0,85.05,0.0,1.0,5.0,0.0,0.0,1.0,1.0,1.0,0.0,1.0,4.0,0.0,0.0,0.0,1.0,40.0,3355.65,0.0,576.4,38.15,0.0,1.0,0.0,1.0,0.0,0.0,1.0,0.0,0.0,1.0,0.0,1.0,0.0,0.0,0.0,1.0,0.0,0.0,0
78.0,3.0,35.65,5651.0,0.0,0.0,1.0,0.0,43.8,0.0,0.0,0.0,0.0,0.0,0.0,0.0,1.0,0.0,0.0,5.0,1.0,0.0,0.0,0.0,49.0,2106.05,0.0,1746.85,20.45,0.0,1.0,0.0,0.0,1.0,1.0,0.0,0.0,1.0,0.0,0.0,1.0,0.0,0.0,0.0,0.0,1.0,0.0,0
68.0,15.0,32.12,5838.0,0.0,0.0,1.0,0.0,104.9,1.0,0.0,0.0,1.0,0.0,1.0,0.0,1.0,1.0,0.0,5.0,1.0,1.0,0.0,1.0,57.0,5913.95,90.0,1830.84,1.69,0.0,0.0,0.0,0.0,1.0,0.0,1.0,0.0,0.0,1.0,0.0,1.0,0.0,0.0,0.0,1.0,0.0,0.0,0
36.0,9.0,17.46,5047.0,0.0,1.0,1.0,0.0,89.4,0.0,0.0,0.0,0.0,0.0,1.0,0.0,1.0,1.0,0.0,1.0,0.0,1.0,1.0,0.0,12.0,1095.65,0.0,209.52,0.0,0.0,1.0,1.0,0.0,0.0,1.0,0.0,0.0,0.0,1.0,0.0,0.0,0.0,1.0,0.0,1.0,0.0,0.0,1
31.0,0.0,22.12,3663.0,0.0,0.0,0.0,0.0,20.4,0.0,0.0,0.0,0.0,0.0,0.0,0.0,1.0,0.0,0.0,3.0,0.0,0.0,0.0,0.0,1.0,20.4,0.0,22.12,0.0,0.0,0.0,1.0,0.0,0.0,1.0,0.0,0.0,0.0,1.0,0.0,0.0,0.0,0.0,1.0,0.0,0.0,1.0,1
30.0,0.0,22.77,5306.0,0.0,0.0,0.0,0.0,21.15,0.0,0.0,0.0,0.0,0.0,1.0,0.0,1.0,0.0,0.0,5.0,0.0,0.0,0.0,0.0,72.0,1419.4,0.0,1639.44,19.31,0.0,0.0,0.0,0.0,1.0,1.0,0.0,0.0,0.0,1.0,0.0,1.0,0.0,0.0,0.0,1.0,0.0,0.0,0
32.0,22.0,15.03,6284.0,0.0,1.0,1.0,0.0,75.1,0.0,0.0,0.0,1.0,1.0,1.0,0.0,1.0,1.0,0.0,3.0,0.0,0.0,0.0,1.0,72.0,5336.35,0.0,1082.16,0.0,0.0,1.0,0.0,0.0,1.0,0.0,1.0,1.0,0.0,0.0,1.0,0.0,0.0,0.0,0.0,1.0,0.0,0.0,0
63.0,20.0,27.0,4634.0,0.0,1.0,1.0,0.0,64.75,0.0,0.0,0.0,1.0,0.0,1.0,0.0,1.0,0.0,0.0,3.0,0.0,1.0,1.0,0.0,55.0,3617.1,0.0,1485.0,0.0,0.0,1.0,0.0,0.0,1.0,1.0,0.0,1.0,0.0,0.0,0.0,1.0,0.0,0.0,0.0,0.0,0.0,1.0,0
20.0,59.0,5.54,4115.0,0.0,1.0,1.0,0.0,88.7,1.0,0.0,0.0,0.0,0.0,1.0,0.0,1.0,0.0,0.0,1.0,0.0,0.0,0.0,1.0,20.0,1761.45,0.0,110.8,0.0,1.0,1.0,1.0,0.0,0.0,0.0,1.0,0.0,0.0,1.0,0.0,0.0,0.0,1.0,0.0,1.0,0.0,0.0,1
49.0,17.0,46.66,2649.0,1.0,0.0,1.0,1.0,61.4,0.0,1.0,3.0,1.0,1.0,0.0,1.0,1.0,1.0,1.0,3.0,0.0,0.0,0.0,0.0,32.0,1864.65,0.0,1493.12,0.0,0.0,1.0,1.0,0.0,0.0,1.0,0.0,0.0,1.0,0.0,0.0,1.0,0.0,0.0,0.0,1.0,0.0,0.0,0
62.0,20.0,11.74,5804.0,1.0,1.0,1.0,1.0,90.4,0.0,3.0,10.0,1.0,0.0,1.0,1.0,1.0,0.0,1.0,3.0,0.0,0.0,0.0,1.0,49.0,4494.65,0.0,575.26,0.0,0.0,1.0,1.0,0.0,0.0,0.0,1.0,0.0,0.0,1.0,0.0,1.0,0.0,0.0,0.0,0.0,1.0,0.0,0
48.0,19.0,0.0,6340.0,1.0,1.0,1.0,1.0,44.25,0.0,2.0,9.0,0.0,1.0,0.0,1.0,0.0,0.0,1.0,3.0,0.0,1.0,1.0,0.0,52.0,2276.1,0.0,0.0,23.5,0.0,1.0,0.0,1.0,0.0,0.0,1.0,0.0,1.0,0.0,0.0,1.0,0.0,0.0,0.0,1.0,0.0,0.0,0
20.0,0.0,31.53,5577.0,1.0,0.0,0.0,1.0,24.45,1.0,2.0,2.0,0.0,0.0,1.0,1.0,1.0,0.0,1.0,3.0,0.0,0.0,0.0,0.0,56.0,1385.85,0.0,1765.68,0.0,1.0,0.0,0.0,0.0,1.0,1.0,0.0,0.0,0.0,1.0,0.0,1.0,0.0,0.0,0.0,0.0,1.0,0.0,0
37.0,19.0,0.0,4043.0,0.0,1.0,1.0,0.0,35.75,0.0,0.0,0.0,1.0,0.0,1.0,0.0,0.0,0.0,0.0,5.0,0.0,0.0,0.0,0.0,69.0,2492.25,150.0,0.0,0.0,0.0,0.0,0.0,1.0,0.0,0.0,1.0,0.0,1.0,0.0,0.0,1.0,0.0,0.0,0.0,1.0,0.0,0.0,0
23.0,59.0,0.0,4917.0,0.0,0.0,1.0,0.0,39.3,0.0,0.0,0.0,1.0,0.0,1.0,0.0,0.0,0.0,0.0,1.0,0.0,0.0,1.0,1.0,57.0,2111.45,80.0,0.0,0.0,1.0,0.0,1.0,0.0,0.0,0.0,1.0,0.0,1.0,0.0,0.0,1.0,0.0,0.0,0.0,1.0,0.0,0.0,1
60.0,0.0,11.35,4836.0,0.0,0.0,0.0,1.0,19.85,0.0,0.0,6.0,0.0,0.0,1.0,1.0,1.0,0.0,1.0,3.0,0.0,0.0,0.0,0.0,53.0,1039.45,0.0,601.55,14.67,0.0,0.0,0.0,1.0,0.0,1.0,0.0,0.0,0.0,1.0,0.0,1.0,0.0,0.0,0.0,1.0,0.0,0.0,0
70.0,19.0,24.68,4340.0,0.0,0.0,1.0,1.0,89.45,1.0,0.0,6.0,1.0,0.0,0.0,1.0,1.0,0.0,1.0,3.0,1.0,1.0,0.0,0.0,60.0,5294.6,10.0,1480.8,0.0,0.0,0.0,0.0,0.0,1.0,1.0,0.0,0.0,0.0,1.0,0.0,1.0,0.0,0.0,0.0,1.0,0.0,0.0,0
36.0,16.0,37.37,5227.0,0.0,0.0,1.0,0.0,65.45,0.0,0.0,0.0,1.0,0.0,1.0,0.0,1.0,1.0,0.0,5.0,0.0,0.0,0.0,1.0,8.0,554.45,0.0,298.96,0.0,0.0,1.0,1.0,0.0,0.0,1.0,0.0,1.0,0.0,0.0,0.0,0.0,0.0,0.0,1.0,1.0,0.0,0.0,0
50.0,11.0,35.49,3585.0,1.0,1.0,1.0,0.0,72.9,0.0,2.0,0.0,0.0,0.0,1.0,0.0,1.0,1.0,0.0,1.0,0.0,1.0,1.0,1.0,9.0,651.4,0.0,319.41,0.0,0.0,1.0,1.0,0.0,0.0,1.0,0.0,1.0,0.0,0.0,0.0,1.0,0.0,0.0,0.0,0.0,1.0,0.0,1
43.0,18.0,31.57,3559.0,0.0,0.0,1.0,0.0,90.65,1.0,0.0,0.0,0.0,1.0,0.0,0.0,1.0,0.0,0.0,3.0,0.0,0.0,0.0,1.0,4.0,367.95,0.0,126.28,0.0,0.0,1.0,1.0,0.0,0.0,0.0,1.0,0.0,0.0,1.0,0.0,0.0,0.0,0.0,1.0,1.0,0.0,0.0,0
34.0,19.0,41.58,4972.0,1.0,1.0,1.0,1.0,108.25,1.0,1.0,3.0,1.0,1.0,1.0,1.0,1.0,0.0,1.0,4.0,0.0,1.0,1.0,1.0,50.0,5431.4,0.0,2079.0,0.0,0.0,1.0,0.0,1.0,0.0,0.0,1.0,0.0,0.0,1.0,0.0,1.0,0.0,0.0,0.0,1.0,0.0,0.0,0
78.0,24.0,46.77,4074.0,0.0,1.0,1.0,1.0,67.45,1.0,0.0,1.0,1.0,1.0,1.0,1.0,1.0,0.0,1.0,3.0,1.0,0.0,0.0,0.0,47.0,3252.0,0.0,2198.19,0.0,0.0,1.0,0.0,0.0,1.0,1.0,0.0,0.0,1.0,0.0,0.0,1.0,0.0,0.0,0.0,0.0,1.0,0.0,0
36.0,9.0,0.0,4369.0,0.0,1.0,1.0,0.0,65.6,0.0,0.0,0.0,1.0,1.0,1.0,0.0,0.0,1.0,0.0,3.0,0.0,1.0,1.0,1.0,72.0,4566.5,0.0,0.0,0.0,0.0,1.0,0.0,0.0,1.0,0.0,1.0,1.0,0.0,0.0,0.0,1.0,0.0,0.0,0.0,1.0,0.0,0.0,0
20.0,0.0,11.68,2382.0,0.0,0.0,0.0,1.0,26.9,1.0,0.0,7.0,0.0,0.0,0.0,1.0,1.0,0.0,1.0,4.0,0.0,0.0,0.0,0.0,47.0,1250.85,0.0,548.96,0.0,1.0,0.0,0.0,1.0,0.0,1.0,0.0,0.0,0.0,1.0,0.0,1.0,0.0,0.0,0.0,1.0,0.0,0.0,0
29.0,0.0,25.1,2053.0,1.0,0.0,0.0,1.0,19.25,0.0,5.0,9.0,0.0,0.0,0.0,1.0,1.0,0.0,1.0,4.0,0.0,0.0,0.0,0.0,1.0,19.25,0.0,25.1,0.0,1.0,0.0,1.0,0.0,0.0,1.0,0.0,0.0,0.0,1.0,0.0,0.0,0.0,0.0,1.0,1.0,0.0,0.0,0
54.0,29.0,28.2,5180.0,0.0,1.0,1.0,0.0,100.5,1.0,0.0,0.0,0.0,0.0,1.0,0.0,1.0,0.0,0.0,3.0,0.0,1.0,1.0,1.0,5.0,514.0,0.0,141.0,0.0,0.0,1.0,1.0,0.0,0.0,1.0,0.0,0.0,0.0,1.0,0.0,1.0,0.0,0.0,0.0,1.0,0.0,0.0,1
42.0,0.0,31.49,5897.0,1.0,0.0,0.0,1.0,20.4,0.0,3.0,7.0,0.0,0.0,0.0,1.0,1.0,0.0,1.0,3.0,0.0,0.0,0.0,0.0,61.0,1226.45,0.0,1920.89,0.0,0.0,0.0,0.0,1.0,0.0,0.0,1.0,0.0,0.0,1.0,0.0,1.0,0.0,0.0,0.0,0.0,1.0,0.0,0
29.0,0.0,16.2,2750.0,0.0,0.0,0.0,0.0,19.9,0.0,0.0,0.0,0.0,0.0,0.0,0.0,1.0,0.0,0.0,3.0,0.0,0.0,0.0,0.0,7.0,173.15,0.0,113.4,0.0,1.0,0.0,0.0,1.0,0.0,1.0,0.0,0.0,0.0,1.0,0.0,0.0,0.0,0.0,1.0,0.0,1.0,0.0,0
62.0,0.0,32.03,5627.0,0.0,0.0,0.0,0.0,20.35,0.0,0.0,0.0,0.0,0.0,0.0,0.0,1.0,0.0,0.0,2.0,0.0,0.0,0.0,0.0,2.0,33.2,0.0,64.06,0.0,0.0,0.0,1.0,0.0,0.0,0.0,1.0,0.0,0.0,1.0,0.0,1.0,0.0,0.0,0.0,0.0,0.0,1.0,1
45.0,3.0,17.87,5949.0,0.0,1.0,1.0,1.0,116.95,1.0,0.0,9.0,1.0,1.0,1.0,1.0,1.0,1.0,1.0,3.0,0.0,1.0,1.0,1.0,72.0,8594.4,0.0,1286.64,0.0,0.0,1.0,0.0,0.0,1.0,0.0,1.0,0.0,0.0,1.0,1.0,0.0,0.0,0.0,0.0,0.0,1.0,0.0,0
69.0,23.0,20.78,4309.0,1.0,1.0,1.0,1.0,96.55,0.0,1.0,9.0,0.0,0.0,1.0,1.0,1.0,0.0,1.0,5.0,1.0,1.0,1.0,1.0,24.0,2263.45,0.0,498.72,0.0,0.0,1.0,0.0,0.0,1.0,1.0,0.0,0.0,0.0,1.0,0.0,1.0,0.0,0.0,0.0,1.0,0.0,0.0,0
63.0,19.0,2.48,5980.0,1.0,1.0,1.0,0.0,105.45,0.0,1.0,0.0,1.0,0.0,1.0,0.0,1.0,1.0,0.0,5.0,0.0,1.0,1.0,1.0,26.0,2715.3,0.0,64.48,0.0,0.0,1.0,0.0,0.0,1.0,1.0,0.0,0.0,0.0,1.0,0.0,0.0,1.0,0.0,0.0,1.0,0.0,0.0,0
51.0,19.0,0.0,3287.0,1.0,0.0,1.0,0.0,45.8,0.0,2.0,0.0,0.0,1.0,0.0,0.0,0.0,1.0,0.0,4.0,0.0,1.0,1.0,0.0,26.0,1147.0,0.0,0.0,0.0,0.0,1.0,1.0,0.0,0.0,1.0,0.0,0.0,1.0,0.0,0.0,1.0,0.0,0.0,0.0,0.0,1.0,0.0,0
48.0,26.0,12.02,5993.0,0.0,1.0,1.0,1.0,87.1,1.0,0.0,5.0,1.0,1.0,1.0,1.0,1.0,1.0,1.0,3.0,0.0,1.0,1.0,1.0,72.0,6230.1,0.0,865.44,0.0,0.0,1.0,0.0,0.0,1.0,0.0,1.0,1.0,0.0,0.0,0.0,1.0,0.0,0.0,0.0,1.0,0.0,0.0,0
53.0,11.0,3.03,2624.0,0.0,0.0,1.0,0.0,63.75,0.0,0.0,0.0,1.0,0.0,1.0,0.0,1.0,1.0,0.0,5.0,0.0,0.0,0.0,1.0,4.0,226.2,0.0,12.12,0.0,0.0,1.0,1.0,0.0,0.0,0.0,1.0,0.0,1.0,0.0,0.0,1.0,0.0,0.0,0.0,1.0,0.0,0.0,0
32.0,24.0,32.91,2610.0,0.0,0.0,1.0,0.0,78.75,0.0,0.0,0.0,0.0,0.0,0.0,0.0,1.0,0.0,0.0,5.0,0.0,1.0,1.0,0.0,5.0,426.35,10.0,164.55,0.0,0.0,0.0,1.0,0.0,0.0,0.0,1.0,0.0,0.0,1.0,0.0,1.0,0.0,0.0,0.0,0.0,1.0,0.0,0
23.0,73.0,37.75,5995.0,1.0,1.0,1.0,1.0,89.1,1.0,2.0,4.0,0.0,0.0,1.0,1.0,1.0,0.0,1.0,4.0,0.0,0.0,0.0,1.0,62.0,5411.65,0.0,2340.5,0.0,1.0,1.0,0.0,0.0,1.0,0.0,1.0,0.0,0.0,1.0,0.0,1.0,0.0,0.0,0.0,0.0,1.0,0.0,0
66.0,16.0,29.8,4447.0,0.0,0.0,1.0,0.0,87.3,0.0,0.0,0.0,0.0,1.0,1.0,0.0,1.0,0.0,0.0,3.0,1.0,1.0,1.0,0.0,19.0,1637.3,0.0,566.2,0.0,0.0,1.0,1.0,0.0,0.0,0.0,1.0,0.0,0.0,1.0,0.0,1.0,0.0,0.0,0.0,1.0,0.0,0.0,0
68.0,12.0,39.78,3438.0,0.0,1.0,1.0,0.0,50.15,0.0,0.0,0.0,0.0,0.0,1.0,0.0,1.0,0.0,0.0,2.0,1.0,0.0,0.0,0.0,1.0,50.15,0.0,39.78,0.0,0.0,1.0,1.0,0.0,0.0,0.0,1.0,1.0,0.0,0.0,0.0,0.0,0.0,0.0,1.0,0.0,0.0,1.0,1
27.0,0.0,10.42,4907.0,0.0,0.0,0.0,1.0,20.55,0.0,0.0,2.0,0.0,0.0,1.0,1.0,1.0,0.0,1.0,3.0,0.0,0.0,0.0,0.0,10.0,252.75,0.0,104.2,0.0,1.0,0.0,1.0,0.0,0.0,1.0,0.0,0.0,0.0,1.0,0.0,1.0,0.0,0.0,0.0,0.0,1.0,0.0,0
19.0,0.0,9.51,4579.0,1.0,0.0,0.0,1.0,19.5,0.0,2.0,1.0,0.0,0.0,0.0,1.0,1.0,0.0,1.0,4.0,0.0,0.0,0.0,0.0,59.0,1222.65,0.0,561.09,0.0,1.0,0.0,0.0,0.0,1.0,1.0,0.0,0.0,0.0,1.0,0.0,1.0,0.0,0.0,0.0,0.0,1.0,0.0,0
34.0,0.0,40.91,4311.0,0.0,0.0,0.0,1.0,19.85,0.0,0.0,0.0,0.0,0.0,0.0,1.0,1.0,0.0,0.0,4.0,0.0,0.0,0.0,0.0,70.0,1328.35,0.0,2863.7,33.29,0.0,0.0,0.0,0.0,1.0,1.0,0.0,0.0,0.0,1.0,0.0,1.0,0.0,0.0,0.0,0.0,1.0,0.0,0
45.0,12.0,32.44,3522.0,0.0,0.0,1.0,0.0,44.4,0.0,0.0,0.0,0.0,0.0,0.0,0.0,1.0,0.0,0.0,1.0,0.0,0.0,0.0,0.0,1.0,44.4,0.0,32.44,0.0,0.0,1.0,1.0,0.0,0.0,0.0,1.0,0.0,1.0,0.0,0.0,0.0,0.0,0.0,1.0,0.0,0.0,1.0,1
73.0,21.0,4.71,5195.0,1.0,0.0,1.0,1.0,51.0,1.0,2.0,1.0,0.0,0.0,1.0,1.0,1.0,0.0,1.0,3.0,1.0,0.0,0.0,0.0,28.0,1381.8,80.0,131.88,0.0,0.0,0.0,0.0,1.0,0.0,0.0,1.0,0.0,1.0,0.0,0.0,1.0,0.0,0.0,0.0,1.0,0.0,0.0,0
19.0,0.0,1.57,4050.0,0.0,0.0,0.0,0.0,20.25,0.0,0.0,0.0,0.0,0.0,1.0,0.0,1.0,0.0,0.0,5.0,0.0,0.0,0.0,0.0,3.0,61.45,0.0,4.71,0.0,1.0,0.0,1.0,0.0,0.0,0.0,1.0,0.0,0.0,1.0,0.0,1.0,0.0,0.0,0.0,1.0,0.0,0.0,0
57.0,6.0,21.86,4480.0,0.0,1.0,1.0,0.0,101.55,1.0,0.0,0.0,0.0,0.0,1.0,0.0,1.0,0.0,0.0,3.0,0.0,1.0,1.0,1.0,3.0,298.35,0.0,65.58,0.0,0.0,1.0,1.0,0.0,0.0,0.0,1.0,0.0,0.0,1.0,0.0,0.0,0.0,0.0,1.0,1.0,0.0,0.0,1
58.0,0.0,48.56,4681.0,1.0,0.0,0.0,1.0,19.8,0.0,1.0,2.0,0.0,0.0,1.0,1.0,1.0,0.0,1.0,3.0,0.0,0.0,0.0,0.0,56.0,1119.9,0.0,2719.36,0.0,0.0,0.0,0.0,0.0,1.0,1.0,0.0,0.0,0.0,1.0,0.0,1.0,0.0,0.0,0.0,0.0,1.0,0.0,0
29.0,51.0,23.31,4161.0,0.0,1.0,1.0,1.0,80.9,1.0,0.0,1.0,1.0,0.0,0.0,1.0,1.0,0.0,1.0,3.0,0.0,1.0,1.0,1.0,61.0,4932.5,0.0,1421.91,0.0,1.0,1.0,0.0,0.0,1.0,0.0,1.0,0.0,1.0,0.0,0.0,1.0,0.0,0.0,0.0,1.0,0.0,0.0,0
40.0,20.0,38.32,5877.0,0.0,0.0,1.0,0.0,50.3,1.0,0.0,0.0,0.0,0.0,1.0,0.0,1.0,0.0,0.0,3.0,0.0,0.0,0.0,0.0,18.0,913.3,0.0,689.76,0.0,0.0,1.0,1.0,0.0,0.0,1.0,0.0,0.0,1.0,0.0,0.0,1.0,0.0,0.0,0.0,1.0,0.0,0.0,0
30.0,26.0,44.57,3359.0,1.0,0.0,1.0,1.0,70.3,0.0,2.0,6.0,1.0,1.0,1.0,1.0,1.0,1.0,1.0,3.0,0.0,1.0,1.0,0.0,24.0,1706.45,0.0,1069.68,0.0,0.0,1.0,1.0,0.0,0.0,0.0,1.0,1.0,0.0,0.0,0.0,1.0,0.0,0.0,0.0,0.0,1.0,0.0,0
57.0,10.0,27.41,3839.0,0.0,0.0,1.0,1.0,55.05,1.0,0.0,6.0,0.0,1.0,1.0,1.0,1.0,0.0,1.0,5.0,0.0,0.0,0.0,0.0,37.0,2030.75,0.0,1014.17,0.0,0.0,1.0,1.0,0.0,0.0,0.0,1.0,0.0,1.0,0.0,0.0,1.0,0.0,0.0,0.0,0.0,0.0,1.0,0
42.0,17.0,28.7,4699.0,1.0,0.0,1.0,1.0,44.75,0.0,1.0,7.0,0.0,0.0,0.0,1.0,1.0,0.0,1.0,5.0,0.0,0.0,0.0,0.0,7.0,333.65,0.0,200.9,0.0,0.0,1.0,1.0,0.0,0.0,0.0,1.0,0.0,1.0,0.0,0.0,0.0,0.0,0.0,1.0,1.0,0.0,0.0,0
42.0,25.0,35.97,4804.0,0.0,1.0,1.0,0.0,106.4,1.0,0.0,0.0,1.0,0.0,1.0,0.0,1.0,0.0,0.0,1.0,0.0,1.0,1.0,1.0,47.0,5127.95,0.0,1690.59,0.0,0.0,0.0,1.0,0.0,0.0,1.0,0.0,0.0,0.0,1.0,0.0,1.0,0.0,0.0,0.0,1.0,0.0,0.0,1
73.0,28.0,0.0,5491.0,0.0,1.0,1.0,1.0,52.3,0.0,0.0,10.0,1.0,0.0,1.0,1.0,0.0,0.0,1.0,5.0,1.0,1.0,1.0,1.0,71.0,3765.05,40.0,0.0,0.0,0.0,0.0,1.0,0.0,0.0,0.0,1.0,1.0,0.0,0.0,0.0,1.0,0.0,0.0,0.0,1.0,0.0,0.0,0
48.0,4.0,15.6,2291.0,0.0,0.0,1.0,0.0,76.5,1.0,0.0,0.0,0.0,0.0,1.0,0.0,1.0,0.0,0.0,3.0,0.0,0.0,0.0,0.0,11.0,837.95,0.0,171.6,0.0,0.0,1.0,1.0,0.0,0.0,1.0,0.0,0.0,0.0,1.0,0.0,1.0,0.0,0.0,0.0,1.0,0.0,0.0,1
54.0,0.0,2.61,4035.0,0.0,0.0,0.0,1.0,19.3,0.0,0.0,3.0,0.0,0.0,0.0,1.0,1.0,0.0,1.0,3.0,0.0,0.0,0.0,0.0,72.0,1304.8,0.0,187.92,0.0,0.0,0.0,0.0,0.0,1.0,0.0,1.0,0.0,0.0,1.0,0.0,1.0,0.0,0.0,0.0,0.0,1.0,0.0,0
45.0,6.0,1.08,3277.0,0.0,0.0,1.0,0.0,74.25,0.0,0.0,0.0,0.0,0.0,1.0,0.0,1.0,1.0,0.0,3.0,0.0,0.0,0.0,0.0,41.0,3089.1,0.0,44.28,0.0,0.0,1.0,1.0,0.0,0.0,0.0,1.0,0.0,0.0,1.0,0.0,1.0,0.0,0.0,0.0,1.0,0.0,0.0,0
60.0,0.0,6.64,4215.0,0.0,0.0,0.0,1.0,20.3,0.0,0.0,7.0,0.0,0.0,1.0,1.0,1.0,0.0,1.0,5.0,0.0,0.0,0.0,0.0,1.0,20.3,0.0,6.64,0.0,0.0,0.0,1.0,0.0,0.0,1.0,0.0,0.0,0.0,1.0,0.0,1.0,0.0,0.0,0.0,1.0,0.0,0.0,0
69.0,19.0,0.0,4865.0,0.0,0.0,1.0,0.0,48.8,0.0,0.0,0.0,0.0,1.0,1.0,0.0,0.0,0.0,0.0,3.0,1.0,1.0,1.0,1.0,52.0,2555.05,0.0,0.0,0.0,0.0,1.0,0.0,0.0,1.0,0.0,1.0,0.0,1.0,0.0,0.0,1.0,0.0,0.0,0.0,0.0,1.0,0.0,0
77.0,17.0,14.19,5479.0,1.0,0.0,1.0,1.0,76.05,0.0,1.0,6.0,1.0,0.0,1.0,1.0,1.0,1.0,1.0,5.0,1.0,1.0,1.0,1.0,35.0,2747.2,0.0,496.65,0.0,0.0,1.0,0.0,1.0,0.0,0.0,1.0,0.0,1.0,0.0,0.0,0.0,1.0,0.0,0.0,1.0,0.0,0.0,0
35.0,17.0,36.84,4154.0,0.0,1.0,1.0,0.0,89.35,1.0,0.0,0.0,0.0,0.0,1.0,0.0,1.0,0.0,0.0,1.0,0.0,0.0,0.0,1.0,7.0,631.85,60.0,257.88,0.0,0.0,0.0,1.0,0.0,0.0,0.0,1.0,0.0,0.0,1.0,0.0,1.0,0.0,0.0,0.0,0.0,1.0,0.0,1
70.0,3.0,0.0,5172.0,0.0,0.0,1.0,1.0,44.85,0.0,0.0,1.0,0.0,0.0,1.0,1.0,0.0,0.0,1.0,2.0,1.0,1.0,1.0,1.0,57.0,2572.95,0.0,0.0,12.07,0.0,1.0,1.0,0.0,0.0,0.0,1.0,1.0,0.0,0.0,0.0,1.0,0.0,0.0,0.0,1.0,0.0,0.0,1
51.0,15.0,0.0,4481.0,0.0,1.0,1.0,1.0,54.2,0.0,0.0,1.0,1.0,0.0,1.0,1.0,0.0,0.0,1.0,3.0,0.0,1.0,1.0,1.0,72.0,3937.45,0.0,0.0,0.0,0.0,1.0,0.0,0.0,1.0,1.0,0.0,1.0,0.0,0.0,1.0,0.0,0.0,0.0,0.0,1.0,0.0,0.0,1
46.0,29.0,0.0,3080.0,0.0,1.0,1.0,0.0,44.45,0.0,0.0,0.0,0.0,0.0,1.0,0.0,0.0,1.0,0.0,4.0,0.0,0.0,0.0,1.0,26.0,1183.8,0.0,0.0,0.0,0.0,1.0,1.0,0.0,0.0,1.0,0.0,1.0,0.0,0.0,0.0,1.0,0.0,0.0,0.0,0.0,1.0,0.0,0
56.0,4.0,14.32,2731.0,0.0,0.0,1.0,1.0,65.85,1.0,0.0,1.0,0.0,1.0,1.0,1.0,1.0,0.0,1.0,3.0,0.0,1.0,1.0,0.0,13.0,902.25,0.0,186.16,0.0,0.0,1.0,1.0,0.0,0.0,0.0,1.0,0.0,1.0,0.0,0.0,0.0,0.0,1.0,0.0,1.0,0.0,0.0,0
53.0,0.0,44.19,4430.0,0.0,0.0,0.0,1.0,19.55,0.0,0.0,1.0,0.0,0.0,0.0,1.0,1.0,0.0,1.0,4.0,0.0,0.0,0.0,0.0,27.0,520.55,0.0,1193.13,0.0,0.0,0.0,0.0,0.0,1.0,0.0,1.0,0.0,0.0,1.0,0.0,0.0,1.0,0.0,0.0,1.0,0.0,0.0,0
40.0,15.0,41.03,3407.0,1.0,1.0,1.0,1.0,95.15,1.0,1.0,2.0,1.0,0.0,1.0,1.0,1.0,0.0,1.0,3.0,0.0,1.0,1.0,0.0,37.0,3532.85,0.0,1518.11,0.0,0.0,1.0,1.0,0.0,0.0,1.0,0.0,0.0,0.0,1.0,0.0,1.0,0.0,0.0,0.0,1.0,0.0,0.0,0
56.0,0.0,13.51,2067.0,0.0,0.0,0.0,0.0,20.05,0.0,0.0,0.0,0.0,0.0,0.0,0.0,1.0,0.0,0.0,5.0,0.0,0.0,0.0,0.0,1.0,20.05,0.0,13.51,0.0,0.0,0.0,1.0,0.0,0.0,0.0,1.0,0.0,0.0,1.0,0.0,1.0,0.0,0.0,0.0,0.0,1.0,0.0,0
55.0,21.0,49.36,4399.0,0.0,1.0,1.0,0.0,81.8,0.0,0.0,0.0,1.0,0.0,1.0,0.0,1.0,1.0,0.0,5.0,0.0,1.0,1.0,1.0,56.0,4534.45,0.0,2764.16,0.0,0.0,1.0,0.0,0.0,1.0,0.0,1.0,0.0,1.0,0.0,0.0,1.0,0.0,0.0,0.0,0.0,1.0,0.0,0
77.0,25.0,38.32,5348.0,0.0,1.0,1.0,1.0,94.4,0.0,0.0,2.0,1.0,1.0,0.0,1.0,1.0,0.0,1.0,4.0,1.0,1.0,1.0,0.0,65.0,6126.15,0.0,2490.8,0.0,0.0,1.0,0.0,1.0,0.0,1.0,0.0,0.0,0.0,1.0,0.0,1.0,0.0,0.0,0.0,1.0,0.0,0.0,0
63.0,0.0,3.14,3413.0,1.0,0.0,0.0,1.0,20.0,0.0,1.0,3.0,0.0,0.0,0.0,1.0,1.0,0.0,1.0,3.0,0.0,0.0,0.0,0.0,42.0,833.55,0.0,131.88,0.0,0.0,0.0,0.0,0.0,1.0,1.0,0.0,0.0,0.0,1.0,0.0,1.0,0.0,0.0,0.0,0.0,1.0,0.0,0
71.0,18.0,26.49,3202.0,0.0,0.0,1.0,1.0,90.15,0.0,0.0,7.0,0.0,1.0,0.0,1.0,1.0,1.0,1.0,3.0,1.0,0.0,0.0,1.0,34.0,3128.8,0.0,900.66,0.0,0.0,1.0,0.0,1.0,0.0,0.0,1.0,0.0,0.0,1.0,0.0,1.0,0.0,0.0,0.0,0.0,1.0,0.0,0
53.0,17.0,16.58,3469.0,0.0,1.0,1.0,0.0,94.5,0.0,0.0,0.0,0.0,0.0,0.0,0.0,1.0,0.0,0.0,2.0,0.0,1.0,1.0,1.0,6.0,575.45,10.0,99.48,0.0,0.0,0.0,1.0,0.0,0.0,0.0,1.0,0.0,0.0,1.0,0.0,0.0,0.0,0.0,1.0,0.0,0.0,1.0,1
56.0,7.0,11.22,4941.0,0.0,1.0,1.0,0.0,101.35,1.0,0.0,0.0,1.0,1.0,0.0,0.0,1.0,0.0,0.0,4.0,0.0,0.0,0.0,1.0,68.0,7110.75,0.0,762.96,0.0,0.0,1.0,0.0,1.0,0.0,0.0,1.0,0.0,0.0,1.0,0.0,1.0,0.0,0.0,0.0,1.0,0.0,0.0,0
50.0,17.0,46.5,4093.0,0.0,0.0,1.0,0.0,93.2,0.0,0.0,0.0,1.0,0.0,1.0,0.0,1.0,0.0,0.0,4.0,0.0,1.0,1.0,1.0,22.0,2157.3,0.0,1023.0,0.0,0.0,1.0,1.0,0.0,0.0,0.0,1.0,0.0,0.0,1.0,0.0,1.0,0.0,0.0,0.0,0.0,1.0,0.0,0
33.0,25.0,0.0,3610.0,0.0,0.0,1.0,1.0,35.1,0.0,0.0,3.0,0.0,1.0,0.0,1.0,0.0,1.0,1.0,3.0,0.0,0.0,0.0,0.0,3.0,101.1,0.0,0.0,0.0,0.0,1.0,1.0,0.0,0.0,0.0,1.0,1.0,0.0,0.0,0.0,0.0,0.0,0.0,1.0,0.0,1.0,0.0,0
61.0,0.0,34.29,5512.0,0.0,0.0,0.0,1.0,25.4,1.0,0.0,2.0,0.0,0.0,0.0,1.0,1.0,0.0,1.0,3.0,0.0,0.0,0.0,0.0,72.0,1710.9,0.0,2468.88,0.0,0.0,0.0,0.0,0.0,1.0,0.0,1.0,0.0,0.0,1.0,1.0,0.0,0.0,0.0,0.0,0.0,1.0,0.0,0
57.0,0.0,22.55,5186.0,0.0,0.0,0.0,0.0,20.65,0.0,0.0,0.0,0.0,0.0,0.0,0.0,1.0,0.0,0.0,4.0,0.0,0.0,0.0,0.0,52.0,1022.95,0.0,1172.6,0.0,0.0,0.0,0.0,1.0,0.0,1.0,0.0,0.0,0.0,1.0,0.0,1.0,0.0,0.0,0.0,0.0,0.0,1.0,0
59.0,25.0,42.22,5884.0,1.0,1.0,1.0,1.0,91.25,1.0,1.0,11.0,0.0,1.0,1.0,1.0,1.0,1.0,1.0,3.0,0.0,0.0,0.0,0.0,43.0,4013.8,0.0,1815.46,25.49,0.0,1.0,0.0,1.0,0.0,0.0,1.0,0.0,0.0,1.0,0.0,1.0,0.0,0.0,0.0,0.0,1.0,0.0,0
69.0,25.0,9.9,4389.0,0.0,1.0,1.0,0.0,110.9,1.0,0.0,0.0,1.0,0.0,0.0,0.0,1.0,1.0,0.0,3.0,1.0,1.0,0.0,1.0,66.0,7432.05,0.0,653.4,0.0,0.0,1.0,0.0,1.0,0.0,0.0,1.0,0.0,0.0,1.0,0.0,1.0,0.0,0.0,0.0,0.0,1.0,0.0,1
48.0,8.0,0.0,2673.0,0.0,1.0,1.0,1.0,48.15,0.0,0.0,10.0,0.0,1.0,0.0,1.0,0.0,1.0,1.0,4.0,0.0,0.0,0.0,1.0,42.0,2032.3,0.0,0.0,0.0,0.0,1.0,0.0,0.0,1.0,0.0,1.0,1.0,0.0,0.0,0.0,1.0,0.0,0.0,0.0,0.0,1.0,0.0,0
37.0,7.0,0.0,4348.0,0.0,0.0,1.0,1.0,40.15,0.0,0.0,1.0,0.0,1.0,1.0,1.0,0.0,0.0,1.0,4.0,0.0,0.0,0.0,1.0,42.0,1626.05,0.0,0.0,0.0,0.0,1.0,1.0,0.0,0.0,0.0,1.0,0.0,1.0,0.0,0.0,1.0,0.0,0.0,0.0,1.0,0.0,0.0,0
31.0,19.0,7.99,4811.0,1.0,1.0,1.0,1.0,100.3,0.0,2.0,7.0,0.0,1.0,0.0,1.0,1.0,0.0,1.0,3.0,0.0,1.0,1.0,1.0,52.0,5244.45,0.0,415.48,0.0,0.0,1.0,0.0,1.0,0.0,1.0,0.0,0.0,0.0,1.0,0.0,1.0,0.0,0.0,0.0,1.0,0.0,0.0,0
19.0,69.0,24.35,4033.0,0.0,0.0,1.0,0.0,58.2,0.0,0.0,0.0,1.0,0.0,0.0,0.0,1.0,0.0,0.0,4.0,0.0,0.0,0.0,1.0,19.0,1045.25,0.0,462.65,0.0,1.0,1.0,0.0,1.0,0.0,1.0,0.0,1.0,0.0,0.0,0.0,1.0,0.0,0.0,0.0,1.0,0.0,0.0,0
25.0,41.0,24.08,5954.0,1.0,1.0,1.0,1.0,80.35,0.0,3.0,8.0,0.0,1.0,0.0,1.0,1.0,0.0,1.0,3.0,0.0,0.0,0.0,0.0,68.0,5375.15,0.0,1637.44,0.0,1.0,1.0,0.0,0.0,1.0,0.0,1.0,0.0,0.0,1.0,1.0,0.0,0.0,0.0,0.0,0.0,1.0,0.0,0
19.0,41.0,49.81,2667.0,0.0,0.0,1.0,0.0,46.0,0.0,0.0,0.0,0.0,0.0,1.0,0.0,1.0,0.0,0.0,3.0,0.0,0.0,1.0,0.0,2.0,84.5,0.0,99.62,0.0,1.0,1.0,1.0,0.0,0.0,0.0,1.0,0.0,1.0,0.0,0.0,1.0,0.0,0.0,0.0,0.0,1.0,0.0,1
44.0,25.0,38.02,5176.0,0.0,0.0,1.0,0.0,75.1,0.0,0.0,0.0,1.0,0.0,0.0,0.0,1.0,0.0,0.0,5.0,0.0,0.0,0.0,0.0,16.0,1212.85,0.0,608.32,0.0,0.0,1.0,1.0,0.0,0.0,1.0,0.0,0.0,0.0,1.0,0.0,1.0,0.0,0.0,0.0,1.0,0.0,0.0,0
40.0,3.0,6.6,5590.0,0.0,1.0,1.0,0.0,55.7,1.0,0.0,0.0,0.0,0.0,1.0,0.0,1.0,0.0,0.0,4.0,0.0,0.0,0.0,0.0,41.0,2237.55,0.0,270.6,0.0,0.0,1.0,1.0,0.0,0.0,0.0,1.0,1.0,0.0,0.0,0.0,1.0,0.0,0.0,0.0,1.0,0.0,0.0,0
20.0,73.0,47.91,5109.0,1.0,0.0,1.0,1.0,80.85,0.0,2.0,8.0,0.0,0.0,1.0,1.0,1.0,0.0,1.0,5.0,0.0,0.0,0.0,1.0,5.0,356.1,0.0,239.55,0.0,1.0,1.0,1.0,0.0,0.0,1.0,0.0,0.0,0.0,1.0,0.0,1.0,0.0,0.0,0.0,1.0,0.0,0.0,0
25.0,30.0,49.7,3498.0,0.0,1.0,1.0,1.0,94.65,1.0,0.0,1.0,1.0,0.0,1.0,1.0,1.0,0.0,1.0,2.0,0.0,0.0,0.0,1.0,38.0,3624.3,0.0,1888.6,0.0,1.0,1.0,1.0,0.0,0.0,0.0,1.0,0.0,0.0,1.0,0.0,1.0,0.0,0.0,0.0,1.0,0.0,0.0,1
76.0,23.0,22.4,2136.0,0.0,0.0,1.0,1.0,60.9,0.0,0.0,9.0,0.0,1.0,0.0,1.0,1.0,0.0,1.0,3.0,1.0,0.0,0.0,1.0,8.0,551.95,0.0,179.2,16.58,0.0,1.0,0.0,1.0,0.0,0.0,1.0,0.0,1.0,0.0,0.0,0.0,0.0,0.0,1.0,1.0,0.0,0.0,0
64.0,0.0,43.18,5029.0,0.0,0.0,0.0,0.0,20.2,0.0,0.0,0.0,0.0,0.0,0.0,0.0,1.0,0.0,0.0,5.0,0.0,0.0,0.0,0.0,6.0,123.65,0.0,259.08,0.0,0.0,0.0,1.0,0.0,0.0,1.0,0.0,0.0,0.0,1.0,0.0,0.0,0.0,0.0,1.0,0.0,1.0,0.0,0
32.0,16.0,26.41,2887.0,0.0,0.0,1.0,1.0,85.2,1.0,0.0,0.0,0.0,0.0,1.0,1.0,1.0,0.0,0.0,1.0,0.0,1.0,1.0,0.0,8.0,627.4,0.0,211.28,0.0,0.0,1.0,1.0,0.0,0.0,1.0,0.0,0.0,0.0,1.0,0.0,0.0,0.0,0.0,1.0,0.0,1.0,0.0,1
23.0,0.0,27.72,3800.0,0.0,0.0,0.0,1.0,20.0,0.0,0.0,6.0,0.0,0.0,0.0,1.0,1.0,0.0,1.0,5.0,0.0,0.0,0.0,0.0,29.0,540.05,0.0,803.88,0.0,1.0,0.0,0.0,1.0,0.0,1.0,0.0,0.0,0.0,1.0,0.0,0.0,1.0,0.0,0.0,1.0,0.0,0.0,0
53.0,11.0,46.49,4625.0,0.0,1.0,1.0,1.0,84.15,1.0,0.0,9.0,1.0,0.0,1.0,1.0,1.0,1.0,1.0,3.0,0.0,1.0,1.0,1.0,50.0,4164.4,0.0,2324.5,0.0,0.0,1.0,0.0,1.0,0.0,1.0,0.0,0.0,1.0,0.0,0.0,1.0,0.0,0.0,0.0,0.0,1.0,0.0,0
71.0,10.0,18.43,5035.0,1.0,0.0,1.0,1.0,89.85,1.0,1.0,1.0,1.0,1.0,1.0,1.0,1.0,1.0,1.0,3.0,1.0,0.0,0.0,0.0,58.0,5125.75,130.0,1068.94,0.0,0.0,0.0,0.0,1.0,0.0,0.0,1.0,0.0,0.0,1.0,0.0,1.0,0.0,0.0,0.0,1.0,0.0,0.0,0
71.0,25.0,2.08,5365.0,0.0,0.0,1.0,1.0,80.3,0.0,0.0,1.0,0.0,0.0,1.0,1.0,1.0,0.0,1.0,1.0,1.0,1.0,1.0,0.0,32.0,2483.05,0.0,66.56,0.0,0.0,1.0,1.0,0.0,0.0,0.0,1.0,0.0,0.0,1.0,0.0,1.0,0.0,0.0,0.0,0.0,1.0,0.0,1
47.0,21.0,32.94,5432.0,1.0,1.0,1.0,0.0,105.35,0.0,3.0,0.0,1.0,1.0,1.0,0.0,1.0,0.0,0.0,4.0,0.0,1.0,1.0,1.0,34.0,3688.6,110.0,1119.96,0.0,0.0,0.0,1.0,0.0,0.0,1.0,0.0,0.0,0.0,1.0,0.0,1.0,0.0,0.0,0.0,1.0,0.0,0.0,0
53.0,21.0,0.0,2580.0,0.0,0.0,1.0,0.0,51.4,0.0,0.0,0.0,1.0,0.0,0.0,0.0,0.0,0.0,0.0,5.0,0.0,1.0,1.0,1.0,2.0,96.8,0.0,0.0,0.0,0.0,1.0,1.0,0.0,0.0,1.0,0.0,1.0,0.0,0.0,0.0,1.0,0.0,0.0,0.0,1.0,0.0,0.0,0
42.0,27.0,11.5,5119.0,0.0,0.0,1.0,1.0,80.5,1.0,0.0,3.0,1.0,0.0,1.0,1.0,1.0,0.0,1.0,1.0,0.0,0.0,0.0,0.0,11.0,896.9,0.0,126.5,0.0,0.0,1.0,1.0,0.0,0.0,0.0,1.0,0.0,0.0,1.0,0.0,0.0,0.0,1.0,0.0,1.0,0.0,0.0,1
79.0,12.0,42.07,5792.0,0.0,0.0,1.0,1.0,60.95,0.0,0.0,7.0,1.0,1.0,1.0,1.0,1.0,1.0,1.0,3.0,1.0,0.0,0.0,0.0,67.0,4119.4,0.0,2818.69,17.19,0.0,1.0,0.0,1.0,0.0,0.0,1.0,1.0,0.0,0.0,1.0,0.0,0.0,0.0,0.0,1.0,0.0,0.0,0
37.0,4.0,3.84,4806.0,0.0,1.0,1.0,0.0,81.15,0.0,0.0,0.0,1.0,0.0,1.0,0.0,1.0,0.0,0.0,1.0,0.0,0.0,0.0,0.0,13.0,952.3,0.0,49.92,0.0,0.0,1.0,1.0,0.0,0.0,1.0,0.0,0.0,0.0,1.0,0.0,1.0,0.0,0.0,0.0,1.0,0.0,0.0,1
56.0,18.0,4.56,4272.0,0.0,1.0,1.0,1.0,112.1,1.0,0.0,1.0,1.0,1.0,0.0,1.0,1.0,1.0,1.0,4.0,0.0,1.0,1.0,1.0,72.0,7965.95,0.0,328.32,18.88,0.0,1.0,0.0,0.0,1.0,1.0,0.0,0.0,0.0,1.0,0.0,1.0,0.0,0.0,0.0,0.0,1.0,0.0,0
53.0,3.0,6.74,2274.0,0.0,0.0,1.0,0.0,71.3,0.0,0.0,0.0,0.0,0.0,1.0,0.0,1.0,0.0,0.0,3.0,0.0,0.0,0.0,0.0,2.0,157.75,0.0,13.48,0.0,0.0,1.0,1.0,0.0,0.0,0.0,1.0,0.0,0.0,1.0,0.0,0.0,0.0,0.0,1.0,0.0,1.0,0.0,0
80.0,4.0,31.11,4993.0,0.0,0.0,1.0,1.0,98.9,1.0,0.0,8.0,1.0,0.0,1.0,1.0,1.0,0.0,1.0,3.0,1.0,1.0,0.0,1.0,58.0,5780.7,0.0,1804.38,0.0,0.0,1.0,0.0,0.0,1.0,0.0,1.0,0.0,0.0,1.0,0.0,1.0,0.0,0.0,0.0,1.0,0.0,0.0,0
35.0,22.0,42.18,6245.0,1.0,0.0,1.0,1.0,95.0,0.0,2.0,3.0,1.0,0.0,1.0,1.0,1.0,0.0,1.0,5.0,0.0,1.0,1.0,1.0,57.0,5535.8,0.0,2404.26,0.0,0.0,1.0,0.0,1.0,0.0,1.0,0.0,0.0,0.0,1.0,0.0,1.0,0.0,0.0,0.0,1.0,0.0,0.0,0
73.0,18.0,30.3,2784.0,0.0,1.0,1.0,1.0,71.7,1.0,0.0,4.0,1.0,0.0,0.0,1.0,1.0,0.0,1.0,5.0,1.0,1.0,0.0,0.0,21.0,1497.05,100.0,636.3,0.0,0.0,0.0,0.0,1.0,0.0,1.0,0.0,0.0,1.0,0.0,0.0,1.0,0.0,0.0,0.0,1.0,0.0,0.0,0
42.0,26.0,32.29,4778.0,0.0,0.0,1.0,0.0,94.0,1.0,0.0,0.0,0.0,0.0,1.0,0.0,1.0,0.0,0.0,3.0,0.0,1.0,1.0,1.0,62.0,5757.2,0.0,2001.98,0.0,0.0,1.0,0.0,1.0,0.0,1.0,0.0,0.0,0.0,1.0,0.0,1.0,0.0,0.0,0.0,1.0,0.0,0.0,0
67.0,30.0,13.56,4478.0,0.0,0.0,1.0,0.0,69.15,0.0,0.0,0.0,0.0,0.0,0.0,0.0,1.0,0.0,0.0,3.0,1.0,0.0,0.0,0.0,34.0,2275.1,0.0,461.04,0.0,0.0,1.0,0.0,0.0,1.0,0.0,1.0,0.0,0.0,1.0,0.0,0.0,1.0,0.0,0.0,0.0,1.0,0.0,0
23.0,71.0,26.86,5232.0,0.0,1.0,1.0,0.0,56.15,0.0,0.0,0.0,0.0,0.0,0.0,0.0,1.0,1.0,0.0,4.0,0.0,0.0,0.0,0.0,5.0,291.45,0.0,134.3,0.0,1.0,1.0,1.0,0.0,0.0,0.0,1.0,0.0,1.0,0.0,0.0,1.0,0.0,0.0,0.0,1.0,0.0,0.0,0
73.0,6.0,25.74,3016.0,0.0,0.0,1.0,0.0,54.85,0.0,0.0,0.0,1.0,1.0,0.0,0.0,1.0,0.0,0.0,1.0,1.0,0.0,0.0,0.0,2.0,104.2,0.0,51.48,0.0,0.0,1.0,1.0,0.0,0.0,1.0,0.0,0.0,1.0,0.0,0.0,1.0,0.0,0.0,0.0,0.0,1.0,0.0,1
40.0,76.0,0.0,5409.0,1.0,0.0,1.0,0.0,43.05,0.0,3.0,0.0,1.0,1.0,1.0,0.0,0.0,0.0,0.0,3.0,0.0,0.0,0.0,1.0,50.0,2208.05,0.0,0.0,0.0,0.0,1.0,0.0,1.0,0.0,0.0,1.0,0.0,1.0,0.0,0.0,1.0,0.0,0.0,0.0,1.0,0.0,0.0,0
20.0,59.0,48.91,2297.0,0.0,1.0,1.0,0.0,78.2,0.0,0.0,0.0,1.0,0.0,0.0,0.0,1.0,1.0,0.0,3.0,0.0,1.0,1.0,1.0,27.0,2078.95,0.0,1320.57,0.0,1.0,1.0,0.0,1.0,0.0,1.0,0.0,0.0,1.0,0.0,0.0,0.0,1.0,0.0,0.0,0.0,1.0,0.0,0
68.0,9.0,0.0,4095.0,0.0,0.0,1.0,0.0,25.7,0.0,0.0,0.0,0.0,0.0,1.0,0.0,0.0,0.0,0.0,1.0,1.0,0.0,0.0,0.0,1.0,25.7,0.0,0.0,0.0,0.0,1.0,1.0,0.0,0.0,1.0,0.0,1.0,0.0,0.0,0.0,1.0,0.0,0.0,0.0,0.0,0.0,1.0,1
58.0,0.0,7.37,5865.0,1.0,0.0,0.0,1.0,24.2,1.0,3.0,1.0,0.0,0.0,0.0,1.0,1.0,0.0,1.0,5.0,0.0,0.0,0.0,0.0,24.0,609.05,0.0,176.88,0.0,0.0,0.0,0.0,0.0,1.0,0.0,1.0,0.0,0.0,1.0,0.0,1.0,0.0,0.0,0.0,0.0,1.0,0.0,0
54.0,18.0,19.24,4505.0,0.0,1.0,1.0,1.0,106.05,1.0,0.0,4.0,1.0,1.0,1.0,1.0,1.0,1.0,1.0,3.0,0.0,1.0,1.0,0.0,36.0,3834.4,50.0,692.64,0.0,0.0,0.0,0.0,0.0,1.0,1.0,0.0,0.0,0.0,1.0,0.0,1.0,0.0,0.0,0.0,0.0,1.0,0.0,0
25.0,69.0,5.49,4761.0,0.0,1.0,1.0,0.0,81.25,1.0,0.0,0.0,1.0,1.0,0.0,0.0,1.0,1.0,0.0,3.0,0.0,0.0,0.0,1.0,64.0,5567.55,40.0,351.36,0.0,1.0,0.0,0.0,1.0,0.0,0.0,1.0,0.0,1.0,0.0,0.0,1.0,0.0,0.0,0.0,1.0,0.0,0.0,0
63.0,13.0,45.76,5187.0,0.0,0.0,1.0,1.0,69.15,0.0,0.0,1.0,0.0,0.0,0.0,1.0,1.0,0.0,1.0,4.0,0.0,0.0,0.0,0.0,51.0,3649.6,110.0,2333.76,0.0,0.0,0.0,1.0,0.0,0.0,1.0,0.0,0.0,0.0,1.0,0.0,1.0,0.0,0.0,0.0,0.0,1.0,0.0,0
45.0,8.0,9.34,4417.0,0.0,0.0,1.0,0.0,85.15,0.0,0.0,0.0,0.0,0.0,0.0,0.0,1.0,1.0,0.0,2.0,0.0,0.0,0.0,1.0,30.0,2555.9,0.0,280.2,0.0,0.0,1.0,1.0,0.0,0.0,1.0,0.0,0.0,0.0,1.0,0.0,0.0,1.0,0.0,0.0,1.0,0.0,0.0,1
52.0,28.0,34.74,4811.0,0.0,1.0,1.0,0.0,103.45,1.0,0.0,0.0,1.0,0.0,1.0,0.0,1.0,0.0,0.0,2.0,0.0,1.0,1.0,1.0,39.0,3994.45,0.0,1354.86,0.0,0.0,1.0,1.0,0.0,0.0,1.0,0.0,0.0,0.0,1.0,0.0,0.0,1.0,0.0,0.0,1.0,0.0,0.0,1
32.0,17.0,19.07,5874.0,0.0,0.0,1.0,0.0,86.45,1.0,0.0,0.0,0.0,0.0,1.0,0.0,1.0,0.0,0.0,1.0,0.0,0.0,0.0,1.0,35.0,3029.1,0.0,667.45,0.0,0.0,1.0,1.0,0.0,0.0,1.0,0.0,0.0,0.0,1.0,0.0,1.0,0.0,0.0,0.0,1.0,0.0,0.0,1
58.0,28.0,38.94,4418.0,1.0,0.0,1.0,0.0,45.2,0.0,3.0,0.0,0.0,0.0,0.0,0.0,1.0,0.0,0.0,5.0,0.0,0.0,0.0,0.0,41.0,1841.9,0.0,1596.54,0.0,0.0,1.0,1.0,0.0,0.0,1.0,0.0,0.0,1.0,0.0,0.0,1.0,0.0,0.0,0.0,1.0,0.0,0.0,0
51.0,30.0,20.29,5456.0,0.0,0.0,1.0,0.0,83.35,1.0,0.0,0.0,0.0,0.0,1.0,0.0,1.0,0.0,0.0,2.0,0.0,1.0,1.0,0.0,33.0,2757.85,40.0,669.57,0.0,0.0,0.0,1.0,0.0,0.0,1.0,0.0,0.0,0.0,1.0,0.0,1.0,0.0,0.0,0.0,1.0,0.0,0.0,1
52.0,8.0,49.24,2418.0,0.0,0.0,1.0,0.0,69.65,0.0,0.0,0.0,0.0,0.0,1.0,0.0,1.0,0.0,0.0,2.0,0.0,0.0,0.0,0.0,1.0,69.65,0.0,49.24,0.0,0.0,1.0,1.0,0.0,0.0,1.0,0.0,0.0,0.0,1.0,0.0,0.0,0.0,0.0,1.0,1.0,0.0,0.0,1
52.0,12.0,29.39,4635.0,0.0,1.0,1.0,0.0,98.6,1.0,0.0,0.0,1.0,1.0,0.0,0.0,1.0,0.0,0.0,3.0,0.0,0.0,0.0,1.0,53.0,5311.85,0.0,1557.67,0.0,0.0,1.0,0.0,1.0,0.0,1.0,0.0,0.0,0.0,1.0,0.0,1.0,0.0,0.0,0.0,0.0,1.0,0.0,0
21.0,48.0,9.56,4417.0,0.0,1.0,1.0,1.0,101.15,1.0,0.0,3.0,0.0,0.0,0.0,1.0,1.0,0.0,1.0,1.0,0.0,1.0,1.0,1.0,4.0,385.9,0.0,38.24,0.0,1.0,1.0,1.0,0.0,0.0,0.0,1.0,0.0,0.0,1.0,0.0,0.0,0.0,0.0,1.0,1.0,0.0,0.0,1
34.0,17.0,49.58,4061.0,0.0,0.0,1.0,0.0,44.85,0.0,0.0,0.0,0.0,0.0,1.0,0.0,1.0,0.0,0.0,2.0,0.0,0.0,0.0,0.0,10.0,435.4,0.0,495.8,0.0,0.0,1.0,1.0,0.0,0.0,0.0,1.0,0.0,1.0,0.0,0.0,1.0,0.0,0.0,0.0,0.0,1.0,0.0,1
52.0,20.0,49.3,4418.0,0.0,0.0,1.0,0.0,80.25,1.0,0.0,0.0,1.0,0.0,1.0,0.0,1.0,0.0,0.0,1.0,0.0,0.0,0.0,0.0,24.0,1861.5,0.0,1183.2,0.0,0.0,1.0,1.0,0.0,0.0,0.0,1.0,0.0,0.0,1.0,0.0,0.0,1.0,0.0,0.0,1.0,0.0,0.0,1
38.0,29.0,43.39,5989.0,1.0,1.0,1.0,1.0,108.25,0.0,2.0,1.0,1.0,0.0,1.0,1.0,1.0,1.0,1.0,4.0,0.0,1.0,1.0,1.0,53.0,5935.1,0.0,2299.67,0.0,0.0,1.0,1.0,0.0,0.0,1.0,0.0,0.0,0.0,1.0,0.0,1.0,0.0,0.0,0.0,1.0,0.0,0.0,0
64.0,0.0,9.84,5208.0,0.0,0.0,0.0,0.0,24.8,1.0,0.0,0.0,0.0,0.0,0.0,0.0,1.0,0.0,0.0,5.0,0.0,0.0,0.0,0.0,17.0,475.25,0.0,167.28,37.06,0.0,0.0,1.0,0.0,0.0,1.0,0.0,0.0,0.0,1.0,0.0,0.0,0.0,1.0,0.0,0.0,1.0,0.0,0
33.0,0.0,13.36,2305.0,0.0,0.0,0.0,0.0,20.6,0.0,0.0,0.0,0.0,0.0,0.0,0.0,1.0,0.0,0.0,3.0,0.0,0.0,0.0,0.0,25.0,541.5,0.0,334.0,0.0,0.0,0.0,1.0,0.0,0.0,0.0,1.0,0.0,0.0,1.0,0.0,0.0,1.0,0.0,0.0,0.0,1.0,0.0,0
63.0,56.0,21.43,2939.0,1.0,1.0,1.0,1.0,78.6,1.0,3.0,8.0,0.0,1.0,0.0,1.0,1.0,0.0,1.0,4.0,0.0,1.0,1.0,1.0,24.0,1846.65,0.0,514.32,0.0,0.0,1.0,0.0,0.0,1.0,1.0,0.0,0.0,1.0,0.0,0.0,0.0,1.0,0.0,0.0,0.0,1.0,0.0,0
32.0,19.0,7.83,2299.0,0.0,0.0,1.0,0.0,81.3,1.0,0.0,0.0,0.0,1.0,1.0,0.0,1.0,0.0,0.0,4.0,0.0,0.0,0.0,0.0,41.0,3190.65,0.0,321.03,0.0,0.0,1.0,1.0,0.0,0.0,1.0,0.0,0.0,0.0,1.0,0.0,1.0,0.0,0.0,0.0,0.0,1.0,0.0,0
36.0,14.0,47.45,2504.0,1.0,1.0,1.0,1.0,63.7,0.0,2.0,8.0,0.0,1.0,1.0,1.0,1.0,0.0,1.0,3.0,0.0,1.0,1.0,0.0,36.0,2188.5,0.0,1708.2,0.0,0.0,1.0,0.0,1.0,0.0,0.0,1.0,0.0,1.0,0.0,0.0,1.0,0.0,0.0,0.0,0.0,1.0,0.0,0
48.0,25.0,14.18,4544.0,0.0,0.0,1.0,1.0,74.55,0.0,0.0,8.0,1.0,1.0,1.0,1.0,1.0,0.0,1.0,4.0,0.0,1.0,1.0,1.0,54.0,4191.45,0.0,765.72,0.0,0.0,1.0,0.0,0.0,1.0,0.0,1.0,0.0,1.0,0.0,0.0,1.0,0.0,0.0,0.0,1.0,0.0,0.0,0
38.0,17.0,0.0,4159.0,0.0,1.0,1.0,1.0,51.35,0.0,0.0,10.0,1.0,0.0,0.0,1.0,0.0,1.0,1.0,3.0,0.0,0.0,0.0,1.0,61.0,3244.4,0.0,0.0,0.0,0.0,1.0,0.0,0.0,1.0,1.0,0.0,0.0,1.0,0.0,0.0,1.0,0.0,0.0,0.0,0.0,1.0,0.0,0
40.0,28.0,26.13,2992.0,0.0,0.0,1.0,0.0,70.15,0.0,0.0,0.0,0.0,0.0,1.0,0.0,1.0,0.0,0.0,4.0,0.0,0.0,0.0,0.0,13.0,886.7,0.0,339.69,8.53,0.0,1.0,1.0,0.0,0.0,1.0,0.0,0.0,0.0,1.0,0.0,1.0,0.0,0.0,0.0,0.0,1.0,0.0,0
50.0,0.0,6.08,5881.0,0.0,0.0,0.0,0.0,19.65,0.0,0.0,0.0,0.0,0.0,0.0,0.0,1.0,0.0,0.0,3.0,0.0,0.0,0.0,0.0,1.0,19.65,0.0,6.08,0.0,0.0,0.0,1.0,0.0,0.0,1.0,0.0,0.0,0.0,1.0,0.0,0.0,0.0,0.0,1.0,0.0,0.0,1.0,1
44.0,28.0,46.9,5122.0,1.0,0.0,1.0,1.0,50.55,0.0,3.0,1.0,1.0,0.0,0.0,1.0,1.0,0.0,1.0,5.0,0.0,0.0,0.0,0.0,67.0,3431.75,0.0,3142.3,0.0,0.0,1.0,0.0,1.0,0.0,1.0,0.0,1.0,0.0,0.0,1.0,0.0,0.0,0.0,0.0,0.0,1.0,0.0,0
50.0,7.0,39.62,5100.0,0.0,1.0,1.0,0.0,91.4,1.0,0.0,0.0,0.0,0.0,1.0,0.0,1.0,0.0,0.0,1.0,0.0,0.0,0.0,1.0,2.0,193.6,0.0,79.24,0.0,0.0,1.0,1.0,0.0,0.0,1.0,0.0,0.0,0.0,1.0,0.0,1.0,0.0,0.0,0.0,1.0,0.0,0.0,1
33.0,0.0,13.13,4464.0,1.0,0.0,0.0,1.0,19.8,0.0,1.0,1.0,0.0,0.0,0.0,1.0,1.0,0.0,1.0,5.0,0.0,0.0,0.0,0.0,19.0,344.5,0.0,249.47,0.0,0.0,0.0,0.0,1.0,0.0,0.0,1.0,0.0,0.0,1.0,0.0,0.0,0.0,1.0,0.0,0.0,1.0,0.0,0
24.0,27.0,8.79,4276.0,0.0,1.0,1.0,1.0,58.45,0.0,0.0,8.0,1.0,1.0,1.0,1.0,1.0,0.0,1.0,4.0,0.0,0.0,0.0,0.0,33.0,1955.4,0.0,290.07,0.0,1.0,1.0,0.0,1.0,0.0,1.0,0.0,1.0,0.0,0.0,0.0,0.0,1.0,0.0,0.0,0.0,1.0,0.0,0
32.0,26.0,17.87,5590.0,0.0,0.0,1.0,0.0,66.1,1.0,0.0,0.0,0.0,1.0,1.0,0.0,1.0,0.0,0.0,3.0,0.0,1.0,1.0,0.0,29.0,1912.15,0.0,518.23,0.0,0.0,1.0,1.0,0.0,0.0,1.0,0.0,1.0,0.0,0.0,0.0,1.0,0.0,0.0,0.0,1.0,0.0,0.0,0
24.0,0.0,33.61,4766.0,0.0,0.0,0.0,1.0,24.45,1.0,0.0,2.0,0.0,0.0,0.0,1.0,1.0,0.0,1.0,3.0,0.0,0.0,0.0,0.0,71.0,1730.65,0.0,2386.31,0.0,1.0,0.0,0.0,0.0,1.0,0.0,1.0,0.0,0.0,1.0,0.0,1.0,0.0,0.0,0.0,1.0,0.0,0.0,0
48.0,13.0,25.69,3286.0,0.0,0.0,1.0,0.0,100.3,1.0,0.0,0.0,0.0,0.0,1.0,0.0,1.0,1.0,0.0,5.0,0.0,1.0,1.0,1.0,42.0,4222.95,0.0,1078.98,0.0,0.0,1.0,1.0,0.0,0.0,0.0,1.0,0.0,0.0,1.0,0.0,1.0,0.0,0.0,0.0,1.0,0.0,0.0,0
21.0,59.0,20.03,5829.0,0.0,0.0,1.0,0.0,86.2,0.0,0.0,0.0,0.0,1.0,0.0,0.0,1.0,0.0,0.0,1.0,0.0,0.0,1.0,1.0,15.0,1270.2,100.0,300.45,0.0,1.0,0.0,1.0,0.0,0.0,1.0,0.0,0.0,0.0,1.0,0.0,1.0,0.0,0.0,0.0,1.0,0.0,0.0,1
49.0,0.0,11.6,4453.0,1.0,0.0,0.0,1.0,19.3,0.0,1.0,8.0,0.0,0.0,0.0,1.0,1.0,0.0,1.0,4.0,0.0,0.0,0.0,0.0,30.0,602.9,0.0,348.0,0.0,0.0,0.0,0.0,0.0,1.0,1.0,0.0,0.0,0.0,1.0,0.0,0.0,1.0,0.0,0.0,0.0,1.0,0.0,0
75.0,17.0,48.33,5296.0,0.0,0.0,1.0,0.0,60.25,1.0,0.0,0.0,1.0,1.0,0.0,0.0,1.0,0.0,0.0,3.0,1.0,0.0,0.0,0.0,11.0,662.95,120.0,531.63,0.0,0.0,0.0,0.0,0.0,1.0,0.0,1.0,0.0,1.0,0.0,0.0,1.0,0.0,0.0,0.0,1.0,0.0,0.0,0
69.0,3.0,47.06,4374.0,0.0,1.0,1.0,0.0,73.85,0.0,0.0,0.0,0.0,0.0,0.0,0.0,1.0,0.0,0.0,5.0,1.0,0.0,0.0,0.0,44.0,3122.4,100.0,2070.64,0.0,0.0,0.0,0.0,1.0,0.0,0.0,1.0,0.0,0.0,1.0,0.0,1.0,0.0,0.0,0.0,1.0,0.0,0.0,0
45.0,29.0,0.0,4570.0,0.0,0.0,1.0,0.0,24.4,0.0,0.0,0.0,0.0,0.0,0.0,0.0,0.0,0.0,0.0,3.0,0.0,0.0,0.0,0.0,1.0,24.4,0.0,0.0,0.0,0.0,1.0,1.0,0.0,0.0,0.0,1.0,0.0,1.0,0.0,0.0,1.0,0.0,0.0,0.0,0.0,1.0,0.0,0
45.0,0.0,31.28,3248.0,0.0,0.0,0.0,0.0,19.05,0.0,0.0,0.0,0.0,0.0,0.0,0.0,1.0,0.0,0.0,4.0,0.0,0.0,0.0,0.0,9.0,157.65,0.0,281.52,0.0,0.0,0.0,1.0,0.0,0.0,1.0,0.0,0.0,0.0,1.0,0.0,0.0,0.0,0.0,1.0,0.0,1.0,0.0,0
46.0,13.0,43.57,4754.0,0.0,1.0,1.0,0.0,99.5,0.0,0.0,0.0,1.0,1.0,0.0,0.0,1.0,1.0,0.0,3.0,0.0,1.0,1.0,0.0,53.0,5424.25,0.0,2309.21,0.0,0.0,1.0,0.0,0.0,1.0,1.0,0.0,0.0,0.0,1.0,0.0,1.0,0.0,0.0,0.0,0.0,1.0,0.0,0
57.0,7.0,20.79,6100.0,0.0,1.0,1.0,1.0,104.4,1.0,0.0,7.0,0.0,1.0,1.0,1.0,1.0,0.0,1.0,3.0,0.0,1.0,1.0,1.0,50.0,5232.9,0.0,1039.5,0.0,0.0,1.0,0.0,1.0,0.0,1.0,0.0,0.0,0.0,1.0,0.0,1.0,0.0,0.0,0.0,0.0,0.0,1.0,0
45.0,19.0,5.51,4172.0,1.0,1.0,1.0,1.0,68.75,0.0,2.0,9.0,1.0,0.0,1.0,1.0,1.0,1.0,1.0,3.0,0.0,0.0,0.0,1.0,52.0,3482.85,0.0,286.52,16.86,0.0,1.0,0.0,1.0,0.0,0.0,1.0,1.0,0.0,0.0,0.0,1.0,0.0,0.0,0.0,1.0,0.0,0.0,0
29.0,69.0,44.95,3764.0,1.0,0.0,1.0,1.0,63.7,0.0,3.0,10.0,0.0,1.0,0.0,1.0,1.0,1.0,1.0,4.0,0.0,1.0,1.0,0.0,42.0,2763.35,0.0,1887.9,0.0,1.0,1.0,0.0,1.0,0.0,0.0,1.0,0.0,1.0,0.0,0.0,1.0,0.0,0.0,0.0,0.0,1.0,0.0,0
31.0,15.0,15.48,4607.0,0.0,0.0,1.0,1.0,55.7,0.0,0.0,6.0,0.0,1.0,0.0,1.0,1.0,1.0,1.0,3.0,0.0,0.0,0.0,0.0,57.0,3171.6,0.0,882.36,34.59,0.0,1.0,1.0,0.0,0.0,0.0,1.0,1.0,0.0,0.0,0.0,1.0,0.0,0.0,0.0,1.0,0.0,0.0,0
38.0,29.0,16.43,4753.0,0.0,0.0,1.0,0.0,85.45,1.0,0.0,0.0,0.0,0.0,0.0,0.0,1.0,0.0,0.0,1.0,0.0,0.0,0.0,1.0,53.0,4517.25,0.0,870.79,0.0,0.0,1.0,1.0,0.0,0.0,0.0,1.0,0.0,0.0,1.0,0.0,1.0,0.0,0.0,0.0,1.0,0.0,0.0,1
23.0,85.0,20.07,5504.0,0.0,0.0,1.0,1.0,104.05,1.0,0.0,1.0,1.0,0.0,1.0,1.0,1.0,1.0,1.0,2.0,0.0,1.0,1.0,1.0,66.0,6890.0,0.0,1324.62,0.0,1.0,1.0,0.0,1.0,0.0,0.0,1.0,0.0,0.0,1.0,1.0,0.0,0.0,0.0,0.0,1.0,0.0,0.0,1
58.0,12.0,43.28,4243.0,0.0,0.0,1.0,1.0,99.85,0.0,0.0,5.0,1.0,0.0,1.0,1.0,1.0,1.0,1.0,1.0,0.0,1.0,1.0,1.0,10.0,990.9,0.0,432.8,0.0,0.0,1.0,1.0,0.0,0.0,0.0,1.0,0.0,0.0,1.0,0.0,1.0,0.0,0.0,0.0,1.0,0.0,0.0,1
46.0,21.0,47.82,5890.0,0.0,1.0,1.0,1.0,115.55,1.0,0.0,2.0,1.0,1.0,1.0,1.0,1.0,1.0,1.0,3.0,0.0,1.0,1.0,1.0,72.0,8425.3,0.0,3443.04,0.0,0.0,1.0,0.0,0.0,1.0,0.0,1.0,0.0,0.0,1.0,1.0,0.0,0.0,0.0,0.0,1.0,0.0,0.0,0
52.0,0.0,40.37,4501.0,0.0,0.0,0.0,1.0,25.3,1.0,0.0,1.0,0.0,0.0,0.0,1.0,1.0,0.0,1.0,4.0,0.0,0.0,0.0,0.0,61.0,1554.9,0.0,2462.57,0.0,0.0,0.0,0.0,0.0,1.0,1.0,0.0,0.0,0.0,1.0,0.0,1.0,0.0,0.0,0.0,1.0,0.0,0.0,0
80.0,30.0,22.14,4788.0,0.0,1.0,1.0,1.0,93.8,1.0,0.0,1.0,0.0,1.0,1.0,1.0,1.0,0.0,1.0,1.0,1.0,0.0,0.0,1.0,51.0,4750.95,0.0,1129.14,0.0,0.0,1.0,1.0,0.0,0.0,0.0,1.0,0.0,0.0,1.0,0.0,1.0,0.0,0.0,0.0,1.0,0.0,0.0,1
62.0,22.0,48.22,4629.0,0.0,0.0,1.0,0.0,55.7,0.0,0.0,0.0,0.0,0.0,1.0,0.0,1.0,0.0,0.0,1.0,0.0,1.0,1.0,0.0,1.0,55.7,0.0,48.22,0.0,0.0,1.0,1.0,0.0,0.0,0.0,1.0,1.0,0.0,0.0,0.0,1.0,0.0,0.0,0.0,0.0,1.0,0.0,1
38.0,0.0,49.5,5234.0,0.0,0.0,0.0,1.0,19.4,0.0,0.0,1.0,0.0,0.0,0.0,1.0,1.0,0.0,1.0,5.0,0.0,0.0,0.0,0.0,72.0,1363.25,0.0,3564.0,0.0,0.0,0.0,0.0,0.0,1.0,0.0,1.0,0.0,0.0,1.0,1.0,0.0,0.0,0.0,0.0,0.0,1.0,0.0,0
45.0,26.0,25.21,3606.0,0.0,0.0,1.0,0.0,96.2,0.0,0.0,0.0,0.0,0.0,1.0,0.0,1.0,1.0,0.0,3.0,0.0,1.0,1.0,1.0,32.0,3183.4,0.0,806.72,0.0,0.0,1.0,1.0,0.0,0.0,0.0,1.0,0.0,0.0,1.0,0.0,1.0,0.0,0.0,0.0,1.0,0.0,0.0,1
39.0,15.0,42.62,4172.0,0.0,0.0,1.0,0.0,74.65,0.0,0.0,0.0,1.0,0.0,1.0,0.0,1.0,0.0,0.0,5.0,0.0,0.0,0.0,0.0,13.0,966.25,0.0,554.06,0.0,0.0,1.0,0.0,1.0,0.0,1.0,0.0,0.0,0.0,1.0,0.0,1.0,0.0,0.0,0.0,0.0,1.0,0.0,0
61.0,7.0,0.0,5473.0,0.0,0.0,1.0,0.0,24.95,0.0,0.0,0.0,0.0,0.0,1.0,0.0,0.0,0.0,0.0,5.0,0.0,0.0,0.0,0.0,9.0,190.25,0.0,0.0,0.0,0.0,1.0,1.0,0.0,0.0,0.0,1.0,0.0,1.0,0.0,0.0,1.0,0.0,0.0,0.0,1.0,0.0,0.0,0
76.0,18.0,46.06,5597.0,0.0,0.0,1.0,1.0,89.45,1.0,0.0,5.0,0.0,1.0,0.0,1.0,1.0,0.0,1.0,4.0,1.0,0.0,0.0,1.0,31.0,2807.65,0.0,1427.86,31.58,0.0,1.0,0.0,0.0,1.0,0.0,1.0,0.0,0.0,1.0,0.0,0.0,1.0,0.0,0.0,1.0,0.0,0.0,0
47.0,0.0,3.95,2861.0,1.0,0.0,0.0,1.0,21.3,0.0,3.0,5.0,0.0,0.0,1.0,1.0,1.0,0.0,1.0,4.0,0.0,0.0,0.0,0.0,47.0,1041.8,0.0,185.65,0.0,0.0,0.0,0.0,0.0,1.0,1.0,0.0,0.0,0.0,1.0,0.0,1.0,0.0,0.0,0.0,1.0,0.0,0.0,0
21.0,69.0,7.67,5956.0,0.0,0.0,1.0,1.0,63.85,1.0,0.0,4.0,0.0,0.0,0.0,1.0,1.0,1.0,1.0,3.0,0.0,1.0,1.0,0.0,66.0,4264.6,0.0,506.22,0.0,1.0,1.0,1.0,0.0,0.0,0.0,1.0,0.0,1.0,0.0,0.0,1.0,0.0,0.0,0.0,1.0,0.0,0.0,0
50.0,4.0,16.34,3173.0,0.0,0.0,1.0,0.0,45.55,0.0,0.0,0.0,0.0,0.0,1.0,0.0,1.0,0.0,0.0,4.0,0.0,0.0,0.0,0.0,1.0,45.55,0.0,16.34,0.0,0.0,1.0,1.0,0.0,0.0,0.0,1.0,0.0,1.0,0.0,0.0,0.0,0.0,0.0,1.0,0.0,0.0,1.0,0
56.0,0.0,12.99,4565.0,0.0,0.0,0.0,0.0,20.55,0.0,0.0,0.0,0.0,0.0,0.0,0.0,1.0,0.0,0.0,3.0,0.0,0.0,0.0,0.0,57.0,1252.85,0.0,740.43,0.0,0.0,0.0,0.0,0.0,1.0,0.0,1.0,0.0,0.0,1.0,0.0,1.0,0.0,0.0,0.0,0.0,1.0,0.0,0
65.0,0.0,49.94,4934.0,0.0,0.0,0.0,1.0,20.05,0.0,0.0,7.0,0.0,0.0,1.0,1.0,1.0,0.0,1.0,5.0,1.0,0.0,0.0,0.0,67.0,1263.05,0.0,3345.98,43.66,0.0,0.0,0.0,0.0,1.0,1.0,0.0,0.0,0.0,1.0,0.0,1.0,0.0,0.0,0.0,1.0,0.0,0.0,0
36.0,0.0,23.56,4818.0,0.0,0.0,0.0,0.0,19.65,0.0,0.0,0.0,0.0,0.0,0.0,0.0,1.0,0.0,0.0,5.0,0.0,0.0,0.0,0.0,15.0,270.6,0.0,353.4,0.0,0.0,0.0,0.0,1.0,0.0,1.0,0.0,0.0,0.0,1.0,0.0,1.0,0.0,0.0,0.0,0.0,1.0,0.0,0
79.0,11.0,28.88,4494.0,0.0,0.0,1.0,0.0,64.55,1.0,0.0,0.0,1.0,1.0,1.0,0.0,1.0,1.0,0.0,3.0,1.0,0.0,0.0,0.0,67.0,4250.1,0.0,1934.96,0.0,0.0,1.0,0.0,0.0,1.0,0.0,1.0,0.0,1.0,0.0,1.0,0.0,0.0,0.0,0.0,1.0,0.0,0.0,0
59.0,0.0,33.0,4742.0,0.0,0.0,0.0,1.0,24.45,1.0,0.0,10.0,0.0,0.0,1.0,1.0,1.0,0.0,1.0,5.0,0.0,0.0,0.0,0.0,71.0,1681.6,0.0,2343.0,0.0,0.0,0.0,0.0,0.0,1.0,1.0,0.0,0.0,0.0,1.0,0.0,1.0,0.0,0.0,0.0,0.0,1.0,0.0,0
51.0,22.0,23.36,4291.0,1.0,0.0,1.0,1.0,55.3,1.0,3.0,1.0,1.0,0.0,1.0,1.0,1.0,0.0,1.0,5.0,0.0,0.0,0.0,0.0,9.0,501.2,0.0,210.24,0.0,0.0,1.0,1.0,0.0,0.0,1.0,0.0,0.0,1.0,0.0,0.0,1.0,0.0,0.0,0.0,0.0,1.0,0.0,0
68.0,29.0,44.56,5896.0,0.0,1.0,1.0,0.0,116.1,1.0,0.0,0.0,1.0,1.0,1.0,0.0,1.0,1.0,0.0,3.0,1.0,1.0,0.0,1.0,67.0,7839.85,40.0,2985.52,0.0,0.0,0.0,0.0,0.0,1.0,0.0,1.0,0.0,0.0,1.0,0.0,1.0,0.0,0.0,0.0,0.0,1.0,0.0,0
42.0,30.0,5.29,4986.0,1.0,0.0,1.0,1.0,59.6,0.0,2.0,3.0,1.0,1.0,0.0,1.0,1.0,1.0,1.0,3.0,0.0,0.0,0.0,0.0,49.0,2970.3,0.0,259.21,0.0,0.0,1.0,1.0,0.0,0.0,0.0,1.0,1.0,0.0,0.0,0.0,1.0,0.0,0.0,0.0,0.0,1.0,0.0,0
41.0,19.0,14.64,5284.0,1.0,0.0,1.0,1.0,50.2,0.0,2.0,1.0,1.0,0.0,0.0,1.0,1.0,0.0,1.0,4.0,0.0,0.0,0.0,0.0,43.0,2169.4,0.0,629.52,0.0,0.0,1.0,1.0,0.0,0.0,1.0,0.0,0.0,1.0,0.0,0.0,1.0,0.0,0.0,0.0,0.0,0.0,1.0,0
60.0,11.0,18.29,6194.0,1.0,0.0,1.0,1.0,89.55,1.0,1.0,10.0,1.0,1.0,0.0,1.0,1.0,1.0,1.0,3.0,0.0,0.0,0.0,0.0,67.0,6038.55,0.0,1225.43,33.76,0.0,1.0,0.0,1.0,0.0,0.0,1.0,0.0,0.0,1.0,1.0,0.0,0.0,0.0,0.0,1.0,0.0,0.0,0
37.0,20.0,45.77,2250.0,0.0,0.0,1.0,0.0,50.75,0.0,0.0,0.0,0.0,1.0,1.0,0.0,1.0,0.0,0.0,3.0,0.0,0.0,0.0,0.0,1.0,50.75,0.0,45.77,0.0,0.0,1.0,1.0,0.0,0.0,0.0,1.0,0.0,1.0,0.0,0.0,0.0,0.0,0.0,1.0,0.0,1.0,0.0,0
49.0,17.0,19.8,3378.0,0.0,1.0,1.0,1.0,67.5,0.0,0.0,1.0,0.0,1.0,1.0,1.0,1.0,1.0,1.0,1.0,0.0,0.0,0.0,1.0,22.0,1544.05,0.0,435.6,0.0,0.0,1.0,0.0,1.0,0.0,0.0,1.0,1.0,0.0,0.0,0.0,1.0,0.0,0.0,0.0,1.0,0.0,0.0,1
74.0,6.0,39.12,3802.0,0.0,0.0,1.0,0.0,89.55,0.0,0.0,0.0,0.0,0.0,1.0,0.0,1.0,0.0,0.0,1.0,1.0,1.0,1.0,1.0,43.0,3856.75,0.0,1682.16,0.0,0.0,1.0,1.0,0.0,0.0,0.0,1.0,0.0,0.0,1.0,0.0,1.0,0.0,0.0,0.0,0.0,0.0,1.0,1
53.0,10.0,36.82,4017.0,1.0,1.0,1.0,1.0,115.5,1.0,1.0,1.0,1.0,1.0,1.0,1.0,1.0,1.0,1.0,4.0,0.0,1.0,1.0,1.0,72.0,8425.15,0.0,2651.04,42.29,0.0,1.0,0.0,0.0,1.0,1.0,0.0,0.0,0.0,1.0,1.0,0.0,0.0,0.0,0.0,1.0,0.0,0.0,0
40.0,25.0,0.0,4116.0,1.0,1.0,1.0,1.0,48.7,0.0,3.0,5.0,1.0,1.0,1.0,1.0,0.0,0.0,1.0,4.0,0.0,1.0,1.0,0.0,53.0,2495.2,0.0,0.0,0.0,0.0,1.0,1.0,0.0,0.0,1.0,0.0,1.0,0.0,0.0,0.0,1.0,0.0,0.0,0.0,1.0,0.0,0.0,0
58.0,30.0,46.17,2007.0,0.0,0.0,1.0,0.0,70.1,0.0,0.0,0.0,0.0,0.0,1.0,0.0,1.0,0.0,0.0,3.0,0.0,0.0,0.0,0.0,1.0,70.1,0.0,46.17,0.0,0.0,1.0,1.0,0.0,0.0,1.0,0.0,0.0,0.0,1.0,0.0,0.0,0.0,0.0,1.0,1.0,0.0,0.0,1
47.0,25.0,0.0,2187.0,0.0,0.0,1.0,1.0,60.0,0.0,0.0,5.0,1.0,1.0,1.0,1.0,0.0,1.0,1.0,3.0,0.0,1.0,1.0,1.0,38.0,2193.2,0.0,0.0,0.0,0.0,1.0,0.0,0.0,1.0,0.0,1.0,1.0,0.0,0.0,0.0,1.0,0.0,0.0,0.0,1.0,0.0,0.0,0
49.0,14.0,11.12,2887.0,0.0,0.0,1.0,0.0,45.4,0.0,0.0,0.0,0.0,0.0,1.0,0.0,1.0,0.0,0.0,3.0,0.0,0.0,0.0,0.0,12.0,518.9,0.0,133.44,0.0,0.0,1.0,1.0,0.0,0.0,0.0,1.0,0.0,1.0,0.0,0.0,1.0,0.0,0.0,0.0,1.0,0.0,0.0,1
23.0,69.0,23.02,5127.0,0.0,1.0,1.0,0.0,73.0,0.0,0.0,0.0,1.0,1.0,1.0,0.0,1.0,1.0,0.0,4.0,0.0,1.0,1.0,0.0,72.0,5265.2,0.0,1657.44,0.0,1.0,1.0,0.0,0.0,1.0,1.0,0.0,1.0,0.0,0.0,1.0,0.0,0.0,0.0,0.0,0.0,1.0,0.0,0
75.0,10.0,5.31,5604.0,0.0,0.0,1.0,1.0,94.55,1.0,0.0,7.0,0.0,0.0,1.0,1.0,1.0,0.0,1.0,1.0,1.0,1.0,1.0,1.0,20.0,1899.65,0.0,106.2,0.0,0.0,1.0,1.0,0.0,0.0,0.0,1.0,0.0,0.0,1.0,0.0,1.0,0.0,0.0,0.0,1.0,0.0,0.0,1
20.0,69.0,33.28,4648.0,1.0,1.0,1.0,0.0,55.9,0.0,1.0,0.0,0.0,1.0,0.0,0.0,1.0,0.0,0.0,4.0,0.0,0.0,1.0,0.0,3.0,157.55,0.0,99.84,0.0,1.0,1.0,1.0,0.0,0.0,0.0,1.0,1.0,0.0,0.0,0.0,0.0,0.0,0.0,1.0,0.0,1.0,0.0,0
73.0,15.0,24.85,5811.0,0.0,0.0,1.0,0.0,79.55,0.0,0.0,0.0,0.0,0.0,1.0,0.0,1.0,0.0,0.0,5.0,1.0,1.0,0.0,0.0,9.0,718.55,10.0,223.65,0.0,0.0,0.0,0.0,0.0,1.0,0.0,1.0,0.0,0.0,1.0,0.0,0.0,0.0,0.0,1.0,1.0,0.0,0.0,0
35.0,19.0,34.53,5647.0,1.0,1.0,1.0,1.0,95.15,1.0,1.0,3.0,1.0,1.0,1.0,1.0,1.0,1.0,1.0,3.0,0.0,0.0,0.0,0.0,71.0,6770.85,0.0,2451.63,0.0,0.0,0.0,0.0,1.0,0.0,1.0,0.0,0.0,0.0,1.0,1.0,0.0,0.0,0.0,0.0,0.0,1.0,0.0,0
58.0,17.0,2.88,3335.0,0.0,0.0,1.0,0.0,54.7,0.0,0.0,0.0,0.0,0.0,1.0,0.0,1.0,0.0,0.0,1.0,0.0,0.0,0.0,1.0,3.0,169.45,0.0,8.64,0.0,0.0,1.0,1.0,0.0,0.0,0.0,1.0,0.0,1.0,0.0,0.0,0.0,0.0,0.0,1.0,0.0,1.0,0.0,1
33.0,0.0,34.57,4079.0,0.0,0.0,0.0,0.0,19.95,0.0,0.0,0.0,0.0,0.0,0.0,0.0,1.0,0.0,0.0,4.0,0.0,0.0,0.0,0.0,2.0,38.15,0.0,69.14,0.0,0.0,0.0,1.0,0.0,0.0,1.0,0.0,0.0,0.0,1.0,0.0,0.0,0.0,0.0,1.0,0.0,1.0,0.0,0
30.0,53.0,20.5,4765.0,0.0,0.0,1.0,1.0,69.1,1.0,0.0,1.0,0.0,1.0,1.0,1.0,1.0,1.0,1.0,3.0,0.0,1.0,1.0,0.0,59.0,4096.9,0.0,1209.5,0.0,0.0,1.0,0.0,1.0,0.0,0.0,1.0,1.0,0.0,0.0,0.0,1.0,0.0,0.0,0.0,0.0,1.0,0.0,0
25.0,48.0,4.0,5292.0,0.0,1.0,1.0,1.0,89.2,1.0,0.0,1.0,0.0,0.0,1.0,1.0,1.0,0.0,1.0,1.0,0.0,1.0,1.0,0.0,29.0,2698.35,0.0,116.0,0.0,1.0,1.0,1.0,0.0,0.0,0.0,1.0,0.0,0.0,1.0,0.0,1.0,0.0,0.0,0.0,1.0,0.0,0.0,1
56.0,5.0,48.37,4589.0,0.0,1.0,1.0,0.0,114.9,1.0,0.0,0.0,1.0,1.0,1.0,0.0,1.0,1.0,0.0,4.0,0.0,1.0,1.0,1.0,72.0,8496.7,0.0,3482.64,0.0,0.0,1.0,0.0,0.0,1.0,1.0,0.0,0.0,0.0,1.0,1.0,0.0,0.0,0.0,0.0,1.0,0.0,0.0,0
36.0,5.0,24.64,5853.0,0.0,1.0,1.0,1.0,89.15,0.0,0.0,1.0,1.0,0.0,1.0,1.0,1.0,0.0,1.0,2.0,0.0,0.0,0.0,1.0,25.0,2257.75,0.0,616.0,0.0,0.0,1.0,1.0,0.0,0.0,1.0,0.0,0.0,0.0,1.0,0.0,1.0,0.0,0.0,0.0,1.0,0.0,0.0,1
68.0,30.0,30.23,3067.0,0.0,0.0,1.0,0.0,89.3,0.0,0.0,0.0,0.0,0.0,1.0,0.0,1.0,0.0,0.0,1.0,1.0,1.0,0.0,1.0,1.0,89.3,0.0,30.23,0.0,0.0,1.0,1.0,0.0,0.0,1.0,0.0,0.0,0.0,1.0,0.0,0.0,0.0,0.0,1.0,1.0,0.0,0.0,1
68.0,17.0,2.27,3684.0,0.0,0.0,1.0,0.0,70.25,0.0,0.0,0.0,0.0,0.0,1.0,0.0,1.0,0.0,0.0,2.0,1.0,0.0,0.0,0.0,5.0,331.9,0.0,11.35,12.48,0.0,1.0,1.0,0.0,0.0,0.0,1.0,0.0,0.0,1.0,0.0,1.0,0.0,0.0,0.0,0.0,1.0,0.0,1
70.0,16.0,8.98,2399.0,0.0,0.0,1.0,1.0,60.0,0.0,0.0,1.0,1.0,0.0,1.0,1.0,1.0,0.0,1.0,5.0,1.0,1.0,0.0,0.0,20.0,1259.35,0.0,179.6,0.0,0.0,1.0,0.0,1.0,0.0,1.0,0.0,0.0,1.0,0.0,0.0,1.0,0.0,0.0,0.0,1.0,0.0,0.0,0
53.0,3.0,49.66,2429.0,0.0,0.0,1.0,1.0,104.6,0.0,0.0,1.0,1.0,1.0,1.0,1.0,1.0,1.0,1.0,3.0,0.0,1.0,1.0,1.0,22.0,2180.55,0.0,1092.52,0.0,0.0,1.0,1.0,0.0,0.0,0.0,1.0,0.0,0.0,1.0,0.0,0.0,0.0,1.0,0.0,1.0,0.0,0.0,0
77.0,3.0,16.61,4652.0,0.0,0.0,1.0,1.0,96.5,1.0,0.0,1.0,1.0,0.0,1.0,1.0,1.0,0.0,1.0,3.0,1.0,1.0,0.0,1.0,36.0,3436.1,0.0,597.96,0.0,0.0,1.0,1.0,0.0,0.0,0.0,1.0,0.0,0.0,1.0,0.0,1.0,0.0,0.0,0.0,1.0,0.0,0.0,1
40.0,8.0,36.47,2994.0,0.0,0.0,1.0,0.0,56.3,1.0,0.0,0.0,1.0,0.0,1.0,0.0,1.0,0.0,0.0,5.0,0.0,0.0,0.0,0.0,41.0,2364.0,0.0,1495.27,0.0,0.0,1.0,0.0,1.0,0.0,1.0,0.0,0.0,1.0,0.0,0.0,1.0,0.0,0.0,0.0,0.0,1.0,0.0,0
62.0,4.0,0.0,5614.0,0.0,0.0,1.0,1.0,29.8,0.0,0.0,1.0,1.0,0.0,0.0,1.0,0.0,0.0,1.0,3.0,0.0,0.0,0.0,0.0,3.0,94.4,0.0,0.0,0.0,0.0,1.0,1.0,0.0,0.0,0.0,1.0,0.0,1.0,0.0,0.0,0.0,0.0,0.0,1.0,0.0,1.0,0.0,0
61.0,20.0,28.55,2748.0,1.0,1.0,1.0,1.0,74.55,1.0,2.0,4.0,1.0,1.0,1.0,1.0,1.0,0.0,1.0,3.0,0.0,0.0,0.0,1.0,41.0,3023.55,0.0,1170.55,0.0,0.0,1.0,1.0,0.0,0.0,0.0,1.0,1.0,0.0,0.0,0.0,1.0,0.0,0.0,0.0,0.0,1.0,0.0,0
62.0,15.0,43.84,6082.0,0.0,0.0,1.0,1.0,100.55,1.0,0.0,5.0,1.0,1.0,1.0,1.0,1.0,1.0,1.0,5.0,0.0,1.0,1.0,0.0,72.0,7325.1,0.0,3156.48,0.0,0.0,1.0,0.0,0.0,1.0,0.0,1.0,0.0,0.0,1.0,1.0,0.0,0.0,0.0,0.0,1.0,0.0,0.0,0
37.0,21.0,39.55,3063.0,0.0,0.0,1.0,0.0,74.3,0.0,0.0,0.0,0.0,0.0,1.0,0.0,1.0,1.0,0.0,5.0,0.0,0.0,0.0,0.0,1.0,74.3,0.0,39.55,0.0,0.0,1.0,1.0,0.0,0.0,0.0,1.0,0.0,0.0,1.0,0.0,1.0,0.0,0.0,0.0,0.0,0.0,1.0,0
36.0,3.0,39.39,5757.0,0.0,0.0,1.0,1.0,80.25,1.0,0.0,10.0,1.0,0.0,1.0,1.0,1.0,0.0,1.0,5.0,0.0,0.0,0.0,0.0,41.0,3439.0,0.0,1614.99,2.18,0.0,1.0,1.0,0.0,0.0,0.0,1.0,0.0,0.0,1.0,0.0,1.0,0.0,0.0,0.0,1.0,0.0,0.0,0
67.0,23.0,12.72,3820.0,0.0,1.0,1.0,0.0,64.45,1.0,0.0,0.0,1.0,0.0,0.0,0.0,1.0,1.0,0.0,4.0,1.0,0.0,0.0,0.0,28.0,1867.6,0.0,356.16,0.0,0.0,1.0,0.0,0.0,1.0,1.0,0.0,1.0,0.0,0.0,0.0,1.0,0.0,0.0,0.0,1.0,0.0,0.0,0
24.0,51.0,48.1,4106.0,0.0,0.0,1.0,1.0,71.9,1.0,0.0,5.0,0.0,1.0,1.0,1.0,1.0,1.0,1.0,3.0,0.0,1.0,1.0,0.0,43.0,3173.35,0.0,2068.3,0.0,1.0,1.0,0.0,1.0,0.0,0.0,1.0,0.0,1.0,0.0,0.0,1.0,0.0,0.0,0.0,0.0,1.0,0.0,0
67.0,4.0,0.0,5715.0,0.0,0.0,1.0,0.0,34.2,0.0,0.0,0.0,0.0,0.0,0.0,0.0,0.0,0.0,0.0,3.0,1.0,1.0,0.0,0.0,45.0,1596.6,0.0,0.0,0.0,0.0,0.0,0.0,1.0,0.0,1.0,0.0,1.0,0.0,0.0,0.0,1.0,0.0,0.0,0.0,1.0,0.0,0.0,0
47.0,26.0,4.34,2709.0,0.0,0.0,1.0,0.0,104.85,1.0,0.0,0.0,1.0,1.0,1.0,0.0,1.0,0.0,0.0,4.0,0.0,1.0,1.0,1.0,38.0,3887.25,0.0,164.92,0.0,0.0,1.0,0.0,1.0,0.0,0.0,1.0,0.0,0.0,1.0,0.0,0.0,1.0,0.0,0.0,1.0,0.0,0.0,0
33.0,0.0,22.3,6019.0,1.0,0.0,0.0,1.0,24.95,1.0,1.0,3.0,0.0,0.0,0.0,1.0,1.0,0.0,1.0,5.0,0.0,0.0,0.0,0.0,50.0,1261.45,0.0,1115.0,0.0,0.0,0.0,0.0,0.0,1.0,0.0,1.0,0.0,0.0,1.0,0.0,1.0,0.0,0.0,0.0,0.0,1.0,0.0,0
26.0,30.0,35.25,5919.0,0.0,1.0,1.0,0.0,74.9,0.0,0.0,0.0,0.0,0.0,1.0,0.0,1.0,0.0,0.0,1.0,0.0,0.0,0.0,0.0,1.0,74.9,0.0,35.25,0.0,1.0,1.0,1.0,0.0,0.0,1.0,0.0,0.0,0.0,1.0,0.0,1.0,0.0,0.0,0.0,1.0,0.0,0.0,1
60.0,22.0,33.36,2325.0,0.0,1.0,1.0,0.0,89.55,1.0,0.0,0.0,0.0,0.0,1.0,0.0,1.0,0.0,0.0,4.0,0.0,0.0,0.0,1.0,12.0,1021.75,0.0,400.32,0.0,0.0,1.0,1.0,0.0,0.0,0.0,1.0,0.0,0.0,1.0,0.0,0.0,0.0,1.0,0.0,1.0,0.0,0.0,0
72.0,4.0,19.44,4849.0,0.0,1.0,1.0,1.0,88.4,0.0,0.0,1.0,1.0,0.0,0.0,1.0,1.0,0.0,1.0,3.0,1.0,1.0,1.0,0.0,25.0,2191.15,0.0,486.0,0.0,0.0,1.0,0.0,0.0,1.0,1.0,0.0,0.0,0.0,1.0,0.0,1.0,0.0,0.0,0.0,1.0,0.0,0.0,0
24.0,0.0,2.56,5829.0,1.0,0.0,0.0,1.0,19.3,0.0,3.0,1.0,0.0,0.0,0.0,1.0,1.0,0.0,1.0,4.0,0.0,0.0,0.0,0.0,47.0,890.5,0.0,120.32,0.0,1.0,0.0,0.0,0.0,1.0,1.0,0.0,0.0,0.0,1.0,0.0,1.0,0.0,0.0,0.0,1.0,0.0,0.0,0
28.0,0.0,4.02,3643.0,0.0,0.0,0.0,0.0,19.9,0.0,0.0,0.0,0.0,0.0,1.0,0.0,1.0,0.0,0.0,4.0,0.0,0.0,0.0,0.0,9.0,164.6,0.0,36.18,0.0,1.0,0.0,0.0,1.0,0.0,0.0,1.0,0.0,0.0,1.0,0.0,1.0,0.0,0.0,0.0,1.0,0.0,0.0,0
61.0,28.0,0.0,5092.0,1.0,1.0,1.0,1.0,36.1,0.0,1.0,1.0,1.0,0.0,1.0,1.0,0.0,0.0,1.0,3.0,0.0,0.0,0.0,0.0,56.0,1971.5,60.0,0.0,0.0,0.0,0.0,0.0,1.0,0.0,0.0,1.0,0.0,1.0,0.0,0.0,1.0,0.0,0.0,0.0,0.0,1.0,0.0,0
59.0,26.0,4.03,3749.0,1.0,0.0,1.0,0.0,48.8,0.0,2.0,0.0,0.0,0.0,0.0,0.0,1.0,1.0,0.0,3.0,0.0,0.0,0.0,0.0,19.0,953.65,0.0,76.57,0.0,0.0,1.0,1.0,0.0,0.0,1.0,0.0,1.0,0.0,0.0,0.0,0.0,0.0,1.0,0.0,0.0,1.0,0.0,0
36.0,3.0,7.64,5166.0,0.0,0.0,1.0,0.0,79.85,1.0,0.0,0.0,1.0,0.0,1.0,0.0,1.0,0.0,0.0,4.0,0.0,0.0,0.0,0.0,54.0,4308.25,0.0,412.56,0.0,0.0,1.0,1.0,0.0,0.0,0.0,1.0,0.0,0.0,1.0,0.0,1.0,0.0,0.0,0.0,1.0,0.0,0.0,0
22.0,85.0,37.57,5835.0,1.0,1.0,1.0,1.0,89.9,1.0,1.0,9.0,1.0,1.0,0.0,1.0,1.0,1.0,1.0,5.0,0.0,1.0,1.0,1.0,71.0,6342.7,150.0,2667.47,0.0,1.0,0.0,0.0,0.0,1.0,1.0,0.0,0.0,1.0,0.0,1.0,0.0,0.0,0.0,0.0,1.0,0.0,0.0,0
47.0,7.0,0.0,2510.0,0.0,1.0,1.0,0.0,50.35,0.0,0.0,0.0,0.0,0.0,1.0,0.0,0.0,0.0,0.0,5.0,0.0,1.0,1.0,1.0,26.0,1277.5,0.0,0.0,0.0,0.0,1.0,1.0,0.0,0.0,1.0,0.0,0.0,1.0,0.0,0.0,1.0,0.0,0.0,0.0,0.0,1.0,0.0,0
26.0,69.0,36.7,4459.0,1.0,0.0,1.0,1.0,69.05,1.0,2.0,5.0,0.0,1.0,0.0,1.0,1.0,1.0,1.0,4.0,0.0,0.0,0.0,1.0,29.0,1958.45,40.0,1064.3,0.0,1.0,0.0,0.0,1.0,0.0,0.0,1.0,0.0,1.0,0.0,0.0,0.0,1.0,0.0,0.0,1.0,0.0,0.0,0
20.0,26.0,34.14,5720.0,0.0,1.0,1.0,1.0,105.5,1.0,0.0,7.0,1.0,0.0,1.0,1.0,1.0,0.0,1.0,1.0,0.0,1.0,1.0,1.0,65.0,6985.65,0.0,2219.1,0.0,1.0,1.0,1.0,0.0,0.0,1.0,0.0,0.0,0.0,1.0,0.0,1.0,0.0,0.0,0.0,1.0,0.0,0.0,1
54.0,16.0,15.28,4521.0,0.0,1.0,1.0,0.0,94.0,0.0,0.0,0.0,0.0,0.0,1.0,0.0,1.0,0.0,0.0,3.0,0.0,1.0,1.0,1.0,15.0,1505.45,0.0,229.2,0.0,0.0,1.0,1.0,0.0,0.0,1.0,0.0,0.0,0.0,1.0,0.0,1.0,0.0,0.0,0.0,0.0,1.0,0.0,0
60.0,76.0,32.47,4558.0,1.0,1.0,1.0,1.0,114.0,1.0,3.0,1.0,1.0,1.0,1.0,1.0,1.0,1.0,1.0,3.0,0.0,1.0,1.0,1.0,72.0,8093.15,0.0,2337.84,0.0,0.0,1.0,0.0,0.0,1.0,0.0,1.0,0.0,0.0,1.0,0.0,1.0,0.0,0.0,0.0,1.0,0.0,0.0,0
43.0,7.0,44.97,4948.0,0.0,1.0,1.0,1.0,54.4,0.0,0.0,2.0,0.0,0.0,1.0,1.0,1.0,1.0,1.0,5.0,0.0,0.0,0.0,0.0,18.0,957.1,0.0,809.46,0.0,0.0,1.0,0.0,1.0,0.0,1.0,0.0,1.0,0.0,0.0,0.0,0.0,0.0,1.0,0.0,0.0,1.0,0.0,0
64.0,17.0,0.0,4276.0,1.0,0.0,1.0,0.0,24.2,0.0,2.0,0.0,0.0,0.0,0.0,0.0,0.0,0.0,0.0,5.0,0.0,0.0,0.0,0.0,1.0,24.2,0.0,0.0,0.0,0.0,1.0,1.0,0.0,0.0,0.0,1.0,1.0,0.0,0.0,0.0,0.0,0.0,0.0,1.0,0.0,0.0,1.0,0
28.0,69.0,34.44,4097.0,0.0,0.0,1.0,0.0,45.55,0.0,0.0,0.0,0.0,0.0,1.0,0.0,1.0,0.0,0.0,1.0,0.0,0.0,1.0,0.0,10.0,402.6,0.0,344.4,0.0,1.0,1.0,1.0,0.0,0.0,0.0,1.0,1.0,0.0,0.0,0.0,0.0,0.0,1.0,0.0,1.0,0.0,0.0,1
64.0,17.0,39.88,5128.0,0.0,1.0,1.0,1.0,64.15,1.0,0.0,7.0,0.0,1.0,1.0,1.0,1.0,1.0,1.0,3.0,0.0,0.0,0.0,0.0,69.0,4254.1,40.0,2751.72,0.0,0.0,0.0,0.0,0.0,1.0,1.0,0.0,1.0,0.0,0.0,0.0,1.0,0.0,0.0,0.0,0.0,1.0,0.0,0
32.0,0.0,26.85,5219.0,1.0,0.0,0.0,1.0,20.15,0.0,1.0,0.0,0.0,0.0,1.0,1.0,1.0,0.0,0.0,3.0,0.0,0.0,0.0,0.0,70.0,1411.2,0.0,1879.5,0.0,0.0,0.0,0.0,0.0,1.0,1.0,0.0,0.0,0.0,1.0,0.0,1.0,0.0,0.0,0.0,0.0,1.0,0.0,0
55.0,2.0,0.0,2863.0,0.0,1.0,1.0,0.0,39.5,0.0,0.0,0.0,0.0,0.0,0.0,0.0,0.0,0.0,0.0,2.0,0.0,1.0,1.0,0.0,5.0,210.75,0.0,0.0,39.27,0.0,1.0,1.0,0.0,0.0,1.0,0.0,0.0,1.0,0.0,0.0,0.0,0.0,0.0,1.0,1.0,0.0,0.0,1
57.0,26.0,6.22,5825.0,0.0,1.0,1.0,1.0,84.0,1.0,0.0,0.0,0.0,1.0,1.0,1.0,1.0,1.0,0.0,4.0,0.0,1.0,1.0,1.0,66.0,5714.25,0.0,410.52,0.0,0.0,1.0,0.0,0.0,1.0,0.0,1.0,0.0,1.0,0.0,1.0,0.0,0.0,0.0,0.0,0.0,1.0,0.0,0
75.0,9.0,0.0,5693.0,0.0,1.0,1.0,0.0,53.5,0.0,0.0,0.0,1.0,0.0,1.0,0.0,0.0,0.0,0.0,3.0,1.0,1.0,0.0,1.0,65.0,3517.9,0.0,0.0,0.0,0.0,1.0,0.0,0.0,1.0,1.0,0.0,1.0,0.0,0.0,0.0,1.0,0.0,0.0,0.0,1.0,0.0,0.0,0
56.0,11.0,45.57,4838.0,0.0,1.0,1.0,0.0,74.6,1.0,0.0,0.0,1.0,1.0,1.0,0.0,1.0,0.0,0.0,3.0,0.0,1.0,1.0,0.0,66.0,4798.4,0.0,3007.62,0.0,0.0,1.0,0.0,0.0,1.0,0.0,1.0,0.0,1.0,0.0,1.0,0.0,0.0,0.0,0.0,0.0,1.0,0.0,0
65.0,8.0,26.32,2194.0,0.0,1.0,1.0,0.0,91.05,1.0,0.0,0.0,0.0,0.0,0.0,0.0,1.0,0.0,0.0,2.0,1.0,0.0,0.0,1.0,3.0,289.1,0.0,78.96,0.0,0.0,1.0,1.0,0.0,0.0,0.0,1.0,0.0,0.0,1.0,0.0,0.0,0.0,0.0,1.0,1.0,0.0,0.0,1
63.0,6.0,13.14,3999.0,0.0,0.0,1.0,0.0,80.05,1.0,0.0,0.0,0.0,0.0,0.0,0.0,1.0,1.0,0.0,5.0,0.0,0.0,0.0,0.0,35.0,2835.9,0.0,459.9,0.0,0.0,1.0,1.0,0.0,0.0,1.0,0.0,0.0,0.0,1.0,0.0,0.0,1.0,0.0,0.0,0.0,1.0,0.0,0
56.0,0.0,38.36,5151.0,0.0,0.0,0.0,1.0,19.95,0.0,0.0,2.0,0.0,0.0,1.0,1.0,1.0,0.0,1.0,3.0,0.0,0.0,0.0,0.0,63.0,1234.8,0.0,2416.68,0.0,0.0,0.0,0.0,0.0,1.0,0.0,1.0,0.0,0.0,1.0,0.0,1.0,0.0,0.0,0.0,1.0,0.0,0.0,0
49.0,0.0,32.47,5964.0,1.0,0.0,0.0,1.0,19.9,0.0,3.0,2.0,0.0,0.0,0.0,1.0,1.0,0.0,1.0,5.0,0.0,0.0,0.0,0.0,19.0,357.7,0.0,616.93,0.0,0.0,0.0,0.0,1.0,0.0,0.0,1.0,0.0,0.0,1.0,0.0,0.0,0.0,1.0,0.0,0.0,1.0,0.0,0
33.0,26.0,25.11,3819.0,0.0,0.0,1.0,1.0,81.3,1.0,0.0,0.0,1.0,0.0,1.0,1.0,1.0,0.0,0.0,2.0,0.0,0.0,0.0,0.0,5.0,416.3,0.0,125.55,0.0,0.0,1.0,1.0,0.0,0.0,0.0,1.0,0.0,0.0,1.0,0.0,0.0,0.0,0.0,1.0,1.0,0.0,0.0,1
19.0,0.0,26.64,3904.0,0.0,0.0,0.0,0.0,25.15,1.0,0.0,0.0,0.0,0.0,0.0,0.0,1.0,0.0,0.0,5.0,0.0,0.0,0.0,0.0,24.0,553.0,0.0,639.36,0.0,1.0,0.0,0.0,0.0,1.0,1.0,0.0,0.0,0.0,1.0,0.0,1.0,0.0,0.0,0.0,0.0,1.0,0.0,0
56.0,10.0,30.06,4216.0,0.0,1.0,1.0,0.0,75.15,0.0,0.0,0.0,0.0,0.0,1.0,0.0,1.0,0.0,0.0,3.0,0.0,0.0,0.0,0.0,7.0,525.0,10.0,210.42,0.0,0.0,0.0,1.0,0.0,0.0,1.0,0.0,0.0,0.0,1.0,0.0,1.0,0.0,0.0,0.0,1.0,0.0,0.0,0
28.0,0.0,45.37,4676.0,0.0,0.0,0.0,0.0,20.7,0.0,0.0,0.0,0.0,0.0,0.0,0.0,1.0,0.0,0.0,5.0,0.0,0.0,0.0,0.0,4.0,73.05,0.0,181.48,0.0,1.0,0.0,1.0,0.0,0.0,0.0,1.0,0.0,0.0,1.0,0.0,1.0,0.0,0.0,0.0,0.0,1.0,0.0,0
44.0,0.0,18.2,4333.0,0.0,0.0,0.0,0.0,19.65,0.0,0.0,0.0,0.0,0.0,0.0,0.0,1.0,0.0,0.0,3.0,0.0,0.0,0.0,0.0,18.0,391.7,0.0,327.6,0.0,0.0,0.0,1.0,0.0,0.0,1.0,0.0,0.0,0.0,1.0,0.0,0.0,0.0,1.0,0.0,0.0,1.0,0.0,0
20.0,47.0,43.78,4709.0,0.0,1.0,1.0,0.0,65.05,1.0,0.0,0.0,1.0,1.0,0.0,0.0,1.0,0.0,0.0,4.0,0.0,0.0,0.0,0.0,22.0,1427.55,10.0,963.16,0.0,1.0,0.0,1.0,0.0,0.0,0.0,1.0,0.0,1.0,0.0,0.0,0.0,0.0,1.0,0.0,0.0,1.0,0.0,0
21.0,48.0,16.78,5947.0,0.0,1.0,1.0,1.0,114.2,1.0,0.0,1.0,1.0,1.0,1.0,1.0,1.0,1.0,1.0,1.0,0.0,1.0,1.0,1.0,70.0,7723.9,0.0,1174.6,48.54,1.0,1.0,0.0,0.0,1.0,1.0,0.0,0.0,0.0,1.0,1.0,0.0,0.0,0.0,0.0,1.0,0.0,0.0,1
56.0,0.0,15.79,2279.0,0.0,0.0,0.0,0.0,19.3,0.0,0.0,0.0,0.0,0.0,0.0,0.0,1.0,0.0,0.0,3.0,0.0,0.0,0.0,0.0,2.0,28.3,0.0,31.58,0.0,0.0,0.0,0.0,1.0,0.0,0.0,1.0,0.0,0.0,1.0,0.0,1.0,0.0,0.0,0.0,0.0,1.0,0.0,1
55.0,0.0,41.36,3716.0,0.0,0.0,0.0,1.0,19.9,0.0,0.0,4.0,0.0,0.0,1.0,1.0,1.0,0.0,1.0,5.0,0.0,0.0,0.0,0.0,3.0,45.75,0.0,124.08,0.0,0.0,0.0,1.0,0.0,0.0,1.0,0.0,0.0,0.0,1.0,0.0,0.0,0.0,0.0,1.0,0.0,1.0,0.0,0
51.0,23.0,43.2,5769.0,0.0,1.0,1.0,1.0,86.1,0.0,0.0,2.0,1.0,1.0,0.0,1.0,1.0,1.0,1.0,4.0,0.0,1.0,1.0,1.0,62.0,5215.25,0.0,2678.4,0.0,0.0,1.0,0.0,0.0,1.0,0.0,1.0,0.0,1.0,0.0,0.0,1.0,0.0,0.0,0.0,1.0,0.0,0.0,0
44.0,13.0,35.61,2405.0,0.0,0.0,1.0,1.0,79.45,0.0,0.0,1.0,1.0,1.0,1.0,1.0,1.0,0.0,1.0,1.0,0.0,0.0,0.0,0.0,38.0,3013.05,40.0,1353.18,9.36,0.0,0.0,1.0,0.0,0.0,0.0,1.0,0.0,0.0,1.0,0.0,1.0,0.0,0.0,0.0,1.0,0.0,0.0,1
55.0,0.0,13.27,4325.0,0.0,0.0,0.0,0.0,20.2,0.0,0.0,0.0,0.0,0.0,1.0,0.0,1.0,0.0,0.0,1.0,0.0,0.0,0.0,0.0,1.0,20.2,0.0,13.27,0.0,0.0,0.0,1.0,0.0,0.0,0.0,1.0,0.0,0.0,1.0,0.0,1.0,0.0,0.0,0.0,0.0,0.0,1.0,1
65.0,13.0,18.37,2139.0,0.0,0.0,1.0,0.0,78.45,0.0,0.0,0.0,0.0,0.0,0.0,0.0,1.0,0.0,0.0,1.0,1.0,0.0,0.0,1.0,1.0,78.45,0.0,18.37,0.0,0.0,1.0,1.0,0.0,0.0,1.0,0.0,0.0,0.0,1.0,0.0,0.0,0.0,0.0,1.0,1.0,0.0,0.0,1
40.0,0.0,49.52,5880.0,0.0,0.0,0.0,0.0,19.1,0.0,0.0,0.0,0.0,0.0,0.0,0.0,1.0,0.0,0.0,4.0,0.0,0.0,0.0,0.0,29.0,529.5,0.0,1436.08,0.0,0.0,0.0,0.0,1.0,0.0,0.0,1.0,0.0,0.0,1.0,0.0,0.0,1.0,0.0,0.0,0.0,1.0,0.0,0
62.0,0.0,46.59,5820.0,0.0,0.0,0.0,0.0,19.45,0.0,0.0,0.0,0.0,0.0,0.0,0.0,1.0,0.0,0.0,3.0,0.0,0.0,0.0,0.0,1.0,19.45,0.0,46.59,0.0,0.0,0.0,1.0,0.0,0.0,0.0,1.0,0.0,0.0,1.0,0.0,0.0,0.0,0.0,1.0,1.0,0.0,0.0,0
33.0,5.0,9.01,3560.0,0.0,0.0,1.0,1.0,48.7,0.0,0.0,10.0,0.0,1.0,0.0,1.0,1.0,0.0,1.0,3.0,0.0,0.0,0.0,0.0,27.0,1421.75,0.0,243.27,0.0,0.0,1.0,0.0,1.0,0.0,0.0,1.0,0.0,1.0,0.0,0.0,1.0,0.0,0.0,0.0,0.0,1.0,0.0,0
25.0,42.0,12.19,4544.0,0.0,0.0,1.0,0.0,104.0,1.0,0.0,0.0,0.0,1.0,1.0,0.0,1.0,1.0,0.0,1.0,0.0,1.0,1.0,1.0,70.0,7250.15,0.0,853.3,0.0,1.0,1.0,0.0,0.0,1.0,0.0,1.0,0.0,0.0,1.0,1.0,0.0,0.0,0.0,0.0,0.0,1.0,0.0,1
41.0,15.0,41.83,5357.0,0.0,0.0,1.0,1.0,80.45,1.0,0.0,7.0,1.0,0.0,0.0,1.0,1.0,0.0,1.0,4.0,0.0,0.0,0.0,0.0,43.0,3398.9,0.0,1798.69,0.0,0.0,1.0,1.0,0.0,0.0,1.0,0.0,0.0,0.0,1.0,0.0,1.0,0.0,0.0,0.0,1.0,0.0,0.0,0
37.0,23.0,0.0,3314.0,0.0,1.0,1.0,1.0,35.35,0.0,0.0,7.0,0.0,1.0,0.0,1.0,0.0,0.0,1.0,4.0,0.0,0.0,0.0,0.0,36.0,1317.95,0.0,0.0,0.0,0.0,1.0,0.0,1.0,0.0,0.0,1.0,1.0,0.0,0.0,0.0,0.0,1.0,0.0,0.0,0.0,0.0,1.0,0
53.0,0.0,7.74,4052.0,0.0,0.0,0.0,0.0,19.15,0.0,0.0,0.0,0.0,0.0,1.0,0.0,1.0,0.0,0.0,3.0,0.0,0.0,0.0,0.0,35.0,638.0,0.0,270.9,0.0,0.0,0.0,0.0,1.0,0.0,0.0,1.0,0.0,0.0,1.0,0.0,1.0,0.0,0.0,0.0,0.0,1.0,0.0,0
47.0,0.0,46.91,3636.0,1.0,0.0,0.0,1.0,20.2,0.0,2.0,6.0,0.0,0.0,0.0,1.0,1.0,0.0,1.0,4.0,0.0,0.0,0.0,0.0,19.0,382.2,0.0,891.29,0.0,0.0,0.0,1.0,0.0,0.0,1.0,0.0,0.0,0.0,1.0,0.0,1.0,0.0,0.0,0.0,0.0,0.0,1.0,0
23.0,51.0,35.47,6186.0,0.0,1.0,1.0,0.0,104.7,1.0,0.0,0.0,1.0,0.0,0.0,0.0,1.0,0.0,0.0,5.0,0.0,1.0,1.0,1.0,60.0,6333.8,150.0,2128.2,0.0,1.0,0.0,0.0,0.0,1.0,1.0,0.0,0.0,0.0,1.0,0.0,1.0,0.0,0.0,0.0,1.0,0.0,0.0,0
63.0,17.0,25.17,4989.0,0.0,0.0,1.0,0.0,75.35,1.0,0.0,0.0,0.0,0.0,1.0,0.0,1.0,0.0,0.0,3.0,0.0,0.0,0.0,0.0,7.0,564.65,0.0,176.19,0.0,0.0,1.0,1.0,0.0,0.0,1.0,0.0,0.0,0.0,1.0,0.0,1.0,0.0,0.0,0.0,1.0,0.0,0.0,0
47.0,0.0,4.53,5491.0,0.0,0.0,0.0,0.0,25.15,1.0,0.0,0.0,0.0,0.0,0.0,0.0,1.0,0.0,0.0,4.0,0.0,0.0,0.0,0.0,29.0,702.0,0.0,131.37,0.0,0.0,0.0,1.0,0.0,0.0,1.0,0.0,0.0,0.0,1.0,0.0,1.0,0.0,0.0,0.0,1.0,0.0,0.0,0
32.0,8.0,0.0,2675.0,0.0,0.0,1.0,0.0,25.15,0.0,0.0,0.0,0.0,0.0,0.0,0.0,0.0,0.0,0.0,3.0,0.0,0.0,0.0,0.0,18.0,476.8,0.0,0.0,0.0,0.0,1.0,1.0,0.0,0.0,0.0,1.0,0.0,1.0,0.0,0.0,1.0,0.0,0.0,0.0,0.0,1.0,0.0,0
35.0,23.0,36.13,5177.0,0.0,0.0,1.0,1.0,101.15,1.0,0.0,5.0,0.0,0.0,0.0,1.0,1.0,1.0,1.0,3.0,0.0,1.0,1.0,1.0,61.0,6383.9,0.0,2203.93,0.0,0.0,1.0,0.0,1.0,0.0,1.0,0.0,0.0,0.0,1.0,0.0,1.0,0.0,0.0,0.0,1.0,0.0,0.0,0
48.0,5.0,39.74,4848.0,0.0,1.0,1.0,1.0,110.75,1.0,0.0,1.0,1.0,1.0,1.0,1.0,1.0,0.0,1.0,4.0,0.0,1.0,1.0,1.0,72.0,7751.7,0.0,2861.28,0.0,0.0,1.0,0.0,0.0,1.0,1.0,0.0,0.0,0.0,1.0,0.0,1.0,0.0,0.0,0.0,1.0,0.0,0.0,0
35.0,16.0,13.04,3574.0,0.0,0.0,1.0,0.0,74.75,1.0,0.0,0.0,0.0,0.0,1.0,0.0,1.0,0.0,0.0,5.0,0.0,0.0,0.0,0.0,16.0,1129.35,0.0,208.64,39.99,0.0,1.0,1.0,0.0,0.0,1.0,0.0,0.0,0.0,1.0,0.0,1.0,0.0,0.0,0.0,0.0,1.0,0.0,0
44.0,22.0,40.59,5253.0,0.0,0.0,1.0,0.0,45.2,0.0,0.0,0.0,0.0,0.0,0.0,0.0,1.0,0.0,0.0,5.0,0.0,0.0,0.0,0.0,11.0,492.0,150.0,446.49,0.0,0.0,0.0,1.0,0.0,0.0,0.0,1.0,0.0,1.0,0.0,0.0,0.0,0.0,1.0,0.0,0.0,1.0,0.0,0
52.0,14.0,0.0,5091.0,0.0,1.0,1.0,0.0,50.75,0.0,0.0,0.0,0.0,0.0,0.0,0.0,0.0,0.0,0.0,5.0,0.0,1.0,1.0,1.0,15.0,688.2,0.0,0.0,32.55,0.0,1.0,0.0,1.0,0.0,0.0,1.0,0.0,1.0,0.0,0.0,0.0,0.0,1.0,0.0,1.0,0.0,0.0,0
26.0,53.0,11.51,4690.0,1.0,1.0,1.0,1.0,104.4,1.0,3.0,1.0,0.0,0.0,1.0,1.0,1.0,1.0,1.0,3.0,0.0,1.0,1.0,1.0,2.0,242.8,0.0,23.02,45.44,1.0,1.0,1.0,0.0,0.0,1.0,0.0,0.0,0.0,1.0,0.0,0.0,0.0,0.0,1.0,1.0,0.0,0.0,1
51.0,8.0,3.81,4535.0,0.0,0.0,1.0,1.0,95.7,0.0,0.0,7.0,0.0,0.0,1.0,1.0,1.0,1.0,1.0,5.0,0.0,1.0,1.0,1.0,25.0,2338.35,0.0,95.25,0.0,0.0,1.0,1.0,0.0,0.0,0.0,1.0,0.0,0.0,1.0,0.0,1.0,0.0,0.0,0.0,0.0,1.0,0.0,0
54.0,0.0,8.02,3753.0,0.0,0.0,0.0,0.0,19.5,0.0,0.0,0.0,0.0,0.0,1.0,0.0,1.0,0.0,0.0,5.0,0.0,0.0,0.0,0.0,1.0,19.5,0.0,8.02,0.0,0.0,0.0,1.0,0.0,0.0,0.0,1.0,0.0,0.0,1.0,0.0,1.0,0.0,0.0,0.0,0.0,1.0,0.0,0
45.0,22.0,0.0,4115.0,0.0,1.0,1.0,1.0,58.75,0.0,0.0,1.0,1.0,1.0,1.0,1.0,0.0,0.0,1.0,3.0,0.0,1.0,1.0,1.0,57.0,3437.45,0.0,0.0,0.0,0.0,1.0,1.0,0.0,0.0,1.0,0.0,1.0,0.0,0.0,0.0,1.0,0.0,0.0,0.0,1.0,0.0,0.0,0
54.0,8.0,20.86,5383.0,0.0,1.0,1.0,0.0,96.5,0.0,0.0,0.0,0.0,0.0,0.0,0.0,1.0,0.0,0.0,3.0,0.0,1.0,1.0,1.0,5.0,492.55,0.0,104.3,0.0,0.0,1.0,1.0,0.0,0.0,0.0,1.0,0.0,0.0,1.0,0.0,0.0,0.0,0.0,1.0,1.0,0.0,0.0,1
60.0,13.0,32.43,4167.0,0.0,0.0,1.0,1.0,80.35,0.0,0.0,3.0,0.0,0.0,1.0,1.0,1.0,0.0,1.0,1.0,0.0,0.0,0.0,1.0,4.0,307.4,0.0,129.72,0.0,0.0,1.0,1.0,0.0,0.0,0.0,1.0,0.0,0.0,1.0,0.0,1.0,0.0,0.0,0.0,1.0,0.0,0.0,1
46.0,30.0,9.06,4278.0,0.0,1.0,1.0,1.0,87.95,1.0,0.0,7.0,1.0,1.0,0.0,1.0,1.0,1.0,1.0,4.0,0.0,1.0,1.0,1.0,71.0,6365.35,0.0,643.26,0.0,0.0,1.0,0.0,0.0,1.0,1.0,0.0,0.0,1.0,0.0,0.0,1.0,0.0,0.0,0.0,1.0,0.0,0.0,0
68.0,20.0,6.9,2636.0,0.0,1.0,1.0,0.0,100.15,1.0,0.0,0.0,0.0,0.0,1.0,0.0,1.0,0.0,0.0,4.0,1.0,1.0,0.0,1.0,45.0,4459.8,0.0,310.5,0.0,0.0,1.0,0.0,1.0,0.0,1.0,0.0,0.0,0.0,1.0,0.0,1.0,0.0,0.0,0.0,1.0,0.0,0.0,0
27.0,0.0,35.33,6232.0,1.0,0.0,0.0,1.0,24.75,1.0,1.0,1.0,0.0,0.0,0.0,1.0,1.0,0.0,1.0,3.0,0.0,0.0,0.0,0.0,72.0,1769.6,0.0,2543.76,0.0,1.0,0.0,0.0,0.0,1.0,0.0,1.0,0.0,0.0,1.0,1.0,0.0,0.0,0.0,0.0,1.0,0.0,0.0,0
66.0,2.0,32.36,5904.0,0.0,0.0,1.0,0.0,96.2,1.0,0.0,0.0,0.0,0.0,1.0,0.0,1.0,0.0,0.0,2.0,1.0,1.0,0.0,1.0,49.0,4718.25,0.0,1585.64,0.0,0.0,1.0,1.0,0.0,0.0,0.0,1.0,0.0,0.0,1.0,0.0,1.0,0.0,0.0,0.0,1.0,0.0,0.0,1
21.0,47.0,18.42,6492.0,1.0,0.0,1.0,1.0,95.15,1.0,1.0,2.0,0.0,1.0,1.0,1.0,1.0,1.0,1.0,3.0,0.0,0.0,1.0,1.0,51.0,5000.05,0.0,939.42,0.0,1.0,1.0,0.0,1.0,0.0,1.0,0.0,0.0,0.0,1.0,0.0,1.0,0.0,0.0,0.0,0.0,0.0,1.0,0
35.0,5.0,0.0,4529.0,0.0,1.0,1.0,0.0,50.05,0.0,0.0,0.0,0.0,0.0,1.0,0.0,0.0,0.0,0.0,3.0,0.0,1.0,1.0,1.0,31.0,1523.4,0.0,0.0,0.0,0.0,1.0,0.0,1.0,0.0,0.0,1.0,0.0,1.0,0.0,0.0,1.0,0.0,0.0,0.0,1.0,0.0,0.0,0
47.0,29.0,40.79,5598.0,0.0,1.0,1.0,0.0,49.15,0.0,0.0,0.0,0.0,0.0,1.0,0.0,1.0,0.0,0.0,1.0,0.0,0.0,0.0,0.0,3.0,169.05,10.0,122.37,0.0,0.0,0.0,1.0,0.0,0.0,0.0,1.0,0.0,1.0,0.0,0.0,0.0,0.0,0.0,1.0,1.0,0.0,0.0,1
69.0,22.0,37.39,4994.0,0.0,1.0,1.0,0.0,89.85,1.0,0.0,0.0,1.0,1.0,0.0,0.0,1.0,1.0,0.0,3.0,1.0,1.0,0.0,1.0,71.0,6293.45,140.0,2654.69,0.0,0.0,0.0,0.0,0.0,1.0,1.0,0.0,0.0,1.0,0.0,1.0,0.0,0.0,0.0,0.0,0.0,1.0,0.0,0
56.0,27.0,22.62,6063.0,1.0,0.0,1.0,1.0,66.75,1.0,3.0,8.0,1.0,1.0,0.0,1.0,1.0,1.0,1.0,3.0,0.0,0.0,0.0,0.0,72.0,4760.3,0.0,1628.64,0.0,0.0,1.0,0.0,0.0,1.0,1.0,0.0,1.0,0.0,0.0,0.0,1.0,0.0,0.0,0.0,0.0,1.0,0.0,0
36.0,17.0,0.0,6091.0,0.0,1.0,1.0,1.0,42.1,0.0,0.0,7.0,1.0,1.0,0.0,1.0,0.0,0.0,1.0,4.0,0.0,0.0,0.0,0.0,72.0,2962.0,0.0,0.0,0.0,0.0,1.0,0.0,0.0,1.0,0.0,1.0,1.0,0.0,0.0,1.0,0.0,0.0,0.0,0.0,1.0,0.0,0.0,0
33.0,0.0,34.8,5252.0,0.0,0.0,0.0,0.0,19.95,0.0,0.0,0.0,0.0,0.0,0.0,0.0,1.0,0.0,0.0,3.0,0.0,0.0,0.0,0.0,5.0,109.6,0.0,174.0,0.0,0.0,0.0,1.0,0.0,0.0,1.0,0.0,0.0,0.0,1.0,0.0,1.0,0.0,0.0,0.0,0.0,1.0,0.0,0
35.0,27.0,9.74,4275.0,0.0,0.0,1.0,0.0,70.3,0.0,0.0,0.0,0.0,0.0,1.0,0.0,1.0,0.0,0.0,4.0,0.0,0.0,0.0,0.0,3.0,220.4,0.0,29.22,0.0,0.0,1.0,1.0,0.0,0.0,0.0,1.0,0.0,0.0,1.0,0.0,1.0,0.0,0.0,0.0,0.0,1.0,0.0,0
34.0,18.0,26.54,2577.0,0.0,0.0,1.0,0.0,48.8,1.0,0.0,0.0,0.0,0.0,1.0,0.0,1.0,0.0,0.0,4.0,0.0,0.0,0.0,0.0,15.0,720.1,0.0,398.1,0.0,0.0,1.0,1.0,0.0,0.0,1.0,0.0,0.0,1.0,0.0,0.0,0.0,0.0,1.0,0.0,0.0,1.0,0.0,0
22.0,27.0,0.0,4283.0,0.0,0.0,1.0,1.0,49.65,0.0,0.0,8.0,1.0,0.0,0.0,1.0,0.0,0.0,1.0,4.0,0.0,1.0,1.0,1.0,49.0,2409.9,0.0,0.0,0.0,1.0,1.0,0.0,0.0,1.0,0.0,1.0,1.0,0.0,0.0,0.0,1.0,0.0,0.0,0.0,0.0,1.0,0.0,0
54.0,20.0,46.91,5886.0,0.0,0.0,1.0,1.0,93.0,1.0,0.0,7.0,0.0,0.0,1.0,1.0,1.0,0.0,1.0,5.0,0.0,1.0,1.0,1.0,24.0,2248.05,40.0,1125.84,0.0,0.0,0.0,1.0,0.0,0.0,0.0,1.0,0.0,0.0,1.0,0.0,1.0,0.0,0.0,0.0,1.0,0.0,0.0,0
45.0,22.0,12.69,5574.0,0.0,0.0,1.0,0.0,79.85,0.0,0.0,0.0,1.0,1.0,0.0,0.0,1.0,1.0,0.0,3.0,0.0,1.0,1.0,1.0,17.0,1387.35,0.0,215.73,0.0,0.0,1.0,0.0,1.0,0.0,1.0,0.0,1.0,0.0,0.0,0.0,1.0,0.0,0.0,0.0,0.0,1.0,0.0,0
47.0,2.0,24.76,4193.0,0.0,0.0,1.0,0.0,86.55,1.0,0.0,0.0,0.0,0.0,1.0,0.0,1.0,0.0,0.0,3.0,0.0,1.0,1.0,0.0,8.0,649.65,0.0,198.08,0.0,0.0,1.0,1.0,0.0,0.0,0.0,1.0,0.0,0.0,1.0,0.0,0.0,0.0,0.0,1.0,1.0,0.0,0.0,1
28.0,59.0,18.03,5730.0,0.0,0.0,1.0,0.0,60.4,0.0,0.0,0.0,1.0,1.0,1.0,0.0,1.0,1.0,0.0,1.0,0.0,0.0,0.0,0.0,4.0,272.15,0.0,72.12,0.0,1.0,1.0,1.0,0.0,0.0,1.0,0.0,1.0,0.0,0.0,0.0,1.0,0.0,0.0,0.0,0.0,1.0,0.0,1
54.0,26.0,6.78,2008.0,0.0,0.0,1.0,0.0,100.35,1.0,0.0,0.0,0.0,1.0,1.0,0.0,1.0,0.0,0.0,1.0,0.0,1.0,1.0,1.0,13.0,1358.85,0.0,88.14,34.09,0.0,1.0,1.0,0.0,0.0,1.0,0.0,0.0,0.0,1.0,0.0,0.0,0.0,1.0,0.0,1.0,0.0,0.0,1
28.0,48.0,0.0,4566.0,0.0,0.0,1.0,0.0,45.25,0.0,0.0,0.0,0.0,0.0,1.0,0.0,0.0,0.0,0.0,1.0,0.0,1.0,1.0,1.0,2.0,85.5,10.0,0.0,0.0,1.0,0.0,1.0,0.0,0.0,1.0,0.0,0.0,1.0,0.0,0.0,1.0,0.0,0.0,0.0,1.0,0.0,0.0,1
41.0,15.0,19.6,5905.0,0.0,1.0,1.0,0.0,115.05,1.0,0.0,0.0,1.0,1.0,0.0,0.0,1.0,1.0,0.0,3.0,0.0,1.0,1.0,1.0,72.0,8405.0,0.0,1411.2,0.0,0.0,1.0,0.0,0.0,1.0,1.0,0.0,0.0,0.0,1.0,1.0,0.0,0.0,0.0,0.0,0.0,1.0,0.0,0
33.0,4.0,14.93,4667.0,0.0,0.0,1.0,0.0,49.9,0.0,0.0,0.0,0.0,0.0,1.0,0.0,1.0,1.0,0.0,3.0,0.0,0.0,0.0,0.0,1.0,49.9,0.0,14.93,0.0,0.0,1.0,1.0,0.0,0.0,1.0,0.0,0.0,1.0,0.0,0.0,1.0,0.0,0.0,0.0,1.0,0.0,0.0,0
62.0,21.0,23.2,3394.0,1.0,0.0,1.0,0.0,79.9,0.0,3.0,0.0,0.0,0.0,0.0,0.0,1.0,0.0,0.0,2.0,0.0,1.0,1.0,0.0,1.0,79.9,0.0,23.2,0.0,0.0,1.0,1.0,0.0,0.0,0.0,1.0,0.0,0.0,1.0,0.0,1.0,0.0,0.0,0.0,1.0,0.0,0.0,1
56.0,0.0,39.98,6126.0,0.0,0.0,0.0,1.0,25.0,1.0,0.0,7.0,0.0,0.0,0.0,1.0,1.0,0.0,1.0,4.0,0.0,0.0,0.0,0.0,72.0,1849.2,0.0,2878.56,0.0,0.0,0.0,0.0,0.0,1.0,1.0,0.0,0.0,0.0,1.0,0.0,1.0,0.0,0.0,0.0,0.0,1.0,0.0,0
22.0,41.0,17.3,5777.0,0.0,0.0,1.0,0.0,73.5,1.0,0.0,0.0,0.0,0.0,1.0,0.0,1.0,0.0,0.0,3.0,0.0,0.0,0.0,0.0,8.0,632.2,0.0,138.4,0.0,1.0,1.0,1.0,0.0,0.0,1.0,0.0,0.0,0.0,1.0,0.0,1.0,0.0,0.0,0.0,1.0,0.0,0.0,0
77.0,20.0,3.83,3689.0,0.0,0.0,1.0,1.0,92.55,1.0,0.0,9.0,0.0,0.0,1.0,1.0,1.0,0.0,1.0,3.0,1.0,1.0,0.0,1.0,17.0,1614.7,0.0,65.11,0.0,0.0,1.0,1.0,0.0,0.0,1.0,0.0,0.0,0.0,1.0,0.0,1.0,0.0,0.0,0.0,1.0,0.0,0.0,0
23.0,59.0,1.67,5076.0,0.0,1.0,1.0,1.0,115.55,1.0,0.0,1.0,1.0,1.0,1.0,1.0,1.0,1.0,1.0,3.0,0.0,1.0,1.0,1.0,72.0,8312.4,0.0,120.24,0.0,1.0,1.0,0.0,0.0,1.0,1.0,0.0,0.0,0.0,1.0,0.0,1.0,0.0,0.0,0.0,0.0,1.0,0.0,0
49.0,0.0,24.53,5967.0,0.0,0.0,0.0,0.0,20.55,0.0,0.0,0.0,0.0,0.0,0.0,0.0,1.0,0.0,0.0,3.0,0.0,0.0,0.0,0.0,5.0,96.1,0.0,122.65,0.0,0.0,0.0,1.0,0.0,0.0,1.0,0.0,0.0,0.0,1.0,0.0,1.0,0.0,0.0,0.0,0.0,1.0,0.0,0
35.0,21.0,28.19,2166.0,0.0,0.0,1.0,0.0,50.25,0.0,0.0,0.0,0.0,0.0,1.0,0.0,1.0,1.0,0.0,3.0,0.0,0.0,0.0,0.0,3.0,152.3,0.0,84.57,0.0,0.0,1.0,1.0,0.0,0.0,0.0,1.0,1.0,0.0,0.0,0.0,1.0,0.0,0.0,0.0,0.0,1.0,0.0,0
39.0,0.0,8.95,4931.0,0.0,0.0,0.0,0.0,20.15,0.0,0.0,0.0,0.0,0.0,0.0,0.0,1.0,0.0,0.0,3.0,0.0,0.0,0.0,0.0,18.0,390.85,0.0,161.1,0.0,0.0,0.0,0.0,1.0,0.0,1.0,0.0,0.0,0.0,1.0,0.0,0.0,0.0,1.0,0.0,1.0,0.0,0.0,1
33.0,0.0,8.5,5703.0,0.0,0.0,0.0,0.0,18.55,0.0,0.0,0.0,0.0,0.0,1.0,0.0,1.0,0.0,0.0,3.0,0.0,0.0,0.0,0.0,36.0,689.0,0.0,306.0,0.0,0.0,0.0,0.0,0.0,1.0,0.0,1.0,0.0,0.0,1.0,0.0,0.0,1.0,0.0,0.0,0.0,1.0,0.0,0
34.0,13.0,20.27,4093.0,0.0,0.0,1.0,1.0,80.1,1.0,0.0,7.0,1.0,0.0,1.0,1.0,1.0,1.0,1.0,5.0,0.0,1.0,1.0,1.0,59.0,4693.2,0.0,1195.93,0.0,0.0,1.0,0.0,1.0,0.0,1.0,0.0,0.0,1.0,0.0,0.0,1.0,0.0,0.0,0.0,1.0,0.0,0.0,0
54.0,0.0,15.51,5527.0,0.0,0.0,0.0,0.0,20.9,0.0,0.0,0.0,0.0,0.0,0.0,0.0,1.0,0.0,0.0,3.0,0.0,0.0,0.0,0.0,1.0,20.9,0.0,15.51,0.0,0.0,0.0,1.0,0.0,0.0,1.0,0.0,0.0,0.0,1.0,0.0,0.0,0.0,0.0,1.0,0.0,1.0,0.0,1
24.0,0.0,20.29,3926.0,0.0,0.0,0.0,0.0,19.75,0.0,0.0,0.0,0.0,0.0,0.0,0.0,1.0,0.0,0.0,3.0,0.0,0.0,0.0,0.0,10.0,208.25,0.0,202.9,0.0,1.0,0.0,1.0,0.0,0.0,0.0,1.0,0.0,0.0,1.0,0.0,0.0,0.0,1.0,0.0,0.0,1.0,0.0,0
42.0,30.0,0.0,2529.0,0.0,0.0,1.0,0.0,33.9,0.0,0.0,0.0,0.0,0.0,1.0,0.0,0.0,0.0,0.0,1.0,0.0,1.0,1.0,0.0,10.0,298.45,0.0,0.0,0.0,0.0,1.0,1.0,0.0,0.0,0.0,1.0,0.0,1.0,0.0,0.0,1.0,0.0,0.0,0.0,0.0,1.0,0.0,1
60.0,18.0,45.25,4219.0,0.0,1.0,1.0,1.0,81.35,0.0,0.0,1.0,1.0,1.0,0.0,1.0,1.0,0.0,1.0,3.0,0.0,1.0,1.0,1.0,67.0,5398.6,0.0,3031.75,0.0,0.0,1.0,0.0,0.0,1.0,0.0,1.0,0.0,1.0,0.0,0.0,1.0,0.0,0.0,0.0,0.0,1.0,0.0,0
29.0,71.0,2.53,6321.0,1.0,0.0,1.0,1.0,79.15,0.0,2.0,6.0,1.0,1.0,1.0,1.0,1.0,0.0,1.0,3.0,0.0,0.0,0.0,0.0,51.0,4018.55,0.0,129.03,0.0,1.0,1.0,1.0,0.0,0.0,1.0,0.0,0.0,0.0,1.0,0.0,1.0,0.0,0.0,0.0,1.0,0.0,0.0,0
45.0,27.0,49.99,5447.0,1.0,0.0,1.0,0.0,61.45,0.0,1.0,0.0,1.0,1.0,0.0,0.0,1.0,1.0,0.0,3.0,0.0,0.0,0.0,0.0,37.0,2302.35,110.0,1849.63,48.79,0.0,0.0,0.0,0.0,1.0,0.0,1.0,1.0,0.0,0.0,0.0,1.0,0.0,0.0,0.0,0.0,1.0,0.0,0
65.0,30.0,41.17,4103.0,0.0,1.0,1.0,0.0,104.45,1.0,0.0,0.0,1.0,0.0,1.0,0.0,1.0,0.0,0.0,3.0,1.0,1.0,1.0,1.0,46.0,4863.85,0.0,1893.82,36.78,0.0,1.0,0.0,0.0,1.0,1.0,0.0,0.0,0.0,1.0,0.0,1.0,0.0,0.0,0.0,1.0,0.0,0.0,0
29.0,51.0,2.87,4622.0,0.0,1.0,1.0,1.0,98.75,1.0,0.0,1.0,1.0,1.0,1.0,1.0,1.0,0.0,1.0,1.0,0.0,0.0,1.0,1.0,47.0,4533.7,0.0,134.89,0.0,1.0,1.0,1.0,0.0,0.0,1.0,0.0,0.0,0.0,1.0,0.0,1.0,0.0,0.0,0.0,1.0,0.0,0.0,1
47.0,0.0,25.08,5682.0,0.0,0.0,0.0,1.0,20.95,0.0,0.0,3.0,0.0,0.0,1.0,1.0,1.0,0.0,1.0,4.0,0.0,0.0,0.0,0.0,25.0,495.15,0.0,627.0,0.0,0.0,0.0,0.0,1.0,0.0,0.0,1.0,0.0,0.0,1.0,0.0,1.0,0.0,0.0,0.0,1.0,0.0,0.0,0
69.0,23.0,25.23,5596.0,0.0,0.0,1.0,0.0,70.35,1.0,0.0,0.0,1.0,1.0,1.0,0.0,1.0,0.0,0.0,3.0,1.0,0.0,0.0,1.0,50.0,3454.6,100.0,1261.5,0.0,0.0,0.0,1.0,0.0,0.0,0.0,1.0,0.0,1.0,0.0,0.0,1.0,0.0,0.0,0.0,1.0,0.0,0.0,0
26.0,48.0,0.0,4106.0,1.0,1.0,1.0,0.0,45.55,0.0,2.0,0.0,1.0,0.0,0.0,0.0,0.0,0.0,0.0,3.0,0.0,1.0,1.0,0.0,48.0,2108.35,0.0,0.0,0.0,1.0,1.0,1.0,0.0,0.0,1.0,0.0,0.0,1.0,0.0,0.0,1.0,0.0,0.0,0.0,0.0,1.0,0.0,0
72.0,15.0,34.51,3438.0,0.0,0.0,1.0,0.0,69.6,0.0,0.0,0.0,0.0,0.0,1.0,0.0,1.0,0.0,0.0,1.0,1.0,0.0,0.0,0.0,1.0,69.6,0.0,34.51,0.0,0.0,1.0,1.0,0.0,0.0,1.0,0.0,0.0,0.0,1.0,0.0,0.0,0.0,0.0,1.0,1.0,0.0,0.0,1
20.0,69.0,2.43,4565.0,0.0,1.0,1.0,1.0,60.3,0.0,0.0,8.0,1.0,1.0,1.0,1.0,1.0,0.0,1.0,3.0,0.0,0.0,1.0,0.0,41.0,2511.3,0.0,99.63,0.0,1.0,1.0,0.0,1.0,0.0,0.0,1.0,0.0,1.0,0.0,0.0,1.0,0.0,0.0,0.0,1.0,0.0,0.0,0
77.0,22.0,23.43,5602.0,0.0,0.0,1.0,0.0,81.7,0.0,0.0,0.0,1.0,1.0,0.0,0.0,1.0,0.0,0.0,4.0,1.0,0.0,0.0,0.0,22.0,1820.9,0.0,515.46,29.88,0.0,1.0,0.0,1.0,0.0,1.0,0.0,0.0,0.0,1.0,0.0,1.0,0.0,0.0,0.0,1.0,0.0,0.0,0
22.0,59.0,18.7,5694.0,0.0,0.0,1.0,0.0,44.45,0.0,0.0,0.0,0.0,0.0,0.0,0.0,1.0,0.0,0.0,3.0,0.0,0.0,0.0,0.0,2.0,82.7,0.0,37.4,0.0,1.0,1.0,1.0,0.0,0.0,1.0,0.0,0.0,1.0,0.0,0.0,0.0,0.0,0.0,1.0,1.0,0.0,0.0,0
26.0,42.0,14.0,5667.0,0.0,1.0,1.0,1.0,80.6,0.0,0.0,5.0,1.0,0.0,1.0,1.0,1.0,1.0,1.0,5.0,0.0,1.0,1.0,1.0,60.0,4946.7,0.0,840.0,0.0,1.0,1.0,0.0,0.0,1.0,1.0,0.0,1.0,0.0,0.0,0.0,1.0,0.0,0.0,0.0,1.0,0.0,0.0,0
58.0,5.0,21.14,3139.0,0.0,1.0,1.0,0.0,95.65,1.0,0.0,0.0,0.0,0.0,1.0,0.0,1.0,1.0,0.0,4.0,0.0,1.0,1.0,0.0,17.0,1640.0,0.0,359.38,0.0,0.0,1.0,1.0,0.0,0.0,0.0,1.0,0.0,0.0,1.0,0.0,1.0,0.0,0.0,0.0,1.0,0.0,0.0,0
61.0,11.0,31.09,4192.0,0.0,0.0,1.0,0.0,96.1,0.0,0.0,0.0,0.0,0.0,1.0,0.0,1.0,1.0,0.0,1.0,0.0,1.0,1.0,1.0,5.0,453.4,0.0,155.45,0.0,0.0,1.0,1.0,0.0,0.0,0.0,1.0,0.0,0.0,1.0,0.0,1.0,0.0,0.0,0.0,1.0,0.0,0.0,1
53.0,28.0,41.66,4219.0,0.0,0.0,1.0,0.0,94.3,1.0,0.0,0.0,1.0,1.0,1.0,0.0,1.0,0.0,0.0,3.0,0.0,1.0,1.0,0.0,30.0,2679.7,0.0,1249.8,0.0,0.0,1.0,1.0,0.0,0.0,0.0,1.0,0.0,0.0,1.0,0.0,0.0,1.0,0.0,0.0,0.0,1.0,0.0,0
63.0,18.0,39.77,3851.0,1.0,1.0,1.0,1.0,76.5,0.0,1.0,5.0,1.0,0.0,0.0,1.0,1.0,1.0,1.0,5.0,0.0,1.0,1.0,1.0,15.0,1155.6,0.0,596.55,0.0,0.0,1.0,1.0,0.0,0.0,1.0,0.0,0.0,1.0,0.0,0.0,1.0,0.0,0.0,0.0,1.0,0.0,0.0,0
76.0,15.0,3.42,2768.0,0.0,0.0,1.0,1.0,83.45,0.0,0.0,0.0,0.0,1.0,1.0,1.0,1.0,0.0,0.0,3.0,1.0,1.0,0.0,0.0,38.0,3147.15,0.0,129.96,24.98,0.0,1.0,0.0,0.0,1.0,1.0,0.0,0.0,0.0,1.0,0.0,1.0,0.0,0.0,0.0,1.0,0.0,0.0,0
47.0,16.0,20.15,4156.0,1.0,1.0,1.0,1.0,73.0,1.0,2.0,8.0,1.0,1.0,1.0,1.0,1.0,0.0,1.0,4.0,0.0,0.0,0.0,1.0,68.0,5163.0,0.0,1370.2,0.0,0.0,1.0,0.0,1.0,0.0,1.0,0.0,0.0,1.0,0.0,0.0,1.0,0.0,0.0,0.0,0.0,1.0,0.0,0
55.0,19.0,42.14,2071.0,0.0,0.0,1.0,1.0,80.3,0.0,0.0,1.0,1.0,1.0,0.0,1.0,1.0,1.0,1.0,1.0,0.0,1.0,1.0,1.0,38.0,3058.65,0.0,1601.32,0.0,0.0,1.0,0.0,1.0,0.0,1.0,0.0,0.0,1.0,0.0,0.0,0.0,1.0,0.0,0.0,0.0,1.0,0.0,1
27.0,69.0,0.0,4133.0,0.0,1.0,1.0,1.0,57.5,0.0,0.0,2.0,1.0,0.0,1.0,1.0,0.0,1.0,1.0,4.0,0.0,1.0,1.0,1.0,57.0,3265.95,150.0,0.0,0.0,1.0,0.0,0.0,0.0,1.0,0.0,1.0,0.0,1.0,0.0,0.0,1.0,0.0,0.0,0.0,1.0,0.0,0.0,0
53.0,21.0,34.76,4764.0,0.0,0.0,1.0,0.0,69.85,0.0,0.0,0.0,0.0,0.0,1.0,0.0,1.0,0.0,0.0,5.0,0.0,0.0,0.0,0.0,3.0,199.85,0.0,104.28,0.0,0.0,1.0,1.0,0.0,0.0,1.0,0.0,0.0,0.0,1.0,0.0,0.0,0.0,0.0,1.0,1.0,0.0,0.0,0
56.0,0.0,15.21,5478.0,1.0,0.0,0.0,0.0,19.75,0.0,2.0,0.0,0.0,0.0,1.0,0.0,1.0,0.0,0.0,4.0,0.0,0.0,0.0,0.0,72.0,1567.0,0.0,1095.12,25.98,0.0,0.0,0.0,0.0,1.0,1.0,0.0,0.0,0.0,1.0,0.0,1.0,0.0,0.0,0.0,0.0,1.0,0.0,0
25.0,82.0,44.74,3358.0,0.0,0.0,1.0,1.0,53.1,1.0,0.0,1.0,0.0,1.0,0.0,1.0,1.0,0.0,1.0,3.0,0.0,0.0,1.0,0.0,46.0,2459.8,0.0,2058.04,0.0,1.0,1.0,1.0,0.0,0.0,1.0,0.0,0.0,1.0,0.0,0.0,1.0,0.0,0.0,0.0,1.0,0.0,0.0,0
44.0,0.0,36.45,4455.0,0.0,0.0,0.0,1.0,24.5,1.0,0.0,9.0,0.0,0.0,1.0,1.0,1.0,0.0,1.0,4.0,0.0,0.0,0.0,0.0,58.0,1497.9,0.0,2114.1,9.22,0.0,0.0,0.0,1.0,0.0,1.0,0.0,0.0,0.0,1.0,0.0,1.0,0.0,0.0,0.0,0.0,1.0,0.0,0
56.0,8.0,16.99,5262.0,0.0,0.0,1.0,0.0,49.5,0.0,0.0,0.0,1.0,0.0,0.0,0.0,1.0,0.0,0.0,4.0,0.0,0.0,0.0,0.0,1.0,49.5,30.0,16.99,0.0,0.0,0.0,1.0,0.0,0.0,1.0,0.0,0.0,1.0,0.0,0.0,1.0,0.0,0.0,0.0,1.0,0.0,0.0,0
33.0,0.0,4.24,2682.0,0.0,0.0,0.0,0.0,19.25,0.0,0.0,0.0,0.0,0.0,0.0,0.0,1.0,0.0,0.0,4.0,0.0,0.0,0.0,0.0,35.0,677.9,0.0,148.4,0.0,0.0,0.0,0.0,0.0,1.0,0.0,1.0,0.0,0.0,1.0,0.0,0.0,1.0,0.0,0.0,0.0,1.0,0.0,0
80.0,10.0,41.57,5041.0,0.0,0.0,1.0,0.0,74.9,1.0,0.0,0.0,0.0,0.0,1.0,0.0,1.0,0.0,0.0,3.0,1.0,0.0,0.0,0.0,36.0,2659.45,0.0,1496.52,0.0,0.0,1.0,0.0,0.0,1.0,1.0,0.0,0.0,0.0,1.0,0.0,0.0,1.0,0.0,0.0,1.0,0.0,0.0,0
55.0,17.0,0.0,4256.0,0.0,1.0,1.0,0.0,54.0,0.0,0.0,0.0,0.0,1.0,1.0,0.0,0.0,0.0,0.0,3.0,0.0,1.0,1.0,1.0,44.0,2440.25,0.0,0.0,5.47,0.0,1.0,0.0,1.0,0.0,0.0,1.0,1.0,0.0,0.0,0.0,1.0,0.0,0.0,0.0,1.0,0.0,0.0,0
45.0,17.0,20.23,5797.0,0.0,0.0,1.0,0.0,100.25,1.0,0.0,0.0,1.0,0.0,1.0,0.0,1.0,0.0,0.0,1.0,0.0,1.0,1.0,1.0,1.0,100.25,0.0,20.23,0.0,0.0,1.0,1.0,0.0,0.0,1.0,0.0,0.0,0.0,1.0,0.0,0.0,0.0,0.0,1.0,0.0,1.0,0.0,1
40.0,0.0,12.05,2088.0,0.0,0.0,0.0,0.0,21.2,0.0,0.0,0.0,0.0,0.0,0.0,0.0,1.0,0.0,0.0,5.0,0.0,0.0,0.0,0.0,3.0,52.05,0.0,36.15,0.0,0.0,0.0,0.0,1.0,0.0,0.0,1.0,0.0,0.0,1.0,0.0,1.0,0.0,0.0,0.0,0.0,1.0,0.0,0
25.0,48.0,24.01,5015.0,0.0,0.0,1.0,1.0,107.7,1.0,0.0,2.0,1.0,1.0,1.0,1.0,1.0,1.0,1.0,3.0,0.0,1.0,1.0,1.0,68.0,7320.9,0.0,1632.68,0.0,1.0,1.0,1.0,0.0,0.0,0.0,1.0,0.0,0.0,1.0,1.0,0.0,0.0,0.0,0.0,1.0,0.0,0.0,0
21.0,51.0,37.83,2627.0,0.0,0.0,1.0,1.0,84.8,0.0,0.0,1.0,0.0,0.0,1.0,1.0,1.0,1.0,1.0,3.0,0.0,0.0,0.0,1.0,1.0,84.8,0.0,37.83,0.0,1.0,1.0,1.0,0.0,0.0,0.0,1.0,0.0,0.0,1.0,0.0,0.0,0.0,0.0,1.0,1.0,0.0,0.0,1
42.0,9.0,48.09,4935.0,0.0,0.0,1.0,1.0,51.45,0.0,0.0,7.0,0.0,0.0,1.0,1.0,1.0,1.0,1.0,3.0,0.0,0.0,0.0,0.0,33.0,1758.9,0.0,1586.97,0.0,0.0,1.0,0.0,1.0,0.0,1.0,0.0,0.0,1.0,0.0,0.0,1.0,0.0,0.0,0.0,0.0,1.0,0.0,0
43.0,7.0,0.0,6107.0,0.0,0.0,1.0,0.0,51.7,0.0,0.0,0.0,0.0,0.0,1.0,0.0,0.0,1.0,0.0,3.0,0.0,1.0,1.0,1.0,59.0,3005.8,0.0,0.0,0.0,0.0,1.0,1.0,0.0,0.0,0.0,1.0,0.0,1.0,0.0,0.0,1.0,0.0,0.0,0.0,1.0,0.0,0.0,0
28.0,59.0,10.11,6452.0,1.0,1.0,1.0,1.0,86.85,1.0,3.0,10.0,1.0,1.0,0.0,1.0,1.0,1.0,1.0,4.0,0.0,1.0,1.0,1.0,71.0,6263.8,0.0,717.81,0.0,1.0,1.0,0.0,0.0,1.0,0.0,1.0,0.0,1.0,0.0,1.0,0.0,0.0,0.0,0.0,1.0,0.0,0.0,0
45.0,22.0,8.48,4520.0,0.0,0.0,1.0,0.0,84.7,1.0,0.0,0.0,0.0,1.0,1.0,0.0,1.0,1.0,0.0,3.0,0.0,0.0,0.0,0.0,72.0,6185.15,0.0,610.56,0.0,0.0,1.0,0.0,0.0,1.0,1.0,0.0,0.0,0.0,1.0,1.0,0.0,0.0,0.0,0.0,1.0,0.0,0.0,0
65.0,22.0,20.99,5569.0,0.0,0.0,1.0,0.0,94.0,1.0,0.0,0.0,0.0,0.0,1.0,0.0,1.0,0.0,0.0,1.0,1.0,1.0,1.0,1.0,2.0,181.7,0.0,41.98,0.0,0.0,1.0,1.0,0.0,0.0,0.0,1.0,0.0,0.0,1.0,0.0,0.0,0.0,0.0,1.0,1.0,0.0,0.0,1
76.0,18.0,11.01,4251.0,0.0,1.0,1.0,0.0,108.1,1.0,0.0,0.0,1.0,1.0,0.0,0.0,1.0,0.0,0.0,4.0,1.0,1.0,0.0,1.0,52.0,5839.3,0.0,572.52,0.0,0.0,1.0,0.0,0.0,1.0,1.0,0.0,0.0,0.0,1.0,0.0,1.0,0.0,0.0,0.0,0.0,1.0,0.0,0
59.0,0.0,18.73,2884.0,0.0,0.0,0.0,0.0,19.95,0.0,0.0,0.0,0.0,0.0,0.0,0.0,1.0,0.0,0.0,4.0,0.0,0.0,0.0,0.0,13.0,243.65,0.0,243.49,0.0,0.0,0.0,0.0,0.0,1.0,0.0,1.0,0.0,0.0,1.0,0.0,0.0,0.0,1.0,0.0,0.0,1.0,0.0,0
43.0,0.0,16.67,2606.0,1.0,0.0,0.0,1.0,20.45,0.0,2.0,3.0,0.0,0.0,1.0,1.0,1.0,0.0,1.0,5.0,0.0,0.0,0.0,0.0,11.0,250.8,0.0,183.37,0.0,0.0,0.0,1.0,0.0,0.0,0.0,1.0,0.0,0.0,1.0,0.0,1.0,0.0,0.0,0.0,1.0,0.0,0.0,0
48.0,0.0,11.81,6440.0,1.0,0.0,0.0,1.0,19.85,0.0,3.0,9.0,0.0,0.0,1.0,1.0,1.0,0.0,1.0,4.0,0.0,0.0,0.0,0.0,58.0,1158.85,0.0,684.98,0.0,0.0,0.0,0.0,0.0,1.0,1.0,0.0,0.0,0.0,1.0,0.0,1.0,0.0,0.0,0.0,0.0,1.0,0.0,0
27.0,47.0,0.0,5040.0,1.0,1.0,1.0,1.0,40.3,0.0,1.0,7.0,0.0,1.0,0.0,1.0,0.0,1.0,1.0,3.0,0.0,0.0,0.0,0.0,47.0,1794.8,0.0,0.0,0.0,1.0,1.0,0.0,1.0,0.0,0.0,1.0,0.0,1.0,0.0,0.0,1.0,0.0,0.0,0.0,1.0,0.0,0.0,0
43.0,20.0,0.0,2578.0,0.0,1.0,1.0,1.0,52.55,0.0,0.0,2.0,0.0,1.0,1.0,1.0,0.0,1.0,1.0,3.0,0.0,0.0,0.0,1.0,10.0,525.5,0.0,0.0,0.0,0.0,1.0,0.0,0.0,1.0,1.0,0.0,1.0,0.0,0.0,0.0,1.0,0.0,0.0,0.0,1.0,0.0,0.0,0
50.0,7.0,2.03,2867.0,0.0,0.0,1.0,0.0,55.65,0.0,0.0,0.0,0.0,0.0,0.0,0.0,1.0,0.0,0.0,5.0,0.0,1.0,1.0,0.0,46.0,2688.85,0.0,93.38,0.0,0.0,1.0,0.0,1.0,0.0,1.0,0.0,1.0,0.0,0.0,0.0,1.0,0.0,0.0,0.0,0.0,1.0,0.0,0
41.0,11.0,30.94,4348.0,0.0,0.0,1.0,1.0,94.35,1.0,0.0,1.0,0.0,1.0,1.0,1.0,1.0,1.0,1.0,1.0,0.0,1.0,1.0,0.0,67.0,6341.45,0.0,2072.98,0.0,0.0,1.0,0.0,1.0,0.0,1.0,0.0,0.0,0.0,1.0,1.0,0.0,0.0,0.0,0.0,0.0,1.0,0.0,1
40.0,25.0,44.94,3634.0,0.0,0.0,1.0,0.0,73.85,0.0,0.0,0.0,0.0,0.0,1.0,0.0,1.0,1.0,0.0,2.0,0.0,0.0,0.0,0.0,11.0,926.25,0.0,494.34,0.0,0.0,1.0,1.0,0.0,0.0,0.0,1.0,0.0,0.0,1.0,0.0,1.0,0.0,0.0,0.0,1.0,0.0,0.0,1
71.0,21.0,0.0,6285.0,0.0,0.0,1.0,1.0,29.45,0.0,0.0,1.0,1.0,0.0,1.0,1.0,0.0,0.0,1.0,4.0,1.0,0.0,0.0,0.0,51.0,1459.35,0.0,0.0,0.0,0.0,1.0,1.0,0.0,0.0,0.0,1.0,0.0,1.0,0.0,0.0,1.0,0.0,0.0,0.0,0.0,1.0,0.0,0
68.0,13.0,6.81,2259.0,0.0,0.0,1.0,1.0,74.85,1.0,0.0,2.0,0.0,0.0,1.0,1.0,1.0,0.0,1.0,4.0,1.0,0.0,0.0,0.0,7.0,485.25,0.0,47.67,0.0,0.0,1.0,1.0,0.0,0.0,0.0,1.0,0.0,0.0,1.0,0.0,1.0,0.0,0.0,0.0,1.0,0.0,0.0,0
50.0,28.0,22.05,4017.0,0.0,0.0,1.0,0.0,59.85,1.0,0.0,0.0,0.0,0.0,1.0,0.0,1.0,0.0,0.0,2.0,0.0,0.0,0.0,1.0,1.0,59.85,0.0,22.05,0.0,0.0,1.0,1.0,0.0,0.0,0.0,1.0,1.0,0.0,0.0,0.0,1.0,0.0,0.0,0.0,1.0,0.0,0.0,1
35.0,0.0,22.37,2577.0,0.0,0.0,0.0,0.0,19.15,0.0,0.0,0.0,0.0,0.0,0.0,0.0,1.0,0.0,0.0,5.0,0.0,0.0,0.0,0.0,1.0,19.15,0.0,22.37,0.0,0.0,0.0,1.0,0.0,0.0,1.0,0.0,0.0,0.0,1.0,0.0,1.0,0.0,0.0,0.0,0.0,1.0,0.0,0
79.0,23.0,5.09,2407.0,0.0,0.0,1.0,0.0,74.4,1.0,0.0,0.0,0.0,0.0,1.0,0.0,1.0,0.0,0.0,1.0,1.0,0.0,0.0,0.0,22.0,1692.6,0.0,111.98,0.0,0.0,0.0,1.0,0.0,0.0,1.0,0.0,0.0,0.0,1.0,0.0,1.0,0.0,0.0,0.0,1.0,0.0,0.0,1
72.0,23.0,11.86,4143.0,1.0,0.0,1.0,0.0,54.55,0.0,1.0,0.0,1.0,0.0,1.0,0.0,1.0,1.0,0.0,4.0,1.0,0.0,0.0,0.0,11.0,601.25,0.0,130.46,0.0,0.0,1.0,0.0,0.0,1.0,0.0,1.0,1.0,0.0,0.0,0.0,1.0,0.0,0.0,0.0,1.0,0.0,0.0,0
26.0,73.0,38.99,5656.0,1.0,1.0,1.0,1.0,71.45,1.0,1.0,8.0,0.0,1.0,1.0,1.0,1.0,0.0,1.0,3.0,0.0,0.0,1.0,1.0,72.0,5025.85,0.0,2807.28,0.0,1.0,1.0,0.0,0.0,1.0,1.0,0.0,1.0,0.0,0.0,1.0,0.0,0.0,0.0,0.0,1.0,0.0,0.0,0
64.0,0.0,39.3,4382.0,1.0,0.0,0.0,1.0,25.2,1.0,3.0,1.0,0.0,0.0,0.0,1.0,1.0,0.0,1.0,3.0,0.0,0.0,0.0,0.0,72.0,1787.35,0.0,2829.6,0.0,0.0,0.0,0.0,0.0,1.0,1.0,0.0,0.0,0.0,1.0,1.0,0.0,0.0,0.0,0.0,1.0,0.0,0.0,0
64.0,24.0,8.56,3424.0,0.0,0.0,1.0,0.0,90.85,1.0,0.0,0.0,1.0,0.0,1.0,0.0,1.0,0.0,0.0,3.0,0.0,1.0,1.0,0.0,1.0,90.85,0.0,8.56,0.0,0.0,1.0,1.0,0.0,0.0,0.0,1.0,0.0,0.0,1.0,0.0,0.0,0.0,0.0,1.0,0.0,1.0,0.0,1
74.0,24.0,28.54,3568.0,0.0,1.0,1.0,0.0,103.75,1.0,0.0,0.0,0.0,0.0,1.0,0.0,1.0,1.0,0.0,3.0,1.0,1.0,0.0,1.0,40.0,4188.4,0.0,1141.6,0.0,0.0,1.0,0.0,1.0,0.0,1.0,0.0,0.0,0.0,1.0,0.0,1.0,0.0,0.0,0.0,0.0,1.0,0.0,0
56.0,0.0,3.6,3428.0,0.0,0.0,0.0,1.0,26.8,1.0,0.0,10.0,0.0,0.0,1.0,1.0,1.0,0.0,1.0,5.0,0.0,0.0,0.0,0.0,25.0,733.55,0.0,90.0,0.0,0.0,0.0,0.0,1.0,0.0,1.0,0.0,0.0,0.0,1.0,0.0,1.0,0.0,0.0,0.0,0.0,1.0,0.0,0
22.0,0.0,22.36,5921.0,1.0,0.0,0.0,1.0,19.7,0.0,2.0,5.0,0.0,0.0,0.0,1.0,1.0,0.0,1.0,3.0,0.0,0.0,0.0,0.0,71.0,1415.85,0.0,1587.56,0.0,1.0,0.0,0.0,0.0,1.0,1.0,0.0,0.0,0.0,1.0,0.0,1.0,0.0,0.0,0.0,0.0,1.0,0.0,0
52.0,3.0,16.67,3123.0,0.0,1.0,1.0,1.0,102.8,0.0,0.0,1.0,1.0,0.0,1.0,1.0,1.0,1.0,1.0,1.0,0.0,1.0,1.0,1.0,21.0,2110.15,0.0,350.07,0.0,0.0,1.0,1.0,0.0,0.0,1.0,0.0,0.0,0.0,1.0,0.0,1.0,0.0,0.0,0.0,1.0,0.0,0.0,1
65.0,23.0,0.0,5546.0,0.0,0.0,1.0,1.0,50.25,0.0,0.0,4.0,1.0,0.0,1.0,1.0,0.0,0.0,1.0,4.0,1.0,1.0,1.0,1.0,59.0,2997.45,0.0,0.0,0.0,0.0,1.0,1.0,0.0,0.0,0.0,1.0,1.0,0.0,0.0,0.0,1.0,0.0,0.0,0.0,1.0,0.0,0.0,0
41.0,28.0,1.7,2053.0,0.0,0.0,1.0,0.0,68.85,0.0,0.0,0.0,0.0,0.0,0.0,0.0,1.0,0.0,0.0,3.0,0.0,0.0,0.0,0.0,44.0,2958.95,0.0,74.8,0.0,0.0,1.0,1.0,0.0,0.0,0.0,1.0,0.0,0.0,1.0,0.0,1.0,0.0,0.0,0.0,0.0,1.0,0.0,0
38.0,4.0,11.3,5640.0,0.0,0.0,1.0,1.0,79.95,0.0,0.0,1.0,0.0,0.0,1.0,1.0,1.0,0.0,1.0,1.0,0.0,0.0,0.0,1.0,10.0,857.2,0.0,113.0,0.0,0.0,1.0,1.0,0.0,0.0,0.0,1.0,0.0,0.0,1.0,0.0,1.0,0.0,0.0,0.0,1.0,0.0,0.0,1
70.0,28.0,44.38,5418.0,1.0,0.0,1.0,1.0,110.6,1.0,2.0,1.0,1.0,1.0,1.0,1.0,1.0,1.0,1.0,4.0,1.0,1.0,0.0,1.0,66.0,7210.85,0.0,2929.08,0.0,0.0,1.0,0.0,1.0,0.0,1.0,0.0,0.0,0.0,1.0,0.0,1.0,0.0,0.0,0.0,0.0,1.0,0.0,0
75.0,24.0,0.0,3162.0,0.0,1.0,1.0,0.0,39.7,0.0,0.0,0.0,0.0,1.0,0.0,0.0,0.0,1.0,0.0,4.0,1.0,0.0,0.0,0.0,14.0,692.35,0.0,0.0,0.0,0.0,1.0,0.0,0.0,1.0,1.0,0.0,0.0,1.0,0.0,0.0,0.0,0.0,1.0,0.0,0.0,1.0,0.0,0
20.0,82.0,41.22,4800.0,0.0,1.0,1.0,1.0,75.3,1.0,0.0,1.0,0.0,0.0,1.0,1.0,1.0,0.0,1.0,3.0,0.0,1.0,1.0,1.0,13.0,989.45,0.0,535.86,0.0,1.0,1.0,0.0,1.0,0.0,0.0,1.0,1.0,0.0,0.0,0.0,0.0,0.0,1.0,0.0,0.0,1.0,0.0,1
26.0,41.0,19.68,2363.0,0.0,0.0,1.0,0.0,103.35,1.0,0.0,0.0,0.0,1.0,1.0,0.0,1.0,1.0,0.0,1.0,0.0,1.0,1.0,1.0,8.0,847.3,0.0,157.44,0.0,1.0,1.0,1.0,0.0,0.0,1.0,0.0,0.0,0.0,1.0,0.0,0.0,0.0,0.0,1.0,1.0,0.0,0.0,1
45.0,21.0,0.0,2973.0,0.0,0.0,1.0,0.0,40.75,0.0,0.0,0.0,1.0,0.0,0.0,0.0,0.0,0.0,0.0,4.0,0.0,1.0,1.0,0.0,9.0,359.4,20.0,0.0,0.0,0.0,0.0,1.0,0.0,0.0,1.0,0.0,0.0,1.0,0.0,0.0,0.0,0.0,0.0,1.0,1.0,0.0,0.0,0
76.0,19.0,34.39,3104.0,0.0,0.0,1.0,0.0,104.65,1.0,0.0,0.0,1.0,0.0,1.0,0.0,1.0,1.0,0.0,4.0,1.0,1.0,0.0,1.0,27.0,2964.0,0.0,928.53,0.0,0.0,1.0,0.0,1.0,0.0,0.0,1.0,0.0,0.0,1.0,0.0,0.0,1.0,0.0,0.0,1.0,0.0,0.0,0
45.0,0.0,23.95,2902.0,1.0,0.0,0.0,1.0,19.7,0.0,1.0,1.0,0.0,0.0,0.0,1.0,1.0,0.0,1.0,3.0,0.0,0.0,0.0,0.0,41.0,804.25,0.0,981.95,0.0,0.0,0.0,0.0,0.0,1.0,1.0,0.0,0.0,0.0,1.0,0.0,1.0,0.0,0.0,0.0,1.0,0.0,0.0,0
79.0,2.0,32.62,2901.0,0.0,0.0,1.0,1.0,69.3,0.0,0.0,1.0,0.0,0.0,1.0,1.0,1.0,0.0,1.0,4.0,1.0,0.0,0.0,0.0,2.0,153.8,0.0,65.24,0.0,0.0,1.0,0.0,0.0,1.0,1.0,0.0,0.0,0.0,1.0,0.0,0.0,0.0,0.0,1.0,1.0,0.0,0.0,0
74.0,24.0,11.31,4777.0,0.0,0.0,1.0,0.0,90.45,0.0,0.0,0.0,0.0,0.0,0.0,0.0,1.0,0.0,0.0,3.0,1.0,1.0,0.0,1.0,14.0,1266.1,0.0,158.34,0.0,0.0,1.0,1.0,0.0,0.0,0.0,1.0,0.0,0.0,1.0,0.0,1.0,0.0,0.0,0.0,0.0,1.0,0.0,1
65.0,2.0,46.46,4914.0,0.0,0.0,1.0,1.0,94.55,0.0,0.0,8.0,1.0,0.0,1.0,1.0,1.0,0.0,1.0,3.0,1.0,1.0,1.0,1.0,41.0,3851.45,40.0,1904.86,0.0,0.0,0.0,1.0,0.0,0.0,0.0,1.0,0.0,0.0,1.0,0.0,1.0,0.0,0.0,0.0,1.0,0.0,0.0,0
43.0,8.0,38.89,3131.0,0.0,1.0,1.0,0.0,104.1,1.0,0.0,0.0,1.0,0.0,0.0,0.0,1.0,0.0,0.0,3.0,0.0,1.0,1.0,1.0,5.0,541.9,0.0,194.45,0.0,0.0,1.0,1.0,0.0,0.0,0.0,1.0,0.0,0.0,1.0,0.0,0.0,0.0,0.0,1.0,0.0,0.0,1.0,1
21.0,26.0,16.66,4252.0,0.0,1.0,1.0,1.0,97.65,1.0,0.0,9.0,0.0,0.0,1.0,1.0,1.0,0.0,1.0,4.0,0.0,1.0,1.0,1.0,70.0,6982.5,80.0,1166.2,0.0,1.0,0.0,0.0,1.0,0.0,1.0,0.0,0.0,0.0,1.0,1.0,0.0,0.0,0.0,0.0,1.0,0.0,0.0,0
57.0,20.0,44.81,3463.0,0.0,1.0,1.0,0.0,60.55,0.0,0.0,0.0,1.0,1.0,0.0,0.0,1.0,0.0,0.0,4.0,0.0,0.0,0.0,0.0,35.0,1982.6,0.0,1568.35,0.0,0.0,1.0,1.0,0.0,0.0,1.0,0.0,0.0,1.0,0.0,0.0,1.0,0.0,0.0,0.0,1.0,0.0,0.0,0
53.0,27.0,11.4,4803.0,1.0,0.0,1.0,1.0,94.1,1.0,3.0,1.0,1.0,0.0,0.0,1.0,1.0,1.0,1.0,4.0,0.0,0.0,0.0,1.0,67.0,6302.8,0.0,763.8,0.0,0.0,1.0,0.0,0.0,1.0,1.0,0.0,0.0,0.0,1.0,1.0,0.0,0.0,0.0,0.0,0.0,1.0,0.0,0
65.0,20.0,36.58,3645.0,0.0,0.0,1.0,0.0,85.5,0.0,0.0,0.0,0.0,1.0,0.0,0.0,1.0,0.0,0.0,3.0,1.0,1.0,1.0,0.0,47.0,4042.3,50.0,1719.26,0.0,0.0,0.0,1.0,0.0,0.0,0.0,1.0,0.0,0.0,1.0,0.0,1.0,0.0,0.0,0.0,0.0,1.0,0.0,1
54.0,16.0,3.76,3969.0,0.0,0.0,1.0,0.0,74.95,0.0,0.0,0.0,1.0,0.0,0.0,0.0,1.0,0.0,0.0,4.0,0.0,0.0,0.0,0.0,2.0,151.75,0.0,7.52,0.0,0.0,1.0,1.0,0.0,0.0,0.0,1.0,0.0,0.0,1.0,0.0,1.0,0.0,0.0,0.0,1.0,0.0,0.0,0
45.0,0.0,41.56,4194.0,1.0,0.0,0.0,1.0,19.4,0.0,2.0,1.0,0.0,0.0,0.0,1.0,1.0,0.0,1.0,5.0,0.0,0.0,0.0,0.0,57.0,1061.6,0.0,2368.92,0.0,0.0,0.0,0.0,1.0,0.0,0.0,1.0,0.0,0.0,1.0,0.0,1.0,0.0,0.0,0.0,0.0,1.0,0.0,0
42.0,27.0,0.0,5623.0,0.0,1.0,1.0,1.0,57.6,0.0,0.0,6.0,1.0,1.0,0.0,1.0,0.0,0.0,1.0,4.0,0.0,1.0,1.0,1.0,24.0,1367.75,0.0,0.0,0.0,0.0,1.0,0.0,1.0,0.0,1.0,0.0,0.0,1.0,0.0,0.0,1.0,0.0,0.0,0.0,1.0,0.0,0.0,0
43.0,0.0,39.08,6305.0,0.0,0.0,0.0,0.0,25.55,1.0,0.0,0.0,0.0,0.0,0.0,0.0,1.0,0.0,0.0,5.0,0.0,0.0,0.0,0.0,71.0,1898.1,0.0,2774.68,0.0,0.0,0.0,0.0,0.0,1.0,0.0,1.0,0.0,0.0,1.0,0.0,1.0,0.0,0.0,0.0,1.0,0.0,0.0,0
65.0,25.0,11.41,5428.0,0.0,1.0,1.0,1.0,97.95,1.0,0.0,5.0,1.0,0.0,1.0,1.0,1.0,0.0,1.0,5.0,1.0,0.0,0.0,1.0,62.0,5936.55,0.0,707.42,0.0,0.0,1.0,0.0,1.0,0.0,1.0,0.0,0.0,0.0,1.0,0.0,1.0,0.0,0.0,0.0,0.0,1.0,0.0,0
33.0,28.0,0.0,2876.0,0.0,0.0,1.0,0.0,29.15,0.0,0.0,0.0,1.0,0.0,0.0,0.0,0.0,0.0,0.0,4.0,0.0,0.0,0.0,0.0,13.0,357.15,0.0,0.0,0.0,0.0,1.0,1.0,0.0,0.0,1.0,0.0,0.0,1.0,0.0,0.0,1.0,0.0,0.0,0.0,1.0,0.0,0.0,0
51.0,28.0,21.69,2941.0,1.0,1.0,1.0,0.0,106.35,1.0,1.0,0.0,1.0,0.0,1.0,0.0,1.0,0.0,0.0,2.0,0.0,1.0,1.0,1.0,34.0,3549.25,0.0,737.46,0.0,0.0,1.0,1.0,0.0,0.0,0.0,1.0,0.0,0.0,1.0,0.0,0.0,1.0,0.0,0.0,1.0,0.0,0.0,1
47.0,18.0,0.0,5840.0,0.0,1.0,1.0,1.0,39.15,0.0,0.0,1.0,0.0,1.0,1.0,1.0,0.0,1.0,1.0,3.0,0.0,0.0,0.0,0.0,70.0,2692.75,0.0,0.0,0.0,0.0,1.0,0.0,0.0,1.0,0.0,1.0,0.0,1.0,0.0,0.0,1.0,0.0,0.0,0.0,0.0,1.0,0.0,0
47.0,2.0,0.0,3351.0,0.0,0.0,1.0,0.0,35.75,0.0,0.0,0.0,0.0,0.0,1.0,0.0,0.0,0.0,0.0,3.0,0.0,0.0,0.0,1.0,1.0,35.75,0.0,0.0,0.0,0.0,1.0,1.0,0.0,0.0,1.0,0.0,1.0,0.0,0.0,0.0,0.0,0.0,0.0,1.0,1.0,0.0,0.0,1
80.0,24.0,29.12,6080.0,0.0,0.0,1.0,0.0,70.2,0.0,0.0,0.0,1.0,1.0,1.0,0.0,1.0,1.0,0.0,1.0,1.0,0.0,0.0,1.0,64.0,4481.0,0.0,1863.68,0.0,0.0,1.0,0.0,0.0,1.0,1.0,0.0,0.0,1.0,0.0,0.0,1.0,0.0,0.0,0.0,0.0,1.0,0.0,1
20.0,51.0,27.09,6204.0,1.0,1.0,1.0,0.0,90.95,1.0,1.0,0.0,0.0,1.0,1.0,0.0,1.0,1.0,0.0,3.0,0.0,0.0,0.0,0.0,66.0,5930.05,0.0,1787.94,0.0,1.0,1.0,0.0,0.0,1.0,1.0,0.0,0.0,0.0,1.0,1.0,0.0,0.0,0.0,0.0,0.0,1.0,0.0,0
48.0,13.0,9.95,3260.0,0.0,0.0,1.0,0.0,96.6,1.0,0.0,0.0,0.0,0.0,1.0,0.0,1.0,0.0,0.0,1.0,0.0,1.0,1.0,1.0,3.0,291.9,0.0,29.85,0.0,0.0,1.0,1.0,0.0,0.0,1.0,0.0,0.0,0.0,1.0,0.0,0.0,0.0,0.0,1.0,1.0,0.0,0.0,1
56.0,19.0,39.07,5266.0,1.0,0.0,1.0,1.0,61.4,1.0,2.0,10.0,0.0,1.0,0.0,1.0,1.0,1.0,1.0,3.0,0.0,0.0,0.0,0.0,69.0,4059.85,0.0,2695.83,0.0,0.0,1.0,0.0,0.0,1.0,1.0,0.0,0.0,1.0,0.0,0.0,1.0,0.0,0.0,0.0,0.0,1.0,0.0,0
40.0,29.0,0.0,5224.0,0.0,1.0,1.0,1.0,58.25,0.0,0.0,2.0,1.0,0.0,0.0,1.0,0.0,1.0,1.0,5.0,0.0,1.0,1.0,1.0,71.0,4145.9,0.0,0.0,0.0,0.0,1.0,0.0,0.0,1.0,1.0,0.0,1.0,0.0,0.0,1.0,0.0,0.0,0.0,0.0,1.0,0.0,0.0,0
28.0,30.0,17.32,6424.0,0.0,1.0,1.0,0.0,113.65,1.0,0.0,0.0,1.0,1.0,1.0,0.0,1.0,1.0,0.0,4.0,0.0,1.0,1.0,1.0,70.0,7939.25,0.0,1212.4,0.0,1.0,1.0,0.0,0.0,1.0,1.0,0.0,0.0,0.0,1.0,1.0,0.0,0.0,0.0,0.0,1.0,0.0,0.0,0
74.0,17.0,48.85,5302.0,1.0,0.0,1.0,1.0,80.65,1.0,1.0,1.0,1.0,0.0,1.0,1.0,1.0,0.0,1.0,3.0,1.0,0.0,0.0,0.0,8.0,633.3,0.0,390.8,0.0,0.0,1.0,1.0,0.0,0.0,1.0,0.0,0.0,0.0,1.0,0.0,0.0,0.0,0.0,1.0,0.0,1.0,0.0,1
46.0,56.0,12.56,5964.0,1.0,0.0,1.0,0.0,55.6,0.0,3.0,0.0,1.0,1.0,0.0,0.0,1.0,0.0,0.0,3.0,0.0,0.0,0.0,0.0,35.0,2016.45,0.0,439.6,0.0,0.0,1.0,0.0,1.0,0.0,1.0,0.0,0.0,1.0,0.0,0.0,1.0,0.0,0.0,0.0,0.0,1.0,0.0,0
42.0,0.0,47.6,5897.0,1.0,0.0,0.0,1.0,24.25,1.0,3.0,8.0,0.0,0.0,0.0,1.0,1.0,0.0,1.0,4.0,0.0,0.0,0.0,0.0,72.0,1784.5,0.0,3427.2,49.76,0.0,0.0,0.0,0.0,1.0,1.0,0.0,0.0,0.0,1.0,0.0,1.0,0.0,0.0,0.0,0.0,1.0,0.0,0
22.0,69.0,12.05,5267.0,0.0,0.0,1.0,0.0,94.25,0.0,0.0,0.0,1.0,0.0,1.0,0.0,1.0,0.0,0.0,3.0,0.0,1.0,1.0,1.0,7.0,669.0,0.0,84.35,0.0,1.0,1.0,1.0,0.0,0.0,0.0,1.0,0.0,0.0,1.0,0.0,0.0,0.0,0.0,1.0,1.0,0.0,0.0,1
67.0,10.0,4.4,5692.0,0.0,1.0,1.0,0.0,109.05,1.0,0.0,0.0,0.0,1.0,1.0,0.0,1.0,1.0,0.0,3.0,1.0,1.0,1.0,1.0,65.0,7108.2,0.0,286.0,34.67,0.0,1.0,0.0,0.0,1.0,0.0,1.0,0.0,0.0,1.0,0.0,1.0,0.0,0.0,0.0,1.0,0.0,0.0,0
74.0,27.0,8.66,4330.0,0.0,0.0,1.0,0.0,54.8,1.0,0.0,0.0,1.0,0.0,0.0,0.0,1.0,0.0,0.0,5.0,1.0,0.0,0.0,0.0,24.0,1291.3,110.0,207.84,0.0,0.0,0.0,0.0,0.0,1.0,0.0,1.0,1.0,0.0,0.0,0.0,1.0,0.0,0.0,0.0,0.0,1.0,0.0,0
33.0,0.0,43.37,4015.0,0.0,0.0,0.0,1.0,24.65,1.0,0.0,5.0,0.0,0.0,1.0,1.0,1.0,0.0,1.0,4.0,0.0,0.0,0.0,0.0,71.0,1710.15,0.0,3079.27,0.0,0.0,0.0,0.0,0.0,1.0,1.0,0.0,0.0,0.0,1.0,0.0,1.0,0.0,0.0,0.0,1.0,0.0,0.0,0
35.0,13.0,26.43,4810.0,0.0,1.0,1.0,0.0,95.25,1.0,0.0,0.0,1.0,0.0,1.0,0.0,1.0,0.0,0.0,3.0,0.0,1.0,1.0,0.0,10.0,1021.55,0.0,264.3,0.0,0.0,1.0,1.0,0.0,0.0,0.0,1.0,0.0,0.0,1.0,0.0,1.0,0.0,0.0,0.0,1.0,0.0,0.0,0
70.0,27.0,22.0,4951.0,0.0,1.0,1.0,1.0,99.2,0.0,0.0,6.0,1.0,0.0,1.0,1.0,1.0,0.0,1.0,4.0,1.0,1.0,1.0,1.0,71.0,7213.75,0.0,1562.0,0.0,0.0,1.0,0.0,0.0,1.0,1.0,0.0,0.0,0.0,1.0,0.0,1.0,0.0,0.0,0.0,1.0,0.0,0.0,0
52.0,18.0,0.0,4036.0,0.0,1.0,1.0,1.0,64.8,0.0,0.0,9.0,1.0,1.0,1.0,1.0,0.0,1.0,1.0,3.0,0.0,1.0,1.0,1.0,72.0,4719.75,0.0,0.0,0.0,0.0,1.0,0.0,0.0,1.0,0.0,1.0,0.0,1.0,0.0,0.0,1.0,0.0,0.0,0.0,0.0,1.0,0.0,0
44.0,23.0,0.0,6018.0,1.0,0.0,1.0,1.0,39.45,0.0,3.0,10.0,0.0,1.0,1.0,1.0,0.0,0.0,1.0,3.0,0.0,0.0,0.0,1.0,50.0,2021.35,0.0,0.0,0.0,0.0,1.0,1.0,0.0,0.0,0.0,1.0,0.0,1.0,0.0,0.0,1.0,0.0,0.0,0.0,0.0,1.0,0.0,0
27.0,71.0,24.4,3326.0,0.0,0.0,1.0,0.0,85.2,1.0,0.0,0.0,0.0,0.0,1.0,0.0,1.0,0.0,0.0,3.0,0.0,0.0,1.0,1.0,18.0,1553.9,0.0,439.2,0.0,1.0,1.0,1.0,0.0,0.0,1.0,0.0,0.0,0.0,1.0,0.0,1.0,0.0,0.0,0.0,1.0,0.0,0.0,1
35.0,23.0,40.71,5313.0,0.0,1.0,1.0,1.0,105.05,1.0,0.0,3.0,0.0,1.0,1.0,1.0,1.0,0.0,1.0,3.0,0.0,1.0,1.0,1.0,65.0,6914.95,60.0,2646.15,0.0,0.0,0.0,1.0,0.0,0.0,1.0,0.0,0.0,0.0,1.0,0.0,1.0,0.0,0.0,0.0,1.0,0.0,0.0,0
44.0,11.0,30.09,4471.0,0.0,1.0,1.0,1.0,106.1,0.0,0.0,1.0,1.0,1.0,1.0,1.0,1.0,0.0,1.0,3.0,0.0,1.0,1.0,1.0,53.0,5769.75,0.0,1594.77,0.0,0.0,1.0,0.0,1.0,0.0,1.0,0.0,0.0,0.0,1.0,0.0,1.0,0.0,0.0,0.0,1.0,0.0,0.0,1
38.0,28.0,5.25,5046.0,0.0,1.0,1.0,1.0,84.4,1.0,0.0,1.0,0.0,1.0,1.0,1.0,1.0,1.0,1.0,3.0,0.0,1.0,1.0,1.0,72.0,6096.45,0.0,378.0,0.0,0.0,1.0,0.0,0.0,1.0,1.0,0.0,0.0,1.0,0.0,1.0,0.0,0.0,0.0,0.0,0.0,1.0,0.0,0
52.0,17.0,25.25,5491.0,1.0,0.0,1.0,0.0,55.3,0.0,2.0,0.0,1.0,1.0,1.0,0.0,1.0,0.0,0.0,3.0,0.0,0.0,0.0,0.0,47.0,2654.05,0.0,1186.75,0.0,0.0,1.0,1.0,0.0,0.0,0.0,1.0,1.0,0.0,0.0,0.0,1.0,0.0,0.0,0.0,1.0,0.0,0.0,0
42.0,0.0,1.75,3656.0,0.0,0.0,0.0,1.0,19.2,0.0,0.0,10.0,0.0,0.0,0.0,1.0,1.0,0.0,1.0,3.0,0.0,0.0,0.0,0.0,26.0,459.6,0.0,45.5,0.0,0.0,0.0,0.0,1.0,0.0,1.0,0.0,0.0,0.0,1.0,0.0,0.0,1.0,0.0,0.0,0.0,1.0,0.0,0
25.0,0.0,34.68,5596.0,0.0,0.0,0.0,0.0,19.65,0.0,0.0,0.0,0.0,0.0,0.0,0.0,1.0,0.0,0.0,5.0,0.0,0.0,0.0,0.0,19.0,358.15,0.0,658.92,0.0,1.0,0.0,0.0,0.0,1.0,0.0,1.0,0.0,0.0,1.0,0.0,0.0,0.0,1.0,0.0,0.0,1.0,0.0,0
44.0,16.0,44.94,5622.0,0.0,0.0,1.0,0.0,81.95,0.0,0.0,0.0,0.0,0.0,1.0,0.0,1.0,0.0,0.0,1.0,0.0,1.0,1.0,0.0,1.0,81.95,0.0,44.94,0.0,0.0,1.0,1.0,0.0,0.0,1.0,0.0,0.0,0.0,1.0,0.0,0.0,0.0,0.0,1.0,1.0,0.0,0.0,1
39.0,28.0,19.66,4898.0,0.0,0.0,1.0,0.0,75.35,1.0,0.0,0.0,0.0,0.0,1.0,0.0,1.0,0.0,0.0,5.0,0.0,0.0,0.0,0.0,43.0,3161.4,0.0,845.38,0.0,0.0,1.0,1.0,0.0,0.0,0.0,1.0,0.0,0.0,1.0,0.0,1.0,0.0,0.0,0.0,0.0,1.0,0.0,0
63.0,2.0,35.04,4591.0,0.0,0.0,1.0,0.0,69.5,0.0,0.0,0.0,0.0,0.0,1.0,0.0,1.0,0.0,0.0,3.0,0.0,0.0,0.0,0.0,38.0,2625.25,0.0,1331.52,20.19,0.0,1.0,1.0,0.0,0.0,0.0,1.0,0.0,0.0,1.0,0.0,1.0,0.0,0.0,0.0,0.0,1.0,0.0,0
30.0,0.0,34.26,2604.0,0.0,0.0,0.0,0.0,21.05,0.0,0.0,0.0,0.0,0.0,0.0,0.0,1.0,0.0,0.0,3.0,0.0,0.0,0.0,0.0,5.0,113.85,0.0,171.3,0.0,0.0,0.0,1.0,0.0,0.0,0.0,1.0,0.0,0.0,1.0,0.0,0.0,0.0,0.0,1.0,0.0,1.0,0.0,1
35.0,16.0,4.28,5382.0,1.0,0.0,1.0,0.0,103.8,1.0,1.0,0.0,1.0,1.0,1.0,0.0,1.0,0.0,0.0,4.0,0.0,1.0,1.0,1.0,34.0,3470.8,0.0,145.52,0.0,0.0,1.0,0.0,1.0,0.0,0.0,1.0,0.0,0.0,1.0,0.0,0.0,1.0,0.0,0.0,1.0,0.0,0.0,0
56.0,0.0,44.05,2870.0,0.0,0.0,0.0,0.0,19.3,0.0,0.0,0.0,0.0,0.0,1.0,0.0,1.0,0.0,0.0,3.0,0.0,0.0,0.0,0.0,16.0,360.35,0.0,704.8,0.0,0.0,0.0,0.0,1.0,0.0,1.0,0.0,0.0,0.0,1.0,0.0,0.0,0.0,1.0,0.0,1.0,0.0,0.0,0
60.0,21.0,27.49,2159.0,1.0,0.0,1.0,1.0,69.5,1.0,1.0,6.0,1.0,0.0,1.0,1.0,1.0,1.0,1.0,4.0,0.0,0.0,0.0,1.0,23.0,1652.1,0.0,632.27,16.89,0.0,1.0,1.0,0.0,0.0,1.0,0.0,1.0,0.0,0.0,0.0,1.0,0.0,0.0,0.0,0.0,1.0,0.0,0
46.0,27.0,25.54,5239.0,0.0,1.0,1.0,0.0,96.0,0.0,0.0,0.0,0.0,0.0,1.0,0.0,1.0,0.0,0.0,1.0,0.0,1.0,1.0,1.0,12.0,1062.1,0.0,306.48,0.0,0.0,1.0,1.0,0.0,0.0,1.0,0.0,0.0,0.0,1.0,0.0,1.0,0.0,0.0,0.0,1.0,0.0,0.0,1
25.0,52.0,0.0,5153.0,0.0,1.0,1.0,0.0,54.15,0.0,0.0,0.0,1.0,0.0,1.0,0.0,0.0,0.0,0.0,1.0,0.0,1.0,1.0,1.0,24.0,1240.25,0.0,0.0,0.0,1.0,1.0,1.0,0.0,0.0,1.0,0.0,0.0,1.0,0.0,0.0,0.0,1.0,0.0,0.0,0.0,1.0,0.0,1
51.0,56.0,39.55,5613.0,1.0,0.0,1.0,0.0,64.5,0.0,3.0,0.0,0.0,1.0,1.0,0.0,1.0,1.0,0.0,3.0,0.0,1.0,1.0,0.0,3.0,177.4,60.0,118.65,0.0,0.0,0.0,1.0,0.0,0.0,1.0,0.0,0.0,1.0,0.0,0.0,0.0,0.0,0.0,1.0,1.0,0.0,0.0,0
59.0,23.0,49.33,5544.0,0.0,0.0,1.0,1.0,80.4,0.0,0.0,8.0,0.0,0.0,0.0,1.0,1.0,0.0,1.0,3.0,0.0,1.0,1.0,0.0,36.0,2937.65,0.0,1775.88,0.0,0.0,1.0,1.0,0.0,0.0,1.0,0.0,0.0,0.0,1.0,0.0,1.0,0.0,0.0,0.0,1.0,0.0,0.0,0
32.0,7.0,5.67,4512.0,0.0,0.0,1.0,0.0,70.3,0.0,0.0,0.0,0.0,0.0,1.0,0.0,1.0,0.0,0.0,2.0,0.0,0.0,0.0,0.0,1.0,70.3,0.0,5.67,0.0,0.0,1.0,1.0,0.0,0.0,0.0,1.0,0.0,0.0,1.0,0.0,0.0,0.0,0.0,1.0,1.0,0.0,0.0,1
77.0,18.0,9.13,4599.0,0.0,0.0,1.0,1.0,99.1,0.0,0.0,6.0,1.0,1.0,0.0,1.0,1.0,0.0,1.0,3.0,1.0,1.0,0.0,1.0,39.0,3877.95,0.0,356.07,0.0,0.0,1.0,0.0,1.0,0.0,1.0,0.0,0.0,0.0,1.0,0.0,1.0,0.0,0.0,0.0,0.0,0.0,1.0,0
44.0,24.0,45.7,5011.0,0.0,1.0,1.0,1.0,105.55,1.0,0.0,1.0,1.0,0.0,1.0,1.0,1.0,0.0,1.0,1.0,0.0,1.0,1.0,1.0,61.0,6281.45,0.0,2787.7,0.0,0.0,1.0,1.0,0.0,0.0,0.0,1.0,0.0,0.0,1.0,0.0,1.0,0.0,0.0,0.0,1.0,0.0,0.0,1
52.0,17.0,45.2,2793.0,0.0,1.0,1.0,0.0,54.35,0.0,0.0,0.0,0.0,0.0,0.0,0.0,1.0,1.0,0.0,3.0,0.0,0.0,0.0,0.0,46.0,2460.15,0.0,2079.2,0.0,0.0,1.0,0.0,0.0,1.0,1.0,0.0,0.0,1.0,0.0,0.0,1.0,0.0,0.0,0.0,0.0,1.0,0.0,1
56.0,28.0,9.1,4785.0,1.0,0.0,1.0,1.0,48.8,1.0,2.0,1.0,0.0,0.0,0.0,1.0,1.0,0.0,1.0,4.0,0.0,0.0,0.0,0.0,7.0,349.8,0.0,63.7,0.0,0.0,1.0,1.0,0.0,0.0,1.0,0.0,0.0,1.0,0.0,0.0,0.0,0.0,0.0,1.0,1.0,0.0,0.0,0
59.0,26.0,30.07,2591.0,0.0,0.0,1.0,0.0,74.95,1.0,0.0,0.0,0.0,0.0,1.0,0.0,1.0,0.0,0.0,1.0,0.0,0.0,0.0,0.0,1.0,74.95,0.0,30.07,0.0,0.0,1.0,1.0,0.0,0.0,0.0,1.0,0.0,0.0,1.0,0.0,0.0,0.0,0.0,1.0,1.0,0.0,0.0,1
36.0,17.0,26.67,5414.0,1.0,1.0,1.0,0.0,114.6,1.0,2.0,0.0,1.0,1.0,1.0,0.0,1.0,1.0,0.0,4.0,0.0,1.0,1.0,1.0,70.0,7882.5,0.0,1866.9,0.0,0.0,1.0,0.0,0.0,1.0,0.0,1.0,0.0,0.0,1.0,1.0,0.0,0.0,0.0,0.0,1.0,0.0,0.0,0
24.0,0.0,15.66,2675.0,1.0,0.0,0.0,0.0,20.05,0.0,2.0,0.0,0.0,0.0,0.0,0.0,1.0,0.0,0.0,4.0,0.0,0.0,0.0,0.0,8.0,163.6,0.0,125.28,0.0,1.0,0.0,1.0,0.0,0.0,1.0,0.0,0.0,0.0,1.0,0.0,0.0,0.0,0.0,1.0,0.0,1.0,0.0,0
43.0,3.0,38.3,4256.0,0.0,1.0,1.0,1.0,97.95,1.0,0.0,1.0,1.0,1.0,1.0,1.0,1.0,0.0,1.0,4.0,0.0,0.0,0.0,1.0,72.0,7114.25,0.0,2757.6,0.0,0.0,1.0,0.0,0.0,1.0,0.0,1.0,0.0,0.0,1.0,1.0,0.0,0.0,0.0,0.0,0.0,1.0,0.0,0
68.0,2.0,45.43,4277.0,0.0,0.0,1.0,0.0,72.1,1.0,0.0,0.0,1.0,0.0,0.0,0.0,1.0,1.0,0.0,5.0,1.0,0.0,0.0,1.0,54.0,3886.05,0.0,2453.22,0.0,0.0,1.0,0.0,1.0,0.0,1.0,0.0,1.0,0.0,0.0,0.0,1.0,0.0,0.0,0.0,0.0,1.0,0.0,0
19.0,0.0,29.15,3353.0,1.0,0.0,0.0,0.0,20.45,0.0,1.0,0.0,0.0,0.0,0.0,0.0,1.0,0.0,0.0,3.0,0.0,0.0,0.0,0.0,5.0,106.9,0.0,145.75,0.0,1.0,0.0,0.0,0.0,1.0,0.0,1.0,0.0,0.0,1.0,0.0,0.0,0.0,0.0,1.0,0.0,1.0,0.0,0
80.0,3.0,18.23,4574.0,0.0,1.0,1.0,0.0,99.1,0.0,0.0,0.0,1.0,0.0,1.0,0.0,1.0,0.0,0.0,4.0,1.0,1.0,1.0,1.0,65.0,6496.15,0.0,1184.95,0.0,0.0,1.0,0.0,0.0,1.0,0.0,1.0,0.0,0.0,1.0,0.0,1.0,0.0,0.0,0.0,1.0,0.0,0.0,0
72.0,24.0,37.53,5089.0,0.0,1.0,1.0,1.0,82.7,1.0,0.0,1.0,1.0,1.0,1.0,1.0,1.0,1.0,1.0,3.0,1.0,1.0,1.0,0.0,71.0,5831.2,0.0,2664.63,0.0,0.0,1.0,0.0,0.0,1.0,1.0,0.0,0.0,1.0,0.0,1.0,0.0,0.0,0.0,0.0,1.0,0.0,0.0,0
20.0,85.0,38.3,3446.0,1.0,1.0,1.0,1.0,55.8,0.0,1.0,1.0,1.0,0.0,1.0,1.0,1.0,0.0,1.0,4.0,0.0,0.0,1.0,0.0,48.0,2651.2,0.0,1838.4,0.0,1.0,1.0,0.0,1.0,0.0,0.0,1.0,0.0,1.0,0.0,0.0,1.0,0.0,0.0,0.0,0.0,1.0,0.0,0
21.0,0.0,9.2,5747.0,1.0,0.0,0.0,1.0,25.35,1.0,2.0,2.0,0.0,0.0,0.0,1.0,1.0,0.0,1.0,5.0,0.0,0.0,0.0,0.0,71.0,1847.55,0.0,653.2,0.0,1.0,0.0,0.0,0.0,1.0,0.0,1.0,0.0,0.0,1.0,0.0,1.0,0.0,0.0,0.0,0.0,1.0,0.0,0
48.0,57.0,15.71,6291.0,1.0,1.0,1.0,1.0,90.3,1.0,3.0,1.0,1.0,1.0,0.0,1.0,1.0,1.0,1.0,3.0,0.0,1.0,1.0,1.0,71.0,6287.3,100.0,1115.41,0.0,0.0,0.0,0.0,0.0,1.0,0.0,1.0,0.0,1.0,0.0,1.0,0.0,0.0,0.0,0.0,0.0,1.0,0.0,0
19.0,0.0,40.28,4394.0,0.0,0.0,0.0,0.0,20.05,0.0,0.0,0.0,0.0,0.0,0.0,0.0,1.0,0.0,0.0,5.0,0.0,0.0,0.0,0.0,2.0,42.7,0.0,80.56,0.0,1.0,0.0,1.0,0.0,0.0,0.0,1.0,0.0,0.0,1.0,0.0,1.0,0.0,0.0,0.0,0.0,1.0,0.0,0
72.0,30.0,11.12,2415.0,0.0,1.0,1.0,1.0,92.5,0.0,0.0,1.0,1.0,0.0,1.0,1.0,1.0,1.0,1.0,1.0,1.0,0.0,0.0,1.0,10.0,934.1,100.0,111.2,0.0,0.0,0.0,1.0,0.0,0.0,0.0,1.0,0.0,0.0,1.0,0.0,1.0,0.0,0.0,0.0,0.0,1.0,0.0,1
24.0,30.0,48.64,4013.0,0.0,0.0,1.0,1.0,74.65,1.0,0.0,8.0,0.0,0.0,1.0,1.0,1.0,0.0,1.0,1.0,0.0,0.0,0.0,0.0,4.0,301.4,0.0,194.56,0.0,1.0,1.0,1.0,0.0,0.0,0.0,1.0,0.0,0.0,1.0,0.0,1.0,0.0,0.0,0.0,1.0,0.0,0.0,1
44.0,2.0,18.9,5496.0,0.0,1.0,1.0,0.0,90.7,1.0,0.0,0.0,1.0,1.0,0.0,0.0,1.0,0.0,0.0,3.0,0.0,0.0,0.0,0.0,62.0,5586.45,0.0,1171.8,0.0,0.0,1.0,1.0,0.0,0.0,0.0,1.0,0.0,0.0,1.0,0.0,1.0,0.0,0.0,0.0,1.0,0.0,0.0,0
37.0,27.0,42.78,2237.0,0.0,0.0,1.0,0.0,54.25,0.0,0.0,0.0,0.0,1.0,0.0,0.0,1.0,1.0,0.0,3.0,0.0,0.0,0.0,0.0,8.0,447.75,0.0,342.24,0.0,0.0,1.0,0.0,1.0,0.0,1.0,0.0,0.0,1.0,0.0,0.0,1.0,0.0,0.0,0.0,1.0,0.0,0.0,0
51.0,2.0,9.95,4986.0,0.0,0.0,1.0,0.0,100.3,0.0,0.0,0.0,1.0,1.0,1.0,0.0,1.0,0.0,0.0,5.0,0.0,1.0,1.0,1.0,64.0,6603.8,0.0,636.8,0.0,0.0,1.0,0.0,1.0,0.0,0.0,1.0,0.0,0.0,1.0,0.0,1.0,0.0,0.0,0.0,0.0,1.0,0.0,0
49.0,57.0,1.56,4854.0,1.0,0.0,1.0,1.0,54.4,0.0,3.0,10.0,0.0,0.0,1.0,1.0,1.0,0.0,1.0,4.0,0.0,0.0,0.0,1.0,8.0,475.1,0.0,12.48,0.0,0.0,1.0,1.0,0.0,0.0,0.0,1.0,0.0,1.0,0.0,0.0,0.0,0.0,0.0,1.0,1.0,0.0,0.0,0
27.0,71.0,42.37,4606.0,0.0,1.0,1.0,1.0,99.8,1.0,0.0,1.0,0.0,0.0,1.0,1.0,1.0,0.0,1.0,4.0,0.0,1.0,1.0,1.0,56.0,5515.45,0.0,2372.72,0.0,1.0,1.0,0.0,1.0,0.0,1.0,0.0,0.0,0.0,1.0,0.0,1.0,0.0,0.0,0.0,0.0,1.0,0.0,0
46.0,20.0,34.38,3091.0,0.0,0.0,1.0,0.0,78.45,0.0,0.0,0.0,1.0,0.0,1.0,0.0,1.0,1.0,0.0,1.0,0.0,0.0,0.0,0.0,31.0,2435.15,40.0,1065.78,0.0,0.0,0.0,1.0,0.0,0.0,0.0,1.0,0.0,0.0,1.0,0.0,1.0,0.0,0.0,0.0,1.0,0.0,0.0,1
55.0,18.0,4.32,5444.0,0.0,1.0,1.0,1.0,110.6,1.0,0.0,7.0,1.0,0.0,1.0,1.0,1.0,1.0,1.0,3.0,0.0,1.0,1.0,1.0,72.0,7962.2,0.0,311.04,0.0,0.0,1.0,0.0,0.0,1.0,0.0,1.0,0.0,0.0,1.0,0.0,1.0,0.0,0.0,0.0,0.0,1.0,0.0,0
38.0,7.0,25.81,4916.0,0.0,0.0,1.0,0.0,54.35,1.0,0.0,0.0,0.0,0.0,1.0,0.0,1.0,1.0,0.0,5.0,0.0,0.0,0.0,0.0,2.0,117.05,0.0,51.62,0.0,0.0,1.0,1.0,0.0,0.0,1.0,0.0,1.0,0.0,0.0,0.0,1.0,0.0,0.0,0.0,0.0,1.0,0.0,0
80.0,28.0,39.01,3950.0,0.0,0.0,1.0,0.0,87.1,0.0,0.0,0.0,1.0,0.0,1.0,0.0,1.0,0.0,0.0,5.0,1.0,0.0,0.0,1.0,8.0,713.6,0.0,312.08,0.0,0.0,1.0,1.0,0.0,0.0,1.0,0.0,0.0,0.0,1.0,0.0,1.0,0.0,0.0,0.0,1.0,0.0,0.0,0
69.0,2.0,22.56,3357.0,0.0,0.0,1.0,0.0,50.55,1.0,0.0,0.0,0.0,0.0,0.0,0.0,1.0,0.0,0.0,1.0,1.0,0.0,0.0,0.0,1.0,50.55,0.0,22.56,0.0,0.0,1.0,1.0,0.0,0.0,1.0,0.0,1.0,0.0,0.0,0.0,1.0,0.0,0.0,0.0,0.0,1.0,0.0,1
67.0,6.0,45.72,2718.0,0.0,0.0,1.0,0.0,89.5,0.0,0.0,0.0,0.0,0.0,1.0,0.0,1.0,0.0,0.0,2.0,1.0,1.0,0.0,1.0,5.0,477.7,0.0,228.6,0.0,0.0,1.0,1.0,0.0,0.0,0.0,1.0,0.0,0.0,1.0,0.0,1.0,0.0,0.0,0.0,1.0,0.0,0.0,1
48.0,0.0,34.79,3040.0,1.0,0.0,0.0,1.0,25.1,1.0,1.0,9.0,0.0,0.0,0.0,1.0,1.0,0.0,1.0,3.0,0.0,0.0,0.0,0.0,36.0,930.95,0.0,1252.44,0.0,0.0,0.0,0.0,0.0,1.0,0.0,1.0,0.0,0.0,1.0,0.0,1.0,0.0,0.0,0.0,0.0,1.0,0.0,0
64.0,0.0,21.09,2874.0,0.0,0.0,0.0,1.0,20.65,0.0,0.0,1.0,0.0,0.0,0.0,1.0,1.0,0.0,1.0,5.0,0.0,0.0,0.0,0.0,7.0,150.0,0.0,147.63,0.0,0.0,0.0,0.0,1.0,0.0,0.0,1.0,0.0,0.0,1.0,0.0,1.0,0.0,0.0,0.0,0.0,0.0,1.0,0
48.0,19.0,44.45,2827.0,0.0,1.0,1.0,0.0,111.5,1.0,0.0,0.0,1.0,1.0,1.0,0.0,1.0,0.0,0.0,4.0,0.0,1.0,1.0,1.0,44.0,4915.15,0.0,1955.8,0.0,0.0,1.0,1.0,0.0,0.0,0.0,1.0,0.0,0.0,1.0,0.0,1.0,0.0,0.0,0.0,1.0,0.0,0.0,0
40.0,0.0,48.61,4004.0,0.0,0.0,0.0,0.0,20.15,0.0,0.0,0.0,0.0,0.0,1.0,0.0,1.0,0.0,0.0,4.0,0.0,0.0,0.0,0.0,9.0,163.7,0.0,437.49,0.0,0.0,0.0,0.0,1.0,0.0,0.0,1.0,0.0,0.0,1.0,0.0,0.0,0.0,0.0,1.0,0.0,0.0,1.0,0
52.0,12.0,24.53,5781.0,0.0,1.0,1.0,0.0,100.9,1.0,0.0,0.0,1.0,0.0,1.0,0.0,1.0,0.0,0.0,3.0,0.0,1.0,1.0,1.0,72.0,7459.05,0.0,1766.16,0.0,0.0,1.0,0.0,0.0,1.0,0.0,1.0,0.0,0.0,1.0,1.0,0.0,0.0,0.0,0.0,1.0,0.0,0.0,0
63.0,26.0,19.99,6205.0,0.0,1.0,1.0,1.0,55.15,0.0,0.0,7.0,0.0,1.0,1.0,1.0,1.0,0.0,1.0,3.0,0.0,0.0,0.0,0.0,65.0,3673.15,0.0,1299.35,0.0,0.0,1.0,1.0,0.0,0.0,1.0,0.0,0.0,1.0,0.0,0.0,1.0,0.0,0.0,0.0,0.0,1.0,0.0,0
46.0,28.0,0.0,2750.0,1.0,1.0,1.0,1.0,49.65,0.0,2.0,4.0,0.0,1.0,0.0,1.0,0.0,1.0,1.0,3.0,0.0,1.0,1.0,0.0,7.0,305.55,0.0,0.0,0.0,0.0,1.0,0.0,0.0,1.0,0.0,1.0,0.0,1.0,0.0,0.0,1.0,0.0,0.0,0.0,0.0,1.0,0.0,0
59.0,5.0,24.17,4328.0,0.0,0.0,1.0,1.0,106.4,0.0,0.0,9.0,1.0,1.0,1.0,1.0,1.0,1.0,1.0,4.0,0.0,1.0,1.0,1.0,69.0,7251.9,0.0,1667.73,3.59,0.0,1.0,0.0,1.0,0.0,1.0,0.0,0.0,0.0,1.0,1.0,0.0,0.0,0.0,0.0,0.0,1.0,0.0,0
56.0,0.0,48.75,5154.0,1.0,0.0,0.0,1.0,19.25,0.0,1.0,2.0,0.0,0.0,1.0,1.0,1.0,0.0,1.0,4.0,0.0,0.0,0.0,0.0,67.0,1372.9,0.0,3266.25,0.0,0.0,0.0,0.0,0.0,1.0,1.0,0.0,0.0,0.0,1.0,1.0,0.0,0.0,0.0,0.0,1.0,0.0,0.0,0
51.0,23.0,29.42,2004.0,1.0,1.0,1.0,1.0,96.35,1.0,2.0,4.0,1.0,0.0,1.0,1.0,1.0,0.0,1.0,5.0,0.0,0.0,0.0,1.0,40.0,3915.4,0.0,1176.8,0.0,0.0,1.0,1.0,0.0,0.0,1.0,0.0,0.0,0.0,1.0,0.0,1.0,0.0,0.0,0.0,0.0,1.0,0.0,0
74.0,3.0,21.7,4400.0,0.0,1.0,1.0,1.0,80.55,1.0,0.0,1.0,1.0,0.0,1.0,1.0,1.0,0.0,1.0,3.0,1.0,1.0,0.0,1.0,66.0,5265.1,0.0,1432.2,0.0,0.0,1.0,0.0,0.0,1.0,1.0,0.0,1.0,0.0,0.0,0.0,1.0,0.0,0.0,0.0,1.0,0.0,0.0,1
55.0,0.0,38.74,3575.0,0.0,0.0,0.0,0.0,19.8,0.0,0.0,0.0,0.0,0.0,0.0,0.0,1.0,0.0,0.0,3.0,0.0,0.0,0.0,0.0,42.0,849.9,0.0,1627.08,0.0,0.0,0.0,0.0,1.0,0.0,0.0,1.0,0.0,0.0,1.0,0.0,1.0,0.0,0.0,0.0,1.0,0.0,0.0,0
35.0,0.0,45.84,2198.0,0.0,0.0,0.0,1.0,20.15,0.0,0.0,5.0,0.0,0.0,0.0,1.0,1.0,0.0,1.0,3.0,0.0,0.0,0.0,0.0,4.0,91.4,0.0,183.36,0.0,0.0,0.0,1.0,0.0,0.0,1.0,0.0,0.0,0.0,1.0,0.0,1.0,0.0,0.0,0.0,1.0,0.0,0.0,0
72.0,28.0,16.36,2415.0,0.0,0.0,1.0,0.0,89.15,0.0,0.0,0.0,0.0,0.0,1.0,0.0,1.0,0.0,0.0,5.0,1.0,1.0,0.0,1.0,7.0,574.35,0.0,114.52,0.0,0.0,1.0,0.0,1.0,0.0,1.0,0.0,0.0,0.0,1.0,0.0,1.0,0.0,0.0,0.0,1.0,0.0,0.0,0
36.0,16.0,14.18,6092.0,0.0,0.0,1.0,1.0,53.65,0.0,0.0,7.0,1.0,1.0,1.0,1.0,1.0,0.0,1.0,3.0,0.0,0.0,0.0,0.0,69.0,3804.4,0.0,978.42,0.0,0.0,1.0,0.0,1.0,0.0,0.0,1.0,0.0,1.0,0.0,1.0,0.0,0.0,0.0,0.0,0.0,1.0,0.0,0
62.0,0.0,42.25,3313.0,0.0,0.0,0.0,0.0,20.55,0.0,0.0,0.0,0.0,0.0,0.0,0.0,1.0,0.0,0.0,5.0,0.0,0.0,0.0,0.0,47.0,1013.05,0.0,1985.75,0.0,0.0,0.0,0.0,1.0,0.0,0.0,1.0,0.0,0.0,1.0,0.0,1.0,0.0,0.0,0.0,0.0,1.0,0.0,0
50.0,0.0,7.31,4910.0,1.0,0.0,0.0,1.0,19.7,0.0,3.0,7.0,0.0,0.0,0.0,1.0,1.0,0.0,1.0,5.0,0.0,0.0,0.0,0.0,20.0,395.6,0.0,146.2,0.0,0.0,0.0,0.0,1.0,0.0,1.0,0.0,0.0,0.0,1.0,0.0,1.0,0.0,0.0,0.0,1.0,0.0,0.0,0
50.0,15.0,18.57,3258.0,0.0,0.0,1.0,0.0,74.8,0.0,0.0,0.0,1.0,0.0,0.0,0.0,1.0,0.0,0.0,3.0,0.0,0.0,0.0,0.0,40.0,2971.7,0.0,742.8,0.0,0.0,1.0,1.0,0.0,0.0,1.0,0.0,0.0,0.0,1.0,0.0,1.0,0.0,0.0,0.0,0.0,1.0,0.0,0
37.0,0.0,2.29,4408.0,0.0,0.0,0.0,0.0,25.0,1.0,0.0,0.0,0.0,0.0,0.0,0.0,1.0,0.0,0.0,4.0,0.0,0.0,0.0,0.0,12.0,316.2,0.0,27.48,0.0,0.0,0.0,1.0,0.0,0.0,0.0,1.0,0.0,0.0,1.0,0.0,0.0,0.0,1.0,0.0,1.0,0.0,0.0,0
40.0,20.0,39.13,3787.0,0.0,1.0,1.0,0.0,96.55,1.0,0.0,0.0,1.0,0.0,0.0,0.0,1.0,0.0,0.0,3.0,0.0,1.0,1.0,0.0,5.0,500.1,0.0,195.65,0.0,0.0,1.0,1.0,0.0,0.0,0.0,1.0,0.0,0.0,1.0,0.0,1.0,0.0,0.0,0.0,1.0,0.0,0.0,0
59.0,28.0,9.27,5841.0,0.0,0.0,1.0,0.0,75.2,1.0,0.0,0.0,0.0,0.0,1.0,0.0,1.0,0.0,0.0,5.0,0.0,0.0,0.0,0.0,9.0,633.85,0.0,83.43,0.0,0.0,1.0,1.0,0.0,0.0,1.0,0.0,0.0,0.0,1.0,0.0,1.0,0.0,0.0,0.0,0.0,1.0,0.0,0
46.0,15.0,0.0,2613.0,1.0,0.0,1.0,1.0,29.7,0.0,2.0,1.0,0.0,1.0,0.0,1.0,0.0,0.0,1.0,1.0,0.0,0.0,0.0,0.0,3.0,91.7,0.0,0.0,0.0,0.0,1.0,1.0,0.0,0.0,1.0,0.0,1.0,0.0,0.0,0.0,0.0,0.0,0.0,1.0,0.0,1.0,0.0,1
47.0,25.0,14.05,5327.0,0.0,1.0,1.0,1.0,71.4,0.0,0.0,0.0,0.0,1.0,0.0,1.0,1.0,1.0,0.0,3.0,0.0,1.0,1.0,0.0,62.0,4487.3,0.0,871.1,0.0,0.0,1.0,0.0,1.0,0.0,0.0,1.0,0.0,1.0,0.0,0.0,1.0,0.0,0.0,0.0,0.0,1.0,0.0,0
33.0,23.0,18.0,2742.0,0.0,0.0,1.0,0.0,79.15,1.0,0.0,0.0,1.0,0.0,1.0,0.0,1.0,0.0,0.0,4.0,0.0,0.0,0.0,0.0,1.0,79.15,60.0,18.0,0.0,0.0,0.0,1.0,0.0,0.0,1.0,0.0,0.0,0.0,1.0,0.0,0.0,0.0,0.0,1.0,0.0,1.0,0.0,0
26.0,82.0,2.02,3573.0,0.0,0.0,1.0,1.0,85.25,1.0,0.0,1.0,0.0,0.0,1.0,1.0,1.0,0.0,1.0,3.0,0.0,1.0,1.0,0.0,10.0,855.3,100.0,20.2,0.0,1.0,0.0,1.0,0.0,0.0,0.0,1.0,0.0,0.0,1.0,0.0,0.0,0.0,1.0,0.0,1.0,0.0,0.0,1
35.0,16.0,27.34,2037.0,0.0,1.0,1.0,1.0,92.9,0.0,0.0,1.0,1.0,0.0,0.0,1.0,1.0,1.0,1.0,3.0,0.0,0.0,0.0,1.0,28.0,2768.35,0.0,765.52,0.0,0.0,1.0,0.0,1.0,0.0,0.0,1.0,0.0,0.0,1.0,0.0,1.0,0.0,0.0,0.0,1.0,0.0,0.0,0
23.0,0.0,4.92,5355.0,0.0,0.0,0.0,0.0,18.75,0.0,0.0,0.0,0.0,0.0,0.0,0.0,1.0,0.0,0.0,4.0,0.0,0.0,0.0,0.0,2.0,53.15,0.0,9.84,0.0,1.0,0.0,1.0,0.0,0.0,1.0,0.0,0.0,0.0,1.0,0.0,1.0,0.0,0.0,0.0,1.0,0.0,0.0,0
20.0,59.0,0.0,4284.0,0.0,1.0,1.0,0.0,48.25,0.0,0.0,0.0,0.0,0.0,1.0,0.0,0.0,0.0,0.0,5.0,0.0,1.0,1.0,1.0,25.0,1293.8,0.0,0.0,0.0,1.0,1.0,1.0,0.0,0.0,1.0,0.0,1.0,0.0,0.0,0.0,0.0,1.0,0.0,0.0,1.0,0.0,0.0,0
25.0,30.0,33.75,4193.0,1.0,1.0,1.0,1.0,89.7,1.0,1.0,10.0,1.0,1.0,0.0,1.0,1.0,1.0,1.0,3.0,0.0,1.0,1.0,1.0,72.0,6339.3,0.0,2430.0,0.0,1.0,1.0,0.0,0.0,1.0,0.0,1.0,1.0,0.0,0.0,1.0,0.0,0.0,0.0,0.0,0.0,1.0,0.0,0
74.0,13.0,31.73,5242.0,0.0,0.0,1.0,0.0,70.0,0.0,0.0,0.0,0.0,0.0,0.0,0.0,1.0,0.0,0.0,3.0,1.0,0.0,0.0,0.0,24.0,1732.6,140.0,761.52,0.0,0.0,0.0,0.0,1.0,0.0,0.0,1.0,0.0,0.0,1.0,0.0,0.0,1.0,0.0,0.0,0.0,1.0,0.0,0
58.0,52.0,46.54,4412.0,1.0,0.0,1.0,1.0,54.9,0.0,3.0,4.0,1.0,0.0,1.0,1.0,1.0,1.0,1.0,4.0,0.0,0.0,0.0,0.0,44.0,2549.1,130.0,2047.76,0.0,0.0,0.0,1.0,0.0,0.0,0.0,1.0,0.0,1.0,0.0,0.0,1.0,0.0,0.0,0.0,1.0,0.0,0.0,0
65.0,0.0,34.39,4327.0,0.0,0.0,0.0,0.0,20.05,0.0,0.0,0.0,0.0,0.0,1.0,0.0,1.0,0.0,0.0,3.0,1.0,0.0,0.0,0.0,22.0,417.0,0.0,756.58,0.0,0.0,0.0,0.0,1.0,0.0,1.0,0.0,0.0,0.0,1.0,0.0,1.0,0.0,0.0,0.0,0.0,1.0,0.0,0
48.0,21.0,27.24,5102.0,0.0,0.0,1.0,1.0,54.2,0.0,0.0,1.0,0.0,1.0,1.0,1.0,1.0,1.0,1.0,2.0,0.0,0.0,0.0,0.0,22.0,1152.7,0.0,599.28,0.0,0.0,1.0,1.0,0.0,0.0,0.0,1.0,0.0,1.0,0.0,0.0,0.0,0.0,1.0,0.0,1.0,0.0,0.0,1
58.0,28.0,14.14,3273.0,0.0,1.0,1.0,0.0,85.85,0.0,0.0,0.0,0.0,0.0,1.0,0.0,1.0,0.0,0.0,1.0,0.0,1.0,1.0,0.0,2.0,167.3,0.0,28.28,0.0,0.0,1.0,1.0,0.0,0.0,0.0,1.0,0.0,0.0,1.0,0.0,0.0,0.0,0.0,1.0,1.0,0.0,0.0,1
50.0,24.0,2.52,4254.0,0.0,1.0,1.0,0.0,104.05,0.0,0.0,0.0,1.0,0.0,1.0,0.0,1.0,1.0,0.0,3.0,0.0,1.0,1.0,1.0,69.0,7262.0,0.0,173.88,0.0,0.0,1.0,0.0,1.0,0.0,0.0,1.0,0.0,0.0,1.0,0.0,1.0,0.0,0.0,0.0,1.0,0.0,0.0,1
21.0,41.0,33.55,5891.0,0.0,1.0,1.0,1.0,100.85,1.0,0.0,8.0,0.0,0.0,0.0,1.0,1.0,0.0,1.0,5.0,0.0,1.0,1.0,1.0,34.0,3527.3,0.0,1140.7,0.0,1.0,1.0,1.0,0.0,0.0,0.0,1.0,0.0,0.0,1.0,0.0,1.0,0.0,0.0,0.0,1.0,0.0,0.0,0
24.0,76.0,0.0,6495.0,1.0,1.0,1.0,1.0,33.6,0.0,1.0,3.0,0.0,1.0,0.0,1.0,0.0,0.0,1.0,3.0,0.0,0.0,0.0,0.0,61.0,2117.2,110.0,0.0,0.0,1.0,0.0,1.0,0.0,0.0,0.0,1.0,0.0,1.0,0.0,0.0,1.0,0.0,0.0,0.0,1.0,0.0,0.0,0
66.0,12.0,22.89,4121.0,0.0,1.0,1.0,1.0,95.55,1.0,0.0,3.0,1.0,0.0,1.0,1.0,1.0,0.0,1.0,3.0,1.0,0.0,0.0,1.0,42.0,3930.6,0.0,961.38,0.0,0.0,1.0,1.0,0.0,0.0,1.0,0.0,0.0,0.0,1.0,0.0,1.0,0.0,0.0,0.0,1.0,0.0,0.0,0
63.0,9.0,44.09,5557.0,0.0,1.0,1.0,0.0,88.95,1.0,0.0,0.0,0.0,0.0,1.0,0.0,1.0,0.0,0.0,3.0,0.0,0.0,0.0,1.0,24.0,2072.75,0.0,1058.16,0.0,0.0,1.0,1.0,0.0,0.0,1.0,0.0,0.0,0.0,1.0,0.0,0.0,1.0,0.0,0.0,0.0,1.0,0.0,0
27.0,27.0,5.69,4227.0,0.0,0.0,1.0,1.0,45.65,0.0,0.0,9.0,0.0,0.0,0.0,1.0,1.0,0.0,1.0,4.0,0.0,0.0,0.0,0.0,6.0,323.45,0.0,34.14,0.0,1.0,1.0,1.0,0.0,0.0,1.0,0.0,0.0,1.0,0.0,0.0,0.0,0.0,0.0,1.0,0.0,1.0,0.0,0
59.0,23.0,5.63,5887.0,0.0,0.0,1.0,1.0,105.95,0.0,0.0,3.0,1.0,1.0,0.0,1.0,1.0,1.0,1.0,1.0,0.0,1.0,1.0,1.0,14.0,1348.9,0.0,78.82,0.0,0.0,1.0,0.0,1.0,0.0,1.0,0.0,0.0,0.0,1.0,0.0,1.0,0.0,0.0,0.0,0.0,1.0,0.0,1
38.0,22.0,1.12,3608.0,0.0,0.0,1.0,1.0,85.75,0.0,0.0,1.0,0.0,0.0,1.0,1.0,1.0,1.0,1.0,1.0,0.0,0.0,0.0,1.0,5.0,470.95,0.0,5.6,44.16,0.0,1.0,1.0,0.0,0.0,1.0,0.0,0.0,0.0,1.0,0.0,0.0,0.0,0.0,1.0,1.0,0.0,0.0,1
47.0,15.0,17.75,5096.0,0.0,1.0,1.0,1.0,102.4,1.0,0.0,1.0,1.0,0.0,1.0,1.0,1.0,0.0,1.0,4.0,0.0,1.0,1.0,1.0,63.0,6444.05,0.0,1118.25,0.0,0.0,1.0,1.0,0.0,0.0,0.0,1.0,0.0,0.0,1.0,0.0,1.0,0.0,0.0,0.0,1.0,0.0,0.0,0
62.0,30.0,0.0,2855.0,0.0,0.0,1.0,0.0,39.1,0.0,0.0,0.0,1.0,0.0,1.0,0.0,0.0,0.0,0.0,4.0,0.0,0.0,0.0,1.0,33.0,1309.0,0.0,0.0,0.0,0.0,1.0,0.0,1.0,0.0,0.0,1.0,0.0,1.0,0.0,0.0,1.0,0.0,0.0,0.0,1.0,0.0,0.0,0
46.0,14.0,46.21,3818.0,0.0,1.0,1.0,0.0,62.3,0.0,0.0,0.0,0.0,0.0,1.0,0.0,1.0,1.0,0.0,3.0,0.0,1.0,1.0,0.0,38.0,2354.8,0.0,1755.98,0.0,0.0,1.0,0.0,1.0,0.0,0.0,1.0,1.0,0.0,0.0,0.0,1.0,0.0,0.0,0.0,0.0,1.0,0.0,1
52.0,0.0,26.57,2953.0,0.0,0.0,0.0,0.0,20.2,0.0,0.0,0.0,0.0,0.0,0.0,0.0,1.0,0.0,0.0,5.0,0.0,0.0,0.0,0.0,13.0,273.25,0.0,345.41,0.0,0.0,0.0,0.0,1.0,0.0,1.0,0.0,0.0,0.0,1.0,0.0,1.0,0.0,0.0,0.0,0.0,0.0,1.0,0
65.0,3.0,34.66,2016.0,0.0,1.0,1.0,1.0,101.95,1.0,0.0,2.0,0.0,0.0,1.0,1.0,1.0,0.0,1.0,1.0,1.0,1.0,1.0,1.0,7.0,700.85,0.0,242.62,0.0,0.0,1.0,1.0,0.0,0.0,0.0,1.0,0.0,0.0,1.0,0.0,1.0,0.0,0.0,0.0,1.0,0.0,0.0,1
78.0,11.0,14.22,5214.0,0.0,0.0,1.0,0.0,95.05,1.0,0.0,0.0,1.0,0.0,1.0,0.0,1.0,1.0,0.0,2.0,1.0,0.0,0.0,1.0,47.0,4504.55,0.0,668.34,0.0,0.0,1.0,1.0,0.0,0.0,1.0,0.0,0.0,0.0,1.0,0.0,1.0,0.0,0.0,0.0,1.0,0.0,0.0,1
46.0,19.0,12.58,3600.0,0.0,0.0,1.0,0.0,70.05,0.0,0.0,0.0,0.0,0.0,1.0,0.0,1.0,0.0,0.0,1.0,0.0,0.0,0.0,0.0,4.0,266.9,0.0,50.32,0.0,0.0,1.0,1.0,0.0,0.0,1.0,0.0,0.0,0.0,1.0,0.0,1.0,0.0,0.0,0.0,0.0,1.0,0.0,1
59.0,0.0,23.46,5368.0,0.0,0.0,0.0,1.0,20.4,0.0,0.0,1.0,0.0,0.0,1.0,1.0,1.0,0.0,1.0,3.0,0.0,0.0,0.0,0.0,65.0,1414.45,0.0,1524.9,0.0,0.0,0.0,0.0,0.0,1.0,0.0,1.0,0.0,0.0,1.0,0.0,1.0,0.0,0.0,0.0,0.0,1.0,0.0,0
42.0,0.0,49.53,3000.0,1.0,0.0,0.0,0.0,20.4,0.0,2.0,0.0,0.0,0.0,0.0,0.0,1.0,0.0,0.0,3.0,0.0,0.0,0.0,0.0,2.0,42.9,0.0,99.06,0.0,0.0,0.0,1.0,0.0,0.0,0.0,1.0,0.0,0.0,1.0,0.0,1.0,0.0,0.0,0.0,0.0,0.0,1.0,0
19.0,51.0,29.13,5617.0,0.0,0.0,1.0,0.0,50.1,1.0,0.0,0.0,0.0,0.0,1.0,0.0,1.0,0.0,0.0,4.0,0.0,0.0,0.0,0.0,1.0,50.1,0.0,29.13,0.0,1.0,1.0,1.0,0.0,0.0,1.0,0.0,1.0,0.0,0.0,0.0,1.0,0.0,0.0,0.0,1.0,0.0,0.0,0
47.0,0.0,19.75,6492.0,1.0,0.0,0.0,1.0,19.95,0.0,3.0,4.0,0.0,0.0,1.0,1.0,1.0,0.0,1.0,3.0,0.0,0.0,0.0,0.0,68.0,1303.25,0.0,1343.0,0.0,0.0,0.0,0.0,0.0,1.0,0.0,1.0,0.0,0.0,1.0,1.0,0.0,0.0,0.0,0.0,1.0,0.0,0.0,0
64.0,28.0,33.41,4278.0,0.0,1.0,1.0,0.0,82.3,0.0,0.0,0.0,1.0,0.0,1.0,0.0,1.0,0.0,0.0,1.0,0.0,0.0,0.0,0.0,1.0,82.3,0.0,33.41,0.0,0.0,1.0,1.0,0.0,0.0,1.0,0.0,0.0,0.0,1.0,0.0,0.0,0.0,0.0,1.0,1.0,0.0,0.0,1
36.0,17.0,13.14,4273.0,0.0,1.0,1.0,0.0,109.2,0.0,0.0,0.0,1.0,1.0,0.0,0.0,1.0,1.0,0.0,4.0,0.0,1.0,1.0,1.0,63.0,7049.75,0.0,827.82,0.0,0.0,1.0,0.0,0.0,1.0,0.0,1.0,0.0,0.0,1.0,0.0,1.0,0.0,0.0,0.0,0.0,1.0,0.0,0
73.0,12.0,36.75,2217.0,0.0,0.0,1.0,1.0,84.3,1.0,0.0,7.0,0.0,0.0,1.0,1.0,1.0,0.0,1.0,3.0,1.0,1.0,1.0,0.0,29.0,2357.75,0.0,1065.75,0.0,0.0,1.0,0.0,0.0,1.0,0.0,1.0,0.0,0.0,1.0,0.0,0.0,1.0,0.0,0.0,1.0,0.0,0.0,0
41.0,0.0,24.1,5188.0,1.0,0.0,0.0,0.0,20.0,0.0,3.0,0.0,0.0,0.0,1.0,0.0,1.0,0.0,0.0,3.0,0.0,0.0,0.0,0.0,19.0,377.55,0.0,457.9,0.0,0.0,0.0,1.0,0.0,0.0,0.0,1.0,0.0,0.0,1.0,0.0,0.0,0.0,1.0,0.0,1.0,0.0,0.0,0
67.0,4.0,17.71,4086.0,0.0,1.0,1.0,1.0,109.55,1.0,0.0,1.0,1.0,1.0,1.0,1.0,1.0,0.0,1.0,3.0,1.0,1.0,1.0,1.0,72.0,7920.7,0.0,1275.12,0.0,0.0,1.0,0.0,0.0,1.0,0.0,1.0,0.0,0.0,1.0,0.0,1.0,0.0,0.0,0.0,1.0,0.0,0.0,0
25.0,0.0,24.57,2347.0,1.0,0.0,0.0,1.0,19.9,0.0,1.0,1.0,0.0,0.0,0.0,1.0,1.0,0.0,1.0,4.0,0.0,0.0,0.0,0.0,4.0,76.65,0.0,98.28,0.0,1.0,0.0,0.0,0.0,1.0,0.0,1.0,0.0,0.0,1.0,0.0,0.0,0.0,0.0,1.0,0.0,0.0,1.0,0
75.0,18.0,29.68,4371.0,0.0,0.0,1.0,0.0,69.25,0.0,0.0,0.0,0.0,0.0,1.0,0.0,1.0,0.0,0.0,2.0,1.0,0.0,0.0,0.0,1.0,69.25,0.0,29.68,0.0,0.0,1.0,1.0,0.0,0.0,1.0,0.0,1.0,0.0,0.0,0.0,0.0,0.0,0.0,1.0,1.0,0.0,0.0,1
50.0,16.0,44.92,4751.0,0.0,1.0,1.0,0.0,90.4,1.0,0.0,0.0,0.0,0.0,1.0,0.0,1.0,0.0,0.0,4.0,0.0,1.0,1.0,0.0,44.0,4063.0,0.0,1976.48,0.0,0.0,1.0,1.0,0.0,0.0,0.0,1.0,0.0,0.0,1.0,0.0,1.0,0.0,0.0,0.0,0.0,1.0,0.0,0
65.0,19.0,2.86,2009.0,0.0,0.0,1.0,1.0,77.9,1.0,0.0,1.0,0.0,0.0,0.0,1.0,1.0,0.0,1.0,3.0,1.0,0.0,0.0,0.0,30.0,2351.45,0.0,85.8,0.0,0.0,1.0,1.0,0.0,0.0,0.0,1.0,0.0,0.0,1.0,0.0,1.0,0.0,0.0,0.0,0.0,0.0,1.0,0
35.0,28.0,14.39,5005.0,0.0,0.0,1.0,0.0,49.55,0.0,0.0,0.0,0.0,1.0,1.0,0.0,1.0,0.0,0.0,1.0,0.0,0.0,0.0,0.0,24.0,1210.4,0.0,345.36,0.0,0.0,1.0,1.0,0.0,0.0,0.0,1.0,0.0,1.0,0.0,0.0,1.0,0.0,0.0,0.0,1.0,0.0,0.0,1
29.0,41.0,33.89,2856.0,0.0,0.0,1.0,0.0,80.55,0.0,0.0,0.0,0.0,0.0,0.0,0.0,1.0,0.0,0.0,3.0,0.0,1.0,1.0,0.0,2.0,184.1,0.0,67.78,0.0,1.0,1.0,1.0,0.0,0.0,1.0,0.0,0.0,0.0,1.0,0.0,0.0,0.0,0.0,1.0,1.0,0.0,0.0,1
45.0,28.0,38.81,5737.0,0.0,1.0,1.0,1.0,83.8,0.0,0.0,0.0,1.0,0.0,0.0,1.0,1.0,1.0,0.0,1.0,0.0,0.0,0.0,0.0,23.0,1900.25,0.0,892.63,0.0,0.0,1.0,1.0,0.0,0.0,1.0,0.0,0.0,0.0,1.0,0.0,1.0,0.0,0.0,0.0,1.0,0.0,0.0,1
49.0,0.0,25.4,5398.0,0.0,0.0,0.0,0.0,20.4,0.0,0.0,0.0,0.0,0.0,1.0,0.0,1.0,0.0,0.0,3.0,0.0,0.0,0.0,0.0,45.0,930.45,0.0,1143.0,0.0,0.0,0.0,0.0,1.0,0.0,0.0,1.0,0.0,0.0,1.0,0.0,1.0,0.0,0.0,0.0,1.0,0.0,0.0,1
36.0,18.0,34.62,5570.0,1.0,0.0,1.0,1.0,101.05,1.0,1.0,10.0,1.0,0.0,1.0,1.0,1.0,0.0,1.0,4.0,0.0,1.0,1.0,1.0,68.0,6770.5,0.0,2354.16,0.0,0.0,1.0,0.0,1.0,0.0,0.0,1.0,0.0,0.0,1.0,1.0,0.0,0.0,0.0,0.0,0.0,1.0,0.0,0
56.0,18.0,48.68,5233.0,0.0,1.0,1.0,1.0,87.0,0.0,0.0,9.0,0.0,0.0,1.0,1.0,1.0,0.0,1.0,4.0,0.0,0.0,0.0,1.0,22.0,1850.65,0.0,1070.96,0.0,0.0,1.0,1.0,0.0,0.0,0.0,1.0,0.0,0.0,1.0,0.0,1.0,0.0,0.0,0.0,1.0,0.0,0.0,0
38.0,0.0,26.99,3958.0,1.0,0.0,0.0,1.0,19.75,0.0,2.0,6.0,0.0,0.0,0.0,1.0,1.0,0.0,1.0,3.0,0.0,0.0,0.0,0.0,14.0,309.35,0.0,377.86,6.49,0.0,0.0,0.0,1.0,0.0,0.0,1.0,0.0,0.0,1.0,0.0,0.0,0.0,1.0,0.0,0.0,1.0,0.0,0
51.0,0.0,26.63,5084.0,0.0,0.0,0.0,0.0,19.35,0.0,0.0,0.0,0.0,0.0,0.0,0.0,1.0,0.0,0.0,3.0,0.0,0.0,0.0,0.0,59.0,1099.6,0.0,1571.17,14.22,0.0,0.0,0.0,0.0,1.0,0.0,1.0,0.0,0.0,1.0,0.0,1.0,0.0,0.0,0.0,0.0,1.0,0.0,1
43.0,4.0,5.79,3771.0,0.0,0.0,1.0,0.0,55.3,1.0,0.0,0.0,1.0,0.0,0.0,0.0,1.0,0.0,0.0,5.0,0.0,0.0,0.0,0.0,16.0,875.35,0.0,92.64,0.0,0.0,1.0,1.0,0.0,0.0,0.0,1.0,0.0,1.0,0.0,0.0,1.0,0.0,0.0,0.0,1.0,0.0,0.0,0
28.0,82.0,25.27,5898.0,1.0,1.0,1.0,1.0,72.25,1.0,2.0,1.0,0.0,1.0,0.0,1.0,1.0,1.0,1.0,1.0,0.0,0.0,0.0,1.0,35.0,2568.55,0.0,884.45,0.0,1.0,1.0,1.0,0.0,0.0,1.0,0.0,0.0,1.0,0.0,0.0,1.0,0.0,0.0,0.0,1.0,0.0,0.0,1
42.0,15.0,17.37,3260.0,1.0,0.0,1.0,1.0,64.4,1.0,2.0,7.0,1.0,1.0,0.0,1.0,1.0,1.0,1.0,3.0,0.0,0.0,0.0,0.0,5.0,316.9,0.0,86.85,0.0,0.0,1.0,1.0,0.0,0.0,0.0,1.0,0.0,1.0,0.0,0.0,1.0,0.0,0.0,0.0,0.0,1.0,0.0,0
79.0,9.0,29.15,4621.0,0.0,1.0,1.0,1.0,105.1,1.0,0.0,4.0,1.0,0.0,1.0,1.0,1.0,0.0,1.0,4.0,1.0,1.0,1.0,1.0,52.0,5376.4,0.0,1515.8,0.0,0.0,1.0,0.0,1.0,0.0,0.0,1.0,0.0,0.0,1.0,0.0,1.0,0.0,0.0,0.0,1.0,0.0,0.0,0
45.0,21.0,11.39,4741.0,0.0,1.0,1.0,1.0,81.0,0.0,0.0,6.0,0.0,0.0,1.0,1.0,1.0,1.0,1.0,3.0,0.0,0.0,0.0,0.0,20.0,1683.7,0.0,227.8,0.0,0.0,1.0,1.0,0.0,0.0,1.0,0.0,0.0,0.0,1.0,0.0,0.0,0.0,1.0,0.0,0.0,0.0,1.0,0
40.0,13.0,22.23,2115.0,0.0,0.0,1.0,1.0,84.05,1.0,0.0,9.0,0.0,0.0,1.0,1.0,1.0,0.0,1.0,5.0,0.0,0.0,0.0,1.0,2.0,134.05,0.0,44.46,0.0,0.0,1.0,1.0,0.0,0.0,1.0,0.0,0.0,0.0,1.0,0.0,1.0,0.0,0.0,0.0,1.0,0.0,0.0,0
29.0,30.0,40.18,5682.0,0.0,0.0,1.0,1.0,105.25,1.0,0.0,5.0,1.0,0.0,1.0,1.0,1.0,1.0,1.0,4.0,0.0,1.0,1.0,1.0,64.0,6823.4,0.0,2571.52,23.67,1.0,1.0,0.0,0.0,1.0,0.0,1.0,0.0,0.0,1.0,0.0,1.0,0.0,0.0,0.0,1.0,0.0,0.0,0
51.0,15.0,44.11,4468.0,0.0,0.0,1.0,0.0,56.05,0.0,0.0,0.0,1.0,1.0,0.0,0.0,1.0,0.0,0.0,3.0,0.0,0.0,0.0,0.0,28.0,1522.65,110.0,1235.08,0.0,0.0,0.0,1.0,0.0,0.0,1.0,0.0,1.0,0.0,0.0,0.0,0.0,1.0,0.0,0.0,1.0,0.0,0.0,0
31.0,75.0,46.7,4387.0,1.0,0.0,1.0,1.0,79.95,0.0,8.0,2.0,1.0,0.0,1.0,1.0,1.0,1.0,1.0,3.0,0.0,0.0,0.0,0.0,54.0,4362.05,0.0,2521.8,0.0,0.0,1.0,0.0,0.0,1.0,0.0,1.0,0.0,0.0,1.0,0.0,1.0,0.0,0.0,0.0,1.0,0.0,0.0,0
58.0,13.0,48.0,4120.0,0.0,1.0,1.0,1.0,99.35,1.0,0.0,10.0,1.0,1.0,1.0,1.0,1.0,0.0,1.0,3.0,0.0,0.0,0.0,1.0,70.0,6944.5,0.0,3360.0,0.0,0.0,1.0,0.0,0.0,1.0,0.0,1.0,0.0,0.0,1.0,1.0,0.0,0.0,0.0,0.0,0.0,1.0,0.0,0
33.0,18.0,46.23,6030.0,0.0,1.0,1.0,1.0,110.45,1.0,0.0,1.0,1.0,0.0,1.0,1.0,1.0,1.0,1.0,4.0,0.0,1.0,1.0,1.0,72.0,7982.5,0.0,3328.56,0.0,0.0,1.0,0.0,0.0,1.0,1.0,0.0,0.0,0.0,1.0,0.0,1.0,0.0,0.0,0.0,1.0,0.0,0.0,0
48.0,13.0,28.8,5897.0,0.0,0.0,1.0,0.0,74.95,1.0,0.0,0.0,0.0,0.0,1.0,0.0,1.0,0.0,0.0,3.0,0.0,0.0,0.0,0.0,23.0,1710.45,0.0,662.4,0.0,0.0,1.0,1.0,0.0,0.0,0.0,1.0,1.0,0.0,0.0,0.0,1.0,0.0,0.0,0.0,1.0,0.0,0.0,1
57.0,76.0,27.27,3337.0,1.0,1.0,1.0,1.0,100.7,0.0,3.0,10.0,0.0,1.0,0.0,1.0,1.0,0.0,1.0,4.0,0.0,1.0,1.0,1.0,16.0,1522.7,0.0,436.32,0.0,0.0,1.0,1.0,0.0,0.0,1.0,0.0,0.0,0.0,1.0,0.0,0.0,0.0,1.0,0.0,1.0,0.0,0.0,0
25.0,0.0,19.23,4725.0,0.0,0.0,0.0,0.0,20.65,0.0,0.0,0.0,0.0,0.0,0.0,0.0,1.0,0.0,0.0,3.0,0.0,0.0,0.0,0.0,51.0,1020.75,0.0,980.73,19.32,1.0,0.0,0.0,0.0,1.0,1.0,0.0,0.0,0.0,1.0,0.0,1.0,0.0,0.0,0.0,1.0,0.0,0.0,0
59.0,13.0,32.5,4905.0,0.0,0.0,1.0,1.0,97.2,0.0,0.0,6.0,0.0,1.0,1.0,1.0,1.0,1.0,1.0,4.0,0.0,1.0,1.0,1.0,60.0,5611.75,0.0,1950.0,0.0,0.0,1.0,0.0,0.0,1.0,1.0,0.0,0.0,0.0,1.0,0.0,1.0,0.0,0.0,0.0,1.0,0.0,0.0,0
63.0,22.0,48.31,4879.0,0.0,0.0,1.0,0.0,44.45,0.0,0.0,0.0,0.0,0.0,1.0,0.0,1.0,0.0,0.0,3.0,0.0,0.0,0.0,0.0,1.0,44.45,0.0,48.31,0.0,0.0,1.0,1.0,0.0,0.0,1.0,0.0,1.0,0.0,0.0,0.0,0.0,0.0,0.0,1.0,0.0,0.0,1.0,1
70.0,5.0,22.02,5111.0,0.0,0.0,1.0,0.0,74.45,1.0,0.0,0.0,0.0,0.0,1.0,0.0,1.0,0.0,0.0,5.0,1.0,0.0,0.0,0.0,16.0,1261.35,0.0,352.32,0.0,0.0,1.0,0.0,0.0,1.0,0.0,1.0,0.0,0.0,1.0,0.0,0.0,0.0,1.0,0.0,1.0,0.0,0.0,0
52.0,3.0,30.75,4842.0,0.0,1.0,1.0,1.0,114.05,1.0,0.0,5.0,1.0,1.0,1.0,1.0,1.0,1.0,1.0,3.0,0.0,1.0,1.0,1.0,72.0,8468.2,0.0,2214.0,0.0,0.0,1.0,0.0,0.0,1.0,0.0,1.0,0.0,0.0,1.0,1.0,0.0,0.0,0.0,0.0,0.0,1.0,0.0,0
40.0,0.0,42.55,5895.0,1.0,0.0,0.0,1.0,23.95,1.0,3.0,1.0,0.0,0.0,1.0,1.0,1.0,0.0,1.0,5.0,0.0,0.0,0.0,0.0,51.0,1216.35,0.0,2170.05,0.0,0.0,0.0,0.0,1.0,0.0,0.0,1.0,0.0,0.0,1.0,0.0,1.0,0.0,0.0,0.0,0.0,1.0,0.0,0
21.0,85.0,20.93,4977.0,0.0,0.0,1.0,1.0,95.2,1.0,0.0,1.0,0.0,0.0,1.0,1.0,1.0,0.0,1.0,5.0,0.0,1.0,1.0,1.0,47.0,4563.0,80.0,983.71,0.0,1.0,0.0,0.0,1.0,0.0,0.0,1.0,0.0,0.0,1.0,0.0,1.0,0.0,0.0,0.0,0.0,1.0,0.0,0
56.0,16.0,46.74,5527.0,0.0,1.0,1.0,0.0,111.1,1.0,0.0,0.0,1.0,0.0,0.0,0.0,1.0,1.0,0.0,1.0,0.0,1.0,1.0,1.0,54.0,6014.85,50.0,2523.96,0.0,0.0,0.0,1.0,0.0,0.0,1.0,0.0,0.0,0.0,1.0,0.0,1.0,0.0,0.0,0.0,1.0,0.0,0.0,1
44.0,0.0,27.08,5916.0,0.0,0.0,0.0,0.0,19.95,0.0,0.0,0.0,0.0,0.0,0.0,0.0,1.0,0.0,0.0,4.0,0.0,0.0,0.0,0.0,1.0,19.95,0.0,27.08,0.0,0.0,0.0,1.0,0.0,0.0,0.0,1.0,0.0,0.0,1.0,0.0,0.0,0.0,0.0,1.0,0.0,1.0,0.0,0
54.0,30.0,2.2,4179.0,0.0,0.0,1.0,1.0,69.15,0.0,0.0,1.0,0.0,0.0,1.0,1.0,1.0,0.0,1.0,2.0,0.0,0.0,0.0,0.0,1.0,69.15,0.0,2.2,0.0,0.0,1.0,1.0,0.0,0.0,0.0,1.0,0.0,0.0,1.0,0.0,1.0,0.0,0.0,0.0,1.0,0.0,0.0,1
52.0,4.0,40.47,5186.0,0.0,1.0,1.0,1.0,109.15,1.0,0.0,7.0,1.0,1.0,1.0,1.0,1.0,0.0,1.0,4.0,0.0,1.0,1.0,1.0,59.0,6557.75,0.0,2387.73,0.0,0.0,1.0,0.0,1.0,0.0,1.0,0.0,0.0,0.0,1.0,0.0,1.0,0.0,0.0,0.0,0.0,1.0,0.0,0
52.0,3.0,20.44,6350.0,0.0,0.0,1.0,0.0,104.7,1.0,0.0,0.0,1.0,0.0,1.0,0.0,1.0,1.0,0.0,3.0,0.0,1.0,1.0,1.0,69.0,7220.35,0.0,1410.36,0.0,0.0,1.0,0.0,1.0,0.0,0.0,1.0,0.0,0.0,1.0,1.0,0.0,0.0,0.0,0.0,1.0,0.0,0.0,1
24.0,82.0,14.91,4900.0,0.0,1.0,1.0,1.0,70.05,0.0,0.0,2.0,0.0,0.0,1.0,1.0,1.0,0.0,1.0,3.0,0.0,1.0,1.0,1.0,9.0,564.4,0.0,134.19,0.0,1.0,1.0,1.0,0.0,0.0,0.0,1.0,1.0,0.0,0.0,0.0,1.0,0.0,0.0,0.0,0.0,0.0,1.0,0
26.0,52.0,33.46,2317.0,0.0,1.0,1.0,0.0,105.2,1.0,0.0,0.0,0.0,1.0,1.0,0.0,1.0,0.0,0.0,1.0,0.0,1.0,1.0,1.0,42.0,4400.75,0.0,1405.32,40.15,1.0,1.0,1.0,0.0,0.0,1.0,0.0,0.0,0.0,1.0,0.0,1.0,0.0,0.0,0.0,1.0,0.0,0.0,1
22.0,0.0,36.37,2299.0,1.0,0.0,0.0,1.0,25.35,1.0,2.0,3.0,0.0,0.0,0.0,1.0,1.0,0.0,1.0,4.0,0.0,0.0,0.0,0.0,10.0,253.5,0.0,363.7,0.0,1.0,0.0,0.0,0.0,1.0,0.0,1.0,0.0,0.0,1.0,0.0,1.0,0.0,0.0,0.0,0.0,1.0,0.0,0
49.0,8.0,30.5,5723.0,0.0,1.0,1.0,0.0,113.2,1.0,0.0,0.0,1.0,1.0,1.0,0.0,1.0,1.0,0.0,4.0,0.0,1.0,1.0,1.0,35.0,3914.05,0.0,1067.5,0.0,0.0,1.0,0.0,0.0,1.0,1.0,0.0,0.0,0.0,1.0,0.0,1.0,0.0,0.0,0.0,0.0,1.0,0.0,0
63.0,11.0,0.0,3090.0,0.0,0.0,1.0,0.0,25.65,0.0,0.0,0.0,0.0,0.0,1.0,0.0,0.0,0.0,0.0,3.0,0.0,0.0,0.0,0.0,17.0,440.2,0.0,0.0,0.0,0.0,1.0,1.0,0.0,0.0,0.0,1.0,1.0,0.0,0.0,0.0,1.0,0.0,0.0,0.0,0.0,0.0,1.0,0
34.0,25.0,47.1,2499.0,1.0,0.0,1.0,1.0,55.1,1.0,1.0,2.0,0.0,0.0,1.0,1.0,1.0,1.0,1.0,4.0,0.0,0.0,0.0,0.0,25.0,1466.1,0.0,1177.5,0.0,0.0,1.0,0.0,1.0,0.0,0.0,1.0,0.0,1.0,0.0,0.0,1.0,0.0,0.0,0.0,0.0,1.0,0.0,0
40.0,21.0,29.92,4745.0,0.0,0.0,1.0,1.0,84.05,0.0,0.0,5.0,0.0,1.0,0.0,1.0,1.0,0.0,1.0,1.0,0.0,1.0,1.0,0.0,13.0,1095.3,0.0,388.96,23.97,0.0,1.0,1.0,0.0,0.0,0.0,1.0,0.0,0.0,1.0,0.0,0.0,0.0,1.0,0.0,1.0,0.0,0.0,1
78.0,18.0,21.09,3896.0,0.0,0.0,1.0,0.0,74.7,0.0,0.0,0.0,1.0,0.0,1.0,0.0,1.0,0.0,0.0,4.0,1.0,0.0,0.0,0.0,18.0,1294.6,20.0,379.62,0.0,0.0,0.0,1.0,0.0,0.0,1.0,0.0,0.0,0.0,1.0,0.0,0.0,0.0,1.0,0.0,1.0,0.0,0.0,0
25.0,51.0,11.47,3654.0,1.0,0.0,1.0,1.0,58.7,0.0,2.0,9.0,1.0,0.0,1.0,1.0,1.0,0.0,1.0,3.0,0.0,0.0,0.0,1.0,3.0,168.6,0.0,34.41,0.0,1.0,1.0,1.0,0.0,0.0,1.0,0.0,0.0,1.0,0.0,0.0,0.0,0.0,0.0,1.0,0.0,1.0,0.0,0
79.0,29.0,23.33,6020.0,0.0,1.0,1.0,1.0,94.25,1.0,0.0,9.0,1.0,0.0,1.0,1.0,1.0,0.0,1.0,3.0,1.0,1.0,0.0,0.0,64.0,6081.4,0.0,1493.12,0.0,0.0,1.0,0.0,0.0,1.0,0.0,1.0,0.0,0.0,1.0,0.0,1.0,0.0,0.0,0.0,1.0,0.0,0.0,0
21.0,30.0,42.98,4626.0,1.0,1.0,1.0,1.0,61.15,0.0,3.0,1.0,1.0,1.0,0.0,1.0,1.0,0.0,1.0,1.0,0.0,0.0,0.0,0.0,22.0,1422.05,80.0,945.56,0.0,1.0,0.0,1.0,0.0,0.0,1.0,0.0,0.0,1.0,0.0,0.0,0.0,0.0,1.0,0.0,0.0,1.0,0.0,1
45.0,53.0,11.36,4388.0,1.0,1.0,1.0,1.0,115.15,1.0,3.0,3.0,1.0,1.0,1.0,1.0,1.0,1.0,1.0,4.0,0.0,1.0,1.0,1.0,70.0,8250.0,0.0,795.2,0.0,0.0,1.0,0.0,0.0,1.0,1.0,0.0,0.0,0.0,1.0,1.0,0.0,0.0,0.0,0.0,0.0,1.0,0.0,0
59.0,21.0,0.0,2454.0,0.0,0.0,1.0,0.0,40.35,0.0,0.0,0.0,1.0,0.0,1.0,0.0,0.0,0.0,0.0,5.0,0.0,1.0,1.0,0.0,41.0,1677.85,0.0,0.0,0.0,0.0,1.0,1.0,0.0,0.0,1.0,0.0,1.0,0.0,0.0,0.0,1.0,0.0,0.0,0.0,1.0,0.0,0.0,0
69.0,5.0,10.4,4763.0,0.0,0.0,1.0,1.0,99.0,1.0,0.0,5.0,0.0,0.0,1.0,1.0,1.0,1.0,1.0,3.0,1.0,1.0,0.0,1.0,60.0,6017.9,150.0,624.0,0.0,0.0,0.0,0.0,0.0,1.0,0.0,1.0,0.0,0.0,1.0,0.0,1.0,0.0,0.0,0.0,1.0,0.0,0.0,0
47.0,30.0,38.09,2014.0,0.0,0.0,1.0,1.0,84.75,1.0,0.0,1.0,0.0,0.0,1.0,1.0,1.0,0.0,1.0,1.0,0.0,1.0,1.0,0.0,3.0,264.85,0.0,114.27,0.0,0.0,1.0,1.0,0.0,0.0,1.0,0.0,0.0,0.0,1.0,0.0,1.0,0.0,0.0,0.0,1.0,0.0,0.0,1
35.0,0.0,40.2,2928.0,1.0,0.0,0.0,1.0,19.85,0.0,3.0,1.0,0.0,0.0,1.0,1.0,1.0,0.0,1.0,4.0,0.0,0.0,0.0,0.0,13.0,252.0,0.0,522.6,0.0,0.0,0.0,1.0,0.0,0.0,0.0,1.0,0.0,0.0,1.0,0.0,0.0,0.0,1.0,0.0,0.0,1.0,0.0,0
55.0,30.0,17.17,4111.0,0.0,0.0,1.0,0.0,106.4,1.0,0.0,0.0,1.0,1.0,1.0,0.0,1.0,0.0,0.0,4.0,0.0,1.0,1.0,1.0,39.0,4040.65,0.0,669.63,0.0,0.0,1.0,1.0,0.0,0.0,0.0,1.0,0.0,0.0,1.0,0.0,0.0,1.0,0.0,0.0,1.0,0.0,0.0,0
61.0,18.0,16.02,4301.0,1.0,0.0,1.0,1.0,97.95,1.0,1.0,7.0,0.0,0.0,1.0,1.0,1.0,1.0,1.0,3.0,0.0,1.0,1.0,1.0,49.0,4917.9,0.0,784.98,0.0,0.0,1.0,0.0,1.0,0.0,0.0,1.0,0.0,0.0,1.0,0.0,1.0,0.0,0.0,0.0,1.0,0.0,0.0,0
55.0,0.0,33.47,6009.0,1.0,0.0,0.0,1.0,19.85,0.0,1.0,5.0,0.0,0.0,1.0,1.0,1.0,0.0,1.0,3.0,0.0,0.0,0.0,0.0,65.0,1267.05,0.0,2175.55,0.0,0.0,0.0,0.0,0.0,1.0,0.0,1.0,0.0,0.0,1.0,0.0,1.0,0.0,0.0,0.0,0.0,1.0,0.0,0
61.0,11.0,0.0,5990.0,0.0,1.0,1.0,0.0,53.4,0.0,0.0,0.0,0.0,0.0,1.0,0.0,0.0,1.0,0.0,5.0,0.0,1.0,1.0,1.0,67.0,3579.15,0.0,0.0,0.0,0.0,1.0,1.0,0.0,0.0,1.0,0.0,0.0,1.0,0.0,0.0,1.0,0.0,0.0,0.0,0.0,1.0,0.0,0
45.0,0.0,37.79,5987.0,0.0,0.0,0.0,0.0,24.15,1.0,0.0,0.0,0.0,0.0,1.0,0.0,1.0,0.0,0.0,4.0,0.0,0.0,0.0,0.0,68.0,1498.85,0.0,2569.72,0.0,0.0,0.0,0.0,0.0,1.0,0.0,1.0,0.0,0.0,1.0,0.0,1.0,0.0,0.0,0.0,1.0,0.0,0.0,0
25.0,52.0,19.23,3807.0,0.0,0.0,1.0,1.0,89.75,0.0,0.0,1.0,1.0,0.0,1.0,1.0,1.0,1.0,1.0,2.0,0.0,0.0,0.0,1.0,7.0,608.8,0.0,134.61,26.02,1.0,1.0,1.0,0.0,0.0,0.0,1.0,0.0,0.0,1.0,0.0,1.0,0.0,0.0,0.0,1.0,0.0,0.0,1
27.0,0.0,35.81,4862.0,0.0,0.0,0.0,0.0,19.45,0.0,0.0,0.0,0.0,0.0,0.0,0.0,1.0,0.0,0.0,4.0,0.0,0.0,0.0,0.0,12.0,227.45,0.0,429.72,0.0,1.0,0.0,1.0,0.0,0.0,1.0,0.0,0.0,0.0,1.0,0.0,1.0,0.0,0.0,0.0,1.0,0.0,0.0,0
31.0,0.0,46.49,3731.0,0.0,0.0,0.0,0.0,20.0,0.0,0.0,0.0,0.0,0.0,0.0,0.0,1.0,0.0,0.0,4.0,0.0,0.0,0.0,0.0,11.0,211.95,0.0,511.39,0.0,0.0,0.0,0.0,1.0,0.0,1.0,0.0,0.0,0.0,1.0,0.0,0.0,0.0,1.0,0.0,0.0,1.0,0.0,0
57.0,0.0,39.78,4884.0,0.0,0.0,0.0,1.0,24.25,1.0,0.0,10.0,0.0,0.0,0.0,1.0,1.0,0.0,1.0,3.0,0.0,0.0,0.0,0.0,69.0,1641.8,0.0,2744.82,45.75,0.0,0.0,0.0,0.0,1.0,1.0,0.0,0.0,0.0,1.0,1.0,0.0,0.0,0.0,0.0,1.0,0.0,0.0,0
70.0,15.0,19.21,4509.0,0.0,0.0,1.0,0.0,78.8,0.0,0.0,0.0,0.0,0.0,1.0,0.0,1.0,0.0,0.0,3.0,1.0,1.0,1.0,0.0,26.0,2006.1,0.0,499.46,0.0,0.0,1.0,1.0,0.0,0.0,1.0,0.0,0.0,0.0,1.0,0.0,1.0,0.0,0.0,0.0,1.0,0.0,0.0,0
32.0,30.0,11.94,5351.0,0.0,1.0,1.0,0.0,100.95,1.0,0.0,0.0,0.0,0.0,1.0,0.0,1.0,0.0,0.0,1.0,0.0,1.0,1.0,1.0,3.0,329.95,10.0,35.82,0.0,0.0,0.0,1.0,0.0,0.0,0.0,1.0,1.0,0.0,0.0,0.0,0.0,0.0,0.0,1.0,1.0,0.0,0.0,1
69.0,12.0,6.18,4510.0,0.0,0.0,1.0,0.0,70.65,0.0,0.0,0.0,0.0,0.0,1.0,0.0,1.0,0.0,0.0,4.0,1.0,0.0,0.0,0.0,4.0,293.85,0.0,24.72,0.0,0.0,1.0,1.0,0.0,0.0,0.0,1.0,0.0,0.0,1.0,0.0,0.0,0.0,0.0,1.0,1.0,0.0,0.0,0
58.0,9.0,15.6,4345.0,0.0,0.0,1.0,0.0,92.0,0.0,0.0,0.0,0.0,0.0,1.0,0.0,1.0,0.0,0.0,3.0,0.0,1.0,1.0,1.0,3.0,266.8,0.0,46.8,0.0,0.0,1.0,1.0,0.0,0.0,0.0,1.0,0.0,0.0,1.0,0.0,0.0,0.0,0.0,1.0,1.0,0.0,0.0,0
22.0,52.0,44.24,5680.0,0.0,1.0,1.0,0.0,116.6,1.0,0.0,0.0,1.0,1.0,1.0,0.0,1.0,1.0,0.0,3.0,0.0,1.0,1.0,1.0,60.0,7049.5,0.0,2654.4,0.0,1.0,1.0,0.0,1.0,0.0,0.0,1.0,0.0,0.0,1.0,0.0,1.0,0.0,0.0,0.0,0.0,1.0,0.0,0
67.0,22.0,3.62,4074.0,0.0,0.0,1.0,0.0,95.15,1.0,0.0,0.0,0.0,0.0,1.0,0.0,1.0,0.0,0.0,2.0,1.0,1.0,1.0,1.0,11.0,997.65,0.0,39.82,0.0,0.0,1.0,1.0,0.0,0.0,1.0,0.0,0.0,0.0,1.0,0.0,1.0,0.0,0.0,0.0,1.0,0.0,0.0,1
52.0,20.0,24.73,5393.0,0.0,1.0,1.0,0.0,84.3,0.0,0.0,0.0,1.0,1.0,1.0,0.0,1.0,0.0,0.0,4.0,0.0,0.0,0.0,0.0,30.0,2438.6,130.0,741.9,0.0,0.0,0.0,1.0,0.0,0.0,0.0,1.0,0.0,0.0,1.0,0.0,0.0,1.0,0.0,0.0,0.0,1.0,0.0,0
34.0,22.0,15.37,6435.0,0.0,1.0,1.0,0.0,90.1,0.0,0.0,0.0,1.0,1.0,1.0,0.0,1.0,1.0,0.0,3.0,0.0,0.0,0.0,0.0,50.0,4549.45,0.0,768.5,0.0,0.0,1.0,0.0,1.0,0.0,0.0,1.0,0.0,0.0,1.0,0.0,1.0,0.0,0.0,0.0,0.0,1.0,0.0,0
61.0,26.0,27.56,4903.0,1.0,0.0,1.0,1.0,71.85,1.0,3.0,0.0,0.0,1.0,0.0,1.0,1.0,1.0,0.0,4.0,0.0,1.0,1.0,0.0,53.0,3827.9,0.0,1460.68,0.0,0.0,1.0,1.0,0.0,0.0,0.0,1.0,1.0,0.0,0.0,0.0,1.0,0.0,0.0,0.0,1.0,0.0,0.0,0
31.0,0.0,2.82,5422.0,0.0,0.0,0.0,1.0,20.15,0.0,0.0,10.0,0.0,0.0,1.0,1.0,1.0,0.0,1.0,5.0,0.0,0.0,0.0,0.0,49.0,973.35,0.0,138.18,0.0,0.0,0.0,0.0,0.0,1.0,1.0,0.0,0.0,0.0,1.0,0.0,1.0,0.0,0.0,0.0,1.0,0.0,0.0,0
39.0,28.0,41.23,4183.0,0.0,1.0,1.0,0.0,106.6,1.0,0.0,0.0,0.0,0.0,1.0,0.0,1.0,1.0,0.0,3.0,0.0,1.0,1.0,1.0,61.0,6428.4,0.0,2515.03,0.0,0.0,1.0,0.0,0.0,1.0,1.0,0.0,0.0,0.0,1.0,0.0,1.0,0.0,0.0,0.0,1.0,0.0,0.0,1
31.0,8.0,0.0,4151.0,0.0,0.0,1.0,1.0,58.65,0.0,0.0,3.0,1.0,1.0,0.0,1.0,0.0,1.0,1.0,4.0,0.0,1.0,1.0,1.0,71.0,4145.25,0.0,0.0,0.0,0.0,1.0,0.0,0.0,1.0,1.0,0.0,1.0,0.0,0.0,1.0,0.0,0.0,0.0,0.0,0.0,1.0,0.0,0
41.0,0.0,17.12,4747.0,0.0,0.0,0.0,1.0,25.8,1.0,0.0,8.0,0.0,0.0,0.0,1.0,1.0,0.0,1.0,4.0,0.0,0.0,0.0,0.0,68.0,1911.5,0.0,1164.16,0.0,0.0,0.0,0.0,0.0,1.0,1.0,0.0,0.0,0.0,1.0,1.0,0.0,0.0,0.0,0.0,0.0,1.0,0.0,0
53.0,21.0,25.04,2785.0,0.0,0.0,1.0,0.0,75.35,1.0,0.0,0.0,0.0,0.0,0.0,0.0,1.0,0.0,0.0,3.0,0.0,0.0,0.0,0.0,35.0,2636.05,0.0,876.4,0.0,0.0,1.0,1.0,0.0,0.0,0.0,1.0,0.0,0.0,1.0,0.0,0.0,1.0,0.0,0.0,0.0,1.0,0.0,1
19.0,0.0,14.1,5587.0,0.0,0.0,0.0,1.0,23.6,1.0,0.0,9.0,0.0,0.0,1.0,1.0,1.0,0.0,1.0,5.0,0.0,0.0,0.0,0.0,3.0,89.05,0.0,42.3,0.0,1.0,0.0,1.0,0.0,0.0,0.0,1.0,0.0,0.0,1.0,0.0,0.0,0.0,0.0,1.0,0.0,1.0,0.0,0
74.0,14.0,46.2,4588.0,0.0,1.0,1.0,1.0,113.0,1.0,0.0,8.0,1.0,1.0,1.0,1.0,1.0,1.0,1.0,3.0,1.0,1.0,0.0,1.0,70.0,7987.6,0.0,3234.0,0.0,0.0,1.0,0.0,0.0,1.0,1.0,0.0,0.0,0.0,1.0,1.0,0.0,0.0,0.0,0.0,0.0,1.0,0.0,0
66.0,19.0,13.51,2399.0,0.0,0.0,1.0,0.0,79.35,1.0,0.0,0.0,1.0,0.0,1.0,0.0,1.0,0.0,0.0,4.0,1.0,0.0,0.0,0.0,42.0,3344.1,0.0,567.42,0.0,0.0,1.0,0.0,1.0,0.0,0.0,1.0,0.0,0.0,1.0,0.0,1.0,0.0,0.0,0.0,1.0,0.0,0.0,0
34.0,14.0,33.54,4157.0,0.0,0.0,1.0,0.0,66.05,0.0,0.0,0.0,0.0,1.0,0.0,0.0,1.0,1.0,0.0,3.0,0.0,1.0,1.0,0.0,8.0,574.5,0.0,268.32,0.0,0.0,1.0,1.0,0.0,0.0,1.0,0.0,0.0,1.0,0.0,0.0,0.0,0.0,0.0,1.0,1.0,0.0,0.0,0
45.0,0.0,32.12,4425.0,1.0,0.0,0.0,1.0,20.95,0.0,2.0,9.0,0.0,0.0,1.0,1.0,1.0,0.0,1.0,5.0,0.0,0.0,0.0,0.0,60.0,1270.55,0.0,1927.2,0.0,0.0,0.0,0.0,0.0,1.0,0.0,1.0,0.0,0.0,1.0,0.0,1.0,0.0,0.0,0.0,1.0,0.0,0.0,0
58.0,9.0,36.3,4252.0,0.0,0.0,1.0,1.0,94.8,0.0,0.0,8.0,1.0,0.0,1.0,1.0,1.0,0.0,1.0,4.0,0.0,1.0,1.0,1.0,49.0,4690.65,70.0,1778.7,0.0,0.0,0.0,0.0,0.0,1.0,0.0,1.0,0.0,0.0,1.0,0.0,1.0,0.0,0.0,0.0,1.0,0.0,0.0,0
68.0,19.0,1.98,5957.0,0.0,0.0,1.0,1.0,96.55,1.0,0.0,5.0,1.0,1.0,1.0,1.0,1.0,0.0,1.0,1.0,1.0,1.0,0.0,0.0,68.0,6581.9,0.0,134.64,0.0,0.0,1.0,0.0,1.0,0.0,1.0,0.0,0.0,0.0,1.0,0.0,1.0,0.0,0.0,0.0,0.0,1.0,0.0,1
52.0,26.0,27.68,4978.0,0.0,0.0,1.0,0.0,55.7,0.0,0.0,0.0,0.0,1.0,0.0,0.0,1.0,1.0,0.0,4.0,0.0,0.0,0.0,0.0,14.0,795.15,100.0,387.52,0.0,0.0,0.0,0.0,1.0,0.0,1.0,0.0,0.0,1.0,0.0,0.0,1.0,0.0,0.0,0.0,0.0,1.0,0.0,0
33.0,23.0,0.0,4652.0,1.0,0.0,1.0,1.0,50.55,0.0,4.0,9.0,0.0,0.0,0.0,1.0,0.0,1.0,1.0,4.0,0.0,1.0,1.0,1.0,66.0,3364.55,110.0,0.0,0.0,0.0,0.0,0.0,0.0,1.0,0.0,1.0,1.0,0.0,0.0,1.0,0.0,0.0,0.0,0.0,1.0,0.0,0.0,0
71.0,11.0,18.23,6214.0,1.0,0.0,1.0,1.0,80.95,1.0,1.0,10.0,0.0,1.0,1.0,1.0,1.0,0.0,1.0,4.0,1.0,0.0,0.0,0.0,60.0,4859.1,0.0,1093.8,49.53,0.0,1.0,0.0,0.0,1.0,0.0,1.0,0.0,0.0,1.0,0.0,1.0,0.0,0.0,0.0,1.0,0.0,0.0,0
41.0,19.0,0.0,4451.0,1.0,1.0,1.0,1.0,46.0,0.0,1.0,0.0,0.0,0.0,0.0,1.0,0.0,1.0,0.0,4.0,0.0,1.0,1.0,0.0,54.0,2424.05,90.0,0.0,0.0,0.0,0.0,0.0,0.0,1.0,0.0,1.0,0.0,1.0,0.0,0.0,1.0,0.0,0.0,0.0,0.0,1.0,0.0,0
80.0,14.0,6.33,2793.0,1.0,0.0,1.0,1.0,76.5,1.0,1.0,1.0,0.0,0.0,1.0,1.0,1.0,0.0,1.0,2.0,1.0,0.0,0.0,0.0,37.0,2868.15,0.0,234.21,0.0,0.0,1.0,1.0,0.0,0.0,1.0,0.0,0.0,0.0,1.0,0.0,0.0,1.0,0.0,0.0,1.0,0.0,0.0,1
53.0,26.0,17.3,4815.0,0.0,0.0,1.0,0.0,74.3,0.0,0.0,0.0,0.0,1.0,0.0,0.0,1.0,0.0,0.0,4.0,0.0,0.0,0.0,0.0,25.0,1952.25,0.0,432.5,40.54,0.0,1.0,1.0,0.0,0.0,0.0,1.0,0.0,0.0,1.0,0.0,0.0,1.0,0.0,0.0,1.0,0.0,0.0,0
62.0,27.0,0.0,2088.0,0.0,0.0,1.0,0.0,25.25,0.0,0.0,0.0,0.0,0.0,0.0,0.0,0.0,0.0,0.0,1.0,0.0,0.0,0.0,0.0,3.0,58.9,0.0,0.0,0.0,0.0,1.0,1.0,0.0,0.0,1.0,0.0,0.0,1.0,0.0,0.0,1.0,0.0,0.0,0.0,1.0,0.0,0.0,1
46.0,0.0,2.76,5227.0,0.0,0.0,0.0,0.0,19.35,0.0,0.0,0.0,0.0,0.0,0.0,0.0,1.0,0.0,0.0,5.0,0.0,0.0,0.0,0.0,29.0,601.6,0.0,80.04,0.0,0.0,0.0,1.0,0.0,0.0,1.0,0.0,0.0,0.0,1.0,0.0,1.0,0.0,0.0,0.0,0.0,1.0,0.0,0
35.0,10.0,41.16,2087.0,0.0,0.0,1.0,0.0,44.75,0.0,0.0,0.0,0.0,0.0,0.0,0.0,1.0,0.0,0.0,2.0,0.0,0.0,0.0,0.0,6.0,270.95,10.0,246.96,0.0,0.0,0.0,1.0,0.0,0.0,0.0,1.0,1.0,0.0,0.0,0.0,1.0,0.0,0.0,0.0,1.0,0.0,0.0,1
62.0,12.0,15.69,2860.0,0.0,0.0,1.0,1.0,66.35,1.0,0.0,1.0,0.0,0.0,1.0,1.0,1.0,1.0,1.0,1.0,0.0,1.0,1.0,0.0,11.0,740.8,0.0,172.59,0.0,0.0,1.0,1.0,0.0,0.0,1.0,0.0,0.0,1.0,0.0,0.0,0.0,0.0,1.0,0.0,1.0,0.0,0.0,1
19.0,59.0,18.74,5895.0,1.0,0.0,1.0,0.0,106.6,1.0,2.0,0.0,1.0,0.0,1.0,0.0,1.0,1.0,0.0,4.0,0.0,1.0,1.0,1.0,67.0,7244.7,0.0,1255.58,0.0,1.0,1.0,0.0,1.0,0.0,1.0,0.0,0.0,0.0,1.0,1.0,0.0,0.0,0.0,0.0,1.0,0.0,0.0,0
41.0,19.0,31.4,5795.0,1.0,1.0,1.0,1.0,105.25,0.0,2.0,3.0,1.0,1.0,1.0,1.0,1.0,0.0,1.0,3.0,0.0,1.0,1.0,1.0,68.0,7173.15,0.0,2135.2,0.0,0.0,1.0,0.0,0.0,1.0,0.0,1.0,0.0,0.0,1.0,0.0,1.0,0.0,0.0,0.0,1.0,0.0,0.0,0
77.0,16.0,14.87,4270.0,0.0,1.0,1.0,1.0,80.3,0.0,0.0,5.0,0.0,1.0,0.0,1.0,1.0,0.0,1.0,3.0,1.0,0.0,0.0,0.0,64.0,5017.7,0.0,951.68,0.0,0.0,1.0,0.0,1.0,0.0,0.0,1.0,0.0,0.0,1.0,0.0,1.0,0.0,0.0,0.0,0.0,1.0,0.0,0
75.0,13.0,39.51,2015.0,0.0,0.0,1.0,0.0,84.8,1.0,0.0,0.0,0.0,0.0,1.0,0.0,1.0,0.0,0.0,3.0,1.0,0.0,0.0,1.0,7.0,546.95,0.0,276.57,0.0,0.0,0.0,1.0,0.0,0.0,0.0,1.0,0.0,0.0,1.0,0.0,1.0,0.0,0.0,0.0,1.0,0.0,0.0,1
34.0,18.0,5.63,2895.0,0.0,1.0,1.0,0.0,98.1,0.0,0.0,0.0,0.0,0.0,1.0,0.0,1.0,1.0,0.0,1.0,0.0,1.0,1.0,1.0,4.0,396.3,0.0,22.52,0.0,0.0,1.0,1.0,0.0,0.0,1.0,0.0,0.0,0.0,1.0,0.0,0.0,0.0,0.0,1.0,1.0,0.0,0.0,1
60.0,3.0,25.66,2921.0,0.0,1.0,1.0,0.0,100.5,1.0,0.0,0.0,0.0,0.0,1.0,0.0,1.0,0.0,0.0,3.0,0.0,1.0,1.0,1.0,26.0,2599.95,0.0,667.16,0.0,0.0,1.0,1.0,0.0,0.0,1.0,0.0,0.0,0.0,1.0,0.0,0.0,1.0,0.0,0.0,1.0,0.0,0.0,0
21.0,0.0,8.38,4345.0,0.0,0.0,0.0,0.0,19.0,0.0,0.0,0.0,0.0,0.0,0.0,0.0,1.0,0.0,0.0,5.0,0.0,0.0,0.0,0.0,4.0,73.45,0.0,33.52,0.0,1.0,0.0,1.0,0.0,0.0,0.0,1.0,0.0,0.0,1.0,0.0,1.0,0.0,0.0,0.0,0.0,1.0,0.0,0
65.0,4.0,16.34,6363.0,0.0,0.0,1.0,1.0,89.95,1.0,0.0,1.0,1.0,0.0,1.0,1.0,1.0,0.0,1.0,1.0,1.0,0.0,0.0,1.0,69.0,6143.15,110.0,1127.46,6.79,0.0,0.0,1.0,0.0,0.0,0.0,1.0,0.0,0.0,1.0,0.0,1.0,0.0,0.0,0.0,1.0,0.0,0.0,1
35.0,0.0,11.77,5867.0,0.0,0.0,0.0,1.0,20.85,0.0,0.0,9.0,0.0,0.0,0.0,1.0,1.0,0.0,1.0,3.0,0.0,0.0,0.0,0.0,3.0,72.0,0.0,35.31,0.0,0.0,0.0,1.0,0.0,0.0,1.0,0.0,0.0,0.0,1.0,0.0,1.0,0.0,0.0,0.0,0.0,1.0,0.0,0
73.0,30.0,29.41,5831.0,0.0,0.0,1.0,0.0,85.15,0.0,0.0,0.0,0.0,1.0,1.0,0.0,1.0,0.0,0.0,2.0,1.0,0.0,0.0,1.0,6.0,503.6,0.0,176.46,0.0,0.0,1.0,1.0,0.0,0.0,0.0,1.0,0.0,0.0,1.0,0.0,0.0,0.0,0.0,1.0,1.0,0.0,0.0,1
31.0,24.0,11.73,3037.0,0.0,0.0,1.0,0.0,45.6,0.0,0.0,0.0,0.0,0.0,1.0,0.0,1.0,0.0,0.0,1.0,0.0,0.0,0.0,0.0,1.0,45.6,0.0,11.73,0.0,0.0,1.0,1.0,0.0,0.0,0.0,1.0,0.0,1.0,0.0,0.0,0.0,0.0,0.0,1.0,1.0,0.0,0.0,1
27.0,0.0,12.39,4905.0,0.0,0.0,0.0,0.0,20.9,0.0,0.0,0.0,0.0,0.0,1.0,0.0,1.0,0.0,0.0,5.0,0.0,0.0,0.0,0.0,10.0,247.0,0.0,123.9,0.0,1.0,0.0,1.0,0.0,0.0,1.0,0.0,0.0,0.0,1.0,0.0,1.0,0.0,0.0,0.0,0.0,1.0,0.0,0
44.0,15.0,35.32,5871.0,0.0,1.0,1.0,0.0,89.4,1.0,0.0,0.0,0.0,0.0,0.0,0.0,1.0,0.0,0.0,5.0,0.0,1.0,1.0,0.0,54.0,4869.5,0.0,1907.28,0.0,0.0,1.0,1.0,0.0,0.0,0.0,1.0,0.0,0.0,1.0,0.0,1.0,0.0,0.0,0.0,0.0,1.0,0.0,0
55.0,7.0,45.56,3445.0,0.0,0.0,1.0,0.0,64.35,0.0,0.0,0.0,1.0,1.0,0.0,0.0,1.0,0.0,0.0,3.0,0.0,1.0,1.0,0.0,34.0,2053.05,0.0,1549.04,46.39,0.0,1.0,0.0,1.0,0.0,1.0,0.0,0.0,1.0,0.0,0.0,1.0,0.0,0.0,0.0,1.0,0.0,0.0,0
66.0,0.0,10.48,6136.0,0.0,0.0,0.0,0.0,20.0,0.0,0.0,0.0,0.0,0.0,1.0,0.0,1.0,0.0,0.0,5.0,1.0,0.0,0.0,0.0,68.0,1396.0,0.0,712.64,0.0,0.0,0.0,0.0,0.0,1.0,0.0,1.0,0.0,0.0,1.0,1.0,0.0,0.0,0.0,0.0,0.0,1.0,0.0,0
64.0,11.0,36.15,3571.0,1.0,1.0,1.0,1.0,78.65,1.0,2.0,6.0,0.0,0.0,1.0,1.0,1.0,1.0,1.0,3.0,0.0,1.0,1.0,1.0,22.0,1663.75,0.0,795.3,0.0,0.0,1.0,0.0,1.0,0.0,0.0,1.0,0.0,1.0,0.0,0.0,1.0,0.0,0.0,0.0,0.0,1.0,0.0,0
26.0,52.0,11.76,4825.0,0.0,1.0,1.0,0.0,95.1,1.0,0.0,0.0,0.0,0.0,1.0,0.0,1.0,1.0,0.0,3.0,0.0,1.0,1.0,0.0,54.0,5064.85,0.0,635.04,0.0,1.0,1.0,0.0,0.0,1.0,1.0,0.0,0.0,0.0,1.0,0.0,1.0,0.0,0.0,0.0,1.0,0.0,0.0,0
37.0,14.0,48.38,3212.0,0.0,0.0,1.0,1.0,80.3,0.0,0.0,1.0,0.0,0.0,1.0,1.0,1.0,0.0,1.0,1.0,0.0,1.0,1.0,0.0,3.0,250.05,0.0,145.14,0.0,0.0,1.0,1.0,0.0,0.0,1.0,0.0,0.0,0.0,1.0,0.0,0.0,0.0,0.0,1.0,1.0,0.0,0.0,1
22.0,27.0,31.03,2318.0,0.0,0.0,1.0,0.0,85.45,1.0,0.0,0.0,0.0,0.0,1.0,0.0,1.0,0.0,0.0,1.0,0.0,1.0,1.0,0.0,1.0,85.45,0.0,31.03,0.0,1.0,1.0,1.0,0.0,0.0,1.0,0.0,0.0,0.0,1.0,0.0,1.0,0.0,0.0,0.0,0.0,1.0,0.0,1
32.0,57.0,13.13,2483.0,1.0,0.0,1.0,0.0,79.35,0.0,3.0,0.0,0.0,0.0,1.0,0.0,1.0,0.0,0.0,1.0,0.0,0.0,0.0,1.0,1.0,79.35,0.0,13.13,0.0,0.0,1.0,1.0,0.0,0.0,1.0,0.0,0.0,0.0,1.0,0.0,1.0,0.0,0.0,0.0,1.0,0.0,0.0,1
22.0,85.0,1.74,5146.0,0.0,1.0,1.0,0.0,65.25,0.0,0.0,0.0,1.0,0.0,0.0,0.0,1.0,0.0,0.0,5.0,0.0,0.0,0.0,1.0,22.0,1441.8,0.0,38.28,0.0,1.0,1.0,0.0,1.0,0.0,1.0,0.0,0.0,1.0,0.0,0.0,1.0,0.0,0.0,0.0,1.0,0.0,0.0,0
23.0,73.0,25.46,5027.0,0.0,1.0,1.0,1.0,105.7,1.0,0.0,2.0,1.0,0.0,1.0,1.0,1.0,0.0,1.0,4.0,0.0,1.0,1.0,1.0,67.0,6816.95,0.0,1705.82,0.0,1.0,1.0,0.0,1.0,0.0,1.0,0.0,0.0,0.0,1.0,1.0,0.0,0.0,0.0,0.0,1.0,0.0,0.0,0
24.0,76.0,49.61,4705.0,0.0,0.0,1.0,0.0,75.0,0.0,0.0,0.0,0.0,1.0,0.0,0.0,1.0,1.0,0.0,3.0,0.0,1.0,1.0,1.0,26.0,1908.35,0.0,1289.86,0.0,1.0,1.0,0.0,1.0,0.0,0.0,1.0,0.0,1.0,0.0,0.0,1.0,0.0,0.0,0.0,1.0,0.0,0.0,0
71.0,2.0,6.13,5400.0,0.0,0.0,1.0,0.0,79.2,1.0,0.0,0.0,1.0,0.0,1.0,0.0,1.0,0.0,0.0,5.0,1.0,0.0,0.0,0.0,59.0,4590.35,0.0,361.67,0.0,0.0,1.0,0.0,0.0,1.0,1.0,0.0,0.0,0.0,1.0,0.0,1.0,0.0,0.0,0.0,0.0,1.0,0.0,0
59.0,58.0,4.67,4479.0,1.0,0.0,1.0,1.0,75.8,1.0,3.0,3.0,0.0,0.0,1.0,1.0,1.0,0.0,1.0,5.0,0.0,0.0,0.0,0.0,22.0,1615.1,0.0,102.74,0.0,0.0,1.0,1.0,0.0,0.0,1.0,0.0,0.0,0.0,1.0,0.0,0.0,0.0,1.0,0.0,1.0,0.0,0.0,0
40.0,0.0,27.59,3167.0,0.0,0.0,0.0,0.0,20.15,0.0,0.0,0.0,0.0,0.0,0.0,0.0,1.0,0.0,0.0,4.0,0.0,0.0,0.0,0.0,1.0,20.15,0.0,27.59,0.0,0.0,0.0,1.0,0.0,0.0,1.0,0.0,0.0,0.0,1.0,0.0,1.0,0.0,0.0,0.0,0.0,0.0,1.0,0
32.0,28.0,41.37,4320.0,0.0,0.0,1.0,0.0,75.55,1.0,0.0,0.0,0.0,0.0,1.0,0.0,1.0,0.0,0.0,2.0,0.0,0.0,0.0,0.0,2.0,166.3,0.0,82.74,0.0,0.0,1.0,1.0,0.0,0.0,1.0,0.0,0.0,0.0,1.0,0.0,1.0,0.0,0.0,0.0,1.0,0.0,0.0,1
64.0,30.0,33.53,2168.0,0.0,0.0,1.0,0.0,54.65,0.0,0.0,0.0,0.0,0.0,0.0,0.0,1.0,0.0,0.0,5.0,0.0,1.0,1.0,0.0,3.0,189.1,0.0,100.59,0.0,0.0,1.0,1.0,0.0,0.0,0.0,1.0,0.0,1.0,0.0,0.0,1.0,0.0,0.0,0.0,0.0,0.0,1.0,0
54.0,7.0,22.39,2122.0,0.0,1.0,1.0,0.0,105.1,0.0,0.0,0.0,0.0,1.0,0.0,0.0,1.0,1.0,0.0,1.0,0.0,1.0,1.0,1.0,15.0,1582.75,0.0,335.85,0.0,0.0,1.0,1.0,0.0,0.0,1.0,0.0,0.0,0.0,1.0,0.0,1.0,0.0,0.0,0.0,1.0,0.0,0.0,1
43.0,0.0,11.02,4254.0,0.0,0.0,0.0,0.0,19.95,0.0,0.0,0.0,0.0,0.0,0.0,0.0,1.0,0.0,0.0,5.0,0.0,0.0,0.0,0.0,48.0,1004.5,0.0,528.96,0.0,0.0,0.0,0.0,1.0,0.0,0.0,1.0,0.0,0.0,1.0,0.0,1.0,0.0,0.0,0.0,1.0,0.0,0.0,0
36.0,0.0,2.82,2289.0,1.0,0.0,0.0,1.0,18.7,0.0,3.0,3.0,0.0,0.0,1.0,1.0,1.0,0.0,1.0,4.0,0.0,0.0,0.0,0.0,25.0,383.65,0.0,70.5,0.0,0.0,0.0,0.0,0.0,1.0,1.0,0.0,0.0,0.0,1.0,0.0,0.0,1.0,0.0,0.0,0.0,1.0,0.0,0
28.0,51.0,40.64,3291.0,0.0,0.0,1.0,0.0,85.95,0.0,0.0,0.0,1.0,0.0,1.0,0.0,1.0,0.0,0.0,5.0,0.0,1.0,1.0,0.0,6.0,514.6,0.0,243.84,0.0,1.0,1.0,1.0,0.0,0.0,1.0,0.0,0.0,0.0,1.0,0.0,1.0,0.0,0.0,0.0,0.0,1.0,0.0,0
71.0,18.0,15.62,5428.0,0.0,1.0,1.0,0.0,83.0,1.0,0.0,0.0,1.0,1.0,0.0,0.0,1.0,1.0,0.0,3.0,1.0,0.0,0.0,1.0,63.0,5243.05,0.0,984.06,0.0,0.0,1.0,0.0,1.0,0.0,1.0,0.0,0.0,1.0,0.0,0.0,1.0,0.0,0.0,0.0,1.0,0.0,0.0,0
68.0,29.0,33.81,4803.0,0.0,1.0,1.0,1.0,100.65,1.0,0.0,1.0,0.0,0.0,1.0,1.0,1.0,0.0,1.0,1.0,1.0,1.0,0.0,1.0,56.0,5688.05,130.0,1893.36,0.0,0.0,0.0,1.0,0.0,0.0,1.0,0.0,1.0,0.0,0.0,0.0,1.0,0.0,0.0,0.0,1.0,0.0,0.0,1
23.0,26.0,18.83,3905.0,0.0,0.0,1.0,0.0,85.2,1.0,0.0,0.0,0.0,0.0,1.0,0.0,1.0,0.0,0.0,1.0,0.0,1.0,1.0,0.0,7.0,602.55,0.0,131.81,0.0,1.0,1.0,1.0,0.0,0.0,0.0,1.0,0.0,0.0,1.0,0.0,0.0,0.0,0.0,1.0,0.0,1.0,0.0,1
36.0,51.0,9.5,4952.0,1.0,0.0,1.0,1.0,84.2,1.0,3.0,6.0,1.0,0.0,0.0,1.0,1.0,1.0,1.0,5.0,0.0,0.0,0.0,0.0,51.0,4299.75,0.0,484.5,39.68,0.0,1.0,0.0,1.0,0.0,0.0,1.0,0.0,0.0,1.0,0.0,1.0,0.0,0.0,0.0,1.0,0.0,0.0,0
36.0,29.0,0.0,4840.0,0.0,0.0,1.0,1.0,49.95,0.0,0.0,1.0,0.0,0.0,1.0,1.0,0.0,1.0,1.0,1.0,0.0,1.0,1.0,1.0,16.0,810.2,0.0,0.0,0.0,0.0,1.0,1.0,0.0,0.0,1.0,0.0,0.0,1.0,0.0,0.0,0.0,0.0,1.0,0.0,1.0,0.0,0.0,1
40.0,0.0,46.9,5975.0,1.0,0.0,0.0,1.0,20.0,0.0,2.0,7.0,0.0,0.0,0.0,1.0,1.0,0.0,1.0,5.0,0.0,0.0,0.0,0.0,63.0,1209.25,0.0,2954.7,0.0,0.0,0.0,0.0,0.0,1.0,1.0,0.0,0.0,0.0,1.0,0.0,1.0,0.0,0.0,0.0,0.0,1.0,0.0,0
63.0,7.0,0.0,4247.0,0.0,0.0,1.0,0.0,39.1,0.0,0.0,0.0,1.0,1.0,0.0,0.0,0.0,1.0,0.0,3.0,0.0,0.0,0.0,0.0,52.0,1982.1,130.0,0.0,0.0,0.0,0.0,0.0,0.0,1.0,1.0,0.0,0.0,1.0,0.0,0.0,1.0,0.0,0.0,0.0,0.0,1.0,0.0,0
43.0,0.0,46.94,4283.0,0.0,0.0,0.0,0.0,19.5,0.0,0.0,0.0,0.0,0.0,1.0,0.0,1.0,0.0,0.0,4.0,0.0,0.0,0.0,0.0,9.0,178.85,0.0,422.46,0.0,0.0,0.0,1.0,0.0,0.0,1.0,0.0,0.0,0.0,1.0,0.0,1.0,0.0,0.0,0.0,1.0,0.0,0.0,0
42.0,20.0,34.05,4600.0,0.0,0.0,1.0,1.0,88.8,1.0,0.0,1.0,1.0,1.0,1.0,1.0,1.0,1.0,1.0,3.0,0.0,0.0,0.0,0.0,19.0,1672.35,0.0,646.95,0.0,0.0,1.0,1.0,0.0,0.0,0.0,1.0,0.0,0.0,1.0,0.0,0.0,0.0,1.0,0.0,0.0,1.0,0.0,0
49.0,28.0,0.0,4051.0,1.0,1.0,1.0,1.0,54.65,0.0,3.0,0.0,0.0,0.0,0.0,1.0,0.0,1.0,0.0,5.0,0.0,1.0,1.0,1.0,66.0,3632.0,0.0,0.0,46.75,0.0,1.0,0.0,0.0,1.0,0.0,1.0,0.0,1.0,0.0,0.0,1.0,0.0,0.0,0.0,1.0,0.0,0.0,0
31.0,0.0,3.05,4344.0,0.0,0.0,0.0,0.0,20.45,0.0,0.0,0.0,0.0,0.0,0.0,0.0,1.0,0.0,0.0,5.0,0.0,0.0,0.0,0.0,4.0,82.85,0.0,12.2,0.0,0.0,0.0,1.0,0.0,0.0,1.0,0.0,0.0,0.0,1.0,0.0,1.0,0.0,0.0,0.0,0.0,1.0,0.0,0
34.0,16.0,19.52,3843.0,0.0,0.0,1.0,0.0,45.85,0.0,0.0,0.0,0.0,0.0,0.0,0.0,1.0,0.0,0.0,1.0,0.0,0.0,0.0,0.0,2.0,81.0,0.0,39.04,0.0,0.0,1.0,1.0,0.0,0.0,0.0,1.0,1.0,0.0,0.0,0.0,1.0,0.0,0.0,0.0,0.0,1.0,0.0,1
38.0,15.0,44.2,2762.0,0.0,0.0,1.0,1.0,55.05,0.0,0.0,6.0,0.0,0.0,1.0,1.0,1.0,0.0,1.0,3.0,0.0,0.0,0.0,1.0,11.0,608.15,0.0,486.2,0.0,0.0,1.0,1.0,0.0,0.0,0.0,1.0,0.0,1.0,0.0,0.0,1.0,0.0,0.0,0.0,1.0,0.0,0.0,0
51.0,10.0,14.54,3723.0,0.0,1.0,1.0,0.0,106.35,1.0,0.0,0.0,1.0,0.0,1.0,0.0,1.0,0.0,0.0,4.0,0.0,1.0,1.0,1.0,47.0,4849.1,0.0,683.38,0.0,0.0,1.0,1.0,0.0,0.0,1.0,0.0,0.0,0.0,1.0,0.0,1.0,0.0,0.0,0.0,1.0,0.0,0.0,0
38.0,0.0,40.2,4258.0,0.0,0.0,0.0,0.0,20.0,0.0,0.0,0.0,0.0,0.0,0.0,0.0,1.0,0.0,0.0,3.0,0.0,0.0,0.0,0.0,3.0,63.6,0.0,120.6,0.0,0.0,0.0,1.0,0.0,0.0,1.0,0.0,0.0,0.0,1.0,0.0,1.0,0.0,0.0,0.0,0.0,0.0,1.0,0
56.0,0.0,28.06,4458.0,1.0,0.0,0.0,1.0,20.05,0.0,3.0,1.0,0.0,0.0,0.0,1.0,1.0,0.0,1.0,5.0,0.0,0.0,0.0,0.0,18.0,345.9,0.0,505.08,0.0,0.0,0.0,0.0,1.0,0.0,0.0,1.0,0.0,0.0,1.0,0.0,0.0,0.0,1.0,0.0,1.0,0.0,0.0,0
58.0,15.0,40.49,4165.0,0.0,1.0,1.0,1.0,104.8,1.0,0.0,4.0,1.0,0.0,1.0,1.0,1.0,0.0,1.0,4.0,0.0,1.0,1.0,1.0,72.0,7470.1,0.0,2915.28,0.0,0.0,1.0,0.0,0.0,1.0,0.0,1.0,0.0,0.0,1.0,0.0,1.0,0.0,0.0,0.0,1.0,0.0,0.0,0
66.0,8.0,20.19,6270.0,0.0,1.0,1.0,1.0,102.1,1.0,0.0,2.0,0.0,0.0,0.0,1.0,1.0,1.0,1.0,4.0,1.0,1.0,1.0,1.0,64.0,6538.45,0.0,1292.16,0.0,0.0,1.0,0.0,0.0,1.0,0.0,1.0,0.0,0.0,1.0,0.0,1.0,0.0,0.0,0.0,1.0,0.0,0.0,0
57.0,11.0,34.97,4528.0,0.0,1.0,1.0,1.0,90.6,1.0,0.0,1.0,1.0,1.0,1.0,1.0,1.0,1.0,1.0,3.0,0.0,1.0,1.0,1.0,72.0,6441.85,0.0,2517.84,0.0,0.0,1.0,0.0,0.0,1.0,0.0,1.0,1.0,0.0,0.0,0.0,1.0,0.0,0.0,0.0,0.0,1.0,0.0,0
57.0,18.0,20.67,5413.0,0.0,0.0,1.0,1.0,75.0,0.0,0.0,8.0,0.0,1.0,1.0,1.0,1.0,0.0,1.0,3.0,0.0,0.0,0.0,0.0,8.0,658.1,0.0,165.36,0.0,0.0,1.0,1.0,0.0,0.0,0.0,1.0,0.0,0.0,1.0,0.0,0.0,0.0,0.0,1.0,0.0,1.0,0.0,0
41.0,12.0,48.77,4688.0,0.0,1.0,1.0,1.0,102.45,1.0,0.0,1.0,1.0,0.0,1.0,1.0,1.0,0.0,1.0,1.0,0.0,1.0,1.0,1.0,66.0,6615.15,130.0,3218.82,0.0,0.0,0.0,0.0,1.0,0.0,1.0,0.0,0.0,0.0,1.0,1.0,0.0,0.0,0.0,0.0,0.0,1.0,0.0,1
68.0,25.0,0.0,4564.0,0.0,0.0,1.0,1.0,36.5,0.0,0.0,1.0,0.0,0.0,0.0,1.0,0.0,0.0,1.0,1.0,1.0,1.0,0.0,0.0,27.0,1032.0,30.0,0.0,0.0,0.0,0.0,1.0,0.0,0.0,0.0,1.0,0.0,1.0,0.0,0.0,0.0,1.0,0.0,0.0,1.0,0.0,0.0,1
73.0,25.0,17.22,2136.0,0.0,0.0,1.0,1.0,63.55,1.0,0.0,5.0,1.0,1.0,1.0,1.0,1.0,1.0,1.0,3.0,1.0,0.0,0.0,0.0,22.0,1381.8,0.0,378.84,0.0,0.0,1.0,0.0,0.0,1.0,1.0,0.0,0.0,1.0,0.0,0.0,0.0,0.0,1.0,0.0,0.0,1.0,0.0,0
40.0,11.0,27.53,3013.0,0.0,0.0,1.0,0.0,64.95,0.0,0.0,0.0,0.0,1.0,0.0,0.0,1.0,1.0,0.0,3.0,0.0,1.0,1.0,0.0,9.0,547.8,0.0,247.77,0.0,0.0,1.0,1.0,0.0,0.0,0.0,1.0,1.0,0.0,0.0,0.0,0.0,0.0,0.0,1.0,0.0,1.0,0.0,0
40.0,30.0,35.87,6006.0,0.0,0.0,1.0,0.0,59.75,1.0,0.0,0.0,1.0,1.0,1.0,0.0,1.0,0.0,0.0,1.0,0.0,0.0,0.0,0.0,49.0,2934.3,0.0,1757.63,0.0,0.0,1.0,1.0,0.0,0.0,1.0,0.0,0.0,1.0,0.0,0.0,1.0,0.0,0.0,0.0,0.0,1.0,0.0,1
59.0,11.0,0.0,3461.0,1.0,1.0,1.0,0.0,53.15,0.0,1.0,0.0,1.0,1.0,0.0,0.0,0.0,1.0,0.0,4.0,0.0,0.0,0.0,1.0,21.0,1183.2,0.0,0.0,19.13,0.0,1.0,0.0,0.0,1.0,1.0,0.0,0.0,1.0,0.0,0.0,1.0,0.0,0.0,0.0,0.0,1.0,0.0,0
46.0,0.0,44.84,6334.0,0.0,0.0,0.0,1.0,25.05,1.0,0.0,0.0,0.0,0.0,0.0,1.0,1.0,0.0,0.0,5.0,0.0,0.0,0.0,0.0,71.0,1873.7,0.0,3183.64,0.0,0.0,0.0,0.0,0.0,1.0,1.0,0.0,0.0,0.0,1.0,0.0,1.0,0.0,0.0,0.0,0.0,1.0,0.0,0
38.0,0.0,18.0,3243.0,1.0,0.0,0.0,1.0,19.8,0.0,1.0,10.0,0.0,0.0,0.0,1.0,1.0,0.0,1.0,3.0,0.0,0.0,0.0,0.0,21.0,350.1,0.0,378.0,0.0,0.0,0.0,0.0,1.0,0.0,0.0,1.0,0.0,0.0,1.0,0.0,1.0,0.0,0.0,0.0,0.0,1.0,0.0,0
70.0,12.0,11.74,5151.0,1.0,1.0,1.0,1.0,108.9,1.0,1.0,7.0,1.0,0.0,1.0,1.0,1.0,1.0,1.0,3.0,1.0,1.0,1.0,1.0,34.0,3625.2,30.0,399.16,0.0,0.0,0.0,1.0,0.0,0.0,0.0,1.0,0.0,0.0,1.0,0.0,1.0,0.0,0.0,0.0,1.0,0.0,0.0,0
30.0,82.0,17.31,4397.0,0.0,0.0,1.0,1.0,80.45,1.0,0.0,1.0,0.0,1.0,0.0,1.0,1.0,1.0,1.0,3.0,0.0,1.0,1.0,1.0,42.0,3375.9,0.0,727.02,0.0,0.0,1.0,0.0,1.0,0.0,0.0,1.0,1.0,0.0,0.0,0.0,1.0,0.0,0.0,0.0,0.0,1.0,0.0,0
68.0,4.0,46.24,3935.0,0.0,1.0,1.0,1.0,85.7,0.0,0.0,4.0,0.0,0.0,1.0,1.0,1.0,0.0,1.0,3.0,1.0,0.0,0.0,1.0,26.0,2067.0,0.0,1202.24,0.0,0.0,1.0,0.0,0.0,1.0,1.0,0.0,0.0,0.0,1.0,0.0,1.0,0.0,0.0,0.0,0.0,1.0,0.0,0
40.0,57.0,46.1,4952.0,1.0,0.0,1.0,1.0,111.1,1.0,3.0,1.0,1.0,1.0,1.0,1.0,1.0,1.0,1.0,4.0,0.0,1.0,1.0,1.0,59.0,6555.2,0.0,2719.9,0.0,0.0,1.0,0.0,0.0,1.0,0.0,1.0,0.0,0.0,1.0,0.0,1.0,0.0,0.0,0.0,0.0,1.0,0.0,0
59.0,16.0,35.22,4129.0,0.0,1.0,1.0,1.0,95.75,1.0,0.0,1.0,1.0,0.0,1.0,1.0,1.0,0.0,1.0,2.0,0.0,0.0,0.0,1.0,60.0,5742.9,0.0,2113.2,0.0,0.0,1.0,1.0,0.0,0.0,0.0,1.0,0.0,0.0,1.0,0.0,1.0,0.0,0.0,0.0,1.0,0.0,0.0,1
29.0,0.0,48.87,4838.0,0.0,0.0,0.0,1.0,19.95,0.0,0.0,0.0,0.0,0.0,0.0,1.0,1.0,0.0,0.0,5.0,0.0,0.0,0.0,0.0,56.0,1126.75,0.0,2736.72,0.0,1.0,0.0,0.0,1.0,0.0,0.0,1.0,0.0,0.0,1.0,0.0,1.0,0.0,0.0,0.0,0.0,1.0,0.0,0
61.0,29.0,44.34,4062.0,0.0,0.0,1.0,1.0,75.85,1.0,0.0,1.0,0.0,0.0,1.0,1.0,1.0,0.0,1.0,2.0,0.0,0.0,0.0,0.0,3.0,256.6,0.0,133.02,0.0,0.0,1.0,1.0,0.0,0.0,1.0,0.0,0.0,0.0,1.0,0.0,0.0,0.0,0.0,1.0,1.0,0.0,0.0,1
43.0,19.0,28.35,3764.0,1.0,1.0,1.0,0.0,106.6,0.0,1.0,0.0,0.0,1.0,1.0,0.0,1.0,1.0,0.0,1.0,0.0,1.0,1.0,1.0,19.0,1934.45,40.0,538.65,21.72,0.0,0.0,1.0,0.0,0.0,1.0,0.0,0.0,0.0,1.0,0.0,1.0,0.0,0.0,0.0,1.0,0.0,0.0,1
62.0,23.0,48.29,3359.0,0.0,0.0,1.0,1.0,56.6,1.0,0.0,5.0,1.0,0.0,0.0,1.0,1.0,0.0,1.0,5.0,0.0,0.0,0.0,0.0,40.0,2379.1,0.0,1931.6,0.0,0.0,1.0,1.0,0.0,0.0,1.0,0.0,0.0,1.0,0.0,0.0,1.0,0.0,0.0,0.0,0.0,1.0,0.0,0
62.0,58.0,34.54,5641.0,1.0,1.0,1.0,1.0,99.9,1.0,3.0,3.0,0.0,0.0,1.0,1.0,1.0,0.0,1.0,5.0,0.0,1.0,1.0,1.0,61.0,6241.35,0.0,2106.94,0.0,0.0,1.0,0.0,1.0,0.0,0.0,1.0,0.0,0.0,1.0,0.0,1.0,0.0,0.0,0.0,1.0,0.0,0.0,0
76.0,17.0,17.12,2502.0,0.0,1.0,1.0,1.0,60.7,0.0,0.0,2.0,0.0,0.0,0.0,1.0,1.0,0.0,1.0,5.0,1.0,1.0,0.0,0.0,26.0,1597.4,0.0,445.12,0.0,0.0,1.0,0.0,1.0,0.0,1.0,0.0,1.0,0.0,0.0,0.0,1.0,0.0,0.0,0.0,0.0,1.0,0.0,0
52.0,8.0,23.45,6149.0,0.0,1.0,1.0,0.0,89.65,1.0,0.0,0.0,1.0,1.0,0.0,0.0,1.0,1.0,0.0,3.0,0.0,1.0,1.0,1.0,61.0,5308.7,0.0,1430.45,0.0,0.0,1.0,0.0,0.0,1.0,1.0,0.0,0.0,1.0,0.0,0.0,1.0,0.0,0.0,0.0,1.0,0.0,0.0,0
61.0,30.0,32.86,4310.0,0.0,0.0,1.0,1.0,74.4,0.0,0.0,10.0,0.0,1.0,0.0,1.0,1.0,1.0,1.0,3.0,0.0,1.0,1.0,1.0,24.0,1712.9,0.0,788.64,0.0,0.0,1.0,0.0,1.0,0.0,0.0,1.0,1.0,0.0,0.0,0.0,0.0,1.0,0.0,0.0,1.0,0.0,0.0,0
37.0,22.0,20.64,4501.0,0.0,1.0,1.0,0.0,80.7,1.0,0.0,0.0,0.0,0.0,1.0,0.0,1.0,0.0,0.0,3.0,0.0,0.0,0.0,0.0,26.0,2193.0,0.0,536.64,0.0,0.0,1.0,1.0,0.0,0.0,1.0,0.0,0.0,0.0,1.0,0.0,0.0,1.0,0.0,0.0,1.0,0.0,0.0,0
80.0,0.0,7.03,4577.0,0.0,0.0,0.0,0.0,19.2,0.0,0.0,0.0,0.0,0.0,0.0,0.0,1.0,0.0,0.0,5.0,1.0,0.0,0.0,0.0,2.0,37.2,0.0,14.06,0.0,0.0,0.0,0.0,0.0,1.0,0.0,1.0,0.0,0.0,1.0,0.0,1.0,0.0,0.0,0.0,1.0,0.0,0.0,0
35.0,25.0,0.0,5748.0,1.0,1.0,1.0,1.0,56.75,0.0,3.0,4.0,1.0,0.0,1.0,1.0,0.0,0.0,1.0,3.0,0.0,1.0,1.0,1.0,66.0,3708.4,0.0,0.0,0.0,0.0,1.0,0.0,0.0,1.0,0.0,1.0,1.0,0.0,0.0,0.0,1.0,0.0,0.0,0.0,0.0,1.0,0.0,0
45.0,9.0,40.33,4778.0,0.0,1.0,1.0,1.0,93.15,1.0,0.0,1.0,1.0,1.0,1.0,1.0,1.0,0.0,1.0,3.0,0.0,0.0,0.0,0.0,56.0,5253.95,0.0,2258.48,0.0,0.0,1.0,0.0,1.0,0.0,0.0,1.0,0.0,0.0,1.0,0.0,1.0,0.0,0.0,0.0,1.0,0.0,0.0,0
39.0,18.0,42.55,4658.0,0.0,1.0,1.0,1.0,72.1,1.0,0.0,5.0,1.0,1.0,0.0,1.0,1.0,1.0,1.0,3.0,0.0,0.0,0.0,0.0,72.0,5016.65,0.0,3063.6,0.0,0.0,1.0,0.0,0.0,1.0,0.0,1.0,0.0,1.0,0.0,0.0,1.0,0.0,0.0,0.0,0.0,1.0,0.0,0
31.0,0.0,7.72,5346.0,0.0,0.0,0.0,0.0,20.7,0.0,0.0,0.0,0.0,0.0,0.0,0.0,1.0,0.0,0.0,5.0,0.0,0.0,0.0,0.0,6.0,112.75,0.0,46.32,0.0,0.0,0.0,1.0,0.0,0.0,1.0,0.0,0.0,0.0,1.0,0.0,0.0,0.0,0.0,1.0,0.0,1.0,0.0,0
27.0,59.0,34.49,3936.0,0.0,1.0,1.0,0.0,100.45,1.0,0.0,0.0,0.0,0.0,0.0,0.0,1.0,0.0,0.0,5.0,0.0,1.0,1.0,1.0,30.0,3096.9,80.0,1034.7,0.0,1.0,0.0,1.0,0.0,0.0,1.0,0.0,0.0,0.0,1.0,0.0,0.0,1.0,0.0,0.0,1.0,0.0,0.0,0
21.0,69.0,37.47,5206.0,1.0,1.0,1.0,1.0,92.85,1.0,3.0,8.0,1.0,0.0,1.0,1.0,1.0,0.0,1.0,4.0,0.0,1.0,1.0,0.0,64.0,5980.75,0.0,2398.08,0.0,1.0,1.0,0.0,1.0,0.0,1.0,0.0,0.0,0.0,1.0,0.0,1.0,0.0,0.0,0.0,1.0,0.0,0.0,0
23.0,73.0,38.04,5156.0,0.0,0.0,1.0,0.0,61.55,1.0,0.0,0.0,1.0,1.0,0.0,0.0,1.0,0.0,0.0,3.0,0.0,0.0,0.0,0.0,26.0,1581.95,0.0,989.04,0.0,1.0,1.0,0.0,1.0,0.0,0.0,1.0,0.0,1.0,0.0,0.0,1.0,0.0,0.0,0.0,1.0,0.0,0.0,0
28.0,41.0,21.84,2640.0,0.0,0.0,1.0,0.0,96.1,0.0,0.0,0.0,1.0,0.0,1.0,0.0,1.0,0.0,0.0,4.0,0.0,1.0,1.0,1.0,37.0,3646.8,0.0,808.08,0.0,1.0,1.0,1.0,0.0,0.0,0.0,1.0,0.0,0.0,1.0,0.0,1.0,0.0,0.0,0.0,0.0,1.0,0.0,0
20.0,0.0,38.97,2616.0,1.0,0.0,0.0,0.0,25.45,1.0,3.0,0.0,0.0,0.0,1.0,0.0,1.0,0.0,0.0,5.0,0.0,0.0,0.0,0.0,4.0,84.2,0.0,155.88,0.0,1.0,0.0,1.0,0.0,0.0,1.0,0.0,0.0,0.0,1.0,0.0,0.0,0.0,0.0,1.0,0.0,1.0,0.0,0
21.0,69.0,9.41,5925.0,0.0,1.0,1.0,1.0,55.2,0.0,0.0,6.0,0.0,0.0,0.0,1.0,1.0,1.0,1.0,1.0,0.0,0.0,0.0,0.0,10.0,528.35,0.0,94.1,0.0,1.0,1.0,1.0,0.0,0.0,1.0,0.0,1.0,0.0,0.0,0.0,1.0,0.0,0.0,0.0,0.0,1.0,0.0,1
41.0,18.0,27.3,5559.0,0.0,1.0,1.0,0.0,85.3,0.0,0.0,0.0,0.0,0.0,0.0,0.0,1.0,0.0,0.0,3.0,0.0,0.0,0.0,1.0,15.0,1219.85,0.0,409.5,0.0,0.0,1.0,1.0,0.0,0.0,0.0,1.0,0.0,0.0,1.0,0.0,1.0,0.0,0.0,0.0,1.0,0.0,0.0,0
23.0,41.0,0.0,3443.0,1.0,0.0,1.0,1.0,50.55,0.0,1.0,1.0,0.0,1.0,0.0,1.0,0.0,0.0,1.0,3.0,0.0,1.0,1.0,1.0,11.0,565.35,0.0,0.0,0.0,1.0,1.0,1.0,0.0,0.0,1.0,0.0,1.0,0.0,0.0,0.0,1.0,0.0,0.0,0.0,1.0,0.0,0.0,0
30.0,30.0,37.65,5665.0,0.0,1.0,1.0,0.0,94.75,1.0,0.0,0.0,1.0,0.0,1.0,0.0,1.0,0.0,0.0,4.0,0.0,0.0,0.0,1.0,54.0,5121.75,70.0,2033.1,0.0,0.0,0.0,0.0,1.0,0.0,1.0,0.0,0.0,0.0,1.0,0.0,1.0,0.0,0.0,0.0,1.0,0.0,0.0,0
30.0,30.0,17.22,5944.0,0.0,0.0,1.0,0.0,76.5,1.0,0.0,0.0,0.0,0.0,1.0,0.0,1.0,0.0,0.0,1.0,0.0,0.0,0.0,0.0,2.0,162.45,0.0,34.44,0.0,0.0,1.0,1.0,0.0,0.0,0.0,1.0,0.0,0.0,1.0,0.0,0.0,0.0,0.0,1.0,1.0,0.0,0.0,1
21.0,59.0,3.72,2911.0,0.0,0.0,1.0,0.0,49.7,0.0,0.0,0.0,1.0,0.0,1.0,0.0,1.0,0.0,0.0,3.0,0.0,0.0,0.0,0.0,24.0,1218.25,0.0,89.28,0.0,1.0,1.0,1.0,0.0,0.0,0.0,1.0,1.0,0.0,0.0,0.0,0.0,1.0,0.0,0.0,0.0,0.0,1.0,0
28.0,42.0,28.54,2071.0,0.0,0.0,1.0,0.0,73.7,1.0,0.0,0.0,0.0,0.0,1.0,0.0,1.0,0.0,0.0,5.0,0.0,0.0,1.0,0.0,21.0,1558.7,0.0,599.34,0.0,1.0,1.0,1.0,0.0,0.0,0.0,1.0,0.0,0.0,1.0,0.0,0.0,0.0,1.0,0.0,1.0,0.0,0.0,0
41.0,21.0,0.0,5942.0,0.0,0.0,1.0,0.0,24.9,0.0,0.0,0.0,0.0,0.0,0.0,0.0,0.0,0.0,0.0,5.0,0.0,0.0,0.0,0.0,20.0,505.95,0.0,0.0,0.0,0.0,1.0,1.0,0.0,0.0,1.0,0.0,0.0,1.0,0.0,0.0,1.0,0.0,0.0,0.0,0.0,1.0,0.0,0
41.0,7.0,10.28,2853.0,0.0,0.0,1.0,0.0,59.4,1.0,0.0,0.0,0.0,1.0,0.0,0.0,1.0,1.0,0.0,3.0,0.0,0.0,0.0,0.0,33.0,1952.8,0.0,339.24,0.0,0.0,1.0,0.0,1.0,0.0,1.0,0.0,1.0,0.0,0.0,0.0,1.0,0.0,0.0,0.0,1.0,0.0,0.0,0
75.0,30.0,36.5,4969.0,0.0,0.0,1.0,0.0,102.8,1.0,0.0,0.0,1.0,1.0,1.0,0.0,1.0,0.0,0.0,1.0,1.0,1.0,0.0,1.0,25.0,2660.2,0.0,912.5,0.0,0.0,1.0,1.0,0.0,0.0,1.0,0.0,0.0,0.0,1.0,0.0,1.0,0.0,0.0,0.0,0.0,1.0,0.0,1
61.0,0.0,33.92,5475.0,1.0,0.0,0.0,1.0,26.1,1.0,2.0,2.0,0.0,0.0,0.0,1.0,1.0,0.0,1.0,3.0,0.0,0.0,0.0,0.0,72.0,1851.45,0.0,2442.24,0.0,0.0,0.0,0.0,0.0,1.0,0.0,1.0,0.0,0.0,1.0,0.0,1.0,0.0,0.0,0.0,0.0,1.0,0.0,0
31.0,24.0,7.16,4890.0,1.0,1.0,1.0,1.0,106.1,1.0,1.0,9.0,1.0,1.0,1.0,1.0,1.0,1.0,1.0,3.0,0.0,0.0,0.0,1.0,72.0,7548.6,0.0,515.52,23.39,0.0,1.0,0.0,0.0,1.0,0.0,1.0,0.0,0.0,1.0,1.0,0.0,0.0,0.0,0.0,0.0,1.0,0.0,0
49.0,26.0,21.38,6166.0,0.0,1.0,1.0,1.0,94.3,1.0,0.0,1.0,1.0,0.0,1.0,1.0,1.0,0.0,1.0,3.0,0.0,1.0,1.0,0.0,58.0,5610.15,150.0,1240.04,5.55,0.0,0.0,0.0,1.0,0.0,1.0,0.0,0.0,0.0,1.0,0.0,1.0,0.0,0.0,0.0,1.0,0.0,0.0,0
78.0,22.0,5.71,3684.0,0.0,0.0,1.0,0.0,71.3,0.0,0.0,0.0,0.0,0.0,0.0,0.0,1.0,0.0,0.0,2.0,1.0,0.0,0.0,0.0,20.0,1389.2,0.0,114.2,0.0,0.0,1.0,1.0,0.0,0.0,0.0,1.0,0.0,0.0,1.0,0.0,0.0,0.0,1.0,0.0,0.0,1.0,0.0,1
23.0,0.0,16.42,4501.0,0.0,0.0,0.0,1.0,24.15,1.0,0.0,1.0,0.0,0.0,0.0,1.0,1.0,0.0,1.0,3.0,0.0,0.0,0.0,0.0,60.0,1505.9,0.0,985.2,0.0,1.0,0.0,0.0,1.0,0.0,0.0,1.0,0.0,0.0,1.0,0.0,1.0,0.0,0.0,0.0,1.0,0.0,0.0,0
22.0,59.0,0.0,5973.0,1.0,0.0,1.0,1.0,30.5,0.0,1.0,1.0,1.0,0.0,1.0,1.0,0.0,0.0,1.0,3.0,0.0,0.0,0.0,0.0,5.0,167.2,0.0,0.0,0.0,1.0,1.0,1.0,0.0,0.0,1.0,0.0,0.0,1.0,0.0,0.0,1.0,0.0,0.0,0.0,1.0,0.0,0.0,0
41.0,0.0,37.61,4115.0,0.0,0.0,0.0,1.0,20.55,0.0,0.0,1.0,0.0,0.0,1.0,1.0,1.0,0.0,1.0,1.0,0.0,0.0,0.0,0.0,3.0,51.15,0.0,112.83,0.0,0.0,0.0,1.0,0.0,0.0,0.0,1.0,0.0,0.0,1.0,0.0,0.0,0.0,0.0,1.0,0.0,1.0,0.0,1
21.0,42.0,1.28,2142.0,0.0,0.0,1.0,0.0,74.6,1.0,0.0,0.0,0.0,0.0,1.0,0.0,1.0,0.0,0.0,5.0,0.0,0.0,0.0,0.0,8.0,548.9,0.0,10.24,0.0,1.0,1.0,1.0,0.0,0.0,1.0,0.0,0.0,0.0,1.0,0.0,0.0,0.0,0.0,1.0,0.0,1.0,0.0,0
61.0,0.0,19.75,4931.0,0.0,0.0,0.0,0.0,24.75,1.0,0.0,0.0,0.0,0.0,0.0,0.0,1.0,0.0,0.0,3.0,0.0,0.0,0.0,0.0,25.0,692.1,0.0,493.75,0.0,0.0,0.0,0.0,0.0,1.0,1.0,0.0,0.0,0.0,1.0,0.0,0.0,1.0,0.0,0.0,0.0,1.0,0.0,1
19.0,58.0,23.27,5453.0,0.0,1.0,1.0,1.0,91.7,1.0,0.0,1.0,1.0,1.0,0.0,1.0,1.0,1.0,1.0,3.0,0.0,1.0,1.0,1.0,66.0,6075.9,0.0,1535.82,0.0,1.0,1.0,0.0,0.0,1.0,0.0,1.0,0.0,1.0,0.0,1.0,0.0,0.0,0.0,0.0,1.0,0.0,0.0,0
65.0,9.0,0.0,3920.0,0.0,1.0,1.0,1.0,53.95,0.0,0.0,8.0,1.0,0.0,1.0,1.0,0.0,0.0,1.0,3.0,1.0,1.0,1.0,1.0,41.0,2215.4,0.0,0.0,0.0,0.0,1.0,0.0,0.0,1.0,0.0,1.0,1.0,0.0,0.0,0.0,1.0,0.0,0.0,0.0,1.0,0.0,0.0,0
35.0,0.0,27.66,2717.0,0.0,0.0,0.0,0.0,19.15,0.0,0.0,0.0,0.0,0.0,0.0,0.0,1.0,0.0,0.0,3.0,0.0,0.0,0.0,0.0,17.0,343.45,0.0,470.22,28.63,0.0,0.0,0.0,0.0,1.0,0.0,1.0,0.0,0.0,1.0,0.0,1.0,0.0,0.0,0.0,0.0,1.0,0.0,0
75.0,25.0,1.92,3728.0,0.0,1.0,1.0,0.0,93.9,1.0,0.0,0.0,0.0,0.0,0.0,0.0,1.0,1.0,0.0,4.0,1.0,0.0,0.0,1.0,18.0,1743.9,0.0,34.56,0.0,0.0,1.0,0.0,0.0,1.0,0.0,1.0,0.0,0.0,1.0,0.0,0.0,0.0,1.0,0.0,1.0,0.0,0.0,0
62.0,5.0,22.01,4552.0,0.0,1.0,1.0,1.0,82.15,1.0,0.0,5.0,1.0,0.0,0.0,1.0,1.0,0.0,1.0,5.0,0.0,1.0,1.0,1.0,72.0,5784.3,0.0,1584.72,0.0,0.0,1.0,0.0,0.0,1.0,0.0,1.0,0.0,1.0,0.0,1.0,0.0,0.0,0.0,0.0,1.0,0.0,0.0,0
41.0,27.0,8.31,3365.0,0.0,0.0,1.0,0.0,69.5,0.0,0.0,0.0,0.0,0.0,1.0,0.0,1.0,0.0,0.0,1.0,0.0,0.0,0.0,0.0,1.0,69.5,0.0,8.31,0.0,0.0,1.0,1.0,0.0,0.0,1.0,0.0,0.0,0.0,1.0,0.0,1.0,0.0,0.0,0.0,1.0,0.0,0.0,1
37.0,28.0,32.37,6351.0,1.0,0.0,1.0,1.0,100.6,1.0,3.0,1.0,1.0,0.0,1.0,1.0,1.0,0.0,1.0,3.0,0.0,1.0,1.0,1.0,57.0,5611.7,0.0,1845.09,0.0,0.0,1.0,1.0,0.0,0.0,1.0,0.0,0.0,0.0,1.0,0.0,1.0,0.0,0.0,0.0,1.0,0.0,0.0,0
52.0,28.0,17.01,2813.0,0.0,0.0,1.0,0.0,95.4,0.0,0.0,0.0,1.0,0.0,0.0,0.0,1.0,0.0,0.0,3.0,0.0,1.0,1.0,1.0,3.0,293.15,0.0,51.03,0.0,0.0,1.0,1.0,0.0,0.0,1.0,0.0,0.0,0.0,1.0,0.0,1.0,0.0,0.0,0.0,1.0,0.0,0.0,0
47.0,12.0,33.46,2404.0,0.0,0.0,1.0,1.0,69.4,0.0,0.0,1.0,0.0,0.0,1.0,1.0,1.0,0.0,1.0,1.0,0.0,0.0,0.0,0.0,1.0,69.4,10.0,33.46,0.0,0.0,0.0,1.0,0.0,0.0,1.0,0.0,0.0,0.0,1.0,0.0,0.0,0.0,0.0,1.0,0.0,0.0,1.0,1
25.0,59.0,0.0,4003.0,1.0,1.0,1.0,1.0,46.4,0.0,2.0,2.0,1.0,0.0,0.0,1.0,0.0,0.0,1.0,5.0,0.0,0.0,0.0,1.0,18.0,812.4,0.0,0.0,0.0,1.0,1.0,0.0,1.0,0.0,0.0,1.0,0.0,1.0,0.0,0.0,1.0,0.0,0.0,0.0,0.0,1.0,0.0,0
56.0,28.0,46.66,4331.0,1.0,0.0,1.0,1.0,74.4,0.0,2.0,6.0,0.0,1.0,0.0,1.0,1.0,0.0,1.0,3.0,0.0,0.0,0.0,0.0,27.0,1972.35,0.0,1259.82,0.0,0.0,1.0,1.0,0.0,0.0,1.0,0.0,0.0,0.0,1.0,0.0,0.0,1.0,0.0,0.0,0.0,1.0,0.0,0
42.0,57.0,44.84,5777.0,1.0,0.0,1.0,1.0,51.0,0.0,3.0,8.0,0.0,1.0,0.0,1.0,1.0,0.0,1.0,3.0,0.0,0.0,0.0,0.0,11.0,581.7,60.0,493.24,0.0,0.0,0.0,1.0,0.0,0.0,1.0,0.0,0.0,1.0,0.0,0.0,1.0,0.0,0.0,0.0,1.0,0.0,0.0,0
62.0,0.0,35.77,5250.0,0.0,0.0,0.0,0.0,20.25,0.0,0.0,0.0,0.0,0.0,1.0,0.0,1.0,0.0,0.0,3.0,0.0,0.0,0.0,0.0,27.0,538.2,0.0,965.79,0.0,0.0,0.0,0.0,0.0,1.0,1.0,0.0,0.0,0.0,1.0,0.0,1.0,0.0,0.0,0.0,1.0,0.0,0.0,0
39.0,18.0,23.82,4516.0,0.0,0.0,1.0,0.0,74.6,1.0,0.0,0.0,0.0,0.0,1.0,0.0,1.0,0.0,0.0,5.0,0.0,0.0,0.0,0.0,49.0,3720.35,0.0,1167.18,0.0,0.0,1.0,1.0,0.0,0.0,0.0,1.0,0.0,0.0,1.0,0.0,1.0,0.0,0.0,0.0,1.0,0.0,0.0,0
55.0,9.0,33.37,5115.0,0.0,1.0,1.0,1.0,76.1,1.0,0.0,4.0,1.0,0.0,0.0,1.0,1.0,1.0,1.0,4.0,0.0,0.0,0.0,1.0,70.0,5264.25,110.0,2335.9,0.0,0.0,0.0,0.0,0.0,1.0,0.0,1.0,0.0,1.0,0.0,1.0,0.0,0.0,0.0,0.0,0.0,1.0,0.0,0
42.0,0.0,16.59,4018.0,0.0,0.0,0.0,0.0,20.05,0.0,0.0,0.0,0.0,0.0,0.0,0.0,1.0,0.0,0.0,3.0,0.0,0.0,0.0,0.0,12.0,267.0,0.0,199.08,0.0,0.0,0.0,0.0,1.0,0.0,0.0,1.0,0.0,0.0,1.0,0.0,1.0,0.0,0.0,0.0,0.0,1.0,0.0,0
20.0,52.0,8.48,2278.0,0.0,1.0,1.0,0.0,79.5,0.0,0.0,0.0,0.0,1.0,1.0,0.0,1.0,0.0,0.0,4.0,0.0,0.0,0.0,0.0,11.0,795.65,0.0,93.28,0.0,1.0,1.0,1.0,0.0,0.0,0.0,1.0,0.0,0.0,1.0,0.0,0.0,0.0,1.0,0.0,1.0,0.0,0.0,0
77.0,16.0,7.11,5052.0,0.0,1.0,1.0,1.0,103.75,1.0,0.0,1.0,1.0,0.0,1.0,1.0,1.0,0.0,1.0,1.0,1.0,1.0,1.0,1.0,62.0,6383.35,0.0,440.82,0.0,0.0,1.0,0.0,1.0,0.0,0.0,1.0,0.0,0.0,1.0,0.0,1.0,0.0,0.0,0.0,1.0,0.0,0.0,1
27.0,0.0,47.65,2176.0,0.0,0.0,0.0,0.0,19.85,0.0,0.0,0.0,0.0,0.0,0.0,0.0,1.0,0.0,0.0,4.0,0.0,0.0,0.0,0.0,27.0,470.0,0.0,1286.55,0.0,1.0,0.0,0.0,0.0,1.0,0.0,1.0,0.0,0.0,1.0,0.0,1.0,0.0,0.0,0.0,0.0,1.0,0.0,0
54.0,12.0,39.42,5247.0,0.0,1.0,1.0,0.0,99.45,1.0,0.0,0.0,1.0,1.0,1.0,0.0,1.0,0.0,0.0,3.0,0.0,1.0,1.0,0.0,59.0,5623.7,30.0,2325.78,0.0,0.0,0.0,1.0,0.0,0.0,1.0,0.0,0.0,0.0,1.0,0.0,1.0,0.0,0.0,0.0,1.0,0.0,0.0,0
27.0,0.0,26.09,4476.0,1.0,0.0,0.0,0.0,20.25,0.0,3.0,0.0,0.0,0.0,0.0,0.0,1.0,0.0,0.0,5.0,0.0,0.0,0.0,0.0,28.0,535.35,0.0,730.52,0.0,1.0,0.0,1.0,0.0,0.0,1.0,0.0,0.0,0.0,1.0,0.0,1.0,0.0,0.0,0.0,0.0,1.0,0.0,0
66.0,8.0,5.21,3676.0,0.0,1.0,1.0,0.0,94.45,0.0,0.0,0.0,0.0,0.0,1.0,0.0,1.0,0.0,0.0,1.0,1.0,1.0,0.0,1.0,8.0,742.95,0.0,41.68,0.0,0.0,1.0,1.0,0.0,0.0,1.0,0.0,0.0,0.0,1.0,0.0,0.0,0.0,0.0,1.0,0.0,1.0,0.0,1
20.0,0.0,32.18,4058.0,0.0,0.0,0.0,1.0,24.5,1.0,0.0,9.0,0.0,0.0,1.0,1.0,1.0,0.0,1.0,4.0,0.0,0.0,0.0,0.0,71.0,1816.2,0.0,2284.78,0.0,1.0,0.0,0.0,0.0,1.0,0.0,1.0,0.0,0.0,1.0,0.0,1.0,0.0,0.0,0.0,1.0,0.0,0.0,0
74.0,25.0,28.72,4796.0,0.0,1.0,1.0,1.0,114.85,1.0,0.0,3.0,1.0,1.0,1.0,1.0,1.0,1.0,1.0,3.0,1.0,1.0,0.0,1.0,72.0,8317.95,0.0,2067.84,0.0,0.0,1.0,0.0,0.0,1.0,1.0,0.0,0.0,0.0,1.0,1.0,0.0,0.0,0.0,0.0,1.0,0.0,0.0,0
37.0,14.0,2.72,2388.0,0.0,0.0,1.0,0.0,70.7,0.0,0.0,0.0,0.0,0.0,0.0,0.0,1.0,0.0,0.0,4.0,0.0,0.0,0.0,0.0,2.0,129.2,10.0,5.44,0.0,0.0,0.0,1.0,0.0,0.0,0.0,1.0,0.0,0.0,1.0,0.0,0.0,0.0,0.0,1.0,0.0,1.0,0.0,0
27.0,76.0,18.33,3042.0,0.0,1.0,1.0,0.0,72.9,0.0,0.0,0.0,0.0,0.0,0.0,0.0,1.0,0.0,0.0,3.0,0.0,0.0,0.0,0.0,11.0,818.45,0.0,201.63,0.0,1.0,1.0,1.0,0.0,0.0,0.0,1.0,0.0,0.0,1.0,0.0,0.0,0.0,1.0,0.0,1.0,0.0,0.0,0
37.0,16.0,38.98,5666.0,1.0,1.0,1.0,1.0,105.4,1.0,2.0,0.0,1.0,0.0,1.0,1.0,1.0,0.0,0.0,5.0,0.0,1.0,1.0,1.0,67.0,6989.45,0.0,2611.66,0.0,0.0,1.0,0.0,1.0,0.0,0.0,1.0,0.0,0.0,1.0,1.0,0.0,0.0,0.0,0.0,1.0,0.0,0.0,0
55.0,4.0,46.36,4852.0,0.0,0.0,1.0,0.0,83.75,0.0,0.0,0.0,1.0,0.0,0.0,0.0,1.0,0.0,0.0,2.0,0.0,0.0,0.0,1.0,3.0,247.25,0.0,139.08,0.0,0.0,1.0,1.0,0.0,0.0,1.0,0.0,0.0,0.0,1.0,0.0,0.0,0.0,0.0,1.0,1.0,0.0,0.0,1
74.0,9.0,3.29,3834.0,0.0,0.0,1.0,1.0,80.4,0.0,0.0,1.0,0.0,0.0,1.0,1.0,1.0,0.0,1.0,2.0,1.0,0.0,0.0,1.0,3.0,224.05,0.0,9.87,0.0,0.0,1.0,1.0,0.0,0.0,1.0,0.0,0.0,0.0,1.0,0.0,0.0,0.0,0.0,1.0,1.0,0.0,0.0,1
27.0,52.0,42.51,4830.0,0.0,1.0,1.0,0.0,79.2,0.0,0.0,0.0,0.0,1.0,1.0,0.0,1.0,1.0,0.0,3.0,0.0,1.0,1.0,1.0,36.0,2854.95,40.0,1530.36,0.0,1.0,0.0,1.0,0.0,0.0,0.0,1.0,1.0,0.0,0.0,0.0,0.0,1.0,0.0,0.0,0.0,1.0,0.0,0
30.0,59.0,9.37,6107.0,0.0,1.0,1.0,0.0,59.45,0.0,0.0,0.0,0.0,0.0,1.0,0.0,1.0,0.0,0.0,3.0,0.0,1.0,1.0,0.0,52.0,3043.7,0.0,487.24,0.0,0.0,1.0,1.0,0.0,0.0,1.0,0.0,0.0,1.0,0.0,0.0,1.0,0.0,0.0,0.0,1.0,0.0,0.0,0
30.0,30.0,46.27,5499.0,1.0,0.0,1.0,1.0,54.5,0.0,3.0,5.0,1.0,1.0,0.0,1.0,1.0,0.0,1.0,3.0,0.0,0.0,0.0,0.0,38.0,2076.05,0.0,1758.26,0.0,0.0,1.0,1.0,0.0,0.0,1.0,0.0,1.0,0.0,0.0,0.0,1.0,0.0,0.0,0.0,1.0,0.0,0.0,0
32.0,13.0,2.45,4543.0,0.0,1.0,1.0,0.0,103.7,0.0,0.0,0.0,0.0,1.0,1.0,0.0,1.0,1.0,0.0,4.0,0.0,1.0,1.0,1.0,47.0,4730.6,0.0,115.15,0.0,0.0,1.0,0.0,1.0,0.0,1.0,0.0,0.0,0.0,1.0,0.0,1.0,0.0,0.0,0.0,1.0,0.0,0.0,0
34.0,30.0,0.0,3300.0,0.0,0.0,1.0,0.0,38.9,0.0,0.0,0.0,0.0,1.0,1.0,0.0,0.0,0.0,0.0,3.0,0.0,0.0,0.0,1.0,16.0,664.4,0.0,0.0,0.0,0.0,1.0,1.0,0.0,0.0,1.0,0.0,0.0,1.0,0.0,0.0,1.0,0.0,0.0,0.0,1.0,0.0,0.0,0
49.0,21.0,36.98,2520.0,0.0,0.0,1.0,0.0,61.9,0.0,0.0,0.0,1.0,1.0,1.0,0.0,1.0,1.0,0.0,4.0,0.0,0.0,0.0,0.0,40.0,2647.1,0.0,1479.2,0.0,0.0,1.0,1.0,0.0,0.0,0.0,1.0,0.0,1.0,0.0,0.0,1.0,0.0,0.0,0.0,0.0,1.0,0.0,0
39.0,17.0,23.7,2806.0,0.0,1.0,1.0,0.0,50.45,0.0,0.0,0.0,0.0,0.0,1.0,0.0,1.0,0.0,0.0,3.0,0.0,0.0,0.0,0.0,1.0,50.45,0.0,23.7,0.0,0.0,1.0,1.0,0.0,0.0,1.0,0.0,1.0,0.0,0.0,0.0,0.0,0.0,0.0,1.0,0.0,0.0,1.0,1
59.0,18.0,39.68,4249.0,0.0,1.0,1.0,0.0,94.4,0.0,0.0,0.0,0.0,1.0,1.0,0.0,1.0,1.0,0.0,1.0,0.0,1.0,1.0,0.0,4.0,387.2,0.0,158.72,0.0,0.0,1.0,1.0,0.0,0.0,1.0,0.0,0.0,0.0,1.0,0.0,0.0,0.0,0.0,1.0,1.0,0.0,0.0,1
39.0,0.0,47.21,5851.0,1.0,0.0,0.0,1.0,25.1,1.0,2.0,6.0,0.0,0.0,1.0,1.0,1.0,0.0,1.0,3.0,0.0,0.0,0.0,0.0,30.0,789.55,0.0,1416.3,15.41,0.0,0.0,0.0,0.0,1.0,1.0,0.0,0.0,0.0,1.0,0.0,0.0,1.0,0.0,0.0,0.0,1.0,0.0,0
38.0,29.0,31.39,3519.0,0.0,1.0,1.0,1.0,68.75,0.0,0.0,3.0,0.0,1.0,1.0,1.0,1.0,1.0,1.0,3.0,0.0,1.0,1.0,0.0,23.0,1689.45,0.0,721.97,0.0,0.0,1.0,0.0,1.0,0.0,1.0,0.0,0.0,1.0,0.0,0.0,1.0,0.0,0.0,0.0,1.0,0.0,0.0,0
37.0,0.0,48.14,3678.0,0.0,0.0,0.0,0.0,20.8,0.0,0.0,0.0,0.0,0.0,0.0,0.0,1.0,0.0,0.0,4.0,0.0,0.0,0.0,0.0,1.0,20.8,0.0,48.14,0.0,0.0,0.0,1.0,0.0,0.0,0.0,1.0,0.0,0.0,1.0,0.0,0.0,0.0,0.0,1.0,0.0,1.0,0.0,0
50.0,25.0,38.58,6466.0,0.0,1.0,1.0,1.0,72.95,1.0,0.0,4.0,1.0,0.0,0.0,1.0,1.0,1.0,1.0,4.0,0.0,0.0,0.0,1.0,70.0,5265.55,60.0,2700.6,0.0,0.0,0.0,0.0,0.0,1.0,0.0,1.0,0.0,1.0,0.0,1.0,0.0,0.0,0.0,0.0,1.0,0.0,0.0,0
22.0,52.0,40.03,2789.0,1.0,0.0,1.0,0.0,51.0,0.0,1.0,0.0,0.0,0.0,1.0,0.0,1.0,1.0,0.0,4.0,0.0,0.0,0.0,0.0,5.0,286.8,0.0,200.15,0.0,1.0,0.0,1.0,0.0,0.0,1.0,0.0,0.0,1.0,0.0,0.0,1.0,0.0,0.0,0.0,0.0,1.0,0.0,0
59.0,22.0,49.95,4133.0,1.0,0.0,1.0,1.0,74.3,1.0,2.0,4.0,0.0,0.0,1.0,1.0,1.0,0.0,1.0,5.0,0.0,0.0,0.0,0.0,57.0,4018.35,70.0,2847.15,0.0,0.0,0.0,1.0,0.0,0.0,0.0,1.0,0.0,0.0,1.0,0.0,1.0,0.0,0.0,0.0,1.0,0.0,0.0,0
57.0,30.0,10.97,6450.0,0.0,1.0,1.0,1.0,85.95,1.0,0.0,2.0,1.0,0.0,0.0,1.0,1.0,1.0,1.0,4.0,0.0,1.0,1.0,1.0,72.0,6151.9,0.0,789.84,0.0,0.0,1.0,0.0,0.0,1.0,0.0,1.0,0.0,1.0,0.0,1.0,0.0,0.0,0.0,0.0,1.0,0.0,0.0,0
61.0,0.0,5.01,4058.0,1.0,0.0,0.0,1.0,20.65,0.0,1.0,7.0,0.0,0.0,0.0,1.0,1.0,0.0,1.0,3.0,0.0,0.0,0.0,0.0,7.0,158.95,0.0,35.07,0.0,0.0,0.0,1.0,0.0,0.0,1.0,0.0,0.0,0.0,1.0,0.0,1.0,0.0,0.0,0.0,0.0,1.0,0.0,0
38.0,6.0,48.86,4738.0,0.0,1.0,1.0,0.0,112.95,1.0,0.0,0.0,1.0,1.0,1.0,0.0,1.0,0.0,0.0,1.0,0.0,1.0,1.0,1.0,57.0,6465.0,0.0,2785.02,0.0,0.0,1.0,0.0,0.0,1.0,1.0,0.0,0.0,0.0,1.0,0.0,1.0,0.0,0.0,0.0,1.0,0.0,0.0,1
44.0,0.0,47.24,4747.0,0.0,0.0,0.0,1.0,20.05,0.0,0.0,1.0,0.0,0.0,0.0,1.0,1.0,0.0,1.0,3.0,0.0,0.0,0.0,0.0,72.0,1423.65,0.0,3401.28,0.0,0.0,0.0,0.0,0.0,1.0,1.0,0.0,0.0,0.0,1.0,0.0,1.0,0.0,0.0,0.0,1.0,0.0,0.0,0
58.0,7.0,0.0,3100.0,0.0,1.0,1.0,0.0,49.85,0.0,0.0,0.0,0.0,1.0,0.0,0.0,0.0,1.0,0.0,3.0,0.0,1.0,1.0,0.0,12.0,552.1,0.0,0.0,0.0,0.0,1.0,0.0,0.0,1.0,1.0,0.0,0.0,1.0,0.0,0.0,0.0,0.0,1.0,0.0,0.0,1.0,0.0,0
62.0,0.0,26.21,6265.0,0.0,0.0,0.0,0.0,19.75,0.0,0.0,0.0,0.0,0.0,0.0,0.0,1.0,0.0,0.0,3.0,0.0,0.0,0.0,0.0,53.0,1052.35,0.0,1389.13,0.0,0.0,0.0,0.0,0.0,1.0,0.0,1.0,0.0,0.0,1.0,0.0,1.0,0.0,0.0,0.0,1.0,0.0,0.0,1
30.0,42.0,23.92,4803.0,0.0,1.0,1.0,0.0,110.5,1.0,0.0,0.0,1.0,0.0,1.0,0.0,1.0,1.0,0.0,4.0,0.0,1.0,1.0,1.0,69.0,7455.45,0.0,1650.48,0.0,0.0,1.0,0.0,0.0,1.0,1.0,0.0,0.0,0.0,1.0,1.0,0.0,0.0,0.0,0.0,1.0,0.0,0.0,0
55.0,16.0,0.0,2372.0,0.0,0.0,1.0,0.0,25.25,0.0,0.0,0.0,0.0,0.0,1.0,0.0,0.0,0.0,0.0,3.0,0.0,0.0,0.0,0.0,8.0,186.3,0.0,0.0,0.0,0.0,1.0,1.0,0.0,0.0,0.0,1.0,1.0,0.0,0.0,0.0,1.0,0.0,0.0,0.0,0.0,1.0,0.0,0
62.0,0.0,5.57,3779.0,0.0,0.0,0.0,0.0,25.3,1.0,0.0,0.0,0.0,0.0,0.0,0.0,1.0,0.0,0.0,3.0,0.0,0.0,0.0,0.0,25.0,676.35,0.0,139.25,0.0,0.0,0.0,0.0,1.0,0.0,0.0,1.0,0.0,0.0,1.0,0.0,0.0,1.0,0.0,0.0,1.0,0.0,0.0,1
23.0,58.0,13.13,2615.0,0.0,1.0,1.0,1.0,94.3,1.0,0.0,8.0,0.0,0.0,0.0,1.0,1.0,1.0,1.0,3.0,0.0,0.0,0.0,1.0,37.0,3460.95,0.0,485.81,0.0,1.0,1.0,0.0,0.0,1.0,0.0,1.0,0.0,0.0,1.0,0.0,0.0,1.0,0.0,0.0,0.0,1.0,0.0,0
33.0,22.0,0.0,3899.0,1.0,1.0,1.0,1.0,39.4,0.0,1.0,4.0,0.0,1.0,1.0,1.0,0.0,1.0,1.0,3.0,0.0,0.0,0.0,0.0,20.0,825.4,0.0,0.0,0.0,0.0,1.0,0.0,0.0,1.0,0.0,1.0,1.0,0.0,0.0,0.0,1.0,0.0,0.0,0.0,0.0,1.0,0.0,0
63.0,0.0,26.37,4402.0,0.0,0.0,0.0,0.0,20.15,0.0,0.0,0.0,0.0,0.0,0.0,0.0,1.0,0.0,0.0,4.0,0.0,0.0,0.0,0.0,23.0,405.6,0.0,606.51,0.0,0.0,0.0,0.0,1.0,0.0,0.0,1.0,0.0,0.0,1.0,0.0,0.0,0.0,1.0,0.0,1.0,0.0,0.0,0
52.0,0.0,44.73,3233.0,0.0,0.0,0.0,1.0,20.5,0.0,0.0,8.0,0.0,0.0,0.0,1.0,1.0,0.0,1.0,5.0,0.0,0.0,0.0,0.0,4.0,79.05,0.0,178.92,0.0,0.0,0.0,0.0,1.0,0.0,1.0,0.0,0.0,0.0,1.0,0.0,1.0,0.0,0.0,0.0,1.0,0.0,0.0,0
57.0,20.0,37.25,2152.0,0.0,0.0,1.0,1.0,56.15,0.0,0.0,3.0,0.0,0.0,0.0,1.0,1.0,0.0,1.0,2.0,0.0,0.0,0.0,1.0,43.0,2499.3,0.0,1601.75,0.0,0.0,1.0,1.0,0.0,0.0,1.0,0.0,0.0,1.0,0.0,0.0,1.0,0.0,0.0,0.0,1.0,0.0,0.0,1
46.0,17.0,40.42,4389.0,0.0,0.0,1.0,0.0,53.65,1.0,0.0,0.0,0.0,1.0,1.0,0.0,1.0,0.0,0.0,4.0,0.0,0.0,0.0,0.0,7.0,404.35,0.0,282.94,0.0,0.0,1.0,1.0,0.0,0.0,1.0,0.0,1.0,0.0,0.0,0.0,0.0,0.0,0.0,1.0,1.0,0.0,0.0,0
25.0,30.0,17.51,3425.0,1.0,0.0,1.0,0.0,57.65,1.0,2.0,0.0,0.0,1.0,0.0,0.0,1.0,0.0,0.0,3.0,0.0,0.0,0.0,0.0,18.0,992.7,0.0,315.18,0.0,1.0,1.0,1.0,0.0,0.0,1.0,0.0,0.0,1.0,0.0,0.0,0.0,0.0,1.0,0.0,0.0,1.0,0.0,0
63.0,19.0,47.66,5764.0,0.0,1.0,1.0,1.0,88.7,1.0,0.0,4.0,1.0,1.0,1.0,1.0,1.0,1.0,1.0,3.0,0.0,1.0,1.0,1.0,72.0,6301.7,0.0,3431.52,0.0,0.0,1.0,0.0,0.0,1.0,0.0,1.0,0.0,1.0,0.0,1.0,0.0,0.0,0.0,0.0,0.0,1.0,0.0,0
50.0,10.0,22.95,2706.0,0.0,1.0,1.0,0.0,80.25,0.0,0.0,0.0,0.0,1.0,1.0,0.0,1.0,1.0,0.0,5.0,0.0,1.0,1.0,1.0,6.0,493.4,0.0,137.7,0.0,0.0,1.0,0.0,0.0,1.0,0.0,1.0,1.0,0.0,0.0,0.0,0.0,0.0,0.0,1.0,0.0,1.0,0.0,0
37.0,0.0,5.95,2127.0,0.0,0.0,0.0,1.0,20.35,0.0,0.0,0.0,0.0,0.0,0.0,1.0,1.0,0.0,0.0,3.0,0.0,0.0,0.0,0.0,42.0,869.9,0.0,249.9,0.0,0.0,0.0,1.0,0.0,0.0,1.0,0.0,0.0,0.0,1.0,0.0,1.0,0.0,0.0,0.0,0.0,1.0,0.0,0
38.0,27.0,23.31,5511.0,0.0,1.0,1.0,1.0,64.25,0.0,0.0,9.0,0.0,1.0,0.0,1.0,1.0,0.0,1.0,4.0,0.0,0.0,0.0,1.0,16.0,1024.0,0.0,372.96,0.0,0.0,1.0,0.0,0.0,1.0,0.0,1.0,0.0,1.0,0.0,0.0,1.0,0.0,0.0,0.0,0.0,1.0,0.0,0
48.0,53.0,29.87,2814.0,1.0,1.0,1.0,1.0,66.7,1.0,3.0,1.0,1.0,0.0,1.0,1.0,1.0,1.0,1.0,3.0,0.0,0.0,0.0,0.0,17.0,1077.05,0.0,507.79,0.0,0.0,1.0,1.0,0.0,0.0,0.0,1.0,0.0,1.0,0.0,0.0,0.0,0.0,1.0,0.0,0.0,0.0,1.0,0
48.0,15.0,13.05,5928.0,0.0,0.0,1.0,1.0,55.0,1.0,0.0,9.0,0.0,1.0,0.0,1.0,1.0,0.0,1.0,3.0,0.0,0.0,0.0,0.0,46.0,2473.95,0.0,600.3,31.39,0.0,1.0,1.0,0.0,0.0,1.0,0.0,0.0,1.0,0.0,0.0,1.0,0.0,0.0,0.0,1.0,0.0,0.0,0
75.0,19.0,5.6,6051.0,0.0,1.0,1.0,1.0,114.5,1.0,0.0,4.0,1.0,1.0,1.0,1.0,1.0,1.0,1.0,3.0,1.0,1.0,1.0,1.0,72.0,8331.95,0.0,403.2,0.0,0.0,1.0,0.0,0.0,1.0,0.0,1.0,0.0,0.0,1.0,1.0,0.0,0.0,0.0,0.0,0.0,0.0,1.0,0
20.0,71.0,26.64,4515.0,0.0,1.0,1.0,1.0,73.05,0.0,0.0,5.0,0.0,1.0,1.0,1.0,1.0,0.0,1.0,3.0,0.0,1.0,1.0,1.0,64.0,4688.65,0.0,1704.96,0.0,1.0,1.0,0.0,1.0,0.0,0.0,1.0,0.0,1.0,0.0,0.0,1.0,0.0,0.0,0.0,0.0,1.0,0.0,0
34.0,6.0,4.19,2662.0,0.0,1.0,1.0,1.0,55.8,0.0,0.0,2.0,0.0,0.0,1.0,1.0,1.0,1.0,1.0,4.0,0.0,0.0,0.0,0.0,3.0,154.55,0.0,12.57,0.0,0.0,1.0,1.0,0.0,0.0,0.0,1.0,1.0,0.0,0.0,0.0,0.0,0.0,0.0,1.0,0.0,0.0,1.0,0
73.0,18.0,0.0,4757.0,0.0,0.0,1.0,0.0,33.45,0.0,0.0,0.0,1.0,1.0,1.0,0.0,0.0,0.0,0.0,3.0,1.0,0.0,0.0,0.0,43.0,1500.25,40.0,0.0,0.0,0.0,0.0,0.0,0.0,1.0,1.0,0.0,0.0,1.0,0.0,0.0,1.0,0.0,0.0,0.0,0.0,1.0,0.0,0
64.0,26.0,29.3,3677.0,0.0,0.0,1.0,0.0,86.3,0.0,0.0,0.0,1.0,0.0,1.0,0.0,1.0,0.0,0.0,2.0,0.0,1.0,1.0,0.0,14.0,1180.95,10.0,410.2,0.0,0.0,0.0,1.0,0.0,0.0,1.0,0.0,0.0,0.0,1.0,0.0,1.0,0.0,0.0,0.0,1.0,0.0,0.0,1
32.0,0.0,31.77,3874.0,0.0,0.0,0.0,0.0,19.85,0.0,0.0,0.0,0.0,0.0,1.0,0.0,1.0,0.0,0.0,2.0,0.0,0.0,0.0,0.0,1.0,19.85,0.0,31.77,0.0,0.0,0.0,1.0,0.0,0.0,0.0,1.0,0.0,0.0,1.0,0.0,0.0,0.0,0.0,1.0,1.0,0.0,0.0,1
66.0,28.0,4.06,3412.0,1.0,0.0,1.0,1.0,79.85,1.0,2.0,6.0,0.0,1.0,1.0,1.0,1.0,0.0,1.0,3.0,1.0,0.0,0.0,0.0,24.0,1857.75,0.0,97.44,0.0,0.0,1.0,0.0,0.0,1.0,0.0,1.0,0.0,0.0,1.0,0.0,0.0,1.0,0.0,0.0,1.0,0.0,0.0,0
31.0,13.0,2.5,5824.0,1.0,1.0,1.0,1.0,90.15,1.0,1.0,7.0,1.0,1.0,1.0,1.0,1.0,1.0,1.0,3.0,0.0,1.0,1.0,1.0,70.0,6237.05,0.0,175.0,0.0,0.0,1.0,0.0,0.0,1.0,0.0,1.0,1.0,0.0,0.0,0.0,1.0,0.0,0.0,0.0,0.0,1.0,0.0,0
41.0,27.0,27.28,3156.0,0.0,0.0,1.0,0.0,70.0,0.0,0.0,0.0,0.0,0.0,1.0,0.0,1.0,0.0,0.0,1.0,0.0,0.0,0.0,0.0,10.0,740.0,0.0,272.8,0.0,0.0,1.0,1.0,0.0,0.0,0.0,1.0,0.0,0.0,1.0,0.0,1.0,0.0,0.0,0.0,1.0,0.0,0.0,1
56.0,15.0,37.48,3945.0,0.0,1.0,1.0,0.0,83.7,1.0,0.0,0.0,1.0,0.0,0.0,0.0,1.0,1.0,0.0,5.0,0.0,1.0,1.0,1.0,32.0,2633.3,0.0,1199.36,0.0,0.0,1.0,0.0,1.0,0.0,0.0,1.0,0.0,1.0,0.0,0.0,1.0,0.0,0.0,0.0,0.0,1.0,0.0,0
35.0,56.0,12.96,4480.0,1.0,1.0,1.0,1.0,80.45,0.0,3.0,3.0,0.0,1.0,1.0,1.0,1.0,1.0,1.0,3.0,0.0,1.0,1.0,1.0,72.0,5886.85,0.0,933.12,0.0,0.0,1.0,0.0,0.0,1.0,1.0,0.0,0.0,1.0,0.0,0.0,1.0,0.0,0.0,0.0,1.0,0.0,0.0,0
46.0,24.0,12.97,3387.0,0.0,1.0,1.0,1.0,80.8,0.0,0.0,5.0,1.0,0.0,0.0,1.0,1.0,0.0,1.0,3.0,0.0,0.0,0.0,0.0,40.0,3132.75,0.0,518.8,0.0,0.0,1.0,0.0,1.0,0.0,0.0,1.0,0.0,0.0,1.0,0.0,1.0,0.0,0.0,0.0,1.0,0.0,0.0,0
44.0,3.0,25.81,2198.0,0.0,0.0,1.0,0.0,84.35,1.0,0.0,0.0,0.0,1.0,1.0,0.0,1.0,1.0,0.0,3.0,0.0,0.0,0.0,0.0,24.0,1938.05,0.0,619.44,0.0,0.0,1.0,1.0,0.0,0.0,1.0,0.0,0.0,0.0,1.0,0.0,1.0,0.0,0.0,0.0,1.0,0.0,0.0,0
50.0,0.0,39.34,5347.0,0.0,0.0,0.0,0.0,19.45,0.0,0.0,0.0,0.0,0.0,0.0,0.0,1.0,0.0,0.0,4.0,0.0,0.0,0.0,0.0,17.0,369.05,0.0,668.78,0.0,0.0,0.0,0.0,0.0,1.0,0.0,1.0,0.0,0.0,1.0,0.0,0.0,0.0,1.0,0.0,0.0,1.0,0.0,0
41.0,0.0,39.59,4208.0,0.0,0.0,0.0,0.0,20.25,0.0,0.0,0.0,0.0,0.0,0.0,0.0,1.0,0.0,0.0,5.0,0.0,0.0,0.0,0.0,7.0,129.15,0.0,277.13,0.0,0.0,0.0,0.0,1.0,0.0,1.0,0.0,0.0,0.0,1.0,0.0,1.0,0.0,0.0,0.0,0.0,1.0,0.0,0
62.0,0.0,29.18,4074.0,0.0,0.0,0.0,1.0,20.7,0.0,0.0,0.0,0.0,0.0,0.0,1.0,1.0,0.0,0.0,3.0,0.0,0.0,0.0,0.0,49.0,1032.05,0.0,1429.82,0.0,0.0,0.0,0.0,1.0,0.0,1.0,0.0,0.0,0.0,1.0,0.0,1.0,0.0,0.0,0.0,0.0,1.0,0.0,0
70.0,53.0,19.68,4353.0,1.0,0.0,1.0,1.0,93.25,1.0,3.0,4.0,1.0,1.0,1.0,1.0,1.0,0.0,1.0,3.0,1.0,1.0,0.0,0.0,60.0,5774.55,0.0,1180.8,0.0,0.0,1.0,0.0,1.0,0.0,0.0,1.0,0.0,0.0,1.0,0.0,1.0,0.0,0.0,0.0,1.0,0.0,0.0,0
70.0,0.0,8.48,5079.0,0.0,0.0,0.0,1.0,25.7,1.0,0.0,9.0,0.0,0.0,1.0,1.0,1.0,0.0,1.0,3.0,1.0,0.0,0.0,0.0,72.0,1937.4,0.0,610.56,0.0,0.0,0.0,0.0,0.0,1.0,1.0,0.0,0.0,0.0,1.0,0.0,1.0,0.0,0.0,0.0,0.0,1.0,0.0,0
44.0,24.0,0.0,5281.0,0.0,1.0,1.0,0.0,41.1,0.0,0.0,0.0,0.0,1.0,1.0,0.0,0.0,1.0,0.0,4.0,0.0,0.0,0.0,0.0,57.0,2258.25,0.0,0.0,0.0,0.0,1.0,0.0,1.0,0.0,1.0,0.0,0.0,1.0,0.0,0.0,1.0,0.0,0.0,0.0,0.0,1.0,0.0,0
67.0,20.0,0.0,4107.0,1.0,1.0,1.0,1.0,35.65,0.0,1.0,8.0,1.0,0.0,1.0,1.0,0.0,0.0,1.0,5.0,1.0,0.0,0.0,0.0,29.0,1025.15,0.0,0.0,25.07,0.0,1.0,0.0,0.0,1.0,1.0,0.0,0.0,1.0,0.0,0.0,1.0,0.0,0.0,0.0,0.0,1.0,0.0,0
51.0,13.0,24.75,2183.0,0.0,1.0,1.0,0.0,103.65,1.0,0.0,0.0,0.0,0.0,1.0,0.0,1.0,1.0,0.0,5.0,0.0,1.0,1.0,1.0,45.0,4747.85,0.0,1113.75,0.0,0.0,1.0,1.0,0.0,0.0,0.0,1.0,0.0,0.0,1.0,0.0,1.0,0.0,0.0,0.0,1.0,0.0,0.0,0
19.0,48.0,44.85,5735.0,0.0,1.0,1.0,0.0,84.25,1.0,0.0,0.0,0.0,1.0,1.0,0.0,1.0,0.0,0.0,4.0,0.0,0.0,0.0,0.0,55.0,4589.85,0.0,2466.75,0.0,1.0,1.0,0.0,1.0,0.0,1.0,0.0,0.0,0.0,1.0,0.0,1.0,0.0,0.0,0.0,0.0,1.0,0.0,0
46.0,53.0,26.58,2452.0,1.0,0.0,1.0,1.0,84.8,1.0,3.0,1.0,0.0,0.0,1.0,1.0,1.0,0.0,1.0,3.0,0.0,0.0,0.0,1.0,14.0,1203.9,0.0,372.12,0.0,0.0,1.0,1.0,0.0,0.0,1.0,0.0,0.0,0.0,1.0,0.0,0.0,0.0,1.0,0.0,1.0,0.0,0.0,0
55.0,19.0,49.52,5957.0,0.0,1.0,1.0,0.0,111.3,1.0,0.0,0.0,1.0,1.0,0.0,0.0,1.0,1.0,0.0,3.0,0.0,1.0,1.0,1.0,71.0,7985.9,0.0,3515.92,0.0,0.0,1.0,0.0,0.0,1.0,1.0,0.0,0.0,0.0,1.0,1.0,0.0,0.0,0.0,0.0,0.0,1.0,0.0,0
30.0,30.0,26.26,2876.0,0.0,0.0,1.0,0.0,69.55,0.0,0.0,0.0,0.0,0.0,1.0,0.0,1.0,0.0,0.0,1.0,0.0,0.0,0.0,0.0,3.0,222.3,0.0,78.78,0.0,0.0,1.0,1.0,0.0,0.0,1.0,0.0,0.0,0.0,1.0,0.0,1.0,0.0,0.0,0.0,1.0,0.0,0.0,1
37.0,13.0,20.88,5536.0,0.0,1.0,1.0,1.0,105.95,1.0,0.0,0.0,0.0,1.0,0.0,1.0,1.0,0.0,0.0,1.0,0.0,1.0,1.0,1.0,50.0,5341.8,0.0,1044.0,0.0,0.0,1.0,1.0,0.0,0.0,0.0,1.0,0.0,0.0,1.0,0.0,1.0,0.0,0.0,0.0,0.0,1.0,0.0,1
46.0,0.0,19.05,3196.0,1.0,0.0,0.0,1.0,19.8,0.0,1.0,6.0,0.0,0.0,1.0,1.0,1.0,0.0,1.0,3.0,0.0,0.0,0.0,0.0,10.0,196.75,0.0,190.5,0.0,0.0,0.0,1.0,0.0,0.0,1.0,0.0,0.0,0.0,1.0,0.0,0.0,0.0,1.0,0.0,1.0,0.0,0.0,0
29.0,0.0,17.88,5247.0,0.0,0.0,0.0,0.0,19.35,0.0,0.0,0.0,0.0,0.0,1.0,0.0,1.0,0.0,0.0,3.0,0.0,0.0,0.0,0.0,50.0,1033.0,0.0,894.0,29.5,1.0,0.0,0.0,1.0,0.0,1.0,0.0,0.0,0.0,1.0,0.0,1.0,0.0,0.0,0.0,0.0,0.0,1.0,0
38.0,24.0,42.9,6315.0,1.0,0.0,1.0,1.0,106.35,0.0,2.0,1.0,1.0,1.0,1.0,1.0,1.0,1.0,1.0,4.0,0.0,1.0,1.0,1.0,69.0,7261.75,0.0,2960.1,0.0,0.0,1.0,0.0,0.0,1.0,0.0,1.0,0.0,0.0,1.0,0.0,1.0,0.0,0.0,0.0,0.0,1.0,0.0,0
43.0,15.0,13.02,5094.0,0.0,0.0,1.0,0.0,70.2,0.0,0.0,0.0,0.0,0.0,1.0,0.0,1.0,0.0,0.0,1.0,0.0,0.0,0.0,0.0,4.0,237.95,0.0,52.08,0.0,0.0,1.0,1.0,0.0,0.0,0.0,1.0,0.0,0.0,1.0,0.0,1.0,0.0,0.0,0.0,1.0,0.0,0.0,1
24.0,0.0,8.21,2745.0,1.0,0.0,0.0,1.0,19.8,0.0,3.0,0.0,0.0,0.0,0.0,1.0,1.0,0.0,0.0,3.0,0.0,0.0,0.0,0.0,37.0,726.1,0.0,303.77,0.0,1.0,0.0,0.0,0.0,1.0,0.0,1.0,0.0,0.0,1.0,0.0,1.0,0.0,0.0,0.0,1.0,0.0,0.0,0
31.0,0.0,4.72,4260.0,0.0,0.0,0.0,0.0,19.8,0.0,0.0,0.0,0.0,0.0,1.0,0.0,1.0,0.0,0.0,3.0,0.0,0.0,0.0,0.0,67.0,1311.3,0.0,316.24,0.0,0.0,0.0,0.0,0.0,1.0,0.0,1.0,0.0,0.0,1.0,0.0,1.0,0.0,0.0,0.0,0.0,1.0,0.0,0
42.0,26.0,10.9,6005.0,1.0,0.0,1.0,1.0,54.2,0.0,2.0,1.0,1.0,1.0,1.0,1.0,1.0,0.0,1.0,4.0,0.0,0.0,0.0,0.0,67.0,3838.2,10.0,730.3,0.0,0.0,0.0,0.0,0.0,1.0,0.0,1.0,1.0,0.0,0.0,1.0,0.0,0.0,0.0,0.0,1.0,0.0,0.0,0
38.0,14.0,47.95,5601.0,0.0,0.0,1.0,1.0,79.6,0.0,0.0,7.0,1.0,1.0,1.0,1.0,1.0,1.0,1.0,4.0,0.0,1.0,1.0,1.0,68.0,5515.8,0.0,3260.6,0.0,0.0,1.0,0.0,0.0,1.0,1.0,0.0,0.0,1.0,0.0,1.0,0.0,0.0,0.0,0.0,1.0,0.0,0.0,0
64.0,7.0,29.53,5150.0,0.0,1.0,1.0,0.0,89.75,1.0,0.0,0.0,1.0,1.0,0.0,0.0,1.0,1.0,0.0,4.0,0.0,1.0,1.0,1.0,70.0,6367.2,110.0,2067.1,0.0,0.0,0.0,0.0,0.0,1.0,1.0,0.0,1.0,0.0,0.0,0.0,1.0,0.0,0.0,0.0,0.0,1.0,0.0,0
30.0,0.0,16.7,5629.0,0.0,0.0,0.0,0.0,20.55,0.0,0.0,0.0,0.0,0.0,1.0,0.0,1.0,0.0,0.0,3.0,0.0,0.0,0.0,0.0,2.0,33.6,0.0,33.4,0.0,0.0,0.0,1.0,0.0,0.0,1.0,0.0,0.0,0.0,1.0,0.0,1.0,0.0,0.0,0.0,0.0,0.0,1.0,0
46.0,0.0,1.86,5901.0,0.0,0.0,0.0,1.0,23.55,1.0,0.0,1.0,0.0,0.0,1.0,1.0,1.0,0.0,1.0,3.0,0.0,0.0,0.0,0.0,72.0,1723.95,0.0,133.92,0.0,0.0,0.0,0.0,0.0,1.0,0.0,1.0,0.0,0.0,1.0,1.0,0.0,0.0,0.0,0.0,1.0,0.0,0.0,0
40.0,0.0,28.96,5974.0,1.0,0.0,0.0,1.0,19.55,0.0,1.0,1.0,0.0,0.0,0.0,1.0,1.0,0.0,1.0,4.0,0.0,0.0,0.0,0.0,51.0,1086.75,0.0,1476.96,0.0,0.0,0.0,0.0,0.0,1.0,0.0,1.0,0.0,0.0,1.0,0.0,1.0,0.0,0.0,0.0,0.0,1.0,0.0,0
60.0,23.0,48.97,4490.0,0.0,0.0,1.0,0.0,79.5,0.0,0.0,0.0,0.0,0.0,1.0,0.0,1.0,0.0,0.0,2.0,0.0,0.0,0.0,1.0,1.0,79.5,0.0,48.97,0.0,0.0,0.0,1.0,0.0,0.0,0.0,1.0,0.0,0.0,1.0,0.0,0.0,0.0,0.0,1.0,1.0,0.0,0.0,1
55.0,24.0,27.17,4980.0,0.0,1.0,1.0,0.0,89.8,0.0,0.0,0.0,0.0,1.0,0.0,0.0,1.0,0.0,0.0,3.0,0.0,0.0,0.0,1.0,54.0,4667.0,0.0,1467.18,0.0,0.0,1.0,1.0,0.0,0.0,0.0,1.0,0.0,0.0,1.0,0.0,1.0,0.0,0.0,0.0,0.0,1.0,0.0,0
52.0,25.0,47.59,4759.0,0.0,1.0,1.0,1.0,61.95,1.0,0.0,6.0,0.0,0.0,1.0,1.0,1.0,1.0,1.0,5.0,0.0,0.0,0.0,0.0,17.0,1070.7,0.0,809.03,0.0,0.0,1.0,0.0,1.0,0.0,1.0,0.0,0.0,1.0,0.0,0.0,1.0,0.0,0.0,0.0,0.0,0.0,1.0,0
44.0,27.0,33.38,4198.0,0.0,0.0,1.0,0.0,86.55,1.0,0.0,0.0,0.0,0.0,1.0,0.0,1.0,0.0,0.0,3.0,0.0,0.0,0.0,1.0,31.0,2697.4,0.0,1034.78,0.0,0.0,1.0,1.0,0.0,0.0,1.0,0.0,0.0,0.0,1.0,0.0,1.0,0.0,0.0,0.0,0.0,1.0,0.0,1
54.0,24.0,18.85,6287.0,1.0,1.0,1.0,1.0,59.3,0.0,1.0,6.0,0.0,1.0,1.0,1.0,1.0,1.0,1.0,3.0,0.0,0.0,0.0,0.0,57.0,3274.35,0.0,1074.45,0.0,0.0,1.0,0.0,1.0,0.0,1.0,0.0,1.0,0.0,0.0,0.0,1.0,0.0,0.0,0.0,0.0,1.0,0.0,0
33.0,0.0,32.86,3573.0,0.0,0.0,0.0,1.0,20.15,0.0,0.0,1.0,0.0,0.0,0.0,1.0,1.0,0.0,1.0,3.0,0.0,0.0,0.0,0.0,24.0,456.85,0.0,788.64,0.0,0.0,0.0,0.0,1.0,0.0,1.0,0.0,0.0,0.0,1.0,0.0,0.0,1.0,0.0,0.0,0.0,1.0,0.0,0
55.0,10.0,17.08,2969.0,0.0,0.0,1.0,1.0,69.95,0.0,0.0,1.0,0.0,0.0,0.0,1.0,1.0,0.0,1.0,2.0,0.0,0.0,0.0,0.0,5.0,330.15,0.0,85.4,0.0,0.0,1.0,1.0,0.0,0.0,1.0,0.0,0.0,0.0,1.0,0.0,0.0,0.0,0.0,1.0,1.0,0.0,0.0,1
67.0,15.0,16.78,3715.0,0.0,1.0,1.0,0.0,79.85,1.0,0.0,0.0,0.0,0.0,1.0,0.0,1.0,0.0,0.0,3.0,1.0,0.0,0.0,0.0,19.0,1471.75,0.0,318.82,0.0,0.0,1.0,1.0,0.0,0.0,0.0,1.0,0.0,0.0,1.0,0.0,1.0,0.0,0.0,0.0,1.0,0.0,0.0,1
22.0,48.0,2.88,4644.0,0.0,1.0,1.0,0.0,116.3,1.0,0.0,0.0,1.0,1.0,1.0,0.0,1.0,1.0,0.0,4.0,0.0,1.0,1.0,1.0,71.0,8309.55,0.0,204.48,0.0,1.0,1.0,0.0,1.0,0.0,0.0,1.0,0.0,0.0,1.0,0.0,1.0,0.0,0.0,0.0,1.0,0.0,0.0,0
52.0,19.0,0.0,5100.0,1.0,0.0,1.0,1.0,34.25,0.0,2.0,9.0,1.0,0.0,0.0,1.0,0.0,1.0,1.0,5.0,0.0,0.0,0.0,0.0,5.0,163.55,0.0,0.0,0.0,0.0,1.0,1.0,0.0,0.0,1.0,0.0,0.0,1.0,0.0,0.0,1.0,0.0,0.0,0.0,1.0,0.0,0.0,0
55.0,19.0,19.25,6354.0,1.0,1.0,1.0,1.0,61.35,0.0,2.0,0.0,1.0,1.0,0.0,1.0,1.0,0.0,0.0,3.0,0.0,0.0,0.0,0.0,65.0,3874.1,0.0,1251.25,0.0,0.0,1.0,0.0,1.0,0.0,1.0,0.0,0.0,1.0,0.0,0.0,1.0,0.0,0.0,0.0,1.0,0.0,0.0,0
73.0,5.0,35.16,4991.0,0.0,0.0,1.0,1.0,74.0,1.0,0.0,10.0,0.0,0.0,0.0,1.0,1.0,0.0,1.0,5.0,1.0,0.0,0.0,0.0,54.0,3919.15,0.0,1898.64,0.0,0.0,1.0,1.0,0.0,0.0,0.0,1.0,0.0,0.0,1.0,0.0,1.0,0.0,0.0,0.0,1.0,0.0,0.0,0
70.0,10.0,36.6,4322.0,0.0,1.0,1.0,1.0,92.0,1.0,0.0,7.0,1.0,1.0,1.0,1.0,1.0,1.0,1.0,3.0,1.0,0.0,0.0,0.0,71.0,6585.2,0.0,2598.6,0.0,0.0,1.0,0.0,1.0,0.0,0.0,1.0,0.0,0.0,1.0,0.0,1.0,0.0,0.0,0.0,1.0,0.0,0.0,0
28.0,41.0,9.79,4263.0,0.0,0.0,1.0,1.0,74.4,0.0,0.0,1.0,0.0,1.0,1.0,1.0,1.0,0.0,1.0,1.0,0.0,0.0,0.0,0.0,2.0,139.4,0.0,19.58,0.0,1.0,1.0,1.0,0.0,0.0,1.0,0.0,0.0,0.0,1.0,0.0,1.0,0.0,0.0,0.0,1.0,0.0,0.0,1
52.0,26.0,14.26,4944.0,0.0,1.0,1.0,0.0,70.05,0.0,0.0,0.0,0.0,0.0,1.0,0.0,1.0,0.0,0.0,1.0,0.0,1.0,1.0,1.0,5.0,346.4,0.0,71.3,0.0,0.0,1.0,1.0,0.0,0.0,0.0,1.0,0.0,1.0,0.0,0.0,1.0,0.0,0.0,0.0,1.0,0.0,0.0,1
50.0,26.0,31.34,5554.0,0.0,1.0,1.0,0.0,80.3,1.0,0.0,0.0,1.0,1.0,1.0,0.0,1.0,1.0,0.0,3.0,0.0,1.0,1.0,0.0,63.0,4995.35,0.0,1974.42,0.0,0.0,1.0,0.0,0.0,1.0,1.0,0.0,0.0,1.0,0.0,0.0,1.0,0.0,0.0,0.0,0.0,1.0,0.0,0
50.0,0.0,31.97,2648.0,0.0,0.0,0.0,0.0,20.35,0.0,0.0,0.0,0.0,0.0,0.0,0.0,1.0,0.0,0.0,5.0,0.0,0.0,0.0,0.0,1.0,20.35,0.0,31.97,0.0,0.0,0.0,1.0,0.0,0.0,0.0,1.0,0.0,0.0,1.0,0.0,1.0,0.0,0.0,0.0,0.0,1.0,0.0,0
39.0,19.0,0.0,5795.0,0.0,1.0,1.0,0.0,45.05,0.0,0.0,0.0,1.0,1.0,0.0,0.0,0.0,1.0,0.0,3.0,0.0,0.0,0.0,0.0,56.0,2560.1,0.0,0.0,0.0,0.0,1.0,0.0,0.0,1.0,1.0,0.0,0.0,1.0,0.0,0.0,1.0,0.0,0.0,0.0,1.0,0.0,0.0,0
50.0,4.0,34.01,5428.0,0.0,0.0,1.0,1.0,58.35,1.0,0.0,5.0,0.0,1.0,1.0,1.0,1.0,1.0,1.0,3.0,0.0,0.0,0.0,0.0,24.0,1346.9,0.0,816.24,0.0,0.0,1.0,0.0,1.0,0.0,0.0,1.0,1.0,0.0,0.0,0.0,1.0,0.0,0.0,0.0,1.0,0.0,0.0,0
19.0,59.0,15.76,4262.0,1.0,0.0,1.0,1.0,94.95,1.0,3.0,6.0,1.0,1.0,1.0,1.0,1.0,0.0,1.0,4.0,0.0,0.0,1.0,1.0,62.0,5791.85,0.0,977.12,0.0,1.0,1.0,0.0,1.0,0.0,0.0,1.0,0.0,0.0,1.0,0.0,1.0,0.0,0.0,0.0,0.0,1.0,0.0,0
46.0,24.0,14.83,6079.0,1.0,1.0,1.0,1.0,69.9,1.0,1.0,1.0,0.0,0.0,1.0,1.0,1.0,1.0,1.0,3.0,0.0,1.0,1.0,0.0,67.0,4615.9,0.0,993.61,0.0,0.0,1.0,0.0,0.0,1.0,1.0,0.0,0.0,1.0,0.0,1.0,0.0,0.0,0.0,0.0,1.0,0.0,0.0,0
59.0,18.0,30.68,4487.0,0.0,1.0,1.0,1.0,85.75,1.0,0.0,3.0,1.0,1.0,0.0,1.0,1.0,1.0,1.0,3.0,0.0,1.0,1.0,1.0,71.0,6223.8,0.0,2178.28,4.6,0.0,1.0,0.0,0.0,1.0,1.0,0.0,1.0,0.0,0.0,0.0,1.0,0.0,0.0,0.0,0.0,1.0,0.0,0
21.0,53.0,32.85,5951.0,0.0,0.0,1.0,0.0,89.9,0.0,0.0,0.0,0.0,0.0,1.0,0.0,1.0,0.0,0.0,1.0,0.0,1.0,1.0,1.0,1.0,89.9,0.0,32.85,0.0,1.0,1.0,1.0,0.0,0.0,0.0,1.0,0.0,0.0,1.0,0.0,0.0,0.0,0.0,1.0,1.0,0.0,0.0,1
22.0,0.0,35.05,4363.0,1.0,0.0,0.0,1.0,19.45,0.0,3.0,5.0,0.0,0.0,1.0,1.0,1.0,0.0,1.0,4.0,0.0,0.0,0.0,0.0,32.0,674.55,0.0,1121.6,0.0,1.0,0.0,1.0,0.0,0.0,0.0,1.0,0.0,0.0,1.0,0.0,0.0,1.0,0.0,0.0,0.0,1.0,0.0,0
60.0,0.0,14.41,4444.0,1.0,0.0,0.0,1.0,24.65,1.0,2.0,6.0,0.0,0.0,0.0,1.0,1.0,0.0,1.0,5.0,0.0,0.0,0.0,0.0,67.0,1620.45,0.0,965.47,0.0,0.0,0.0,0.0,0.0,1.0,0.0,1.0,0.0,0.0,1.0,0.0,1.0,0.0,0.0,0.0,1.0,0.0,0.0,0
71.0,19.0,20.83,2074.0,0.0,1.0,1.0,0.0,99.05,1.0,0.0,0.0,0.0,0.0,1.0,0.0,1.0,0.0,0.0,1.0,1.0,1.0,0.0,1.0,35.0,3395.8,120.0,729.05,0.0,0.0,0.0,1.0,0.0,0.0,0.0,1.0,0.0,0.0,1.0,0.0,1.0,0.0,0.0,0.0,1.0,0.0,0.0,1
56.0,30.0,29.29,5219.0,0.0,1.0,1.0,1.0,82.3,1.0,0.0,1.0,1.0,1.0,1.0,1.0,1.0,1.0,1.0,3.0,0.0,1.0,1.0,0.0,72.0,5980.55,140.0,2108.88,0.0,0.0,0.0,0.0,0.0,1.0,0.0,1.0,0.0,1.0,0.0,1.0,0.0,0.0,0.0,0.0,1.0,0.0,0.0,0
40.0,0.0,49.39,4312.0,0.0,0.0,0.0,1.0,25.55,1.0,0.0,9.0,0.0,0.0,0.0,1.0,1.0,0.0,1.0,4.0,0.0,0.0,0.0,0.0,64.0,1714.95,0.0,3160.96,0.0,0.0,0.0,0.0,0.0,1.0,1.0,0.0,0.0,0.0,1.0,0.0,1.0,0.0,0.0,0.0,0.0,1.0,0.0,0
49.0,0.0,27.93,4185.0,1.0,0.0,0.0,1.0,25.1,1.0,2.0,7.0,0.0,0.0,1.0,1.0,1.0,0.0,1.0,3.0,0.0,0.0,0.0,0.0,72.0,1790.8,0.0,2010.96,46.81,0.0,0.0,0.0,0.0,1.0,0.0,1.0,0.0,0.0,1.0,1.0,0.0,0.0,0.0,0.0,0.0,1.0,0.0,0
66.0,7.0,37.38,5679.0,0.0,1.0,1.0,0.0,100.0,1.0,0.0,0.0,0.0,0.0,1.0,0.0,1.0,0.0,0.0,3.0,1.0,1.0,1.0,1.0,55.0,5509.3,100.0,2055.9,0.0,0.0,0.0,0.0,1.0,0.0,1.0,0.0,0.0,0.0,1.0,0.0,1.0,0.0,0.0,0.0,1.0,0.0,0.0,1
53.0,30.0,9.21,4965.0,0.0,0.0,1.0,1.0,90.35,1.0,0.0,0.0,1.0,0.0,1.0,1.0,1.0,0.0,0.0,3.0,0.0,1.0,1.0,0.0,51.0,4614.55,0.0,469.71,0.0,0.0,1.0,0.0,1.0,0.0,0.0,1.0,0.0,0.0,1.0,0.0,1.0,0.0,0.0,0.0,0.0,1.0,0.0,0
65.0,22.0,47.99,4977.0,0.0,0.0,1.0,0.0,83.4,1.0,0.0,0.0,1.0,1.0,1.0,0.0,1.0,0.0,0.0,3.0,1.0,0.0,0.0,0.0,50.0,4113.7,0.0,2399.5,0.0,0.0,1.0,1.0,0.0,0.0,1.0,0.0,0.0,0.0,1.0,0.0,1.0,0.0,0.0,0.0,1.0,0.0,0.0,0
65.0,3.0,27.49,4981.0,0.0,0.0,1.0,1.0,89.8,1.0,0.0,7.0,1.0,0.0,1.0,1.0,1.0,0.0,1.0,3.0,1.0,1.0,1.0,0.0,62.0,5629.55,0.0,1704.38,0.0,0.0,1.0,1.0,0.0,0.0,0.0,1.0,0.0,0.0,1.0,0.0,1.0,0.0,0.0,0.0,1.0,0.0,0.0,0
34.0,22.0,24.32,5435.0,0.0,0.0,1.0,0.0,53.85,0.0,0.0,0.0,0.0,1.0,0.0,0.0,1.0,1.0,0.0,1.0,0.0,0.0,0.0,0.0,5.0,259.8,10.0,121.6,22.96,0.0,0.0,1.0,0.0,0.0,1.0,0.0,1.0,0.0,0.0,0.0,0.0,0.0,0.0,1.0,0.0,1.0,0.0,1
26.0,0.0,45.13,4868.0,0.0,0.0,0.0,0.0,25.05,1.0,0.0,0.0,0.0,0.0,1.0,0.0,1.0,0.0,0.0,5.0,0.0,0.0,0.0,0.0,7.0,152.95,0.0,315.91,0.0,1.0,0.0,1.0,0.0,0.0,0.0,1.0,0.0,0.0,1.0,0.0,0.0,0.0,0.0,1.0,1.0,0.0,0.0,0
44.0,7.0,6.58,5678.0,0.0,1.0,1.0,1.0,105.0,1.0,0.0,7.0,0.0,1.0,1.0,1.0,1.0,0.0,1.0,3.0,0.0,1.0,1.0,1.0,72.0,7589.8,0.0,473.76,0.0,0.0,1.0,0.0,0.0,1.0,1.0,0.0,0.0,0.0,1.0,0.0,1.0,0.0,0.0,0.0,0.0,1.0,0.0,0
62.0,18.0,26.51,4971.0,0.0,0.0,1.0,1.0,89.45,0.0,0.0,3.0,0.0,0.0,0.0,1.0,1.0,0.0,1.0,2.0,0.0,1.0,1.0,1.0,9.0,853.1,0.0,238.59,0.0,0.0,1.0,1.0,0.0,0.0,1.0,0.0,0.0,0.0,1.0,0.0,0.0,0.0,0.0,1.0,1.0,0.0,0.0,1
53.0,0.0,31.26,5403.0,1.0,0.0,0.0,0.0,24.7,1.0,1.0,0.0,0.0,0.0,0.0,0.0,1.0,0.0,0.0,4.0,0.0,0.0,0.0,0.0,21.0,467.15,0.0,656.46,0.0,0.0,0.0,1.0,0.0,0.0,0.0,1.0,0.0,0.0,1.0,0.0,0.0,0.0,1.0,0.0,0.0,1.0,0.0,0
54.0,14.0,32.67,6409.0,0.0,0.0,1.0,0.0,99.15,0.0,0.0,0.0,1.0,1.0,0.0,0.0,1.0,0.0,0.0,3.0,0.0,1.0,1.0,1.0,58.0,5720.95,0.0,1894.86,0.0,0.0,1.0,0.0,1.0,0.0,0.0,1.0,0.0,0.0,1.0,0.0,1.0,0.0,0.0,0.0,1.0,0.0,0.0,0
24.0,26.0,30.92,6209.0,0.0,1.0,1.0,0.0,61.4,0.0,0.0,0.0,1.0,1.0,0.0,0.0,1.0,0.0,0.0,3.0,0.0,0.0,0.0,0.0,60.0,3638.25,0.0,1855.2,0.0,1.0,1.0,0.0,0.0,1.0,0.0,1.0,0.0,1.0,0.0,0.0,1.0,0.0,0.0,0.0,1.0,0.0,0.0,0
43.0,11.0,1.6,2969.0,1.0,0.0,1.0,1.0,95.25,1.0,2.0,0.0,0.0,0.0,1.0,1.0,1.0,0.0,0.0,4.0,0.0,1.0,1.0,1.0,37.0,3314.15,0.0,59.2,0.0,0.0,1.0,1.0,0.0,0.0,1.0,0.0,0.0,0.0,1.0,0.0,1.0,0.0,0.0,0.0,1.0,0.0,0.0,0
29.0,73.0,0.0,4928.0,0.0,1.0,1.0,0.0,44.45,0.0,0.0,0.0,0.0,1.0,1.0,0.0,0.0,0.0,0.0,4.0,0.0,1.0,1.0,0.0,60.0,2773.9,0.0,0.0,0.0,1.0,1.0,0.0,1.0,0.0,1.0,0.0,0.0,1.0,0.0,0.0,1.0,0.0,0.0,0.0,1.0,0.0,0.0,0
31.0,3.0,7.94,5354.0,0.0,0.0,1.0,0.0,100.85,1.0,0.0,0.0,0.0,0.0,1.0,0.0,1.0,1.0,0.0,4.0,0.0,1.0,1.0,1.0,4.0,399.25,10.0,31.76,0.0,0.0,0.0,1.0,0.0,0.0,1.0,0.0,0.0,0.0,1.0,0.0,0.0,0.0,0.0,1.0,0.0,1.0,0.0,0
48.0,19.0,0.0,4120.0,1.0,1.0,1.0,1.0,60.05,0.0,1.0,3.0,0.0,1.0,1.0,1.0,0.0,1.0,1.0,4.0,0.0,1.0,1.0,1.0,64.0,3845.45,0.0,0.0,0.0,0.0,1.0,0.0,0.0,1.0,0.0,1.0,0.0,1.0,0.0,0.0,1.0,0.0,0.0,0.0,1.0,0.0,0.0,0
43.0,16.0,6.7,5282.0,1.0,0.0,1.0,0.0,55.0,1.0,2.0,0.0,1.0,0.0,1.0,0.0,1.0,0.0,0.0,1.0,0.0,0.0,0.0,0.0,54.0,3092.65,0.0,361.8,0.0,0.0,1.0,1.0,0.0,0.0,0.0,1.0,1.0,0.0,0.0,0.0,1.0,0.0,0.0,0.0,0.0,1.0,0.0,1
42.0,0.0,48.61,2607.0,0.0,0.0,0.0,0.0,19.35,0.0,0.0,0.0,0.0,0.0,0.0,0.0,1.0,0.0,0.0,3.0,0.0,0.0,0.0,0.0,39.0,779.2,0.0,1895.79,0.0,0.0,0.0,0.0,1.0,0.0,0.0,1.0,0.0,0.0,1.0,0.0,1.0,0.0,0.0,0.0,1.0,0.0,0.0,0
33.0,28.0,3.51,4415.0,0.0,1.0,1.0,1.0,102.1,1.0,0.0,1.0,0.0,0.0,1.0,1.0,1.0,1.0,1.0,2.0,0.0,1.0,1.0,1.0,58.0,5885.4,100.0,203.58,0.0,0.0,0.0,1.0,0.0,0.0,1.0,0.0,0.0,0.0,1.0,0.0,1.0,0.0,0.0,0.0,0.0,1.0,0.0,1
38.0,4.0,0.0,3051.0,0.0,1.0,1.0,0.0,53.95,0.0,0.0,0.0,1.0,0.0,1.0,0.0,0.0,0.0,0.0,2.0,0.0,1.0,1.0,1.0,44.0,2375.4,0.0,0.0,0.0,0.0,1.0,0.0,1.0,0.0,0.0,1.0,1.0,0.0,0.0,0.0,1.0,0.0,0.0,0.0,0.0,1.0,0.0,1
72.0,14.0,44.81,5388.0,0.0,1.0,1.0,0.0,111.65,1.0,0.0,0.0,1.0,0.0,0.0,0.0,1.0,1.0,0.0,5.0,1.0,1.0,0.0,1.0,72.0,7943.45,0.0,3226.32,0.0,0.0,1.0,0.0,0.0,1.0,1.0,0.0,0.0,0.0,1.0,1.0,0.0,0.0,0.0,0.0,1.0,0.0,0.0,0
77.0,25.0,47.64,6355.0,0.0,1.0,1.0,1.0,94.0,0.0,0.0,1.0,1.0,0.0,1.0,1.0,1.0,1.0,1.0,3.0,1.0,0.0,0.0,1.0,53.0,4871.45,0.0,2524.92,0.0,0.0,1.0,0.0,1.0,0.0,1.0,0.0,0.0,0.0,1.0,0.0,1.0,0.0,0.0,0.0,1.0,0.0,0.0,0
67.0,25.0,12.52,2189.0,0.0,0.0,1.0,0.0,70.65,0.0,0.0,0.0,0.0,0.0,1.0,0.0,1.0,0.0,0.0,1.0,1.0,0.0,0.0,0.0,2.0,142.35,0.0,25.04,0.0,0.0,1.0,1.0,0.0,0.0,1.0,0.0,0.0,0.0,1.0,0.0,1.0,0.0,0.0,0.0,1.0,0.0,0.0,1
33.0,10.0,25.4,2156.0,0.0,0.0,1.0,0.0,70.25,0.0,0.0,0.0,0.0,0.0,1.0,0.0,1.0,0.0,0.0,4.0,0.0,0.0,0.0,0.0,3.0,229.7,0.0,76.2,0.0,0.0,1.0,1.0,0.0,0.0,1.0,0.0,0.0,0.0,1.0,0.0,0.0,0.0,0.0,1.0,1.0,0.0,0.0,0
67.0,25.0,16.82,5092.0,1.0,1.0,1.0,1.0,104.1,0.0,2.0,4.0,0.0,1.0,1.0,1.0,1.0,1.0,1.0,3.0,1.0,1.0,0.0,1.0,72.0,7447.7,40.0,1211.04,0.0,0.0,0.0,0.0,0.0,1.0,0.0,1.0,0.0,0.0,1.0,0.0,1.0,0.0,0.0,0.0,0.0,1.0,0.0,0
50.0,18.0,44.76,2667.0,0.0,0.0,1.0,0.0,70.95,1.0,0.0,0.0,0.0,1.0,1.0,0.0,1.0,1.0,0.0,3.0,0.0,1.0,1.0,0.0,48.0,3629.2,0.0,2148.48,0.0,0.0,1.0,0.0,1.0,0.0,0.0,1.0,0.0,1.0,0.0,0.0,1.0,0.0,0.0,0.0,1.0,0.0,0.0,0
65.0,9.0,25.04,4030.0,0.0,0.0,1.0,0.0,93.6,1.0,0.0,0.0,0.0,0.0,1.0,0.0,1.0,0.0,0.0,5.0,1.0,1.0,1.0,1.0,26.0,2404.1,0.0,651.04,0.0,0.0,1.0,0.0,0.0,1.0,0.0,1.0,0.0,0.0,1.0,0.0,0.0,1.0,0.0,0.0,1.0,0.0,0.0,0
56.0,53.0,0.0,3824.0,1.0,0.0,1.0,1.0,38.55,0.0,3.0,3.0,0.0,1.0,0.0,1.0,0.0,0.0,1.0,4.0,0.0,0.0,0.0,1.0,4.0,156.1,0.0,0.0,0.0,0.0,1.0,1.0,0.0,0.0,0.0,1.0,0.0,1.0,0.0,0.0,1.0,0.0,0.0,0.0,0.0,1.0,0.0,0
39.0,6.0,5.51,6286.0,0.0,1.0,1.0,1.0,86.1,0.0,0.0,7.0,1.0,1.0,1.0,1.0,1.0,1.0,1.0,4.0,0.0,1.0,1.0,1.0,71.0,6045.9,0.0,391.21,0.0,0.0,1.0,0.0,0.0,1.0,0.0,1.0,1.0,0.0,0.0,1.0,0.0,0.0,0.0,0.0,1.0,0.0,0.0,0
20.0,73.0,8.01,6026.0,0.0,1.0,1.0,1.0,109.4,1.0,0.0,10.0,1.0,0.0,1.0,1.0,1.0,1.0,1.0,5.0,0.0,1.0,1.0,1.0,57.0,6252.7,0.0,456.57,0.0,1.0,1.0,0.0,1.0,0.0,1.0,0.0,0.0,0.0,1.0,0.0,1.0,0.0,0.0,0.0,1.0,0.0,0.0,0
56.0,17.0,17.31,4613.0,0.0,1.0,1.0,1.0,68.15,1.0,0.0,1.0,1.0,1.0,0.0,1.0,1.0,1.0,1.0,3.0,0.0,0.0,0.0,0.0,72.0,4808.7,0.0,1246.32,0.0,0.0,1.0,0.0,0.0,1.0,0.0,1.0,0.0,1.0,0.0,1.0,0.0,0.0,0.0,0.0,0.0,1.0,0.0,0
19.0,53.0,4.65,5361.0,0.0,0.0,1.0,1.0,90.35,0.0,0.0,10.0,1.0,1.0,0.0,1.0,1.0,0.0,1.0,3.0,0.0,0.0,0.0,1.0,2.0,190.5,0.0,9.3,0.0,1.0,1.0,1.0,0.0,0.0,1.0,0.0,0.0,0.0,1.0,0.0,1.0,0.0,0.0,0.0,1.0,0.0,0.0,0
32.0,0.0,9.19,3396.0,0.0,0.0,0.0,0.0,19.95,0.0,0.0,0.0,0.0,0.0,0.0,0.0,1.0,0.0,0.0,3.0,0.0,0.0,0.0,0.0,48.0,936.7,0.0,441.12,0.0,0.0,0.0,0.0,1.0,0.0,1.0,0.0,0.0,0.0,1.0,0.0,1.0,0.0,0.0,0.0,0.0,0.0,1.0,0
50.0,10.0,37.6,5168.0,0.0,0.0,1.0,1.0,79.3,1.0,0.0,5.0,1.0,0.0,0.0,1.0,1.0,0.0,1.0,3.0,0.0,0.0,0.0,0.0,26.0,2015.8,0.0,977.6,0.0,0.0,1.0,1.0,0.0,0.0,1.0,0.0,0.0,0.0,1.0,0.0,1.0,0.0,0.0,0.0,1.0,0.0,0.0,0
21.0,48.0,23.52,4799.0,0.0,0.0,1.0,0.0,70.3,0.0,0.0,0.0,0.0,0.0,0.0,0.0,1.0,1.0,0.0,3.0,0.0,1.0,1.0,1.0,2.0,132.4,0.0,47.04,0.0,1.0,1.0,1.0,0.0,0.0,0.0,1.0,0.0,1.0,0.0,0.0,1.0,0.0,0.0,0.0,1.0,0.0,0.0,0
32.0,9.0,44.77,3430.0,0.0,0.0,1.0,0.0,70.35,0.0,0.0,0.0,0.0,0.0,0.0,0.0,1.0,0.0,0.0,5.0,0.0,0.0,0.0,0.0,2.0,139.25,0.0,89.54,0.0,0.0,1.0,1.0,0.0,0.0,1.0,0.0,0.0,0.0,1.0,0.0,1.0,0.0,0.0,0.0,1.0,0.0,0.0,0
48.0,6.0,11.09,4464.0,0.0,0.0,1.0,0.0,94.55,1.0,0.0,0.0,0.0,0.0,1.0,0.0,1.0,0.0,0.0,2.0,0.0,1.0,1.0,1.0,27.0,2724.6,0.0,299.43,0.0,0.0,1.0,1.0,0.0,0.0,1.0,0.0,0.0,0.0,1.0,0.0,1.0,0.0,0.0,0.0,0.0,0.0,1.0,1
62.0,5.0,5.91,5201.0,0.0,0.0,1.0,0.0,54.65,1.0,0.0,0.0,1.0,0.0,1.0,0.0,1.0,0.0,0.0,3.0,0.0,0.0,0.0,0.0,33.0,1665.2,0.0,195.03,0.0,0.0,1.0,1.0,0.0,0.0,0.0,1.0,0.0,1.0,0.0,0.0,0.0,1.0,0.0,0.0,1.0,0.0,0.0,0
57.0,10.0,33.75,4840.0,0.0,0.0,1.0,0.0,70.15,0.0,0.0,0.0,0.0,0.0,1.0,0.0,1.0,0.0,0.0,3.0,0.0,0.0,0.0,0.0,2.0,123.8,0.0,67.5,0.0,0.0,1.0,1.0,0.0,0.0,1.0,0.0,0.0,0.0,1.0,0.0,1.0,0.0,0.0,0.0,1.0,0.0,0.0,0
24.0,85.0,36.14,5651.0,0.0,0.0,1.0,1.0,49.75,0.0,0.0,4.0,0.0,1.0,1.0,1.0,1.0,0.0,1.0,1.0,0.0,0.0,1.0,0.0,7.0,331.3,0.0,252.98,0.0,1.0,1.0,0.0,1.0,0.0,0.0,1.0,0.0,1.0,0.0,0.0,0.0,0.0,0.0,1.0,1.0,0.0,0.0,1
34.0,0.0,39.37,4865.0,0.0,0.0,0.0,0.0,24.05,1.0,0.0,0.0,0.0,0.0,0.0,0.0,1.0,0.0,0.0,3.0,0.0,0.0,0.0,0.0,53.0,1301.9,0.0,2086.61,0.0,0.0,0.0,0.0,1.0,0.0,0.0,1.0,0.0,0.0,1.0,0.0,1.0,0.0,0.0,0.0,1.0,0.0,0.0,0
80.0,29.0,29.66,5393.0,0.0,1.0,1.0,1.0,85.2,0.0,0.0,4.0,0.0,0.0,1.0,1.0,1.0,0.0,1.0,5.0,1.0,0.0,0.0,1.0,34.0,2874.45,0.0,1008.44,0.0,0.0,1.0,1.0,0.0,0.0,0.0,1.0,0.0,0.0,1.0,0.0,0.0,1.0,0.0,0.0,0.0,1.0,0.0,0
21.0,58.0,2.12,4792.0,0.0,1.0,1.0,1.0,67.85,0.0,0.0,5.0,0.0,1.0,0.0,1.0,1.0,1.0,1.0,3.0,0.0,1.0,1.0,0.0,67.0,4627.65,0.0,142.04,0.0,1.0,1.0,0.0,0.0,1.0,0.0,1.0,1.0,0.0,0.0,1.0,0.0,0.0,0.0,0.0,0.0,1.0,0.0,0
26.0,59.0,23.22,3300.0,0.0,0.0,1.0,0.0,98.55,1.0,0.0,0.0,0.0,0.0,1.0,0.0,1.0,1.0,0.0,3.0,0.0,1.0,1.0,1.0,20.0,2031.95,0.0,464.4,0.0,1.0,1.0,1.0,0.0,0.0,0.0,1.0,0.0,0.0,1.0,0.0,1.0,0.0,0.0,0.0,0.0,0.0,1.0,0
60.0,13.0,21.17,5356.0,0.0,1.0,1.0,1.0,60.4,0.0,0.0,1.0,0.0,1.0,1.0,1.0,1.0,1.0,1.0,3.0,0.0,0.0,0.0,0.0,67.0,3953.7,40.0,1418.39,0.0,0.0,0.0,0.0,0.0,1.0,0.0,1.0,1.0,0.0,0.0,0.0,1.0,0.0,0.0,0.0,1.0,0.0,0.0,0
22.0,52.0,14.75,4271.0,1.0,0.0,1.0,1.0,105.5,1.0,1.0,8.0,1.0,1.0,1.0,1.0,1.0,0.0,1.0,4.0,0.0,1.0,1.0,1.0,62.0,6487.2,150.0,914.5,0.0,1.0,0.0,1.0,0.0,0.0,0.0,1.0,0.0,0.0,1.0,0.0,1.0,0.0,0.0,0.0,1.0,0.0,0.0,0
45.0,11.0,0.0,5381.0,0.0,1.0,1.0,0.0,35.2,0.0,0.0,0.0,0.0,0.0,1.0,0.0,0.0,1.0,0.0,3.0,0.0,0.0,0.0,0.0,18.0,607.3,50.0,0.0,0.0,0.0,0.0,1.0,0.0,0.0,1.0,0.0,0.0,1.0,0.0,0.0,0.0,0.0,1.0,0.0,1.0,0.0,0.0,0
48.0,0.0,39.87,3195.0,0.0,0.0,0.0,0.0,19.6,0.0,0.0,0.0,0.0,0.0,0.0,0.0,1.0,0.0,0.0,5.0,0.0,0.0,0.0,0.0,15.0,299.4,0.0,598.05,0.0,0.0,0.0,1.0,0.0,0.0,1.0,0.0,0.0,0.0,1.0,0.0,1.0,0.0,0.0,0.0,0.0,1.0,0.0,0
19.0,59.0,0.0,4161.0,0.0,0.0,1.0,0.0,24.85,0.0,0.0,0.0,0.0,0.0,1.0,0.0,0.0,0.0,0.0,5.0,0.0,0.0,0.0,0.0,29.0,788.05,0.0,0.0,0.0,1.0,1.0,0.0,1.0,0.0,0.0,1.0,0.0,1.0,0.0,0.0,1.0,0.0,0.0,0.0,0.0,1.0,0.0,0
55.0,0.0,3.07,3274.0,1.0,0.0,0.0,0.0,20.8,0.0,3.0,0.0,0.0,0.0,0.0,0.0,1.0,0.0,0.0,5.0,0.0,0.0,0.0,0.0,25.0,460.2,0.0,76.75,21.81,0.0,0.0,1.0,0.0,0.0,0.0,1.0,0.0,0.0,1.0,0.0,1.0,0.0,0.0,0.0,0.0,1.0,0.0,0
65.0,4.0,44.86,3207.0,0.0,0.0,1.0,0.0,79.2,0.0,0.0,0.0,1.0,1.0,1.0,0.0,1.0,0.0,0.0,1.0,1.0,0.0,0.0,0.0,40.0,3233.85,0.0,1794.4,0.0,0.0,1.0,1.0,0.0,0.0,1.0,0.0,0.0,0.0,1.0,0.0,1.0,0.0,0.0,0.0,0.0,1.0,0.0,1
72.0,30.0,14.65,2925.0,0.0,1.0,1.0,1.0,89.2,1.0,0.0,6.0,0.0,0.0,1.0,1.0,1.0,0.0,1.0,4.0,1.0,0.0,0.0,1.0,44.0,4040.2,0.0,644.6,0.0,0.0,1.0,0.0,0.0,1.0,0.0,1.0,0.0,0.0,1.0,0.0,1.0,0.0,0.0,0.0,1.0,0.0,0.0,0
28.0,0.0,28.46,4218.0,0.0,0.0,0.0,0.0,20.25,0.0,0.0,0.0,0.0,0.0,0.0,0.0,1.0,0.0,0.0,4.0,0.0,0.0,0.0,0.0,53.0,1048.45,0.0,1508.38,0.0,1.0,0.0,0.0,0.0,1.0,1.0,0.0,0.0,0.0,1.0,0.0,1.0,0.0,0.0,0.0,0.0,1.0,0.0,0
57.0,0.0,12.0,4710.0,0.0,0.0,0.0,0.0,20.05,0.0,0.0,0.0,0.0,0.0,0.0,0.0,1.0,0.0,0.0,2.0,0.0,0.0,0.0,0.0,1.0,20.05,0.0,12.0,0.0,0.0,0.0,1.0,0.0,0.0,0.0,1.0,0.0,0.0,1.0,0.0,1.0,0.0,0.0,0.0,1.0,0.0,0.0,1
20.0,69.0,6.35,3983.0,0.0,1.0,1.0,1.0,65.0,0.0,0.0,1.0,1.0,1.0,0.0,1.0,1.0,1.0,1.0,1.0,0.0,0.0,0.0,0.0,9.0,663.05,0.0,57.15,0.0,1.0,1.0,1.0,0.0,0.0,1.0,0.0,1.0,0.0,0.0,0.0,0.0,0.0,0.0,1.0,0.0,0.0,1.0,1
52.0,19.0,6.85,4463.0,1.0,1.0,1.0,1.0,70.45,1.0,1.0,8.0,1.0,1.0,1.0,1.0,1.0,1.0,1.0,3.0,0.0,0.0,0.0,0.0,72.0,5165.7,0.0,493.2,0.0,0.0,1.0,0.0,0.0,1.0,1.0,0.0,0.0,1.0,0.0,1.0,0.0,0.0,0.0,0.0,1.0,0.0,0.0,0
56.0,13.0,16.15,3591.0,0.0,0.0,1.0,0.0,89.45,0.0,0.0,0.0,0.0,0.0,1.0,0.0,1.0,0.0,0.0,3.0,0.0,1.0,1.0,1.0,3.0,240.45,0.0,48.45,0.0,0.0,1.0,1.0,0.0,0.0,1.0,0.0,0.0,0.0,1.0,0.0,1.0,0.0,0.0,0.0,1.0,0.0,0.0,1
33.0,29.0,34.49,5976.0,0.0,1.0,1.0,1.0,85.4,1.0,0.0,6.0,1.0,0.0,1.0,1.0,1.0,0.0,1.0,5.0,0.0,0.0,0.0,0.0,69.0,5869.4,0.0,2379.81,0.0,0.0,1.0,1.0,0.0,0.0,1.0,0.0,0.0,0.0,1.0,1.0,0.0,0.0,0.0,0.0,1.0,0.0,0.0,0
40.0,29.0,27.66,6298.0,0.0,0.0,1.0,1.0,106.2,1.0,0.0,6.0,1.0,1.0,1.0,1.0,1.0,0.0,1.0,4.0,0.0,1.0,1.0,1.0,61.0,6375.2,0.0,1687.26,0.0,0.0,1.0,1.0,0.0,0.0,0.0,1.0,0.0,0.0,1.0,0.0,1.0,0.0,0.0,0.0,1.0,0.0,0.0,0
60.0,0.0,34.04,4617.0,1.0,0.0,0.0,1.0,19.6,0.0,3.0,10.0,0.0,0.0,0.0,1.0,1.0,0.0,1.0,5.0,0.0,0.0,0.0,0.0,23.0,426.65,0.0,782.92,0.0,0.0,0.0,0.0,0.0,1.0,0.0,1.0,0.0,0.0,1.0,0.0,1.0,0.0,0.0,0.0,0.0,1.0,0.0,0
76.0,7.0,0.0,5089.0,0.0,0.0,1.0,1.0,36.1,0.0,0.0,2.0,0.0,1.0,0.0,1.0,0.0,1.0,1.0,3.0,1.0,0.0,0.0,0.0,63.0,2298.9,0.0,0.0,0.0,0.0,1.0,0.0,1.0,0.0,0.0,1.0,0.0,1.0,0.0,0.0,1.0,0.0,0.0,0.0,1.0,0.0,0.0,0
71.0,3.0,48.62,4876.0,0.0,0.0,1.0,1.0,80.4,0.0,0.0,1.0,0.0,0.0,1.0,1.0,1.0,0.0,1.0,3.0,1.0,1.0,0.0,0.0,46.0,3605.2,20.0,2236.52,0.0,0.0,0.0,1.0,0.0,0.0,0.0,1.0,0.0,0.0,1.0,0.0,1.0,0.0,0.0,0.0,1.0,0.0,0.0,1
50.0,19.0,0.0,3540.0,1.0,0.0,1.0,0.0,30.15,0.0,2.0,0.0,1.0,0.0,0.0,0.0,0.0,0.0,0.0,5.0,0.0,0.0,0.0,0.0,13.0,382.2,10.0,0.0,0.0,0.0,0.0,1.0,0.0,0.0,1.0,0.0,1.0,0.0,0.0,0.0,1.0,0.0,0.0,0.0,1.0,0.0,0.0,0
42.0,0.0,3.23,5368.0,0.0,0.0,0.0,0.0,20.05,0.0,0.0,0.0,0.0,0.0,1.0,0.0,1.0,0.0,0.0,3.0,0.0,0.0,0.0,0.0,1.0,20.05,0.0,3.23,0.0,0.0,0.0,1.0,0.0,0.0,0.0,1.0,0.0,0.0,1.0,0.0,1.0,0.0,0.0,0.0,0.0,1.0,0.0,0
68.0,28.0,48.43,4826.0,0.0,0.0,1.0,0.0,54.9,1.0,0.0,0.0,1.0,0.0,0.0,0.0,1.0,0.0,0.0,4.0,1.0,0.0,0.0,0.0,67.0,3725.5,0.0,3244.81,0.0,0.0,1.0,1.0,0.0,0.0,1.0,0.0,0.0,1.0,0.0,0.0,1.0,0.0,0.0,0.0,1.0,0.0,0.0,0
64.0,13.0,22.41,4022.0,0.0,1.0,1.0,0.0,116.25,1.0,0.0,0.0,1.0,1.0,0.0,0.0,1.0,1.0,0.0,3.0,0.0,1.0,1.0,1.0,34.0,3899.05,0.0,761.94,0.0,0.0,1.0,0.0,1.0,0.0,0.0,1.0,0.0,0.0,1.0,0.0,0.0,1.0,0.0,0.0,0.0,1.0,0.0,0
24.0,76.0,22.2,4078.0,0.0,1.0,1.0,1.0,105.75,1.0,0.0,5.0,0.0,1.0,0.0,1.0,1.0,0.0,1.0,4.0,0.0,1.0,1.0,1.0,40.0,4228.55,0.0,888.0,0.0,1.0,1.0,0.0,1.0,0.0,1.0,0.0,0.0,0.0,1.0,0.0,1.0,0.0,0.0,0.0,1.0,0.0,0.0,0
31.0,0.0,39.98,4954.0,1.0,0.0,0.0,1.0,20.25,0.0,1.0,9.0,0.0,0.0,0.0,1.0,1.0,0.0,1.0,3.0,0.0,0.0,0.0,0.0,7.0,144.35,0.0,279.86,0.0,0.0,0.0,1.0,0.0,0.0,0.0,1.0,0.0,0.0,1.0,0.0,1.0,0.0,0.0,0.0,0.0,1.0,0.0,0
63.0,22.0,10.43,5383.0,0.0,1.0,1.0,0.0,106.3,1.0,0.0,0.0,1.0,0.0,1.0,0.0,1.0,0.0,0.0,2.0,0.0,1.0,1.0,1.0,41.0,4443.45,130.0,427.63,0.0,0.0,0.0,1.0,0.0,0.0,1.0,0.0,0.0,0.0,1.0,0.0,1.0,0.0,0.0,0.0,1.0,0.0,0.0,1
45.0,15.0,0.0,5112.0,0.0,0.0,1.0,0.0,29.45,0.0,0.0,0.0,0.0,0.0,0.0,0.0,0.0,1.0,0.0,3.0,0.0,0.0,0.0,0.0,66.0,1983.15,0.0,0.0,0.0,0.0,1.0,0.0,1.0,0.0,0.0,1.0,1.0,0.0,0.0,0.0,1.0,0.0,0.0,0.0,0.0,1.0,0.0,0
54.0,4.0,9.52,2405.0,0.0,1.0,1.0,0.0,94.2,0.0,0.0,0.0,1.0,0.0,1.0,0.0,1.0,1.0,0.0,3.0,0.0,1.0,1.0,0.0,11.0,999.9,0.0,104.72,0.0,0.0,1.0,1.0,0.0,0.0,1.0,0.0,0.0,0.0,1.0,0.0,1.0,0.0,0.0,0.0,1.0,0.0,0.0,0
52.0,0.0,15.5,2231.0,1.0,0.0,0.0,0.0,19.65,0.0,2.0,0.0,0.0,0.0,0.0,0.0,1.0,0.0,0.0,5.0,0.0,0.0,0.0,0.0,6.0,100.9,0.0,93.0,0.0,0.0,0.0,1.0,0.0,0.0,0.0,1.0,0.0,0.0,1.0,0.0,1.0,0.0,0.0,0.0,0.0,0.0,1.0,0
56.0,13.0,12.35,5225.0,0.0,0.0,1.0,0.0,80.1,0.0,0.0,0.0,0.0,0.0,1.0,0.0,1.0,0.0,0.0,3.0,0.0,0.0,0.0,1.0,5.0,398.55,0.0,61.75,0.0,0.0,1.0,1.0,0.0,0.0,0.0,1.0,0.0,0.0,1.0,0.0,1.0,0.0,0.0,0.0,0.0,1.0,0.0,0
80.0,6.0,36.82,3209.0,0.0,1.0,1.0,1.0,85.35,1.0,0.0,1.0,0.0,1.0,1.0,1.0,1.0,0.0,1.0,1.0,1.0,0.0,0.0,0.0,17.0,1463.45,0.0,625.94,0.0,0.0,1.0,1.0,0.0,0.0,1.0,0.0,0.0,0.0,1.0,0.0,0.0,0.0,1.0,0.0,1.0,0.0,0.0,1
77.0,4.0,6.23,2174.0,0.0,1.0,1.0,1.0,79.65,0.0,0.0,1.0,1.0,0.0,1.0,1.0,1.0,0.0,1.0,3.0,1.0,0.0,0.0,0.0,30.0,2365.15,0.0,186.9,0.0,0.0,1.0,1.0,0.0,0.0,0.0,1.0,0.0,0.0,1.0,0.0,0.0,1.0,0.0,0.0,0.0,1.0,0.0,1
36.0,2.0,46.6,5659.0,0.0,0.0,1.0,0.0,51.5,0.0,0.0,0.0,0.0,0.0,0.0,0.0,1.0,1.0,0.0,1.0,0.0,0.0,0.0,0.0,17.0,900.5,0.0,792.2,35.34,0.0,1.0,1.0,0.0,0.0,0.0,1.0,1.0,0.0,0.0,0.0,0.0,0.0,1.0,0.0,0.0,0.0,1.0,1
41.0,3.0,30.8,5017.0,0.0,0.0,1.0,0.0,95.9,0.0,0.0,0.0,0.0,0.0,1.0,0.0,1.0,1.0,0.0,3.0,0.0,1.0,1.0,1.0,9.0,827.45,0.0,277.2,0.0,0.0,1.0,1.0,0.0,0.0,0.0,1.0,0.0,0.0,1.0,0.0,1.0,0.0,0.0,0.0,1.0,0.0,0.0,0
23.0,41.0,29.44,5988.0,0.0,0.0,1.0,0.0,60.15,1.0,0.0,0.0,1.0,1.0,1.0,0.0,1.0,0.0,0.0,3.0,0.0,0.0,1.0,0.0,42.0,2421.6,0.0,1236.48,0.0,1.0,1.0,0.0,1.0,0.0,1.0,0.0,1.0,0.0,0.0,0.0,1.0,0.0,0.0,0.0,1.0,0.0,0.0,0
19.0,58.0,44.36,2833.0,0.0,0.0,1.0,0.0,54.9,0.0,0.0,0.0,1.0,1.0,1.0,0.0,1.0,0.0,0.0,1.0,0.0,0.0,1.0,0.0,1.0,54.9,0.0,44.36,0.0,1.0,1.0,1.0,0.0,0.0,1.0,0.0,0.0,1.0,0.0,0.0,1.0,0.0,0.0,0.0,1.0,0.0,0.0,1
41.0,0.0,19.98,5628.0,0.0,0.0,0.0,1.0,19.45,0.0,0.0,8.0,0.0,0.0,0.0,1.0,1.0,0.0,1.0,3.0,0.0,0.0,0.0,0.0,64.0,1208.6,0.0,1278.72,0.0,0.0,0.0,0.0,0.0,1.0,1.0,0.0,0.0,0.0,1.0,0.0,1.0,0.0,0.0,0.0,0.0,1.0,0.0,0
33.0,3.0,21.03,3684.0,0.0,0.0,1.0,0.0,55.3,0.0,0.0,0.0,0.0,0.0,1.0,0.0,1.0,0.0,0.0,4.0,0.0,1.0,1.0,0.0,4.0,238.5,0.0,84.12,0.0,0.0,1.0,1.0,0.0,0.0,0.0,1.0,0.0,1.0,0.0,0.0,1.0,0.0,0.0,0.0,0.0,1.0,0.0,0
45.0,7.0,0.0,5052.0,0.0,0.0,1.0,0.0,35.4,0.0,0.0,0.0,0.0,1.0,1.0,0.0,0.0,1.0,0.0,3.0,0.0,0.0,0.0,0.0,50.0,1748.9,0.0,0.0,0.0,0.0,1.0,0.0,1.0,0.0,0.0,1.0,0.0,1.0,0.0,0.0,1.0,0.0,0.0,0.0,0.0,1.0,0.0,0
55.0,12.0,41.13,6469.0,0.0,1.0,1.0,0.0,69.4,1.0,0.0,0.0,1.0,1.0,0.0,0.0,1.0,1.0,0.0,3.0,0.0,0.0,0.0,0.0,62.0,4237.5,0.0,2550.06,0.0,0.0,1.0,0.0,0.0,1.0,0.0,1.0,1.0,0.0,0.0,0.0,1.0,0.0,0.0,0.0,1.0,0.0,0.0,0
61.0,28.0,4.53,4120.0,0.0,0.0,1.0,0.0,75.1,1.0,0.0,0.0,0.0,0.0,1.0,0.0,1.0,0.0,0.0,3.0,0.0,0.0,0.0,0.0,1.0,75.1,0.0,4.53,0.0,0.0,1.0,1.0,0.0,0.0,0.0,1.0,0.0,0.0,1.0,0.0,1.0,0.0,0.0,0.0,1.0,0.0,0.0,0
32.0,0.0,42.84,5517.0,1.0,0.0,0.0,1.0,25.7,1.0,3.0,3.0,0.0,0.0,1.0,1.0,1.0,0.0,1.0,4.0,0.0,0.0,0.0,0.0,66.0,1714.55,0.0,2827.44,0.0,0.0,0.0,0.0,1.0,0.0,0.0,1.0,0.0,0.0,1.0,1.0,0.0,0.0,0.0,0.0,0.0,1.0,0.0,0
43.0,4.0,42.41,3801.0,0.0,1.0,1.0,0.0,78.9,1.0,0.0,0.0,1.0,1.0,1.0,0.0,1.0,1.0,0.0,4.0,0.0,0.0,0.0,1.0,37.0,2976.95,30.0,1569.17,0.0,0.0,0.0,1.0,0.0,0.0,1.0,0.0,0.0,1.0,0.0,0.0,1.0,0.0,0.0,0.0,0.0,1.0,0.0,0
27.0,0.0,39.39,2706.0,0.0,0.0,0.0,0.0,20.0,0.0,0.0,0.0,0.0,0.0,0.0,0.0,1.0,0.0,0.0,3.0,0.0,0.0,0.0,0.0,10.0,185.4,0.0,393.9,0.0,1.0,0.0,1.0,0.0,0.0,0.0,1.0,0.0,0.0,1.0,0.0,1.0,0.0,0.0,0.0,1.0,0.0,0.0,0
61.0,16.0,44.97,5755.0,0.0,0.0,1.0,0.0,82.3,0.0,0.0,0.0,0.0,1.0,1.0,0.0,1.0,1.0,0.0,4.0,0.0,0.0,0.0,0.0,3.0,214.4,20.0,134.91,0.0,0.0,0.0,1.0,0.0,0.0,0.0,1.0,0.0,0.0,1.0,0.0,1.0,0.0,0.0,0.0,0.0,1.0,0.0,0
58.0,5.0,13.03,4975.0,0.0,0.0,1.0,0.0,55.5,0.0,0.0,0.0,1.0,1.0,0.0,0.0,1.0,0.0,0.0,4.0,0.0,0.0,0.0,0.0,48.0,2627.35,0.0,625.44,0.0,0.0,1.0,0.0,0.0,1.0,1.0,0.0,0.0,1.0,0.0,0.0,1.0,0.0,0.0,0.0,0.0,1.0,0.0,0
63.0,14.0,1.55,5795.0,0.0,0.0,1.0,0.0,73.95,0.0,0.0,0.0,1.0,0.0,1.0,0.0,1.0,0.0,0.0,3.0,0.0,0.0,0.0,0.0,34.0,2524.45,0.0,52.7,0.0,0.0,1.0,1.0,0.0,0.0,1.0,0.0,0.0,0.0,1.0,0.0,0.0,1.0,0.0,0.0,0.0,1.0,0.0,1
37.0,0.0,11.75,4517.0,1.0,0.0,0.0,1.0,20.1,0.0,3.0,7.0,0.0,0.0,0.0,1.0,1.0,0.0,1.0,3.0,0.0,0.0,0.0,0.0,35.0,655.3,0.0,411.25,38.61,0.0,0.0,0.0,0.0,1.0,0.0,1.0,0.0,0.0,1.0,0.0,1.0,0.0,0.0,0.0,0.0,1.0,0.0,0
39.0,0.0,31.37,2056.0,0.0,0.0,0.0,1.0,19.1,0.0,0.0,1.0,0.0,0.0,0.0,1.0,1.0,0.0,1.0,3.0,0.0,0.0,0.0,0.0,40.0,780.1,0.0,1254.8,45.6,0.0,0.0,0.0,0.0,1.0,1.0,0.0,0.0,0.0,1.0,0.0,1.0,0.0,0.0,0.0,0.0,1.0,0.0,0
34.0,23.0,38.4,5631.0,0.0,1.0,1.0,0.0,78.75,1.0,0.0,0.0,0.0,1.0,1.0,0.0,1.0,0.0,0.0,4.0,0.0,1.0,1.0,1.0,13.0,995.35,50.0,499.2,0.0,0.0,0.0,1.0,0.0,0.0,1.0,0.0,0.0,1.0,0.0,0.0,0.0,0.0,1.0,0.0,1.0,0.0,0.0,0
29.0,73.0,31.97,4111.0,0.0,1.0,1.0,1.0,108.55,1.0,0.0,10.0,0.0,1.0,1.0,1.0,1.0,1.0,1.0,3.0,0.0,1.0,1.0,1.0,71.0,7616.0,0.0,2269.87,0.0,1.0,1.0,0.0,0.0,1.0,0.0,1.0,0.0,0.0,1.0,1.0,0.0,0.0,0.0,0.0,0.0,1.0,0.0,0
78.0,3.0,34.0,5085.0,0.0,1.0,1.0,0.0,59.85,1.0,0.0,0.0,0.0,1.0,0.0,0.0,1.0,0.0,0.0,3.0,1.0,0.0,0.0,0.0,52.0,3103.25,0.0,1768.0,19.16,0.0,1.0,0.0,0.0,1.0,1.0,0.0,0.0,1.0,0.0,0.0,1.0,0.0,0.0,0.0,1.0,0.0,0.0,0
63.0,20.0,4.38,2643.0,0.0,0.0,1.0,0.0,74.15,1.0,0.0,0.0,0.0,0.0,0.0,0.0,1.0,0.0,0.0,5.0,0.0,0.0,0.0,0.0,18.0,1387.0,0.0,78.84,0.0,0.0,1.0,1.0,0.0,0.0,0.0,1.0,0.0,0.0,1.0,0.0,1.0,0.0,0.0,0.0,0.0,1.0,0.0,0
56.0,30.0,36.35,3773.0,0.0,0.0,1.0,1.0,66.4,1.0,0.0,4.0,1.0,1.0,1.0,1.0,1.0,1.0,1.0,3.0,0.0,0.0,0.0,0.0,42.0,2727.8,0.0,1526.7,0.0,0.0,1.0,1.0,0.0,0.0,1.0,0.0,0.0,1.0,0.0,0.0,1.0,0.0,0.0,0.0,0.0,1.0,0.0,0
40.0,0.0,44.68,3753.0,1.0,0.0,0.0,1.0,24.1,1.0,1.0,5.0,0.0,0.0,1.0,1.0,1.0,0.0,1.0,4.0,0.0,0.0,0.0,0.0,37.0,861.85,0.0,1653.16,0.0,0.0,0.0,0.0,0.0,1.0,1.0,0.0,0.0,0.0,1.0,0.0,1.0,0.0,0.0,0.0,1.0,0.0,0.0,0
22.0,27.0,20.75,4263.0,0.0,1.0,1.0,0.0,67.65,0.0,0.0,0.0,0.0,1.0,0.0,0.0,1.0,1.0,0.0,3.0,0.0,0.0,0.0,1.0,34.0,2339.3,0.0,705.5,0.0,1.0,1.0,0.0,0.0,1.0,1.0,0.0,0.0,1.0,0.0,0.0,1.0,0.0,0.0,0.0,0.0,1.0,0.0,0
55.0,0.0,44.12,2219.0,1.0,0.0,0.0,1.0,25.4,1.0,3.0,8.0,0.0,0.0,1.0,1.0,1.0,0.0,1.0,3.0,0.0,0.0,0.0,0.0,12.0,313.0,0.0,529.44,0.0,0.0,0.0,0.0,0.0,1.0,0.0,1.0,0.0,0.0,1.0,0.0,0.0,0.0,1.0,0.0,1.0,0.0,0.0,0
47.0,0.0,48.57,4485.0,1.0,0.0,0.0,1.0,20.05,0.0,2.0,5.0,0.0,0.0,0.0,1.0,1.0,0.0,1.0,3.0,0.0,0.0,0.0,0.0,70.0,1360.25,0.0,3399.9,0.0,0.0,0.0,0.0,0.0,1.0,0.0,1.0,0.0,0.0,1.0,1.0,0.0,0.0,0.0,0.0,0.0,1.0,0.0,0
28.0,0.0,1.22,5114.0,1.0,0.0,0.0,1.0,25.15,1.0,3.0,0.0,0.0,0.0,0.0,1.0,1.0,0.0,0.0,3.0,0.0,0.0,0.0,0.0,70.0,1790.15,0.0,85.4,0.0,1.0,0.0,0.0,0.0,1.0,0.0,1.0,0.0,0.0,1.0,0.0,1.0,0.0,0.0,0.0,0.0,1.0,0.0,0
23.0,0.0,15.22,2569.0,0.0,0.0,0.0,0.0,25.75,1.0,0.0,0.0,0.0,0.0,1.0,0.0,1.0,0.0,0.0,4.0,0.0,0.0,0.0,0.0,1.0,25.75,0.0,15.22,0.0,1.0,0.0,1.0,0.0,0.0,1.0,0.0,0.0,0.0,1.0,0.0,1.0,0.0,0.0,0.0,0.0,1.0,0.0,0
62.0,27.0,15.59,3122.0,0.0,0.0,1.0,0.0,44.6,0.0,0.0,0.0,0.0,0.0,0.0,0.0,1.0,0.0,0.0,4.0,0.0,0.0,0.0,0.0,3.0,122.7,0.0,46.77,0.0,0.0,1.0,1.0,0.0,0.0,1.0,0.0,1.0,0.0,0.0,0.0,1.0,0.0,0.0,0.0,1.0,0.0,0.0,0
45.0,16.0,0.0,5374.0,1.0,1.0,1.0,1.0,39.35,0.0,2.0,7.0,1.0,0.0,0.0,1.0,0.0,1.0,1.0,5.0,0.0,0.0,0.0,0.0,63.0,2395.05,0.0,0.0,0.0,0.0,1.0,0.0,0.0,1.0,0.0,1.0,0.0,1.0,0.0,0.0,1.0,0.0,0.0,0.0,1.0,0.0,0.0,0
22.0,47.0,13.25,6087.0,1.0,1.0,1.0,1.0,109.3,1.0,2.0,4.0,0.0,1.0,0.0,1.0,1.0,1.0,1.0,4.0,0.0,1.0,1.0,1.0,65.0,7337.55,0.0,861.25,0.0,1.0,1.0,0.0,0.0,1.0,1.0,0.0,0.0,0.0,1.0,0.0,1.0,0.0,0.0,0.0,1.0,0.0,0.0,0
46.0,0.0,37.83,4890.0,0.0,0.0,0.0,1.0,19.6,0.0,0.0,2.0,0.0,0.0,0.0,1.0,1.0,0.0,1.0,4.0,0.0,0.0,0.0,0.0,71.0,1416.5,0.0,2685.93,0.0,0.0,0.0,0.0,0.0,1.0,1.0,0.0,0.0,0.0,1.0,0.0,1.0,0.0,0.0,0.0,0.0,1.0,0.0,0
47.0,0.0,41.33,2691.0,0.0,0.0,0.0,0.0,19.55,0.0,0.0,0.0,0.0,0.0,0.0,0.0,1.0,0.0,0.0,5.0,0.0,0.0,0.0,0.0,36.0,620.75,0.0,1487.88,0.0,0.0,0.0,0.0,1.0,0.0,1.0,0.0,0.0,0.0,1.0,0.0,1.0,0.0,0.0,0.0,0.0,1.0,0.0,0
28.0,0.0,10.23,4186.0,1.0,0.0,0.0,0.0,20.3,0.0,3.0,0.0,0.0,0.0,0.0,0.0,1.0,0.0,0.0,3.0,0.0,0.0,0.0,0.0,37.0,755.4,0.0,378.51,0.0,1.0,0.0,0.0,1.0,0.0,1.0,0.0,0.0,0.0,1.0,0.0,1.0,0.0,0.0,0.0,1.0,0.0,0.0,0
27.0,52.0,42.88,6292.0,0.0,0.0,1.0,0.0,89.9,1.0,0.0,0.0,1.0,0.0,1.0,0.0,1.0,0.0,0.0,3.0,0.0,0.0,0.0,1.0,60.0,5450.7,0.0,2572.8,0.0,1.0,1.0,1.0,0.0,0.0,0.0,1.0,0.0,0.0,1.0,0.0,1.0,0.0,0.0,0.0,1.0,0.0,0.0,0
68.0,15.0,25.27,5857.0,0.0,0.0,1.0,1.0,99.75,1.0,0.0,1.0,0.0,0.0,0.0,1.0,1.0,1.0,1.0,2.0,1.0,1.0,0.0,1.0,18.0,1836.25,0.0,454.86,0.0,0.0,1.0,1.0,0.0,0.0,1.0,0.0,0.0,0.0,1.0,0.0,1.0,0.0,0.0,0.0,1.0,0.0,0.0,1
36.0,6.0,44.42,5528.0,0.0,1.0,1.0,0.0,77.4,0.0,0.0,0.0,0.0,1.0,1.0,0.0,1.0,0.0,0.0,4.0,0.0,1.0,1.0,1.0,3.0,206.15,0.0,133.26,0.0,0.0,1.0,1.0,0.0,0.0,0.0,1.0,1.0,0.0,0.0,0.0,0.0,0.0,0.0,1.0,1.0,0.0,0.0,0
32.0,13.0,33.62,4780.0,1.0,0.0,1.0,1.0,87.8,0.0,2.0,1.0,0.0,0.0,1.0,1.0,1.0,0.0,1.0,4.0,0.0,1.0,1.0,1.0,29.0,2621.75,0.0,974.98,0.0,0.0,1.0,1.0,0.0,0.0,1.0,0.0,0.0,0.0,1.0,0.0,1.0,0.0,0.0,0.0,0.0,1.0,0.0,0
58.0,12.0,40.58,5111.0,0.0,0.0,1.0,1.0,95.4,1.0,0.0,4.0,0.0,0.0,1.0,1.0,1.0,0.0,1.0,3.0,0.0,1.0,1.0,1.0,36.0,3474.2,0.0,1460.88,0.0,0.0,1.0,1.0,0.0,0.0,0.0,1.0,0.0,0.0,1.0,0.0,0.0,1.0,0.0,0.0,1.0,0.0,0.0,0
58.0,11.0,20.41,4857.0,0.0,0.0,1.0,0.0,86.0,1.0,0.0,0.0,0.0,0.0,1.0,0.0,1.0,0.0,0.0,1.0,0.0,1.0,1.0,0.0,19.0,1532.45,30.0,387.79,0.0,0.0,0.0,1.0,0.0,0.0,0.0,1.0,0.0,0.0,1.0,0.0,0.0,0.0,1.0,0.0,1.0,0.0,0.0,1
62.0,5.0,33.84,2951.0,0.0,0.0,1.0,0.0,80.6,0.0,0.0,0.0,0.0,0.0,1.0,0.0,1.0,0.0,0.0,5.0,0.0,1.0,1.0,0.0,28.0,2244.95,0.0,947.52,0.0,0.0,1.0,1.0,0.0,0.0,1.0,0.0,0.0,0.0,1.0,0.0,1.0,0.0,0.0,0.0,1.0,0.0,0.0,0
20.0,0.0,41.64,3575.0,0.0,0.0,0.0,1.0,20.65,0.0,0.0,2.0,0.0,0.0,0.0,1.0,1.0,0.0,1.0,4.0,0.0,0.0,0.0,0.0,7.0,134.05,0.0,291.48,0.0,1.0,0.0,0.0,1.0,0.0,1.0,0.0,0.0,0.0,1.0,0.0,0.0,0.0,0.0,1.0,0.0,0.0,1.0,0
62.0,22.0,23.96,2038.0,0.0,0.0,1.0,0.0,78.95,0.0,0.0,0.0,0.0,0.0,1.0,0.0,1.0,0.0,0.0,2.0,0.0,0.0,0.0,1.0,1.0,78.95,0.0,23.96,0.0,0.0,1.0,1.0,0.0,0.0,0.0,1.0,0.0,0.0,1.0,0.0,0.0,0.0,0.0,1.0,1.0,0.0,0.0,1
29.0,59.0,31.27,5724.0,0.0,1.0,1.0,1.0,84.3,1.0,0.0,1.0,0.0,1.0,1.0,1.0,1.0,1.0,1.0,4.0,0.0,1.0,1.0,1.0,58.0,4916.4,0.0,1813.66,0.0,1.0,1.0,0.0,0.0,1.0,1.0,0.0,0.0,1.0,0.0,0.0,1.0,0.0,0.0,0.0,1.0,0.0,0.0,0
51.0,3.0,22.56,2876.0,0.0,0.0,1.0,0.0,50.65,1.0,0.0,0.0,0.0,0.0,1.0,0.0,1.0,0.0,0.0,1.0,0.0,0.0,0.0,0.0,3.0,151.3,0.0,67.68,0.0,0.0,1.0,1.0,0.0,0.0,1.0,0.0,1.0,0.0,0.0,0.0,0.0,0.0,0.0,1.0,0.0,0.0,1.0,1
39.0,16.0,15.24,5488.0,0.0,0.0,1.0,1.0,59.8,0.0,0.0,6.0,0.0,1.0,1.0,1.0,1.0,0.0,1.0,3.0,0.0,0.0,0.0,1.0,60.0,3561.15,0.0,914.4,0.0,0.0,1.0,0.0,1.0,0.0,0.0,1.0,0.0,1.0,0.0,0.0,1.0,0.0,0.0,0.0,0.0,1.0,0.0,0
60.0,0.0,31.7,4784.0,1.0,0.0,0.0,0.0,20.45,0.0,3.0,0.0,0.0,0.0,0.0,0.0,1.0,0.0,0.0,4.0,0.0,0.0,0.0,0.0,49.0,1024.65,0.0,1553.3,0.0,0.0,0.0,0.0,0.0,1.0,1.0,0.0,0.0,0.0,1.0,0.0,1.0,0.0,0.0,0.0,0.0,1.0,0.0,0
29.0,41.0,44.43,5985.0,0.0,0.0,1.0,0.0,100.75,1.0,0.0,0.0,0.0,0.0,0.0,0.0,1.0,1.0,0.0,3.0,0.0,1.0,1.0,1.0,13.0,1313.25,120.0,577.59,0.0,1.0,0.0,1.0,0.0,0.0,0.0,1.0,0.0,0.0,1.0,0.0,0.0,0.0,1.0,0.0,1.0,0.0,0.0,0
46.0,0.0,31.78,2303.0,0.0,0.0,0.0,0.0,20.35,0.0,0.0,0.0,0.0,0.0,0.0,0.0,1.0,0.0,0.0,4.0,0.0,0.0,0.0,0.0,5.0,92.75,0.0,158.9,0.0,0.0,0.0,1.0,0.0,0.0,0.0,1.0,0.0,0.0,1.0,0.0,1.0,0.0,0.0,0.0,0.0,1.0,0.0,0
20.0,48.0,12.28,5162.0,0.0,1.0,1.0,0.0,59.2,0.0,0.0,0.0,0.0,1.0,1.0,0.0,1.0,1.0,0.0,3.0,0.0,0.0,0.0,0.0,55.0,3175.85,0.0,675.4,0.0,1.0,1.0,0.0,0.0,1.0,0.0,1.0,0.0,1.0,0.0,0.0,1.0,0.0,0.0,0.0,1.0,0.0,0.0,0
53.0,11.0,17.28,4324.0,0.0,1.0,1.0,1.0,82.65,1.0,0.0,7.0,1.0,1.0,1.0,1.0,1.0,0.0,1.0,3.0,0.0,1.0,1.0,1.0,72.0,5919.35,0.0,1244.16,0.0,0.0,1.0,0.0,0.0,1.0,1.0,0.0,0.0,1.0,0.0,1.0,0.0,0.0,0.0,0.0,0.0,1.0,0.0,0
47.0,16.0,21.93,3445.0,0.0,0.0,1.0,0.0,79.55,1.0,0.0,0.0,0.0,0.0,1.0,0.0,1.0,1.0,0.0,3.0,0.0,0.0,0.0,0.0,12.0,958.25,0.0,263.16,0.0,0.0,1.0,1.0,0.0,0.0,1.0,0.0,0.0,0.0,1.0,0.0,0.0,0.0,1.0,0.0,0.0,1.0,0.0,0
53.0,24.0,22.86,2075.0,0.0,0.0,1.0,0.0,81.1,0.0,0.0,0.0,0.0,0.0,1.0,0.0,1.0,0.0,0.0,3.0,0.0,1.0,1.0,0.0,1.0,81.1,0.0,22.86,0.0,0.0,1.0,1.0,0.0,0.0,1.0,0.0,0.0,0.0,1.0,0.0,1.0,0.0,0.0,0.0,1.0,0.0,0.0,1
64.0,26.0,37.68,3463.0,1.0,0.0,1.0,1.0,70.65,0.0,2.0,1.0,0.0,0.0,1.0,1.0,1.0,0.0,1.0,1.0,0.0,0.0,0.0,0.0,1.0,70.65,0.0,37.68,0.0,0.0,1.0,1.0,0.0,0.0,0.0,1.0,0.0,0.0,1.0,0.0,1.0,0.0,0.0,0.0,0.0,1.0,0.0,1
39.0,20.0,49.41,4889.0,0.0,1.0,1.0,1.0,91.45,1.0,0.0,0.0,0.0,0.0,1.0,1.0,1.0,0.0,0.0,5.0,0.0,0.0,0.0,1.0,2.0,171.45,10.0,98.82,0.0,0.0,0.0,1.0,0.0,0.0,0.0,1.0,0.0,0.0,1.0,0.0,1.0,0.0,0.0,0.0,1.0,0.0,0.0,0
23.0,0.0,16.39,2406.0,0.0,0.0,0.0,0.0,20.75,0.0,0.0,0.0,0.0,0.0,1.0,0.0,1.0,0.0,0.0,5.0,0.0,0.0,0.0,0.0,3.0,67.1,0.0,49.17,0.0,1.0,0.0,1.0,0.0,0.0,0.0,1.0,0.0,0.0,1.0,0.0,0.0,0.0,0.0,1.0,0.0,1.0,0.0,0
20.0,0.0,13.26,5461.0,1.0,0.0,0.0,1.0,19.55,0.0,2.0,3.0,0.0,0.0,0.0,1.0,1.0,0.0,1.0,5.0,0.0,0.0,0.0,0.0,48.0,883.35,0.0,636.48,0.0,1.0,0.0,0.0,0.0,1.0,1.0,0.0,0.0,0.0,1.0,0.0,1.0,0.0,0.0,0.0,0.0,1.0,0.0,0
39.0,14.0,41.61,5228.0,0.0,1.0,1.0,1.0,88.85,1.0,0.0,2.0,1.0,1.0,1.0,1.0,1.0,1.0,1.0,4.0,0.0,1.0,1.0,1.0,68.0,6132.7,0.0,2829.48,0.0,0.0,1.0,0.0,0.0,1.0,0.0,1.0,1.0,0.0,0.0,0.0,1.0,0.0,0.0,0.0,0.0,1.0,0.0,0
80.0,0.0,37.25,5341.0,0.0,0.0,0.0,1.0,25.45,1.0,0.0,3.0,0.0,0.0,0.0,1.0,1.0,0.0,1.0,5.0,1.0,0.0,0.0,0.0,71.0,1789.65,0.0,2644.75,0.0,0.0,0.0,0.0,0.0,1.0,0.0,1.0,0.0,0.0,1.0,1.0,0.0,0.0,0.0,0.0,0.0,1.0,0.0,0
34.0,5.0,30.06,2070.0,0.0,0.0,1.0,0.0,73.75,0.0,0.0,0.0,0.0,1.0,1.0,0.0,1.0,0.0,0.0,3.0,0.0,0.0,0.0,0.0,13.0,956.65,0.0,390.78,0.0,0.0,1.0,1.0,0.0,0.0,0.0,1.0,0.0,0.0,1.0,0.0,1.0,0.0,0.0,0.0,0.0,1.0,0.0,0
28.0,0.0,14.93,5431.0,1.0,0.0,0.0,1.0,19.7,0.0,1.0,3.0,0.0,0.0,1.0,1.0,1.0,0.0,1.0,5.0,0.0,0.0,0.0,0.0,64.0,1274.05,0.0,955.52,0.0,1.0,0.0,0.0,0.0,1.0,0.0,1.0,0.0,0.0,1.0,0.0,1.0,0.0,0.0,0.0,1.0,0.0,0.0,0
59.0,13.0,46.99,5114.0,0.0,0.0,1.0,1.0,70.8,0.0,0.0,6.0,1.0,1.0,0.0,1.0,1.0,1.0,1.0,3.0,0.0,0.0,0.0,1.0,63.0,4448.8,0.0,2960.37,0.0,0.0,1.0,0.0,1.0,0.0,0.0,1.0,1.0,0.0,0.0,0.0,1.0,0.0,0.0,0.0,0.0,1.0,0.0,0
50.0,25.0,22.86,4154.0,0.0,0.0,1.0,0.0,69.8,0.0,0.0,0.0,0.0,0.0,1.0,0.0,1.0,0.0,0.0,2.0,0.0,0.0,0.0,0.0,1.0,69.8,10.0,22.86,0.0,0.0,0.0,1.0,0.0,0.0,0.0,1.0,0.0,0.0,1.0,0.0,1.0,0.0,0.0,0.0,1.0,0.0,0.0,1
56.0,30.0,30.28,2468.0,0.0,0.0,1.0,0.0,89.95,1.0,0.0,0.0,1.0,0.0,1.0,0.0,1.0,0.0,0.0,1.0,0.0,1.0,1.0,0.0,28.0,2625.55,0.0,847.84,0.0,0.0,1.0,1.0,0.0,0.0,1.0,0.0,0.0,0.0,1.0,0.0,0.0,1.0,0.0,0.0,1.0,0.0,0.0,1
76.0,3.0,27.74,4319.0,0.0,1.0,1.0,1.0,109.7,1.0,0.0,5.0,1.0,0.0,0.0,1.0,1.0,1.0,1.0,4.0,1.0,1.0,1.0,1.0,72.0,7898.45,0.0,1997.28,0.0,0.0,1.0,0.0,0.0,1.0,0.0,1.0,0.0,0.0,1.0,0.0,1.0,0.0,0.0,0.0,0.0,1.0,0.0,0
35.0,23.0,12.12,5483.0,0.0,1.0,1.0,1.0,86.65,1.0,0.0,1.0,0.0,1.0,0.0,1.0,1.0,1.0,1.0,3.0,0.0,1.0,1.0,1.0,72.0,6094.25,0.0,872.64,3.2,0.0,1.0,0.0,0.0,1.0,0.0,1.0,1.0,0.0,0.0,0.0,1.0,0.0,0.0,0.0,0.0,1.0,0.0,0
26.0,73.0,4.18,5833.0,1.0,1.0,1.0,1.0,97.55,0.0,3.0,1.0,1.0,0.0,1.0,1.0,1.0,0.0,1.0,4.0,0.0,1.0,1.0,1.0,57.0,5598.0,0.0,238.26,0.0,1.0,1.0,0.0,1.0,0.0,0.0,1.0,0.0,0.0,1.0,0.0,1.0,0.0,0.0,0.0,0.0,1.0,0.0,0
79.0,6.0,5.14,6161.0,0.0,1.0,1.0,0.0,65.25,0.0,0.0,0.0,0.0,0.0,0.0,0.0,1.0,1.0,0.0,4.0,1.0,1.0,0.0,0.0,54.0,3529.95,0.0,277.56,33.07,0.0,1.0,0.0,1.0,0.0,0.0,1.0,0.0,1.0,0.0,0.0,1.0,0.0,0.0,0.0,1.0,0.0,0.0,0
43.0,53.0,26.32,5308.0,1.0,1.0,1.0,1.0,113.1,1.0,5.0,10.0,1.0,1.0,1.0,1.0,1.0,1.0,1.0,3.0,0.0,1.0,1.0,1.0,72.0,8248.5,0.0,1895.04,0.0,0.0,1.0,0.0,0.0,1.0,1.0,0.0,0.0,0.0,1.0,0.0,1.0,0.0,0.0,0.0,1.0,0.0,0.0,0
76.0,25.0,40.44,5834.0,0.0,0.0,1.0,1.0,84.2,0.0,0.0,1.0,1.0,0.0,1.0,1.0,1.0,0.0,1.0,2.0,1.0,1.0,0.0,0.0,6.0,519.15,0.0,242.64,0.0,0.0,1.0,1.0,0.0,0.0,0.0,1.0,0.0,0.0,1.0,0.0,1.0,0.0,0.0,0.0,1.0,0.0,0.0,1
31.0,0.0,7.83,5064.0,0.0,0.0,0.0,0.0,20.25,0.0,0.0,0.0,0.0,0.0,0.0,0.0,1.0,0.0,0.0,3.0,0.0,0.0,0.0,0.0,5.0,109.8,0.0,39.15,0.0,0.0,0.0,1.0,0.0,0.0,0.0,1.0,0.0,0.0,1.0,0.0,1.0,0.0,0.0,0.0,0.0,1.0,0.0,0
37.0,13.0,18.31,5958.0,0.0,0.0,1.0,1.0,90.1,0.0,0.0,1.0,0.0,0.0,1.0,1.0,1.0,0.0,1.0,3.0,0.0,1.0,1.0,1.0,28.0,2598.95,0.0,512.68,0.0,0.0,1.0,0.0,1.0,0.0,1.0,0.0,0.0,0.0,1.0,0.0,1.0,0.0,0.0,0.0,1.0,0.0,0.0,1
25.0,26.0,28.86,3039.0,0.0,1.0,1.0,1.0,79.7,0.0,0.0,1.0,1.0,0.0,0.0,1.0,1.0,0.0,1.0,1.0,0.0,0.0,0.0,0.0,2.0,165.0,0.0,57.72,0.0,1.0,1.0,1.0,0.0,0.0,1.0,0.0,0.0,0.0,1.0,0.0,1.0,0.0,0.0,0.0,1.0,0.0,0.0,1
61.0,14.0,1.59,2326.0,0.0,0.0,1.0,0.0,53.55,0.0,0.0,0.0,0.0,0.0,1.0,0.0,1.0,0.0,0.0,1.0,0.0,0.0,0.0,1.0,1.0,53.55,0.0,1.59,0.0,0.0,1.0,1.0,0.0,0.0,1.0,0.0,1.0,0.0,0.0,0.0,1.0,0.0,0.0,0.0,0.0,1.0,0.0,1
66.0,28.0,39.49,5291.0,0.0,1.0,1.0,1.0,104.8,1.0,0.0,3.0,1.0,0.0,1.0,1.0,1.0,0.0,1.0,5.0,1.0,1.0,0.0,1.0,70.0,7308.95,0.0,2764.3,6.11,0.0,1.0,0.0,1.0,0.0,0.0,1.0,0.0,0.0,1.0,0.0,1.0,0.0,0.0,0.0,1.0,0.0,0.0,0
23.0,42.0,18.03,4781.0,0.0,1.0,1.0,1.0,74.35,0.0,0.0,2.0,1.0,1.0,1.0,1.0,1.0,1.0,1.0,3.0,0.0,1.0,1.0,0.0,64.0,4759.55,0.0,1153.92,0.0,1.0,1.0,0.0,0.0,1.0,1.0,0.0,1.0,0.0,0.0,0.0,1.0,0.0,0.0,0.0,0.0,0.0,1.0,0
43.0,25.0,6.68,4135.0,0.0,1.0,1.0,1.0,110.5,0.0,0.0,1.0,1.0,1.0,0.0,1.0,1.0,1.0,1.0,3.0,0.0,1.0,1.0,1.0,53.0,5835.5,0.0,354.04,0.0,0.0,1.0,0.0,1.0,0.0,1.0,0.0,0.0,0.0,1.0,0.0,1.0,0.0,0.0,0.0,1.0,0.0,0.0,0
21.0,0.0,22.96,2630.0,1.0,0.0,0.0,1.0,19.6,0.0,1.0,9.0,0.0,0.0,0.0,1.0,1.0,0.0,1.0,5.0,0.0,0.0,0.0,0.0,40.0,808.95,0.0,918.4,0.0,1.0,0.0,0.0,0.0,1.0,0.0,1.0,0.0,0.0,1.0,0.0,1.0,0.0,0.0,0.0,0.0,1.0,0.0,0
63.0,0.0,13.08,4496.0,0.0,0.0,0.0,0.0,20.2,0.0,0.0,0.0,0.0,0.0,0.0,0.0,1.0,0.0,0.0,5.0,0.0,0.0,0.0,0.0,1.0,20.2,0.0,13.08,0.0,0.0,0.0,1.0,0.0,0.0,0.0,1.0,0.0,0.0,1.0,0.0,1.0,0.0,0.0,0.0,0.0,1.0,0.0,0
77.0,9.0,21.79,4582.0,0.0,1.0,1.0,1.0,108.45,1.0,0.0,3.0,1.0,0.0,1.0,1.0,1.0,1.0,1.0,5.0,1.0,1.0,0.0,1.0,66.0,7076.35,0.0,1438.14,0.0,0.0,1.0,0.0,1.0,0.0,0.0,1.0,0.0,0.0,1.0,0.0,1.0,0.0,0.0,0.0,1.0,0.0,0.0,0
23.0,52.0,0.0,2308.0,1.0,1.0,1.0,1.0,40.2,0.0,2.0,7.0,0.0,1.0,1.0,1.0,0.0,1.0,1.0,4.0,0.0,0.0,0.0,0.0,37.0,1525.35,0.0,0.0,0.0,1.0,1.0,0.0,1.0,0.0,0.0,1.0,1.0,0.0,0.0,0.0,0.0,1.0,0.0,0.0,1.0,0.0,0.0,0
65.0,11.0,18.92,4287.0,0.0,0.0,1.0,0.0,95.7,1.0,0.0,0.0,0.0,0.0,1.0,0.0,1.0,0.0,0.0,3.0,1.0,1.0,1.0,1.0,50.0,4816.7,0.0,946.0,0.0,0.0,1.0,1.0,0.0,0.0,0.0,1.0,0.0,0.0,1.0,0.0,1.0,0.0,0.0,0.0,1.0,0.0,0.0,1
20.0,59.0,10.74,3186.0,1.0,0.0,1.0,1.0,61.4,0.0,1.0,3.0,1.0,1.0,1.0,1.0,1.0,0.0,1.0,4.0,0.0,1.0,1.0,0.0,14.0,815.55,20.0,150.36,0.0,1.0,0.0,0.0,0.0,1.0,0.0,1.0,0.0,1.0,0.0,0.0,1.0,0.0,0.0,0.0,1.0,0.0,0.0,0
51.0,0.0,30.41,4642.0,1.0,0.0,0.0,1.0,19.7,0.0,1.0,8.0,0.0,0.0,0.0,1.0,1.0,0.0,1.0,4.0,0.0,0.0,0.0,0.0,24.0,452.55,0.0,729.84,0.0,0.0,0.0,0.0,0.0,1.0,1.0,0.0,0.0,0.0,1.0,0.0,1.0,0.0,0.0,0.0,0.0,1.0,0.0,0
33.0,24.0,32.75,3995.0,0.0,0.0,1.0,0.0,59.05,1.0,0.0,0.0,0.0,1.0,1.0,0.0,1.0,1.0,0.0,4.0,0.0,0.0,0.0,0.0,22.0,1253.5,0.0,720.5,0.0,0.0,1.0,1.0,0.0,0.0,1.0,0.0,0.0,1.0,0.0,0.0,0.0,0.0,1.0,0.0,0.0,1.0,0.0,0
60.0,18.0,0.0,3585.0,0.0,0.0,1.0,0.0,30.15,0.0,0.0,0.0,0.0,1.0,0.0,0.0,0.0,0.0,0.0,4.0,0.0,0.0,0.0,0.0,32.0,927.65,0.0,0.0,0.0,0.0,1.0,0.0,1.0,0.0,1.0,0.0,0.0,1.0,0.0,0.0,0.0,1.0,0.0,0.0,0.0,1.0,0.0,0
45.0,0.0,17.12,5433.0,0.0,0.0,0.0,0.0,19.55,0.0,0.0,0.0,0.0,0.0,0.0,0.0,1.0,0.0,0.0,3.0,0.0,0.0,0.0,0.0,11.0,223.15,0.0,188.32,26.32,0.0,0.0,0.0,0.0,1.0,0.0,1.0,0.0,0.0,1.0,0.0,0.0,0.0,1.0,0.0,0.0,1.0,0.0,0
47.0,19.0,24.08,4004.0,1.0,1.0,1.0,1.0,111.95,0.0,1.0,9.0,1.0,1.0,0.0,1.0,1.0,1.0,1.0,3.0,0.0,1.0,1.0,1.0,72.0,8033.1,0.0,1733.76,0.0,0.0,1.0,0.0,0.0,1.0,0.0,1.0,0.0,0.0,1.0,0.0,1.0,0.0,0.0,0.0,1.0,0.0,0.0,0
53.0,0.0,1.57,3461.0,1.0,0.0,0.0,1.0,19.45,0.0,3.0,10.0,0.0,0.0,0.0,1.0,1.0,0.0,1.0,4.0,0.0,0.0,0.0,0.0,6.0,113.5,0.0,9.42,0.0,0.0,0.0,0.0,1.0,0.0,0.0,1.0,0.0,0.0,1.0,0.0,0.0,0.0,0.0,1.0,0.0,1.0,0.0,0
32.0,0.0,2.52,5359.0,1.0,0.0,0.0,1.0,20.9,0.0,1.0,3.0,0.0,0.0,0.0,1.0,1.0,0.0,1.0,5.0,0.0,0.0,0.0,0.0,11.0,202.3,0.0,27.72,0.0,0.0,0.0,0.0,0.0,1.0,1.0,0.0,0.0,0.0,1.0,0.0,0.0,0.0,1.0,0.0,0.0,1.0,0.0,0
31.0,0.0,31.3,4277.0,1.0,0.0,0.0,1.0,20.0,0.0,1.0,4.0,0.0,0.0,0.0,1.0,1.0,0.0,1.0,4.0,0.0,0.0,0.0,0.0,55.0,1087.25,0.0,1721.5,0.0,0.0,0.0,1.0,0.0,0.0,1.0,0.0,0.0,0.0,1.0,0.0,1.0,0.0,0.0,0.0,0.0,1.0,0.0,0
19.0,76.0,12.59,4623.0,0.0,0.0,1.0,1.0,50.85,0.0,0.0,4.0,1.0,0.0,0.0,1.0,1.0,0.0,1.0,4.0,0.0,0.0,0.0,0.0,9.0,466.6,0.0,113.31,0.0,1.0,1.0,1.0,0.0,0.0,1.0,0.0,1.0,0.0,0.0,0.0,1.0,0.0,0.0,0.0,0.0,1.0,0.0,0
22.0,58.0,0.0,5214.0,0.0,1.0,1.0,0.0,30.2,0.0,0.0,0.0,0.0,0.0,1.0,0.0,0.0,0.0,0.0,4.0,0.0,0.0,0.0,0.0,49.0,1453.1,0.0,0.0,0.0,1.0,1.0,1.0,0.0,0.0,0.0,1.0,1.0,0.0,0.0,0.0,1.0,0.0,0.0,0.0,1.0,0.0,0.0,0
62.0,16.0,39.5,2568.0,0.0,1.0,1.0,1.0,85.8,1.0,0.0,4.0,1.0,0.0,1.0,1.0,1.0,0.0,1.0,3.0,0.0,0.0,0.0,0.0,29.0,2440.25,150.0,1145.5,0.0,0.0,0.0,1.0,0.0,0.0,0.0,1.0,0.0,0.0,1.0,0.0,1.0,0.0,0.0,0.0,1.0,0.0,0.0,0
51.0,22.0,37.5,4210.0,0.0,1.0,1.0,0.0,108.65,1.0,0.0,0.0,1.0,0.0,0.0,0.0,1.0,1.0,0.0,4.0,0.0,1.0,1.0,1.0,46.0,4903.2,0.0,1725.0,0.0,0.0,1.0,0.0,0.0,1.0,0.0,1.0,0.0,0.0,1.0,0.0,1.0,0.0,0.0,0.0,1.0,0.0,0.0,0
73.0,20.0,0.0,5372.0,0.0,0.0,1.0,0.0,56.45,0.0,0.0,0.0,1.0,1.0,1.0,0.0,0.0,0.0,0.0,3.0,1.0,1.0,1.0,1.0,71.0,3985.35,0.0,0.0,0.0,0.0,1.0,0.0,1.0,0.0,0.0,1.0,0.0,1.0,0.0,1.0,0.0,0.0,0.0,0.0,1.0,0.0,0.0,0
53.0,0.0,10.14,3389.0,1.0,0.0,0.0,0.0,21.05,0.0,1.0,0.0,0.0,0.0,1.0,0.0,1.0,0.0,0.0,3.0,0.0,0.0,0.0,0.0,1.0,21.05,0.0,10.14,0.0,0.0,0.0,1.0,0.0,0.0,0.0,1.0,0.0,0.0,1.0,0.0,1.0,0.0,0.0,0.0,0.0,0.0,1.0,0
44.0,0.0,33.87,4315.0,1.0,0.0,0.0,0.0,26.4,1.0,1.0,0.0,0.0,0.0,1.0,0.0,1.0,0.0,0.0,5.0,0.0,0.0,0.0,0.0,3.0,121.25,0.0,101.61,0.0,0.0,0.0,0.0,0.0,1.0,0.0,1.0,0.0,0.0,1.0,0.0,1.0,0.0,0.0,0.0,0.0,1.0,0.0,0
48.0,3.0,35.71,2046.0,0.0,0.0,1.0,1.0,80.0,0.0,0.0,1.0,0.0,0.0,0.0,1.0,1.0,0.0,1.0,1.0,0.0,1.0,1.0,0.0,1.0,80.0,0.0,35.71,0.0,0.0,1.0,1.0,0.0,0.0,0.0,1.0,1.0,0.0,0.0,0.0,0.0,0.0,0.0,1.0,1.0,0.0,0.0,1
53.0,9.0,49.63,5732.0,0.0,0.0,1.0,1.0,95.6,1.0,0.0,2.0,0.0,0.0,1.0,1.0,1.0,0.0,1.0,1.0,0.0,1.0,1.0,1.0,49.0,4783.5,0.0,2431.87,0.0,0.0,1.0,1.0,0.0,0.0,1.0,0.0,0.0,0.0,1.0,0.0,1.0,0.0,0.0,0.0,1.0,0.0,0.0,1
71.0,4.0,12.67,4735.0,0.0,0.0,1.0,0.0,97.05,1.0,0.0,0.0,1.0,1.0,1.0,0.0,1.0,1.0,0.0,3.0,1.0,0.0,0.0,1.0,45.0,4385.05,0.0,570.15,0.0,0.0,1.0,0.0,0.0,1.0,1.0,0.0,0.0,0.0,1.0,0.0,1.0,0.0,0.0,0.0,1.0,0.0,0.0,0
58.0,3.0,0.0,3910.0,0.0,1.0,1.0,0.0,49.05,0.0,0.0,0.0,0.0,0.0,1.0,0.0,0.0,0.0,0.0,5.0,0.0,1.0,1.0,1.0,44.0,2265.0,0.0,0.0,0.0,0.0,1.0,0.0,1.0,0.0,1.0,0.0,1.0,0.0,0.0,0.0,1.0,0.0,0.0,0.0,1.0,0.0,0.0,0
52.0,18.0,24.91,4881.0,0.0,0.0,1.0,0.0,70.95,0.0,0.0,0.0,0.0,0.0,0.0,0.0,1.0,0.0,0.0,1.0,0.0,0.0,0.0,0.0,25.0,1767.35,20.0,622.75,0.0,0.0,0.0,1.0,0.0,0.0,0.0,1.0,0.0,0.0,1.0,0.0,1.0,0.0,0.0,0.0,0.0,1.0,0.0,1
38.0,4.0,38.8,2485.0,0.0,0.0,1.0,1.0,70.0,0.0,0.0,1.0,0.0,0.0,1.0,1.0,1.0,0.0,1.0,2.0,0.0,0.0,0.0,0.0,1.0,70.0,0.0,38.8,0.0,0.0,1.0,1.0,0.0,0.0,0.0,1.0,0.0,0.0,1.0,0.0,1.0,0.0,0.0,0.0,1.0,0.0,0.0,1
70.0,2.0,7.23,5844.0,0.0,0.0,1.0,0.0,69.65,0.0,0.0,0.0,0.0,0.0,1.0,0.0,1.0,0.0,0.0,2.0,1.0,0.0,0.0,0.0,1.0,69.65,0.0,7.23,0.0,0.0,1.0,1.0,0.0,0.0,0.0,1.0,0.0,0.0,1.0,0.0,1.0,0.0,0.0,0.0,1.0,0.0,0.0,1
48.0,51.0,34.7,4076.0,1.0,0.0,1.0,1.0,49.15,0.0,3.0,1.0,0.0,1.0,1.0,1.0,1.0,0.0,1.0,3.0,0.0,0.0,0.0,0.0,6.0,295.65,0.0,208.2,0.0,0.0,1.0,1.0,0.0,0.0,0.0,1.0,0.0,1.0,0.0,0.0,0.0,0.0,0.0,1.0,1.0,0.0,0.0,0
56.0,18.0,45.92,3949.0,0.0,0.0,1.0,0.0,94.5,0.0,0.0,0.0,1.0,0.0,1.0,0.0,1.0,0.0,0.0,3.0,0.0,1.0,1.0,1.0,31.0,2979.2,0.0,1423.52,0.0,0.0,1.0,1.0,0.0,0.0,0.0,1.0,0.0,0.0,1.0,0.0,1.0,0.0,0.0,0.0,1.0,0.0,0.0,0
39.0,4.0,22.34,5167.0,0.0,1.0,1.0,0.0,81.55,0.0,0.0,0.0,1.0,0.0,1.0,0.0,1.0,0.0,0.0,3.0,0.0,0.0,0.0,0.0,55.0,4509.5,0.0,1228.7,0.0,0.0,1.0,1.0,0.0,0.0,1.0,0.0,0.0,0.0,1.0,0.0,1.0,0.0,0.0,0.0,1.0,0.0,0.0,0
29.0,59.0,27.84,2738.0,0.0,0.0,1.0,0.0,61.25,0.0,0.0,0.0,1.0,0.0,1.0,0.0,1.0,0.0,0.0,3.0,0.0,0.0,0.0,1.0,11.0,729.95,0.0,306.24,0.0,1.0,1.0,0.0,1.0,0.0,0.0,1.0,1.0,0.0,0.0,0.0,0.0,0.0,1.0,0.0,1.0,0.0,0.0,0
41.0,18.0,22.11,5973.0,0.0,0.0,1.0,0.0,45.8,0.0,0.0,0.0,0.0,0.0,0.0,0.0,1.0,0.0,0.0,1.0,0.0,0.0,0.0,0.0,1.0,45.8,10.0,22.11,0.0,0.0,0.0,1.0,0.0,0.0,1.0,0.0,0.0,1.0,0.0,0.0,0.0,0.0,0.0,1.0,1.0,0.0,0.0,1
53.0,0.0,1.3,5221.0,0.0,0.0,0.0,0.0,20.15,0.0,0.0,0.0,0.0,0.0,1.0,0.0,1.0,0.0,0.0,3.0,0.0,0.0,0.0,0.0,4.0,68.45,0.0,5.2,0.0,0.0,0.0,1.0,0.0,0.0,1.0,0.0,0.0,0.0,1.0,0.0,0.0,0.0,0.0,1.0,0.0,1.0,0.0,0
74.0,26.0,27.68,6442.0,0.0,1.0,1.0,1.0,100.5,1.0,0.0,3.0,0.0,0.0,1.0,1.0,1.0,0.0,1.0,5.0,1.0,1.0,0.0,1.0,60.0,6029.0,0.0,1660.8,0.0,0.0,1.0,0.0,1.0,0.0,1.0,0.0,0.0,0.0,1.0,0.0,1.0,0.0,0.0,0.0,0.0,1.0,0.0,0
65.0,23.0,0.0,5583.0,1.0,1.0,1.0,1.0,53.0,0.0,1.0,4.0,1.0,0.0,1.0,1.0,0.0,0.0,1.0,4.0,1.0,1.0,1.0,1.0,68.0,3656.25,0.0,0.0,0.0,0.0,1.0,0.0,0.0,1.0,1.0,0.0,0.0,1.0,0.0,0.0,1.0,0.0,0.0,0.0,1.0,0.0,0.0,0
27.0,27.0,1.29,4175.0,0.0,1.0,1.0,1.0,118.6,1.0,0.0,1.0,1.0,1.0,0.0,1.0,1.0,1.0,1.0,4.0,0.0,1.0,1.0,1.0,68.0,7990.05,0.0,87.72,38.57,1.0,1.0,0.0,0.0,1.0,1.0,0.0,0.0,0.0,1.0,1.0,0.0,0.0,0.0,0.0,0.0,1.0,0.0,0
25.0,0.0,4.57,5306.0,1.0,0.0,0.0,1.0,20.1,0.0,3.0,1.0,0.0,0.0,0.0,1.0,1.0,0.0,1.0,3.0,0.0,0.0,0.0,0.0,25.0,486.05,0.0,114.25,0.0,1.0,0.0,0.0,0.0,1.0,1.0,0.0,0.0,0.0,1.0,0.0,0.0,1.0,0.0,0.0,0.0,1.0,0.0,0
32.0,23.0,42.06,3222.0,1.0,0.0,1.0,1.0,96.8,1.0,3.0,7.0,1.0,0.0,0.0,1.0,1.0,1.0,1.0,4.0,0.0,0.0,0.0,1.0,20.0,1826.7,0.0,841.2,0.0,0.0,1.0,1.0,0.0,0.0,0.0,1.0,0.0,0.0,1.0,0.0,0.0,0.0,1.0,0.0,0.0,1.0,0.0,0
74.0,12.0,48.62,3041.0,0.0,0.0,1.0,0.0,79.5,0.0,0.0,0.0,0.0,0.0,1.0,0.0,1.0,0.0,0.0,4.0,1.0,1.0,0.0,0.0,32.0,2665.0,0.0,1555.84,0.0,0.0,1.0,0.0,0.0,1.0,1.0,0.0,0.0,0.0,1.0,0.0,1.0,0.0,0.0,0.0,1.0,0.0,0.0,0
22.0,59.0,38.52,5570.0,0.0,1.0,1.0,1.0,104.4,1.0,0.0,1.0,0.0,1.0,1.0,1.0,1.0,0.0,1.0,1.0,0.0,1.0,1.0,1.0,21.0,2200.25,0.0,808.92,0.0,1.0,1.0,1.0,0.0,0.0,1.0,0.0,0.0,0.0,1.0,0.0,0.0,0.0,1.0,0.0,1.0,0.0,0.0,1
57.0,11.0,5.76,4982.0,0.0,1.0,1.0,1.0,108.6,1.0,0.0,1.0,1.0,0.0,1.0,1.0,1.0,1.0,1.0,1.0,0.0,1.0,1.0,1.0,71.0,7690.9,20.0,408.96,0.0,0.0,0.0,0.0,0.0,1.0,0.0,1.0,0.0,0.0,1.0,1.0,0.0,0.0,0.0,0.0,0.0,1.0,0.0,1
51.0,28.0,37.04,2383.0,0.0,0.0,1.0,0.0,85.65,1.0,0.0,0.0,0.0,0.0,1.0,0.0,1.0,0.0,0.0,3.0,0.0,1.0,1.0,0.0,32.0,2664.3,0.0,1185.28,0.0,0.0,1.0,1.0,0.0,0.0,0.0,1.0,0.0,0.0,1.0,0.0,1.0,0.0,0.0,0.0,1.0,0.0,0.0,0
67.0,15.0,29.29,3336.0,0.0,0.0,1.0,0.0,85.8,1.0,0.0,0.0,0.0,0.0,1.0,0.0,1.0,0.0,0.0,1.0,1.0,1.0,1.0,0.0,20.0,1727.5,0.0,585.8,0.0,0.0,1.0,1.0,0.0,0.0,1.0,0.0,0.0,0.0,1.0,0.0,0.0,0.0,1.0,0.0,0.0,1.0,0.0,1
30.0,0.0,25.98,4386.0,1.0,0.0,0.0,1.0,25.25,1.0,3.0,9.0,0.0,0.0,0.0,1.0,1.0,0.0,1.0,3.0,0.0,0.0,0.0,0.0,22.0,555.4,0.0,571.56,0.0,0.0,0.0,0.0,0.0,1.0,1.0,0.0,0.0,0.0,1.0,0.0,0.0,0.0,1.0,0.0,0.0,1.0,0.0,0
59.0,6.0,27.68,6153.0,0.0,1.0,1.0,0.0,95.5,1.0,0.0,0.0,1.0,0.0,1.0,0.0,1.0,0.0,0.0,5.0,0.0,0.0,0.0,1.0,65.0,6153.85,80.0,1799.2,0.0,0.0,0.0,0.0,1.0,0.0,1.0,0.0,0.0,0.0,1.0,0.0,1.0,0.0,0.0,0.0,1.0,0.0,0.0,0
77.0,19.0,8.06,2578.0,0.0,0.0,1.0,0.0,89.35,0.0,0.0,0.0,0.0,0.0,1.0,0.0,1.0,0.0,0.0,3.0,1.0,1.0,0.0,1.0,6.0,567.8,0.0,48.36,0.0,0.0,1.0,0.0,1.0,0.0,1.0,0.0,0.0,0.0,1.0,0.0,0.0,0.0,0.0,1.0,1.0,0.0,0.0,0
70.0,14.0,0.0,3353.0,1.0,0.0,1.0,1.0,29.3,0.0,1.0,1.0,0.0,0.0,1.0,1.0,0.0,1.0,1.0,4.0,1.0,0.0,0.0,0.0,12.0,355.9,0.0,0.0,0.0,0.0,1.0,1.0,0.0,0.0,1.0,0.0,0.0,1.0,0.0,0.0,0.0,0.0,1.0,0.0,0.0,0.0,1.0,0
25.0,69.0,20.23,5465.0,1.0,0.0,1.0,1.0,55.35,0.0,3.0,1.0,0.0,1.0,1.0,1.0,1.0,1.0,1.0,4.0,0.0,0.0,0.0,0.0,17.0,920.5,0.0,343.91,0.0,1.0,1.0,1.0,0.0,0.0,1.0,0.0,0.0,1.0,0.0,0.0,1.0,0.0,0.0,0.0,0.0,1.0,0.0,0
64.0,0.0,16.13,6444.0,1.0,0.0,0.0,1.0,19.6,0.0,3.0,6.0,0.0,0.0,1.0,1.0,1.0,0.0,1.0,5.0,0.0,0.0,0.0,0.0,71.0,1387.45,0.0,1145.23,0.0,0.0,0.0,0.0,0.0,1.0,0.0,1.0,0.0,0.0,1.0,1.0,0.0,0.0,0.0,0.0,1.0,0.0,0.0,0
38.0,0.0,13.72,6251.0,0.0,0.0,0.0,1.0,24.8,1.0,0.0,1.0,0.0,0.0,0.0,1.0,1.0,0.0,1.0,3.0,0.0,0.0,0.0,0.0,72.0,1874.3,0.0,987.84,16.26,0.0,0.0,0.0,0.0,1.0,0.0,1.0,0.0,0.0,1.0,0.0,1.0,0.0,0.0,0.0,0.0,1.0,0.0,0
69.0,0.0,19.87,3491.0,0.0,0.0,0.0,0.0,20.05,0.0,0.0,0.0,0.0,0.0,0.0,0.0,1.0,0.0,0.0,1.0,1.0,0.0,0.0,0.0,1.0,20.05,0.0,19.87,0.0,0.0,0.0,1.0,0.0,0.0,0.0,1.0,0.0,0.0,1.0,0.0,0.0,0.0,0.0,1.0,0.0,1.0,0.0,1
30.0,73.0,6.49,5982.0,0.0,1.0,1.0,0.0,90.05,0.0,0.0,0.0,1.0,0.0,1.0,0.0,1.0,0.0,0.0,3.0,0.0,1.0,1.0,0.0,21.0,1862.9,30.0,136.29,0.0,0.0,0.0,1.0,0.0,0.0,1.0,0.0,0.0,0.0,1.0,0.0,0.0,0.0,1.0,0.0,1.0,0.0,0.0,0
39.0,0.0,14.97,5594.0,1.0,0.0,0.0,1.0,19.2,0.0,1.0,10.0,0.0,0.0,1.0,1.0,1.0,0.0,1.0,4.0,0.0,0.0,0.0,0.0,43.0,776.25,0.0,643.71,9.48,0.0,0.0,0.0,1.0,0.0,0.0,1.0,0.0,0.0,1.0,0.0,1.0,0.0,0.0,0.0,0.0,1.0,0.0,0
61.0,17.0,0.0,5833.0,1.0,0.0,1.0,0.0,44.5,0.0,1.0,0.0,0.0,0.0,1.0,0.0,0.0,0.0,0.0,4.0,0.0,1.0,1.0,1.0,30.0,1307.8,0.0,0.0,0.0,0.0,1.0,1.0,0.0,0.0,0.0,1.0,0.0,1.0,0.0,0.0,0.0,1.0,0.0,0.0,1.0,0.0,0.0,0
41.0,23.0,42.92,3486.0,0.0,0.0,1.0,0.0,100.55,0.0,0.0,0.0,1.0,0.0,0.0,0.0,1.0,1.0,0.0,2.0,0.0,1.0,1.0,1.0,44.0,4398.15,0.0,1888.48,0.0,0.0,1.0,1.0,0.0,0.0,0.0,1.0,0.0,0.0,1.0,0.0,1.0,0.0,0.0,0.0,1.0,0.0,0.0,1
53.0,5.0,29.52,4519.0,0.0,0.0,1.0,0.0,45.0,0.0,0.0,0.0,0.0,0.0,1.0,0.0,1.0,0.0,0.0,3.0,0.0,0.0,0.0,0.0,19.0,865.85,0.0,560.88,22.55,0.0,1.0,1.0,0.0,0.0,0.0,1.0,0.0,1.0,0.0,0.0,1.0,0.0,0.0,0.0,1.0,0.0,0.0,0
40.0,18.0,16.05,2102.0,0.0,1.0,1.0,0.0,108.2,0.0,0.0,0.0,1.0,1.0,1.0,0.0,1.0,1.0,0.0,3.0,0.0,1.0,1.0,1.0,20.0,2203.7,0.0,321.0,0.0,0.0,1.0,1.0,0.0,0.0,0.0,1.0,0.0,0.0,1.0,0.0,1.0,0.0,0.0,0.0,1.0,0.0,0.0,0
25.0,73.0,45.92,3913.0,1.0,1.0,1.0,0.0,80.85,0.0,1.0,0.0,1.0,0.0,0.0,0.0,1.0,1.0,0.0,5.0,0.0,1.0,1.0,1.0,17.0,1445.95,50.0,780.64,0.0,1.0,0.0,0.0,1.0,0.0,0.0,1.0,0.0,1.0,0.0,0.0,1.0,0.0,0.0,0.0,1.0,0.0,0.0,0
60.0,23.0,12.19,4739.0,0.0,0.0,1.0,0.0,90.0,1.0,0.0,0.0,0.0,0.0,1.0,0.0,1.0,1.0,0.0,2.0,0.0,0.0,0.0,1.0,22.0,1993.8,0.0,268.18,0.0,0.0,1.0,1.0,0.0,0.0,1.0,0.0,0.0,0.0,1.0,0.0,1.0,0.0,0.0,0.0,1.0,0.0,0.0,1
33.0,28.0,41.53,4341.0,0.0,1.0,1.0,0.0,101.35,1.0,0.0,0.0,0.0,0.0,1.0,0.0,1.0,0.0,0.0,5.0,0.0,1.0,1.0,1.0,32.0,3334.9,0.0,1328.96,0.0,0.0,1.0,1.0,0.0,0.0,1.0,0.0,0.0,0.0,1.0,0.0,1.0,0.0,0.0,0.0,1.0,0.0,0.0,0
42.0,0.0,2.38,6490.0,0.0,0.0,0.0,0.0,24.45,1.0,0.0,0.0,0.0,0.0,1.0,0.0,1.0,0.0,0.0,4.0,0.0,0.0,0.0,0.0,58.0,1513.6,0.0,138.04,0.0,0.0,0.0,0.0,0.0,1.0,0.0,1.0,0.0,0.0,1.0,0.0,1.0,0.0,0.0,0.0,0.0,1.0,0.0,0
49.0,0.0,17.43,4167.0,1.0,0.0,0.0,1.0,19.8,0.0,1.0,4.0,0.0,0.0,0.0,1.0,1.0,0.0,1.0,4.0,0.0,0.0,0.0,0.0,15.0,272.95,0.0,261.45,18.55,0.0,0.0,1.0,0.0,0.0,1.0,0.0,0.0,0.0,1.0,0.0,0.0,0.0,1.0,0.0,0.0,0.0,1.0,0
35.0,15.0,1.54,4491.0,1.0,0.0,1.0,1.0,65.2,1.0,1.0,3.0,1.0,1.0,0.0,1.0,1.0,1.0,1.0,3.0,0.0,0.0,0.0,0.0,57.0,3687.85,0.0,87.78,0.0,0.0,1.0,1.0,0.0,0.0,1.0,0.0,0.0,1.0,0.0,0.0,1.0,0.0,0.0,0.0,1.0,0.0,0.0,0
42.0,0.0,27.65,3879.0,1.0,0.0,0.0,1.0,20.25,0.0,1.0,7.0,0.0,0.0,0.0,1.0,1.0,0.0,1.0,3.0,0.0,0.0,0.0,0.0,46.0,890.35,0.0,1271.9,0.0,0.0,0.0,0.0,0.0,1.0,1.0,0.0,0.0,0.0,1.0,0.0,1.0,0.0,0.0,0.0,1.0,0.0,0.0,0
21.0,0.0,13.27,4067.0,0.0,0.0,0.0,1.0,24.85,1.0,0.0,1.0,0.0,0.0,0.0,1.0,1.0,0.0,1.0,3.0,0.0,0.0,0.0,0.0,72.0,1871.85,0.0,955.44,0.0,1.0,0.0,0.0,0.0,1.0,1.0,0.0,0.0,0.0,1.0,1.0,0.0,0.0,0.0,0.0,0.0,1.0,0.0,0
56.0,11.0,5.3,5346.0,1.0,0.0,1.0,0.0,80.55,1.0,1.0,0.0,0.0,1.0,0.0,0.0,1.0,0.0,0.0,4.0,0.0,0.0,0.0,0.0,2.0,188.1,0.0,10.6,0.0,0.0,1.0,1.0,0.0,0.0,1.0,0.0,0.0,0.0,1.0,0.0,1.0,0.0,0.0,0.0,0.0,1.0,0.0,0
49.0,0.0,15.87,4404.0,0.0,0.0,0.0,0.0,19.7,0.0,0.0,0.0,0.0,0.0,0.0,0.0,1.0,0.0,0.0,5.0,0.0,0.0,0.0,0.0,20.0,406.95,0.0,317.4,0.0,0.0,0.0,0.0,0.0,1.0,1.0,0.0,0.0,0.0,1.0,0.0,1.0,0.0,0.0,0.0,0.0,1.0,0.0,0
29.0,41.0,49.74,6035.0,0.0,1.0,1.0,0.0,65.55,0.0,0.0,0.0,0.0,1.0,0.0,0.0,1.0,0.0,0.0,4.0,0.0,1.0,1.0,0.0,67.0,4361.55,40.0,3332.58,0.0,1.0,0.0,0.0,0.0,1.0,0.0,1.0,1.0,0.0,0.0,1.0,0.0,0.0,0.0,0.0,1.0,0.0,0.0,0
45.0,24.0,45.39,2317.0,0.0,0.0,1.0,0.0,78.8,0.0,0.0,0.0,0.0,0.0,0.0,0.0,1.0,0.0,0.0,3.0,0.0,0.0,0.0,1.0,20.0,1641.3,0.0,907.8,0.0,0.0,1.0,1.0,0.0,0.0,0.0,1.0,0.0,0.0,1.0,0.0,0.0,0.0,1.0,0.0,1.0,0.0,0.0,0
33.0,20.0,39.19,4011.0,0.0,0.0,1.0,0.0,59.5,0.0,0.0,0.0,0.0,0.0,1.0,0.0,1.0,1.0,0.0,5.0,0.0,0.0,0.0,1.0,9.0,530.05,0.0,352.71,0.0,0.0,1.0,1.0,0.0,0.0,1.0,0.0,1.0,0.0,0.0,0.0,0.0,0.0,0.0,1.0,1.0,0.0,0.0,0
65.0,29.0,40.65,5688.0,0.0,1.0,1.0,1.0,84.0,0.0,0.0,1.0,1.0,1.0,1.0,1.0,1.0,1.0,1.0,3.0,1.0,1.0,1.0,1.0,63.0,5329.55,0.0,2560.95,0.0,0.0,1.0,0.0,1.0,0.0,0.0,1.0,0.0,1.0,0.0,0.0,1.0,0.0,0.0,0.0,1.0,0.0,0.0,0
40.0,0.0,26.98,6391.0,1.0,0.0,0.0,1.0,20.35,0.0,2.0,9.0,0.0,0.0,1.0,1.0,1.0,0.0,1.0,5.0,0.0,0.0,0.0,0.0,50.0,938.95,0.0,1349.0,0.0,0.0,0.0,0.0,1.0,0.0,0.0,1.0,0.0,0.0,1.0,0.0,1.0,0.0,0.0,0.0,0.0,1.0,0.0,0
21.0,0.0,22.22,5534.0,0.0,0.0,0.0,1.0,26.45,1.0,0.0,1.0,0.0,0.0,0.0,1.0,1.0,0.0,1.0,4.0,0.0,0.0,0.0,0.0,72.0,1914.5,0.0,1599.84,0.0,1.0,0.0,0.0,0.0,1.0,1.0,0.0,0.0,0.0,1.0,1.0,0.0,0.0,0.0,0.0,0.0,1.0,0.0,0
68.0,0.0,23.94,5548.0,0.0,0.0,0.0,1.0,18.95,0.0,0.0,3.0,0.0,0.0,1.0,1.0,1.0,0.0,1.0,4.0,1.0,0.0,0.0,0.0,54.0,1031.1,0.0,1292.76,0.0,0.0,0.0,0.0,0.0,1.0,1.0,0.0,0.0,0.0,1.0,0.0,1.0,0.0,0.0,0.0,0.0,0.0,1.0,0
41.0,0.0,12.87,2192.0,1.0,0.0,0.0,0.0,20.05,0.0,3.0,0.0,0.0,0.0,0.0,0.0,1.0,0.0,0.0,5.0,0.0,0.0,0.0,0.0,25.0,471.7,0.0,321.75,0.0,0.0,0.0,1.0,0.0,0.0,1.0,0.0,0.0,0.0,1.0,0.0,0.0,1.0,0.0,0.0,0.0,1.0,0.0,0
40.0,21.0,9.47,4708.0,0.0,1.0,1.0,0.0,107.5,1.0,0.0,0.0,0.0,0.0,1.0,0.0,1.0,1.0,0.0,3.0,0.0,1.0,1.0,1.0,72.0,7853.7,60.0,681.84,0.0,0.0,0.0,0.0,0.0,1.0,1.0,0.0,0.0,0.0,1.0,0.0,1.0,0.0,0.0,0.0,0.0,1.0,0.0,0
39.0,18.0,28.13,5452.0,0.0,1.0,1.0,0.0,100.05,1.0,0.0,0.0,0.0,0.0,1.0,0.0,1.0,0.0,0.0,1.0,0.0,1.0,1.0,1.0,64.0,6254.2,0.0,1800.32,0.0,0.0,1.0,0.0,1.0,0.0,1.0,0.0,0.0,0.0,1.0,0.0,1.0,0.0,0.0,0.0,0.0,1.0,0.0,1
32.0,19.0,19.73,2161.0,1.0,0.0,1.0,1.0,51.05,0.0,2.0,3.0,0.0,1.0,0.0,1.0,1.0,0.0,1.0,3.0,0.0,0.0,0.0,0.0,36.0,1815.0,0.0,710.28,0.0,0.0,1.0,1.0,0.0,0.0,1.0,0.0,0.0,1.0,0.0,0.0,1.0,0.0,0.0,0.0,0.0,1.0,0.0,0
28.0,69.0,39.09,4603.0,1.0,0.0,1.0,1.0,97.2,1.0,2.0,7.0,0.0,1.0,1.0,1.0,1.0,0.0,1.0,3.0,0.0,1.0,1.0,1.0,71.0,6910.3,0.0,2775.39,0.0,1.0,1.0,0.0,0.0,1.0,0.0,1.0,0.0,0.0,1.0,1.0,0.0,0.0,0.0,0.0,1.0,0.0,0.0,0
24.0,52.0,36.92,4473.0,1.0,0.0,1.0,1.0,89.35,1.0,3.0,1.0,0.0,0.0,1.0,1.0,1.0,1.0,1.0,4.0,0.0,1.0,1.0,0.0,19.0,1686.85,0.0,701.48,0.0,1.0,1.0,0.0,1.0,0.0,1.0,0.0,0.0,0.0,1.0,0.0,1.0,0.0,0.0,0.0,1.0,0.0,0.0,0
47.0,0.0,44.09,5774.0,0.0,0.0,0.0,0.0,20.35,0.0,0.0,0.0,0.0,0.0,0.0,0.0,1.0,0.0,0.0,3.0,0.0,0.0,0.0,0.0,1.0,20.35,0.0,44.09,0.0,0.0,0.0,1.0,0.0,0.0,1.0,0.0,0.0,0.0,1.0,0.0,1.0,0.0,0.0,0.0,0.0,1.0,0.0,0
56.0,0.0,23.84,5811.0,0.0,0.0,0.0,0.0,19.9,0.0,0.0,0.0,0.0,0.0,1.0,0.0,1.0,0.0,0.0,4.0,0.0,0.0,0.0,0.0,10.0,199.45,0.0,238.4,0.0,0.0,0.0,1.0,0.0,0.0,1.0,0.0,0.0,0.0,1.0,0.0,1.0,0.0,0.0,0.0,0.0,1.0,0.0,0
48.0,3.0,15.78,3378.0,0.0,0.0,1.0,0.0,93.7,1.0,0.0,0.0,1.0,1.0,1.0,0.0,1.0,0.0,0.0,1.0,0.0,1.0,1.0,0.0,46.0,4154.8,0.0,725.88,0.0,0.0,1.0,1.0,0.0,0.0,0.0,1.0,0.0,0.0,1.0,0.0,1.0,0.0,0.0,0.0,1.0,0.0,0.0,1
79.0,23.0,17.3,4671.0,0.0,1.0,1.0,1.0,84.1,1.0,0.0,1.0,1.0,1.0,1.0,1.0,1.0,0.0,1.0,3.0,1.0,1.0,0.0,1.0,72.0,5981.65,0.0,1245.6,0.0,0.0,1.0,0.0,0.0,1.0,0.0,1.0,0.0,1.0,0.0,0.0,1.0,0.0,0.0,0.0,0.0,1.0,0.0,0
20.0,52.0,20.41,5427.0,1.0,1.0,1.0,1.0,112.35,1.0,3.0,3.0,1.0,0.0,1.0,1.0,1.0,1.0,1.0,4.0,0.0,1.0,1.0,1.0,67.0,7388.45,0.0,1367.47,0.0,1.0,1.0,0.0,1.0,0.0,1.0,0.0,0.0,0.0,1.0,0.0,1.0,0.0,0.0,0.0,0.0,1.0,0.0,0
21.0,53.0,0.0,5905.0,0.0,0.0,1.0,1.0,44.3,0.0,0.0,1.0,0.0,0.0,1.0,1.0,0.0,0.0,1.0,4.0,0.0,1.0,1.0,1.0,59.0,2666.75,20.0,0.0,0.0,1.0,0.0,1.0,0.0,0.0,0.0,1.0,0.0,1.0,0.0,0.0,1.0,0.0,0.0,0.0,1.0,0.0,0.0,0
30.0,0.0,29.86,2183.0,0.0,0.0,0.0,0.0,20.35,0.0,0.0,0.0,0.0,0.0,1.0,0.0,1.0,0.0,0.0,4.0,0.0,0.0,0.0,0.0,1.0,20.35,0.0,29.86,0.0,0.0,0.0,1.0,0.0,0.0,1.0,0.0,0.0,0.0,1.0,0.0,0.0,0.0,0.0,1.0,0.0,1.0,0.0,0
44.0,0.0,4.71,5104.0,1.0,0.0,0.0,1.0,19.7,0.0,3.0,7.0,0.0,0.0,0.0,1.0,1.0,0.0,1.0,4.0,0.0,0.0,0.0,0.0,12.0,258.35,0.0,56.52,0.0,0.0,0.0,0.0,0.0,1.0,0.0,1.0,0.0,0.0,1.0,0.0,0.0,0.0,1.0,0.0,0.0,1.0,0.0,0
59.0,4.0,43.01,2313.0,0.0,1.0,1.0,0.0,85.35,0.0,0.0,0.0,1.0,1.0,0.0,0.0,1.0,1.0,0.0,2.0,0.0,1.0,1.0,1.0,30.0,2530.4,20.0,1290.3,0.0,0.0,0.0,0.0,1.0,0.0,1.0,0.0,1.0,0.0,0.0,0.0,1.0,0.0,0.0,0.0,1.0,0.0,0.0,1
50.0,24.0,47.05,4617.0,1.0,1.0,1.0,1.0,90.3,1.0,2.0,5.0,1.0,1.0,0.0,1.0,1.0,1.0,1.0,3.0,0.0,1.0,1.0,1.0,59.0,5194.05,0.0,2775.95,0.0,0.0,1.0,0.0,0.0,1.0,1.0,0.0,1.0,0.0,0.0,0.0,1.0,0.0,0.0,0.0,0.0,1.0,0.0,0
60.0,29.0,10.95,3734.0,0.0,1.0,1.0,0.0,89.2,1.0,0.0,0.0,0.0,0.0,1.0,0.0,1.0,0.0,0.0,4.0,0.0,0.0,0.0,1.0,11.0,990.3,0.0,120.45,0.0,0.0,1.0,1.0,0.0,0.0,1.0,0.0,0.0,0.0,1.0,0.0,0.0,0.0,1.0,0.0,1.0,0.0,0.0,0
44.0,11.0,30.96,5097.0,0.0,1.0,1.0,0.0,105.65,0.0,0.0,0.0,0.0,1.0,1.0,0.0,1.0,1.0,0.0,4.0,0.0,1.0,1.0,1.0,66.0,6844.5,0.0,2043.36,0.0,0.0,1.0,0.0,0.0,1.0,0.0,1.0,0.0,0.0,1.0,0.0,1.0,0.0,0.0,0.0,1.0,0.0,0.0,0
19.0,59.0,0.0,3072.0,1.0,0.0,1.0,0.0,25.35,0.0,2.0,0.0,0.0,0.0,1.0,0.0,0.0,0.0,0.0,4.0,0.0,0.0,1.0,0.0,19.0,566.1,0.0,0.0,0.0,1.0,1.0,1.0,0.0,0.0,0.0,1.0,0.0,1.0,0.0,0.0,0.0,0.0,1.0,0.0,0.0,1.0,0.0,0
62.0,2.0,31.97,3233.0,0.0,0.0,1.0,0.0,89.9,1.0,0.0,0.0,0.0,0.0,1.0,0.0,1.0,1.0,0.0,3.0,0.0,1.0,1.0,0.0,30.0,2723.15,0.0,959.1,0.0,0.0,1.0,1.0,0.0,0.0,0.0,1.0,0.0,0.0,1.0,0.0,1.0,0.0,0.0,0.0,0.0,1.0,0.0,0
74.0,30.0,19.09,4057.0,0.0,0.0,1.0,0.0,43.95,0.0,0.0,0.0,0.0,0.0,0.0,0.0,1.0,0.0,0.0,5.0,1.0,0.0,0.0,0.0,2.0,85.1,0.0,38.18,0.0,0.0,1.0,1.0,0.0,0.0,1.0,0.0,0.0,1.0,0.0,0.0,0.0,0.0,0.0,1.0,1.0,0.0,0.0,0
33.0,0.0,1.64,2185.0,0.0,0.0,0.0,1.0,19.35,0.0,0.0,3.0,0.0,0.0,0.0,1.0,1.0,0.0,1.0,5.0,0.0,0.0,0.0,0.0,17.0,307.0,0.0,27.88,10.57,0.0,0.0,0.0,1.0,0.0,1.0,0.0,0.0,0.0,1.0,0.0,0.0,0.0,1.0,0.0,0.0,0.0,1.0,0
36.0,12.0,13.45,2777.0,0.0,0.0,1.0,1.0,78.3,0.0,0.0,1.0,0.0,0.0,0.0,1.0,1.0,0.0,1.0,3.0,0.0,0.0,0.0,1.0,34.0,2564.3,0.0,457.3,0.0,0.0,1.0,1.0,0.0,0.0,0.0,1.0,0.0,0.0,1.0,0.0,1.0,0.0,0.0,0.0,1.0,0.0,0.0,1
66.0,4.0,8.75,3828.0,0.0,0.0,1.0,0.0,80.25,1.0,0.0,0.0,0.0,1.0,1.0,0.0,1.0,0.0,0.0,4.0,1.0,0.0,0.0,0.0,4.0,303.7,30.0,35.0,0.0,0.0,0.0,0.0,1.0,0.0,1.0,0.0,0.0,0.0,1.0,0.0,1.0,0.0,0.0,0.0,1.0,0.0,0.0,0
71.0,11.0,41.97,5711.0,0.0,0.0,1.0,1.0,89.0,0.0,0.0,8.0,0.0,0.0,1.0,1.0,1.0,0.0,1.0,4.0,1.0,1.0,1.0,1.0,7.0,605.45,0.0,293.79,0.0,0.0,1.0,0.0,0.0,1.0,0.0,1.0,0.0,0.0,1.0,0.0,1.0,0.0,0.0,0.0,1.0,0.0,0.0,0
45.0,0.0,49.51,4248.0,0.0,0.0,0.0,0.0,19.9,0.0,0.0,0.0,0.0,0.0,0.0,0.0,1.0,0.0,0.0,2.0,0.0,0.0,0.0,0.0,1.0,19.9,0.0,49.51,0.0,0.0,0.0,1.0,0.0,0.0,1.0,0.0,0.0,0.0,1.0,0.0,1.0,0.0,0.0,0.0,0.0,0.0,1.0,1
44.0,28.0,14.21,2335.0,0.0,1.0,1.0,0.0,104.05,1.0,0.0,0.0,1.0,0.0,1.0,0.0,1.0,0.0,0.0,4.0,0.0,1.0,1.0,1.0,32.0,3416.85,0.0,454.72,0.0,0.0,1.0,0.0,1.0,0.0,1.0,0.0,0.0,0.0,1.0,0.0,1.0,0.0,0.0,0.0,0.0,1.0,0.0,0
46.0,10.0,10.69,5414.0,0.0,0.0,1.0,0.0,59.9,1.0,0.0,0.0,0.0,0.0,0.0,0.0,1.0,0.0,0.0,5.0,0.0,1.0,1.0,0.0,9.0,542.4,10.0,96.21,38.33,0.0,0.0,1.0,0.0,0.0,0.0,1.0,1.0,0.0,0.0,0.0,1.0,0.0,0.0,0.0,0.0,1.0,0.0,0
54.0,10.0,25.4,3866.0,0.0,0.0,1.0,0.0,69.5,1.0,0.0,0.0,1.0,1.0,1.0,0.0,1.0,0.0,0.0,4.0,0.0,0.0,0.0,1.0,26.0,1800.05,0.0,660.4,0.0,0.0,1.0,1.0,0.0,0.0,1.0,0.0,0.0,1.0,0.0,0.0,0.0,1.0,0.0,0.0,1.0,0.0,0.0,0
19.0,0.0,3.28,4833.0,0.0,0.0,0.0,1.0,24.85,1.0,0.0,9.0,0.0,0.0,0.0,1.0,1.0,0.0,1.0,4.0,0.0,0.0,0.0,0.0,67.0,1583.5,0.0,219.76,0.0,1.0,0.0,0.0,0.0,1.0,0.0,1.0,0.0,0.0,1.0,1.0,0.0,0.0,0.0,0.0,0.0,1.0,0.0,0
32.0,26.0,7.11,3503.0,0.0,1.0,1.0,0.0,75.55,0.0,0.0,0.0,0.0,0.0,0.0,0.0,1.0,0.0,0.0,5.0,0.0,0.0,0.0,0.0,1.0,75.55,0.0,7.11,0.0,0.0,1.0,1.0,0.0,0.0,1.0,0.0,0.0,0.0,1.0,0.0,1.0,0.0,0.0,0.0,1.0,0.0,0.0,0
71.0,6.0,21.67,5271.0,0.0,0.0,1.0,1.0,60.05,1.0,0.0,1.0,0.0,1.0,1.0,1.0,1.0,1.0,1.0,1.0,1.0,0.0,0.0,0.0,53.0,3229.65,100.0,1148.51,0.0,0.0,0.0,0.0,1.0,0.0,0.0,1.0,1.0,0.0,0.0,0.0,1.0,0.0,0.0,0.0,1.0,0.0,0.0,1
29.0,0.0,43.57,5160.0,0.0,0.0,0.0,1.0,18.8,0.0,0.0,9.0,0.0,0.0,0.0,1.0,1.0,0.0,1.0,3.0,0.0,0.0,0.0,0.0,1.0,18.8,0.0,43.57,0.0,1.0,0.0,0.0,1.0,0.0,0.0,1.0,0.0,0.0,1.0,0.0,1.0,0.0,0.0,0.0,0.0,0.0,1.0,0
69.0,11.0,48.32,2893.0,0.0,0.0,1.0,0.0,79.7,0.0,0.0,0.0,0.0,0.0,1.0,0.0,1.0,0.0,0.0,5.0,1.0,0.0,0.0,1.0,6.0,497.6,0.0,289.92,0.0,0.0,1.0,1.0,0.0,0.0,0.0,1.0,0.0,0.0,1.0,0.0,0.0,0.0,0.0,1.0,1.0,0.0,0.0,0
44.0,10.0,0.0,3298.0,0.0,0.0,1.0,1.0,24.45,0.0,0.0,1.0,0.0,0.0,1.0,1.0,0.0,0.0,1.0,3.0,0.0,0.0,0.0,0.0,20.0,482.8,0.0,0.0,0.0,0.0,1.0,1.0,0.0,0.0,1.0,0.0,0.0,1.0,0.0,0.0,1.0,0.0,0.0,0.0,1.0,0.0,0.0,1
24.0,51.0,16.25,4288.0,0.0,0.0,1.0,0.0,50.7,1.0,0.0,0.0,0.0,0.0,0.0,0.0,1.0,0.0,0.0,4.0,0.0,0.0,0.0,0.0,4.0,214.55,0.0,65.0,39.92,1.0,1.0,1.0,0.0,0.0,1.0,0.0,0.0,1.0,0.0,0.0,1.0,0.0,0.0,0.0,1.0,0.0,0.0,0
55.0,0.0,13.83,2049.0,1.0,0.0,0.0,1.0,20.05,0.0,3.0,7.0,0.0,0.0,1.0,1.0,1.0,0.0,1.0,4.0,0.0,0.0,0.0,0.0,10.0,218.5,0.0,138.3,0.0,0.0,0.0,1.0,0.0,0.0,0.0,1.0,0.0,0.0,1.0,0.0,1.0,0.0,0.0,0.0,0.0,1.0,0.0,0
51.0,20.0,17.17,5563.0,0.0,1.0,1.0,1.0,115.65,1.0,0.0,1.0,1.0,1.0,0.0,1.0,1.0,1.0,1.0,2.0,0.0,1.0,1.0,1.0,70.0,7968.85,10.0,1201.9,0.0,0.0,0.0,0.0,1.0,0.0,0.0,1.0,0.0,0.0,1.0,1.0,0.0,0.0,0.0,0.0,0.0,1.0,0.0,1
42.0,14.0,41.18,3051.0,0.0,0.0,1.0,0.0,82.0,1.0,0.0,0.0,1.0,0.0,1.0,0.0,1.0,0.0,0.0,3.0,0.0,0.0,0.0,0.0,2.0,184.65,0.0,82.36,0.0,0.0,1.0,1.0,0.0,0.0,0.0,1.0,0.0,0.0,1.0,0.0,1.0,0.0,0.0,0.0,1.0,0.0,0.0,1
58.0,0.0,29.25,4335.0,0.0,0.0,0.0,0.0,20.3,0.0,0.0,0.0,0.0,0.0,0.0,0.0,1.0,0.0,0.0,4.0,0.0,0.0,0.0,0.0,58.0,1131.5,0.0,1696.5,0.0,0.0,0.0,0.0,0.0,1.0,0.0,1.0,0.0,0.0,1.0,0.0,1.0,0.0,0.0,0.0,0.0,1.0,0.0,0
27.0,69.0,24.81,5515.0,0.0,0.0,1.0,0.0,66.25,0.0,0.0,0.0,1.0,0.0,0.0,0.0,1.0,1.0,0.0,3.0,0.0,0.0,0.0,1.0,9.0,620.55,10.0,223.29,0.0,1.0,0.0,1.0,0.0,0.0,1.0,0.0,1.0,0.0,0.0,0.0,1.0,0.0,0.0,0.0,0.0,0.0,1.0,1
33.0,0.0,8.36,3915.0,0.0,0.0,0.0,0.0,20.15,0.0,0.0,0.0,0.0,0.0,0.0,0.0,1.0,0.0,0.0,5.0,0.0,0.0,0.0,0.0,40.0,804.85,0.0,334.4,0.0,0.0,0.0,0.0,0.0,1.0,1.0,0.0,0.0,0.0,1.0,0.0,1.0,0.0,0.0,0.0,0.0,0.0,1.0,0
70.0,22.0,21.9,5039.0,0.0,0.0,1.0,0.0,84.05,1.0,0.0,0.0,0.0,0.0,1.0,0.0,1.0,0.0,0.0,3.0,1.0,1.0,0.0,0.0,2.0,186.05,0.0,43.8,0.0,0.0,1.0,0.0,0.0,1.0,1.0,0.0,0.0,0.0,1.0,0.0,0.0,0.0,0.0,1.0,1.0,0.0,0.0,0
79.0,9.0,36.66,4429.0,0.0,0.0,1.0,1.0,89.85,1.0,0.0,1.0,1.0,0.0,1.0,1.0,1.0,0.0,1.0,5.0,1.0,1.0,0.0,0.0,57.0,4925.35,0.0,2089.62,0.0,0.0,1.0,0.0,1.0,0.0,0.0,1.0,0.0,0.0,1.0,0.0,1.0,0.0,0.0,0.0,1.0,0.0,0.0,0
56.0,29.0,0.0,5518.0,0.0,0.0,1.0,0.0,29.7,0.0,0.0,0.0,0.0,0.0,1.0,0.0,0.0,1.0,0.0,1.0,0.0,0.0,0.0,0.0,15.0,438.25,90.0,0.0,0.0,0.0,0.0,1.0,0.0,0.0,0.0,1.0,0.0,1.0,0.0,0.0,1.0,0.0,0.0,0.0,1.0,0.0,0.0,1
74.0,27.0,49.82,5148.0,0.0,0.0,1.0,1.0,95.0,1.0,0.0,1.0,1.0,1.0,0.0,1.0,1.0,0.0,1.0,4.0,1.0,1.0,1.0,0.0,38.0,3591.25,70.0,1893.16,0.0,0.0,0.0,0.0,1.0,0.0,1.0,0.0,0.0,0.0,1.0,0.0,1.0,0.0,0.0,0.0,0.0,1.0,0.0,0
80.0,17.0,39.51,3711.0,0.0,0.0,1.0,1.0,74.6,0.0,0.0,3.0,1.0,0.0,1.0,1.0,1.0,0.0,1.0,5.0,1.0,0.0,0.0,0.0,3.0,239.05,30.0,118.53,0.0,0.0,0.0,1.0,0.0,0.0,1.0,0.0,0.0,0.0,1.0,0.0,0.0,0.0,0.0,1.0,1.0,0.0,0.0,0
34.0,21.0,3.95,4741.0,0.0,1.0,1.0,0.0,95.0,1.0,0.0,0.0,0.0,0.0,0.0,0.0,1.0,1.0,0.0,5.0,0.0,0.0,0.0,1.0,38.0,3605.6,0.0,150.1,0.0,0.0,1.0,0.0,1.0,0.0,0.0,1.0,0.0,0.0,1.0,0.0,0.0,1.0,0.0,0.0,1.0,0.0,0.0,0
30.0,59.0,41.78,2632.0,0.0,0.0,1.0,0.0,44.9,0.0,0.0,0.0,0.0,0.0,1.0,0.0,1.0,0.0,0.0,2.0,0.0,0.0,0.0,0.0,1.0,44.9,0.0,41.78,0.0,0.0,1.0,1.0,0.0,0.0,1.0,0.0,0.0,1.0,0.0,0.0,0.0,0.0,0.0,1.0,1.0,0.0,0.0,1
52.0,30.0,36.24,5670.0,0.0,1.0,1.0,0.0,61.65,1.0,0.0,0.0,0.0,1.0,1.0,0.0,1.0,1.0,0.0,1.0,0.0,0.0,0.0,0.0,12.0,713.75,0.0,434.88,0.0,0.0,1.0,1.0,0.0,0.0,1.0,0.0,0.0,1.0,0.0,0.0,0.0,0.0,1.0,0.0,0.0,0.0,1.0,1
74.0,13.0,5.73,2422.0,0.0,0.0,1.0,1.0,59.1,0.0,0.0,6.0,0.0,1.0,1.0,1.0,1.0,0.0,1.0,3.0,1.0,1.0,0.0,0.0,18.0,1011.05,0.0,103.14,31.05,0.0,1.0,0.0,0.0,1.0,0.0,1.0,0.0,1.0,0.0,0.0,1.0,0.0,0.0,0.0,0.0,1.0,0.0,0
75.0,9.0,16.72,5856.0,0.0,1.0,1.0,1.0,84.45,1.0,0.0,3.0,1.0,1.0,0.0,1.0,1.0,0.0,1.0,3.0,1.0,1.0,0.0,1.0,72.0,5899.85,0.0,1203.84,0.0,0.0,1.0,0.0,0.0,1.0,0.0,1.0,1.0,0.0,0.0,1.0,0.0,0.0,0.0,0.0,0.0,1.0,0.0,0
61.0,21.0,4.66,2318.0,0.0,0.0,1.0,0.0,70.0,0.0,0.0,0.0,0.0,0.0,1.0,0.0,1.0,0.0,0.0,2.0,0.0,0.0,0.0,0.0,34.0,2416.1,0.0,158.44,11.0,0.0,1.0,1.0,0.0,0.0,1.0,0.0,0.0,0.0,1.0,0.0,0.0,1.0,0.0,0.0,0.0,1.0,0.0,1
59.0,0.0,16.07,5092.0,0.0,0.0,0.0,1.0,19.6,0.0,0.0,3.0,0.0,0.0,0.0,1.0,1.0,0.0,1.0,5.0,0.0,0.0,0.0,0.0,46.0,851.2,0.0,739.22,0.0,0.0,0.0,1.0,0.0,0.0,0.0,1.0,0.0,0.0,1.0,0.0,1.0,0.0,0.0,0.0,1.0,0.0,0.0,0
24.0,0.0,18.31,2574.0,0.0,0.0,0.0,0.0,20.75,0.0,0.0,0.0,0.0,0.0,1.0,0.0,1.0,0.0,0.0,3.0,0.0,0.0,0.0,0.0,42.0,844.45,0.0,769.02,0.0,1.0,0.0,0.0,0.0,1.0,1.0,0.0,0.0,0.0,1.0,0.0,1.0,0.0,0.0,0.0,1.0,0.0,0.0,0
25.0,73.0,0.0,4824.0,0.0,1.0,1.0,0.0,61.35,0.0,0.0,0.0,0.0,1.0,1.0,0.0,0.0,1.0,0.0,3.0,0.0,1.0,1.0,1.0,66.0,4193.4,130.0,0.0,0.0,1.0,0.0,0.0,0.0,1.0,1.0,0.0,0.0,1.0,0.0,1.0,0.0,0.0,0.0,0.0,1.0,0.0,0.0,0
67.0,29.0,17.36,5429.0,0.0,0.0,1.0,1.0,74.4,1.0,0.0,1.0,0.0,0.0,1.0,1.0,1.0,0.0,1.0,3.0,1.0,0.0,0.0,0.0,1.0,74.4,30.0,17.36,0.0,0.0,0.0,1.0,0.0,0.0,0.0,1.0,0.0,0.0,1.0,0.0,1.0,0.0,0.0,0.0,1.0,0.0,0.0,1
54.0,26.0,5.43,5347.0,0.0,0.0,1.0,0.0,91.1,0.0,0.0,0.0,0.0,0.0,1.0,0.0,1.0,0.0,0.0,2.0,0.0,1.0,1.0,1.0,13.0,1135.7,80.0,70.59,0.0,0.0,0.0,1.0,0.0,0.0,0.0,1.0,0.0,0.0,1.0,0.0,0.0,0.0,1.0,0.0,1.0,0.0,0.0,1
45.0,25.0,9.23,2283.0,0.0,0.0,1.0,1.0,99.15,0.0,0.0,1.0,1.0,0.0,1.0,1.0,1.0,1.0,1.0,2.0,0.0,1.0,1.0,1.0,5.0,465.05,0.0,46.15,0.0,0.0,1.0,1.0,0.0,0.0,1.0,0.0,0.0,0.0,1.0,0.0,1.0,0.0,0.0,0.0,0.0,0.0,1.0,1
47.0,11.0,22.49,5436.0,1.0,1.0,1.0,1.0,105.0,1.0,2.0,9.0,1.0,0.0,1.0,1.0,1.0,0.0,1.0,4.0,0.0,1.0,1.0,1.0,69.0,7297.75,0.0,1551.81,0.0,0.0,1.0,0.0,0.0,1.0,0.0,1.0,0.0,0.0,1.0,1.0,0.0,0.0,0.0,0.0,1.0,0.0,0.0,0
31.0,12.0,27.74,4915.0,1.0,0.0,1.0,1.0,86.8,1.0,2.0,0.0,0.0,1.0,1.0,1.0,1.0,1.0,0.0,3.0,0.0,0.0,0.0,0.0,64.0,5327.25,0.0,1775.36,0.0,0.0,1.0,1.0,0.0,0.0,1.0,0.0,0.0,0.0,1.0,0.0,1.0,0.0,0.0,0.0,1.0,0.0,0.0,0
60.0,0.0,47.46,3142.0,0.0,0.0,0.0,0.0,20.0,0.0,0.0,0.0,0.0,0.0,0.0,0.0,1.0,0.0,0.0,3.0,0.0,0.0,0.0,0.0,6.0,109.2,0.0,284.76,0.0,0.0,0.0,1.0,0.0,0.0,1.0,0.0,0.0,0.0,1.0,0.0,1.0,0.0,0.0,0.0,0.0,0.0,1.0,0
21.0,0.0,23.41,2539.0,0.0,0.0,0.0,1.0,19.65,0.0,0.0,1.0,0.0,0.0,0.0,1.0,1.0,0.0,1.0,3.0,0.0,0.0,0.0,0.0,1.0,19.65,0.0,23.41,0.0,1.0,0.0,0.0,1.0,0.0,0.0,1.0,0.0,0.0,1.0,0.0,0.0,0.0,0.0,1.0,0.0,0.0,1.0,0
33.0,7.0,40.67,4352.0,0.0,0.0,1.0,1.0,50.2,0.0,0.0,6.0,0.0,0.0,0.0,1.0,1.0,1.0,1.0,5.0,0.0,0.0,0.0,0.0,34.0,1815.3,0.0,1382.78,0.0,0.0,1.0,1.0,0.0,0.0,1.0,0.0,0.0,1.0,0.0,0.0,1.0,0.0,0.0,0.0,1.0,0.0,0.0,0
50.0,16.0,4.45,3157.0,0.0,0.0,1.0,1.0,78.1,0.0,0.0,7.0,0.0,0.0,1.0,1.0,1.0,0.0,1.0,4.0,0.0,1.0,1.0,0.0,14.0,1122.4,0.0,62.3,0.0,0.0,1.0,1.0,0.0,0.0,1.0,0.0,0.0,0.0,1.0,0.0,1.0,0.0,0.0,0.0,1.0,0.0,0.0,0
54.0,6.0,40.17,3997.0,0.0,1.0,1.0,0.0,84.8,1.0,0.0,0.0,1.0,0.0,1.0,0.0,1.0,0.0,0.0,2.0,0.0,0.0,0.0,0.0,44.0,3862.55,0.0,1767.48,0.0,0.0,1.0,1.0,0.0,0.0,1.0,0.0,0.0,0.0,1.0,0.0,1.0,0.0,0.0,0.0,1.0,0.0,0.0,1
47.0,17.0,16.48,4631.0,1.0,0.0,1.0,1.0,66.3,0.0,2.0,1.0,0.0,1.0,0.0,1.0,1.0,1.0,1.0,3.0,0.0,1.0,1.0,0.0,30.0,1923.5,0.0,494.4,0.0,0.0,1.0,1.0,0.0,0.0,1.0,0.0,0.0,1.0,0.0,0.0,0.0,1.0,0.0,0.0,1.0,0.0,0.0,0
42.0,0.0,46.3,2783.0,0.0,0.0,0.0,0.0,19.45,0.0,0.0,0.0,0.0,0.0,0.0,0.0,1.0,0.0,0.0,5.0,0.0,0.0,0.0,0.0,13.0,232.1,0.0,601.9,0.0,0.0,0.0,1.0,0.0,0.0,1.0,0.0,0.0,0.0,1.0,0.0,0.0,0.0,1.0,0.0,0.0,1.0,0.0,0
25.0,52.0,33.57,5530.0,0.0,1.0,1.0,1.0,96.6,1.0,0.0,10.0,1.0,0.0,0.0,1.0,1.0,0.0,1.0,5.0,0.0,0.0,0.0,1.0,28.0,2684.35,0.0,939.96,0.0,1.0,1.0,1.0,0.0,0.0,0.0,1.0,0.0,0.0,1.0,0.0,1.0,0.0,0.0,0.0,0.0,1.0,0.0,0
77.0,17.0,35.11,4412.0,0.0,1.0,1.0,1.0,104.4,1.0,0.0,1.0,1.0,0.0,1.0,1.0,1.0,0.0,1.0,1.0,1.0,1.0,0.0,1.0,61.0,6405.0,0.0,2141.71,0.0,0.0,1.0,0.0,1.0,0.0,1.0,0.0,0.0,0.0,1.0,0.0,1.0,0.0,0.0,0.0,0.0,1.0,0.0,1
77.0,11.0,2.21,4276.0,0.0,0.0,1.0,0.0,93.75,1.0,0.0,0.0,0.0,1.0,0.0,0.0,1.0,1.0,0.0,3.0,1.0,1.0,1.0,0.0,57.0,5625.55,0.0,125.97,0.0,0.0,1.0,0.0,0.0,1.0,0.0,1.0,0.0,0.0,1.0,0.0,1.0,0.0,0.0,0.0,1.0,0.0,0.0,0
42.0,25.0,14.46,2810.0,0.0,1.0,1.0,0.0,58.0,0.0,0.0,0.0,0.0,1.0,0.0,0.0,1.0,1.0,0.0,3.0,0.0,0.0,0.0,0.0,29.0,1734.5,0.0,419.34,0.0,0.0,1.0,0.0,1.0,0.0,1.0,0.0,0.0,1.0,0.0,0.0,1.0,0.0,0.0,0.0,0.0,1.0,0.0,0
33.0,18.0,6.1,2613.0,0.0,1.0,1.0,1.0,96.9,1.0,0.0,1.0,1.0,1.0,1.0,1.0,1.0,0.0,1.0,4.0,0.0,0.0,0.0,1.0,48.0,4473.45,0.0,292.8,0.0,0.0,1.0,0.0,0.0,1.0,0.0,1.0,0.0,0.0,1.0,0.0,1.0,0.0,0.0,0.0,1.0,0.0,0.0,0
35.0,0.0,5.42,5761.0,0.0,0.0,0.0,1.0,20.35,0.0,0.0,3.0,0.0,0.0,0.0,1.0,1.0,0.0,1.0,4.0,0.0,0.0,0.0,0.0,2.0,41.85,0.0,10.84,0.0,0.0,0.0,1.0,0.0,0.0,1.0,0.0,0.0,0.0,1.0,0.0,0.0,0.0,0.0,1.0,0.0,1.0,0.0,0
33.0,10.0,49.4,5202.0,0.0,1.0,1.0,0.0,88.35,0.0,0.0,0.0,0.0,0.0,1.0,0.0,1.0,1.0,0.0,2.0,0.0,0.0,0.0,1.0,3.0,262.05,0.0,148.2,0.0,0.0,1.0,1.0,0.0,0.0,0.0,1.0,0.0,0.0,1.0,0.0,0.0,0.0,0.0,1.0,0.0,1.0,0.0,1
54.0,13.0,1.09,3760.0,1.0,0.0,1.0,1.0,87.2,1.0,1.0,7.0,1.0,0.0,0.0,1.0,1.0,0.0,1.0,3.0,0.0,0.0,0.0,1.0,47.0,4017.45,0.0,51.23,0.0,0.0,1.0,1.0,0.0,0.0,0.0,1.0,0.0,0.0,1.0,0.0,1.0,0.0,0.0,0.0,1.0,0.0,0.0,0
45.0,5.0,15.65,4113.0,0.0,1.0,1.0,1.0,91.7,1.0,0.0,10.0,1.0,1.0,1.0,1.0,1.0,1.0,1.0,3.0,0.0,1.0,1.0,1.0,68.0,6424.7,0.0,1064.2,0.0,0.0,1.0,0.0,0.0,1.0,1.0,0.0,0.0,1.0,0.0,1.0,0.0,0.0,0.0,0.0,1.0,0.0,0.0,0
22.0,59.0,44.28,2961.0,0.0,0.0,1.0,1.0,80.85,0.0,0.0,1.0,0.0,0.0,0.0,1.0,1.0,0.0,1.0,1.0,0.0,1.0,1.0,0.0,4.0,302.75,40.0,177.12,0.0,1.0,0.0,1.0,0.0,0.0,1.0,0.0,0.0,0.0,1.0,0.0,0.0,0.0,0.0,1.0,1.0,0.0,0.0,1
65.0,10.0,12.68,2268.0,0.0,1.0,1.0,0.0,99.8,0.0,0.0,0.0,1.0,0.0,1.0,0.0,1.0,0.0,0.0,1.0,1.0,1.0,1.0,1.0,4.0,442.85,0.0,50.72,0.0,0.0,1.0,1.0,0.0,0.0,1.0,0.0,0.0,0.0,1.0,0.0,1.0,0.0,0.0,0.0,0.0,1.0,0.0,1
24.0,0.0,16.02,5743.0,1.0,0.0,0.0,1.0,20.0,0.0,1.0,5.0,0.0,0.0,1.0,1.0,1.0,0.0,1.0,3.0,0.0,0.0,0.0,0.0,41.0,879.8,0.0,656.82,0.0,1.0,0.0,0.0,0.0,1.0,0.0,1.0,0.0,0.0,1.0,0.0,1.0,0.0,0.0,0.0,0.0,1.0,0.0,0
37.0,6.0,0.0,3784.0,0.0,0.0,1.0,0.0,25.15,0.0,0.0,0.0,0.0,0.0,1.0,0.0,0.0,0.0,0.0,4.0,0.0,0.0,0.0,0.0,19.0,468.35,0.0,0.0,0.0,0.0,1.0,1.0,0.0,0.0,0.0,1.0,0.0,1.0,0.0,0.0,0.0,0.0,1.0,0.0,1.0,0.0,0.0,0
42.0,11.0,17.4,4001.0,0.0,1.0,1.0,1.0,93.15,1.0,0.0,5.0,1.0,0.0,1.0,1.0,1.0,0.0,1.0,4.0,0.0,1.0,1.0,0.0,67.0,6368.2,90.0,1165.8,0.0,0.0,0.0,0.0,0.0,1.0,0.0,1.0,0.0,0.0,1.0,1.0,0.0,0.0,0.0,0.0,1.0,0.0,0.0,0
22.0,59.0,23.2,4172.0,1.0,1.0,1.0,1.0,67.45,1.0,1.0,6.0,1.0,1.0,1.0,1.0,1.0,0.0,1.0,3.0,0.0,0.0,0.0,0.0,66.0,4508.65,0.0,1531.2,41.67,1.0,1.0,1.0,0.0,0.0,1.0,0.0,0.0,1.0,0.0,0.0,1.0,0.0,0.0,0.0,1.0,0.0,0.0,0
22.0,52.0,41.18,4927.0,1.0,1.0,1.0,1.0,104.9,1.0,2.0,9.0,1.0,1.0,1.0,1.0,1.0,1.0,1.0,3.0,0.0,1.0,1.0,0.0,72.0,7537.5,0.0,2964.96,0.0,1.0,1.0,0.0,1.0,0.0,0.0,1.0,0.0,0.0,1.0,0.0,1.0,0.0,0.0,0.0,0.0,1.0,0.0,0
38.0,0.0,18.86,5998.0,1.0,0.0,0.0,1.0,24.3,1.0,3.0,5.0,0.0,0.0,0.0,1.0,1.0,0.0,1.0,4.0,0.0,0.0,0.0,0.0,35.0,821.6,0.0,660.1,0.0,0.0,0.0,0.0,0.0,1.0,1.0,0.0,0.0,0.0,1.0,0.0,1.0,0.0,0.0,0.0,1.0,0.0,0.0,0
61.0,16.0,31.35,5789.0,1.0,0.0,1.0,1.0,99.35,1.0,1.0,1.0,1.0,0.0,1.0,1.0,1.0,0.0,1.0,1.0,0.0,1.0,1.0,1.0,47.0,4749.15,0.0,1473.45,0.0,0.0,1.0,1.0,0.0,0.0,0.0,1.0,0.0,0.0,1.0,0.0,1.0,0.0,0.0,0.0,1.0,0.0,0.0,1
48.0,0.0,8.82,5626.0,1.0,0.0,0.0,1.0,20.8,0.0,2.0,6.0,0.0,0.0,1.0,1.0,1.0,0.0,1.0,4.0,0.0,0.0,0.0,0.0,67.0,1411.9,0.0,590.94,0.0,0.0,0.0,0.0,0.0,1.0,0.0,1.0,0.0,0.0,1.0,0.0,1.0,0.0,0.0,0.0,0.0,1.0,0.0,0
69.0,14.0,19.92,4045.0,0.0,0.0,1.0,0.0,54.65,0.0,0.0,0.0,1.0,0.0,0.0,0.0,1.0,1.0,0.0,5.0,1.0,0.0,0.0,0.0,32.0,1830.1,10.0,637.44,0.0,0.0,0.0,0.0,1.0,0.0,1.0,0.0,0.0,1.0,0.0,0.0,1.0,0.0,0.0,0.0,1.0,0.0,0.0,0
55.0,22.0,29.06,4258.0,0.0,0.0,1.0,1.0,75.25,1.0,0.0,7.0,1.0,1.0,1.0,1.0,1.0,1.0,1.0,3.0,0.0,1.0,1.0,0.0,31.0,2344.5,0.0,900.86,1.99,0.0,1.0,0.0,1.0,0.0,0.0,1.0,0.0,1.0,0.0,0.0,1.0,0.0,0.0,0.0,1.0,0.0,0.0,0
60.0,0.0,47.33,5448.0,0.0,0.0,0.0,0.0,24.6,1.0,0.0,0.0,0.0,0.0,0.0,0.0,1.0,0.0,0.0,3.0,0.0,0.0,0.0,0.0,24.0,592.65,0.0,1135.92,0.0,0.0,0.0,0.0,1.0,0.0,0.0,1.0,0.0,0.0,1.0,0.0,0.0,1.0,0.0,0.0,1.0,0.0,0.0,0
29.0,0.0,10.84,4270.0,0.0,0.0,0.0,0.0,20.3,0.0,0.0,0.0,0.0,0.0,0.0,0.0,1.0,0.0,0.0,4.0,0.0,0.0,0.0,0.0,1.0,20.3,0.0,10.84,0.0,1.0,0.0,1.0,0.0,0.0,0.0,1.0,0.0,0.0,1.0,0.0,1.0,0.0,0.0,0.0,0.0,1.0,0.0,0
33.0,8.0,44.27,5096.0,0.0,1.0,1.0,1.0,103.95,1.0,0.0,10.0,1.0,1.0,1.0,1.0,1.0,1.0,1.0,3.0,0.0,0.0,0.0,1.0,72.0,7556.9,70.0,3187.44,0.0,0.0,0.0,0.0,0.0,1.0,1.0,0.0,0.0,0.0,1.0,1.0,0.0,0.0,0.0,0.0,1.0,0.0,0.0,0
62.0,0.0,30.09,4836.0,1.0,0.0,0.0,1.0,20.35,0.0,3.0,9.0,0.0,0.0,0.0,1.0,1.0,0.0,1.0,5.0,0.0,0.0,0.0,0.0,1.0,20.35,0.0,30.09,0.0,0.0,0.0,0.0,0.0,1.0,1.0,0.0,0.0,0.0,1.0,0.0,1.0,0.0,0.0,0.0,0.0,1.0,0.0,0
35.0,14.0,0.0,5463.0,0.0,1.0,1.0,0.0,29.75,0.0,0.0,0.0,0.0,0.0,1.0,0.0,0.0,0.0,0.0,5.0,0.0,0.0,0.0,0.0,28.0,790.7,0.0,0.0,0.0,0.0,1.0,1.0,0.0,0.0,1.0,0.0,0.0,1.0,0.0,0.0,0.0,1.0,0.0,0.0,0.0,1.0,0.0,0
55.0,0.0,3.87,4328.0,1.0,0.0,0.0,1.0,20.05,0.0,1.0,4.0,0.0,0.0,0.0,1.0,1.0,0.0,1.0,4.0,0.0,0.0,0.0,0.0,20.0,400.0,0.0,77.4,0.0,0.0,0.0,0.0,0.0,1.0,0.0,1.0,0.0,0.0,1.0,0.0,1.0,0.0,0.0,0.0,0.0,1.0,0.0,0
31.0,19.0,2.11,5534.0,1.0,0.0,1.0,1.0,65.0,0.0,1.0,9.0,1.0,0.0,0.0,1.0,1.0,1.0,1.0,3.0,0.0,0.0,0.0,1.0,53.0,3363.8,0.0,111.83,0.0,0.0,1.0,1.0,0.0,0.0,0.0,1.0,0.0,1.0,0.0,0.0,1.0,0.0,0.0,0.0,0.0,1.0,0.0,0
44.0,30.0,24.94,5045.0,1.0,1.0,1.0,1.0,84.4,1.0,1.0,3.0,1.0,0.0,1.0,1.0,1.0,0.0,1.0,5.0,0.0,0.0,0.0,0.0,68.0,5746.75,0.0,1695.92,0.0,0.0,1.0,0.0,0.0,1.0,1.0,0.0,0.0,0.0,1.0,0.0,1.0,0.0,0.0,0.0,0.0,1.0,0.0,0
71.0,20.0,2.38,2535.0,0.0,1.0,1.0,1.0,98.7,1.0,0.0,1.0,1.0,0.0,1.0,1.0,1.0,1.0,1.0,3.0,1.0,0.0,0.0,1.0,45.0,4525.8,0.0,107.1,0.0,0.0,1.0,0.0,1.0,0.0,0.0,1.0,0.0,0.0,1.0,0.0,1.0,0.0,0.0,0.0,1.0,0.0,0.0,0
42.0,0.0,33.18,4097.0,0.0,0.0,0.0,0.0,18.95,0.0,0.0,0.0,0.0,0.0,1.0,0.0,1.0,0.0,0.0,5.0,0.0,0.0,0.0,0.0,7.0,130.55,0.0,232.26,0.0,0.0,0.0,1.0,0.0,0.0,0.0,1.0,0.0,0.0,1.0,0.0,0.0,0.0,0.0,1.0,0.0,1.0,0.0,0
39.0,12.0,49.69,4800.0,0.0,1.0,1.0,0.0,107.55,1.0,0.0,0.0,1.0,0.0,0.0,0.0,1.0,0.0,0.0,3.0,0.0,1.0,1.0,1.0,33.0,3645.5,0.0,1639.77,0.0,0.0,1.0,1.0,0.0,0.0,1.0,0.0,0.0,0.0,1.0,0.0,1.0,0.0,0.0,0.0,1.0,0.0,0.0,0
35.0,0.0,14.91,3392.0,1.0,0.0,0.0,1.0,20.1,0.0,2.0,4.0,0.0,0.0,1.0,1.0,1.0,0.0,1.0,5.0,0.0,0.0,0.0,0.0,46.0,936.85,0.0,685.86,0.0,0.0,0.0,0.0,0.0,1.0,0.0,1.0,0.0,0.0,1.0,0.0,1.0,0.0,0.0,0.0,0.0,0.0,1.0,0
39.0,0.0,6.61,3972.0,0.0,0.0,0.0,0.0,20.25,0.0,0.0,0.0,0.0,0.0,1.0,0.0,1.0,0.0,0.0,4.0,0.0,0.0,0.0,0.0,41.0,865.0,0.0,271.01,46.78,0.0,0.0,0.0,1.0,0.0,1.0,0.0,0.0,0.0,1.0,0.0,1.0,0.0,0.0,0.0,0.0,1.0,0.0,0
28.0,41.0,17.02,2110.0,0.0,0.0,1.0,0.0,96.65,1.0,0.0,0.0,1.0,1.0,1.0,0.0,1.0,0.0,0.0,1.0,0.0,0.0,0.0,1.0,13.0,1244.5,0.0,221.26,0.0,1.0,1.0,1.0,0.0,0.0,1.0,0.0,0.0,0.0,1.0,0.0,0.0,0.0,1.0,0.0,1.0,0.0,0.0,1
19.0,58.0,31.84,4010.0,0.0,1.0,1.0,0.0,64.3,0.0,0.0,0.0,0.0,0.0,0.0,0.0,1.0,1.0,0.0,4.0,0.0,0.0,0.0,1.0,7.0,445.95,0.0,222.88,0.0,1.0,1.0,1.0,0.0,0.0,0.0,1.0,1.0,0.0,0.0,0.0,0.0,0.0,0.0,1.0,1.0,0.0,0.0,0
48.0,16.0,15.07,5246.0,0.0,0.0,1.0,0.0,46.0,0.0,0.0,0.0,0.0,0.0,1.0,0.0,1.0,0.0,0.0,1.0,0.0,0.0,0.0,0.0,4.0,193.6,0.0,60.28,0.0,0.0,1.0,1.0,0.0,0.0,1.0,0.0,1.0,0.0,0.0,0.0,1.0,0.0,0.0,0.0,0.0,0.0,1.0,1
49.0,6.0,9.55,3402.0,0.0,1.0,1.0,0.0,89.95,0.0,0.0,0.0,0.0,0.0,0.0,0.0,1.0,1.0,0.0,5.0,0.0,0.0,0.0,1.0,19.0,1682.4,0.0,181.45,29.64,0.0,1.0,1.0,0.0,0.0,0.0,1.0,0.0,0.0,1.0,0.0,0.0,0.0,1.0,0.0,0.0,1.0,0.0,0
43.0,0.0,46.3,3594.0,1.0,0.0,0.0,1.0,19.7,0.0,3.0,5.0,0.0,0.0,1.0,1.0,1.0,0.0,1.0,5.0,0.0,0.0,0.0,0.0,24.0,494.05,0.0,1111.2,0.0,0.0,0.0,0.0,0.0,1.0,1.0,0.0,0.0,0.0,1.0,0.0,1.0,0.0,0.0,0.0,0.0,1.0,0.0,0
35.0,18.0,37.69,4016.0,0.0,1.0,1.0,0.0,98.75,1.0,0.0,0.0,0.0,0.0,1.0,0.0,1.0,0.0,0.0,1.0,0.0,1.0,1.0,1.0,24.0,2407.3,0.0,904.56,0.0,0.0,1.0,1.0,0.0,0.0,1.0,0.0,0.0,0.0,1.0,0.0,1.0,0.0,0.0,0.0,1.0,0.0,0.0,1
54.0,57.0,16.75,5265.0,1.0,0.0,1.0,0.0,66.0,1.0,3.0,0.0,1.0,1.0,0.0,0.0,1.0,1.0,0.0,3.0,0.0,0.0,0.0,0.0,70.0,4891.5,90.0,1172.5,0.0,0.0,0.0,0.0,0.0,1.0,1.0,0.0,0.0,1.0,0.0,0.0,1.0,0.0,0.0,0.0,1.0,0.0,0.0,0
53.0,28.0,44.49,4022.0,1.0,0.0,1.0,1.0,70.5,1.0,2.0,10.0,0.0,1.0,1.0,1.0,1.0,1.0,1.0,4.0,0.0,0.0,0.0,1.0,50.0,3486.65,0.0,2224.5,0.0,0.0,1.0,0.0,0.0,1.0,0.0,1.0,1.0,0.0,0.0,0.0,1.0,0.0,0.0,0.0,0.0,1.0,0.0,0
36.0,0.0,2.4,4870.0,1.0,0.0,0.0,1.0,19.9,0.0,3.0,1.0,0.0,0.0,0.0,1.0,1.0,0.0,1.0,5.0,0.0,0.0,0.0,0.0,27.0,550.1,0.0,64.8,0.0,0.0,0.0,0.0,0.0,1.0,1.0,0.0,0.0,0.0,1.0,0.0,1.0,0.0,0.0,0.0,0.0,1.0,0.0,0
70.0,20.0,28.09,5153.0,0.0,1.0,1.0,1.0,96.6,1.0,0.0,10.0,1.0,1.0,1.0,1.0,1.0,1.0,1.0,4.0,1.0,0.0,0.0,0.0,72.0,6827.5,0.0,2022.48,0.0,0.0,1.0,0.0,0.0,1.0,1.0,0.0,0.0,0.0,1.0,0.0,1.0,0.0,0.0,0.0,1.0,0.0,0.0,0
28.0,59.0,0.0,5644.0,1.0,1.0,1.0,1.0,49.85,0.0,3.0,3.0,1.0,0.0,0.0,1.0,0.0,1.0,1.0,5.0,0.0,1.0,1.0,0.0,64.0,3210.35,0.0,0.0,0.0,1.0,1.0,0.0,0.0,1.0,1.0,0.0,0.0,1.0,0.0,0.0,1.0,0.0,0.0,0.0,1.0,0.0,0.0,0
32.0,27.0,42.68,2562.0,0.0,0.0,1.0,0.0,65.25,1.0,0.0,0.0,0.0,0.0,1.0,0.0,1.0,1.0,0.0,5.0,0.0,0.0,0.0,1.0,3.0,209.9,0.0,128.04,0.0,0.0,1.0,1.0,0.0,0.0,0.0,1.0,1.0,0.0,0.0,0.0,1.0,0.0,0.0,0.0,0.0,1.0,0.0,0
38.0,30.0,0.0,4507.0,0.0,1.0,1.0,0.0,43.6,0.0,0.0,0.0,1.0,0.0,1.0,0.0,0.0,0.0,0.0,4.0,0.0,1.0,1.0,0.0,62.0,2748.7,0.0,0.0,0.0,0.0,1.0,0.0,0.0,1.0,1.0,0.0,1.0,0.0,0.0,0.0,1.0,0.0,0.0,0.0,0.0,1.0,0.0,0
62.0,0.0,15.41,5636.0,1.0,0.0,0.0,1.0,19.7,0.0,2.0,5.0,0.0,0.0,0.0,1.0,1.0,0.0,1.0,4.0,0.0,0.0,0.0,0.0,35.0,730.4,0.0,539.35,0.0,0.0,0.0,0.0,0.0,1.0,1.0,0.0,0.0,0.0,1.0,0.0,1.0,0.0,0.0,0.0,0.0,1.0,0.0,0
23.0,73.0,48.03,4094.0,0.0,0.0,1.0,0.0,45.05,0.0,0.0,0.0,0.0,0.0,0.0,0.0,1.0,0.0,0.0,1.0,0.0,0.0,1.0,0.0,1.0,45.05,0.0,48.03,0.0,1.0,1.0,1.0,0.0,0.0,0.0,1.0,1.0,0.0,0.0,0.0,1.0,0.0,0.0,0.0,0.0,1.0,0.0,1
33.0,25.0,2.56,6347.0,0.0,1.0,1.0,0.0,113.4,1.0,0.0,0.0,1.0,1.0,0.0,0.0,1.0,1.0,0.0,3.0,0.0,1.0,1.0,1.0,72.0,8164.1,0.0,184.32,0.0,0.0,1.0,0.0,0.0,1.0,0.0,1.0,0.0,0.0,1.0,1.0,0.0,0.0,0.0,0.0,1.0,0.0,0.0,0
40.0,2.0,39.35,4408.0,0.0,1.0,1.0,1.0,79.15,1.0,0.0,1.0,1.0,1.0,0.0,1.0,1.0,1.0,1.0,4.0,0.0,0.0,0.0,1.0,70.0,5536.5,0.0,2754.5,0.0,0.0,1.0,0.0,0.0,1.0,0.0,1.0,0.0,1.0,0.0,0.0,1.0,0.0,0.0,0.0,0.0,1.0,0.0,0
59.0,0.0,26.47,3330.0,0.0,0.0,0.0,0.0,20.7,0.0,0.0,0.0,0.0,0.0,1.0,0.0,1.0,0.0,0.0,5.0,0.0,0.0,0.0,0.0,8.0,137.6,0.0,211.76,0.0,0.0,0.0,1.0,0.0,0.0,1.0,0.0,0.0,0.0,1.0,0.0,0.0,0.0,0.0,1.0,0.0,0.0,1.0,0
25.0,76.0,7.31,6494.0,1.0,0.0,1.0,1.0,68.75,1.0,1.0,7.0,1.0,1.0,0.0,1.0,1.0,0.0,1.0,3.0,0.0,1.0,1.0,0.0,56.0,3815.4,110.0,409.36,0.0,1.0,0.0,0.0,1.0,0.0,1.0,0.0,0.0,1.0,0.0,0.0,1.0,0.0,0.0,0.0,1.0,0.0,0.0,0
19.0,52.0,40.96,4171.0,0.0,1.0,1.0,0.0,64.05,0.0,0.0,0.0,0.0,1.0,0.0,0.0,1.0,0.0,0.0,4.0,0.0,1.0,1.0,0.0,11.0,733.95,90.0,450.56,0.0,1.0,0.0,1.0,0.0,0.0,1.0,0.0,0.0,1.0,0.0,0.0,0.0,0.0,1.0,0.0,1.0,0.0,0.0,0
68.0,9.0,0.0,4118.0,0.0,0.0,1.0,1.0,45.3,0.0,0.0,5.0,0.0,0.0,0.0,1.0,0.0,0.0,1.0,4.0,1.0,1.0,0.0,1.0,13.0,528.45,0.0,0.0,0.0,0.0,1.0,1.0,0.0,0.0,1.0,0.0,0.0,1.0,0.0,0.0,1.0,0.0,0.0,0.0,1.0,0.0,0.0,0
23.0,82.0,9.07,4200.0,1.0,1.0,1.0,1.0,78.0,0.0,1.0,10.0,1.0,0.0,0.0,1.0,1.0,0.0,1.0,5.0,0.0,1.0,1.0,1.0,49.0,3824.2,0.0,444.43,0.0,1.0,1.0,0.0,1.0,0.0,1.0,0.0,0.0,1.0,0.0,0.0,1.0,0.0,0.0,0.0,0.0,1.0,0.0,0
79.0,3.0,47.27,6024.0,0.0,1.0,1.0,0.0,75.5,1.0,0.0,0.0,1.0,0.0,1.0,0.0,1.0,1.0,0.0,4.0,1.0,0.0,0.0,1.0,70.0,5212.65,0.0,3308.9,0.0,0.0,1.0,0.0,0.0,1.0,1.0,0.0,1.0,0.0,0.0,1.0,0.0,0.0,0.0,0.0,1.0,0.0,0.0,0
56.0,3.0,11.94,5036.0,0.0,1.0,1.0,1.0,70.95,0.0,0.0,4.0,1.0,1.0,0.0,1.0,1.0,0.0,1.0,3.0,0.0,1.0,1.0,0.0,68.0,4741.45,0.0,811.92,0.0,0.0,1.0,0.0,0.0,1.0,0.0,1.0,0.0,1.0,0.0,0.0,1.0,0.0,0.0,0.0,1.0,0.0,0.0,0
44.0,0.0,6.61,3010.0,0.0,0.0,0.0,0.0,18.8,0.0,0.0,0.0,0.0,0.0,0.0,0.0,1.0,0.0,0.0,4.0,0.0,0.0,0.0,0.0,3.0,56.0,0.0,19.83,0.0,0.0,0.0,1.0,0.0,0.0,1.0,0.0,0.0,0.0,1.0,0.0,0.0,0.0,0.0,1.0,0.0,1.0,0.0,0
34.0,13.0,42.89,5299.0,0.0,0.0,1.0,0.0,94.2,1.0,0.0,0.0,0.0,0.0,1.0,0.0,1.0,0.0,0.0,2.0,0.0,1.0,1.0,1.0,2.0,193.8,0.0,85.78,0.0,0.0,1.0,1.0,0.0,0.0,1.0,0.0,0.0,0.0,1.0,0.0,1.0,0.0,0.0,0.0,1.0,0.0,0.0,1
19.0,26.0,2.76,4911.0,0.0,0.0,1.0,0.0,71.1,0.0,0.0,0.0,0.0,0.0,1.0,0.0,1.0,0.0,0.0,5.0,0.0,0.0,0.0,0.0,18.0,1247.75,150.0,49.68,0.0,1.0,0.0,1.0,0.0,0.0,1.0,0.0,0.0,0.0,1.0,0.0,0.0,0.0,1.0,0.0,1.0,0.0,0.0,0
22.0,71.0,34.31,5657.0,0.0,1.0,1.0,1.0,58.9,0.0,0.0,5.0,0.0,1.0,0.0,1.0,1.0,1.0,1.0,4.0,0.0,0.0,0.0,0.0,65.0,3857.1,0.0,2230.15,0.0,1.0,1.0,0.0,0.0,1.0,1.0,0.0,0.0,1.0,0.0,0.0,1.0,0.0,0.0,0.0,0.0,1.0,0.0,0
72.0,21.0,0.0,2166.0,0.0,1.0,1.0,1.0,50.4,0.0,0.0,10.0,1.0,1.0,1.0,1.0,0.0,0.0,1.0,3.0,1.0,1.0,0.0,0.0,31.0,1580.1,0.0,0.0,0.0,0.0,1.0,0.0,1.0,0.0,1.0,0.0,0.0,1.0,0.0,0.0,0.0,1.0,0.0,0.0,0.0,1.0,0.0,0
65.0,22.0,15.98,4745.0,0.0,0.0,1.0,1.0,100.5,1.0,0.0,1.0,1.0,1.0,1.0,1.0,1.0,1.0,1.0,1.0,1.0,0.0,0.0,1.0,35.0,3653.35,0.0,559.3,0.0,0.0,1.0,1.0,0.0,0.0,1.0,0.0,1.0,0.0,0.0,0.0,1.0,0.0,0.0,0.0,1.0,0.0,0.0,1
40.0,0.0,4.15,6011.0,0.0,0.0,0.0,1.0,25.4,1.0,0.0,8.0,0.0,0.0,0.0,1.0,1.0,0.0,1.0,5.0,0.0,0.0,0.0,0.0,72.0,1797.1,0.0,298.8,0.0,0.0,0.0,0.0,0.0,1.0,0.0,1.0,0.0,0.0,1.0,0.0,1.0,0.0,0.0,0.0,0.0,1.0,0.0,0
51.0,0.0,30.79,4929.0,1.0,0.0,0.0,0.0,20.4,0.0,3.0,0.0,0.0,0.0,0.0,0.0,1.0,0.0,0.0,3.0,0.0,0.0,0.0,0.0,4.0,94.5,0.0,123.16,0.0,0.0,0.0,1.0,0.0,0.0,1.0,0.0,0.0,0.0,1.0,0.0,0.0,0.0,0.0,1.0,0.0,1.0,0.0,0
62.0,0.0,28.3,4158.0,0.0,0.0,0.0,0.0,21.0,0.0,0.0,0.0,0.0,0.0,0.0,0.0,1.0,0.0,0.0,4.0,0.0,0.0,0.0,0.0,52.0,1107.2,0.0,1471.6,0.0,0.0,0.0,0.0,0.0,1.0,0.0,1.0,0.0,0.0,1.0,0.0,1.0,0.0,0.0,0.0,1.0,0.0,0.0,0
68.0,25.0,28.12,2373.0,0.0,0.0,1.0,0.0,90.6,1.0,0.0,0.0,0.0,1.0,1.0,0.0,1.0,0.0,0.0,1.0,1.0,0.0,0.0,1.0,19.0,1660.0,0.0,534.28,0.0,0.0,1.0,1.0,0.0,0.0,0.0,1.0,0.0,0.0,1.0,0.0,0.0,0.0,1.0,0.0,1.0,0.0,0.0,1
61.0,21.0,44.64,3147.0,1.0,0.0,1.0,1.0,50.3,0.0,1.0,8.0,0.0,1.0,0.0,1.0,1.0,0.0,1.0,3.0,0.0,0.0,0.0,0.0,4.0,217.1,0.0,178.56,0.0,0.0,1.0,1.0,0.0,0.0,1.0,0.0,1.0,0.0,0.0,0.0,1.0,0.0,0.0,0.0,1.0,0.0,0.0,0
20.0,0.0,2.68,2360.0,1.0,0.0,0.0,1.0,19.35,0.0,2.0,1.0,0.0,0.0,0.0,1.0,1.0,0.0,1.0,5.0,0.0,0.0,0.0,0.0,37.0,683.75,0.0,99.16,0.0,1.0,0.0,1.0,0.0,0.0,1.0,0.0,0.0,0.0,1.0,0.0,1.0,0.0,0.0,0.0,1.0,0.0,0.0,0
79.0,12.0,43.71,4337.0,0.0,1.0,1.0,1.0,115.6,1.0,0.0,2.0,1.0,1.0,1.0,1.0,1.0,1.0,1.0,3.0,1.0,1.0,0.0,1.0,54.0,6431.05,0.0,2360.34,0.0,0.0,1.0,0.0,1.0,0.0,1.0,0.0,0.0,0.0,1.0,0.0,1.0,0.0,0.0,0.0,1.0,0.0,0.0,0
23.0,52.0,15.59,5793.0,1.0,1.0,1.0,1.0,96.1,0.0,2.0,1.0,1.0,1.0,1.0,1.0,1.0,0.0,1.0,3.0,0.0,1.0,1.0,0.0,47.0,4391.45,0.0,732.73,0.0,1.0,1.0,0.0,1.0,0.0,0.0,1.0,0.0,0.0,1.0,0.0,1.0,0.0,0.0,0.0,1.0,0.0,0.0,0
55.0,0.0,33.63,3052.0,0.0,0.0,0.0,1.0,25.25,1.0,0.0,9.0,0.0,0.0,0.0,1.0,1.0,0.0,1.0,4.0,0.0,0.0,0.0,0.0,42.0,1108.2,0.0,1412.46,0.0,0.0,0.0,0.0,0.0,1.0,1.0,0.0,0.0,0.0,1.0,0.0,1.0,0.0,0.0,0.0,1.0,0.0,0.0,0
62.0,27.0,24.05,2969.0,0.0,1.0,1.0,0.0,86.2,0.0,0.0,0.0,0.0,0.0,1.0,0.0,1.0,0.0,0.0,3.0,0.0,1.0,1.0,0.0,2.0,178.7,0.0,48.1,0.0,0.0,1.0,1.0,0.0,0.0,1.0,0.0,0.0,0.0,1.0,0.0,0.0,0.0,0.0,1.0,0.0,0.0,1.0,1
35.0,21.0,17.49,6311.0,0.0,0.0,1.0,1.0,101.05,1.0,0.0,2.0,1.0,0.0,1.0,1.0,1.0,0.0,1.0,4.0,0.0,1.0,1.0,1.0,61.0,5971.25,0.0,1066.89,0.0,0.0,1.0,0.0,0.0,1.0,1.0,0.0,0.0,0.0,1.0,0.0,1.0,0.0,0.0,0.0,1.0,0.0,0.0,0
77.0,30.0,13.02,2905.0,0.0,0.0,1.0,1.0,90.6,1.0,0.0,1.0,1.0,0.0,1.0,1.0,1.0,0.0,1.0,2.0,1.0,0.0,0.0,1.0,1.0,90.6,0.0,13.02,0.0,0.0,1.0,1.0,0.0,0.0,1.0,0.0,0.0,0.0,1.0,0.0,0.0,0.0,0.0,1.0,1.0,0.0,0.0,1
41.0,8.0,40.34,4039.0,0.0,1.0,1.0,0.0,90.05,0.0,0.0,0.0,0.0,0.0,1.0,0.0,1.0,1.0,0.0,3.0,0.0,0.0,0.0,1.0,63.0,5817.0,0.0,2541.42,0.0,0.0,1.0,0.0,1.0,0.0,1.0,0.0,0.0,0.0,1.0,0.0,1.0,0.0,0.0,0.0,0.0,1.0,0.0,0
25.0,52.0,24.59,5725.0,1.0,0.0,1.0,1.0,65.65,1.0,2.0,1.0,1.0,1.0,1.0,1.0,1.0,1.0,1.0,3.0,0.0,0.0,0.0,0.0,54.0,3566.7,0.0,1327.86,0.0,1.0,1.0,0.0,0.0,1.0,0.0,1.0,0.0,1.0,0.0,0.0,1.0,0.0,0.0,0.0,0.0,1.0,0.0,0
38.0,0.0,22.34,4909.0,0.0,0.0,0.0,1.0,19.55,0.0,0.0,7.0,0.0,0.0,1.0,1.0,1.0,0.0,1.0,5.0,0.0,0.0,0.0,0.0,8.0,161.15,0.0,178.72,0.0,0.0,0.0,1.0,0.0,0.0,0.0,1.0,0.0,0.0,1.0,0.0,1.0,0.0,0.0,0.0,1.0,0.0,0.0,0
71.0,2.0,41.3,2715.0,0.0,1.0,1.0,1.0,105.9,1.0,0.0,1.0,1.0,0.0,1.0,1.0,1.0,0.0,1.0,2.0,1.0,1.0,0.0,1.0,3.0,334.65,0.0,123.9,0.0,0.0,1.0,1.0,0.0,0.0,0.0,1.0,0.0,0.0,1.0,0.0,1.0,0.0,0.0,0.0,1.0,0.0,0.0,1
69.0,9.0,17.87,5748.0,0.0,0.0,1.0,1.0,77.5,1.0,0.0,1.0,0.0,1.0,1.0,1.0,1.0,0.0,1.0,1.0,1.0,0.0,0.0,0.0,51.0,3807.35,0.0,911.37,0.0,0.0,1.0,1.0,0.0,0.0,1.0,0.0,0.0,0.0,1.0,0.0,1.0,0.0,0.0,0.0,1.0,0.0,0.0,1
71.0,23.0,47.66,3878.0,0.0,0.0,1.0,0.0,88.95,1.0,0.0,0.0,1.0,0.0,1.0,0.0,1.0,0.0,0.0,2.0,1.0,0.0,0.0,1.0,25.0,2291.2,0.0,1191.5,0.0,0.0,1.0,1.0,0.0,0.0,0.0,1.0,0.0,0.0,1.0,0.0,0.0,1.0,0.0,0.0,1.0,0.0,0.0,1
25.0,76.0,28.4,4955.0,0.0,1.0,1.0,0.0,113.15,1.0,0.0,0.0,1.0,1.0,1.0,0.0,1.0,1.0,0.0,3.0,0.0,1.0,1.0,1.0,71.0,7993.3,0.0,2016.4,0.0,1.0,1.0,0.0,0.0,1.0,1.0,0.0,0.0,0.0,1.0,1.0,0.0,0.0,0.0,0.0,0.0,1.0,0.0,0
25.0,46.0,25.83,5432.0,0.0,0.0,1.0,1.0,75.4,1.0,0.0,1.0,0.0,0.0,1.0,1.0,1.0,0.0,1.0,5.0,0.0,0.0,0.0,0.0,16.0,1189.4,0.0,413.28,0.0,1.0,1.0,1.0,0.0,0.0,0.0,1.0,0.0,0.0,1.0,0.0,1.0,0.0,0.0,0.0,1.0,0.0,0.0,0
35.0,7.0,31.76,3348.0,0.0,1.0,1.0,1.0,93.35,1.0,0.0,5.0,1.0,0.0,1.0,1.0,1.0,0.0,1.0,4.0,0.0,1.0,1.0,0.0,33.0,3092.0,0.0,1048.08,0.0,0.0,1.0,1.0,0.0,0.0,0.0,1.0,0.0,0.0,1.0,0.0,1.0,0.0,0.0,0.0,1.0,0.0,0.0,0
57.0,27.0,31.33,4444.0,1.0,1.0,1.0,1.0,89.9,1.0,3.0,6.0,1.0,1.0,0.0,1.0,1.0,1.0,1.0,3.0,0.0,1.0,1.0,1.0,71.0,6457.15,0.0,2224.43,0.0,0.0,1.0,0.0,0.0,1.0,0.0,1.0,1.0,0.0,0.0,1.0,0.0,0.0,0.0,0.0,0.0,1.0,0.0,0
34.0,8.0,0.0,3620.0,0.0,1.0,1.0,0.0,40.4,0.0,0.0,0.0,1.0,0.0,1.0,0.0,0.0,1.0,0.0,3.0,0.0,0.0,0.0,0.0,2.0,77.15,0.0,0.0,0.0,0.0,1.0,1.0,0.0,0.0,0.0,1.0,0.0,1.0,0.0,0.0,0.0,0.0,0.0,1.0,0.0,1.0,0.0,1
75.0,24.0,38.59,4442.0,0.0,0.0,1.0,1.0,69.3,0.0,0.0,7.0,0.0,0.0,1.0,1.0,1.0,0.0,1.0,4.0,1.0,0.0,0.0,0.0,25.0,1813.1,0.0,964.75,0.0,0.0,1.0,0.0,0.0,1.0,1.0,0.0,0.0,0.0,1.0,0.0,1.0,0.0,0.0,0.0,1.0,0.0,0.0,0
62.0,0.0,15.41,2896.0,0.0,0.0,0.0,0.0,19.6,0.0,0.0,0.0,0.0,0.0,1.0,0.0,1.0,0.0,0.0,5.0,0.0,0.0,0.0,0.0,27.0,561.15,0.0,416.07,13.07,0.0,0.0,0.0,0.0,1.0,1.0,0.0,0.0,0.0,1.0,0.0,1.0,0.0,0.0,0.0,0.0,0.0,1.0,0
68.0,21.0,27.7,5113.0,0.0,1.0,1.0,0.0,74.65,1.0,0.0,0.0,1.0,0.0,0.0,0.0,1.0,1.0,0.0,4.0,1.0,1.0,0.0,0.0,64.0,4869.35,0.0,1772.8,47.04,0.0,1.0,0.0,0.0,1.0,1.0,0.0,0.0,1.0,0.0,0.0,1.0,0.0,0.0,0.0,0.0,1.0,0.0,0
37.0,26.0,46.33,4614.0,0.0,1.0,1.0,0.0,98.9,0.0,0.0,0.0,0.0,1.0,1.0,0.0,1.0,0.0,0.0,3.0,0.0,1.0,1.0,1.0,10.0,1064.95,0.0,463.3,0.0,0.0,1.0,0.0,1.0,0.0,0.0,1.0,0.0,0.0,1.0,0.0,0.0,0.0,1.0,0.0,1.0,0.0,0.0,0
22.0,82.0,25.33,5531.0,0.0,0.0,1.0,0.0,47.85,0.0,0.0,0.0,0.0,1.0,1.0,0.0,1.0,0.0,0.0,3.0,0.0,0.0,0.0,0.0,39.0,1886.4,70.0,987.87,0.0,1.0,0.0,0.0,1.0,0.0,1.0,0.0,0.0,1.0,0.0,0.0,1.0,0.0,0.0,0.0,1.0,0.0,0.0,0
40.0,24.0,13.58,5020.0,1.0,1.0,1.0,0.0,59.2,0.0,3.0,0.0,0.0,0.0,0.0,0.0,1.0,0.0,0.0,1.0,0.0,1.0,1.0,0.0,1.0,59.2,0.0,13.58,0.0,0.0,1.0,1.0,0.0,0.0,1.0,0.0,0.0,1.0,0.0,0.0,1.0,0.0,0.0,0.0,1.0,0.0,0.0,1
20.0,26.0,18.46,2292.0,0.0,1.0,1.0,0.0,76.45,0.0,0.0,0.0,0.0,0.0,0.0,0.0,1.0,0.0,0.0,4.0,0.0,0.0,0.0,0.0,14.0,1117.55,0.0,258.44,0.0,1.0,1.0,1.0,0.0,0.0,0.0,1.0,0.0,0.0,1.0,0.0,1.0,0.0,0.0,0.0,1.0,0.0,0.0,0
48.0,20.0,7.63,2358.0,0.0,1.0,1.0,1.0,86.1,0.0,0.0,10.0,1.0,1.0,1.0,1.0,1.0,0.0,1.0,3.0,0.0,0.0,0.0,0.0,43.0,3551.65,0.0,328.09,0.0,0.0,1.0,1.0,0.0,0.0,0.0,1.0,0.0,0.0,1.0,0.0,1.0,0.0,0.0,0.0,0.0,1.0,0.0,0
64.0,0.0,20.49,5453.0,1.0,0.0,0.0,1.0,25.2,1.0,2.0,8.0,0.0,0.0,0.0,1.0,1.0,0.0,1.0,5.0,0.0,0.0,0.0,0.0,39.0,987.95,0.0,799.11,0.0,0.0,0.0,0.0,0.0,1.0,0.0,1.0,0.0,0.0,1.0,0.0,1.0,0.0,0.0,0.0,0.0,1.0,0.0,0
59.0,0.0,48.29,4755.0,1.0,0.0,0.0,1.0,24.05,1.0,3.0,4.0,0.0,0.0,1.0,1.0,1.0,0.0,1.0,4.0,0.0,0.0,0.0,0.0,72.0,1709.15,0.0,3476.88,0.0,0.0,0.0,0.0,0.0,1.0,1.0,0.0,0.0,0.0,1.0,0.0,1.0,0.0,0.0,0.0,1.0,0.0,0.0,0
34.0,10.0,28.4,4421.0,0.0,1.0,1.0,1.0,87.4,1.0,0.0,1.0,1.0,0.0,0.0,1.0,1.0,0.0,1.0,2.0,0.0,0.0,0.0,0.0,67.0,5918.8,0.0,1902.8,0.0,0.0,1.0,0.0,1.0,0.0,0.0,1.0,1.0,0.0,0.0,1.0,0.0,0.0,0.0,0.0,1.0,0.0,0.0,1
48.0,0.0,49.58,6061.0,0.0,0.0,0.0,1.0,20.45,0.0,0.0,5.0,0.0,0.0,0.0,1.0,1.0,0.0,1.0,3.0,0.0,0.0,0.0,0.0,49.0,900.9,0.0,2429.42,0.0,0.0,0.0,0.0,1.0,0.0,1.0,0.0,0.0,0.0,1.0,0.0,1.0,0.0,0.0,0.0,1.0,0.0,0.0,0
56.0,0.0,35.8,5689.0,0.0,0.0,0.0,1.0,20.1,0.0,0.0,9.0,0.0,0.0,0.0,1.0,1.0,0.0,1.0,3.0,0.0,0.0,0.0,0.0,24.0,533.9,0.0,859.2,0.0,0.0,0.0,0.0,1.0,0.0,0.0,1.0,0.0,0.0,1.0,0.0,0.0,1.0,0.0,0.0,0.0,1.0,0.0,0
29.0,69.0,41.82,5713.0,0.0,1.0,1.0,1.0,111.8,1.0,0.0,3.0,1.0,0.0,1.0,1.0,1.0,1.0,1.0,3.0,0.0,1.0,1.0,1.0,53.0,5809.75,0.0,2216.46,0.0,1.0,1.0,0.0,1.0,0.0,1.0,0.0,0.0,0.0,1.0,0.0,1.0,0.0,0.0,0.0,1.0,0.0,0.0,0
32.0,52.0,28.64,5735.0,1.0,0.0,1.0,1.0,101.15,1.0,3.0,4.0,0.0,1.0,1.0,1.0,1.0,0.0,1.0,3.0,0.0,1.0,1.0,1.0,62.0,6638.35,30.0,1775.68,0.0,0.0,0.0,0.0,0.0,1.0,1.0,0.0,0.0,0.0,1.0,0.0,1.0,0.0,0.0,0.0,1.0,0.0,0.0,0
48.0,0.0,30.58,4271.0,0.0,0.0,0.0,0.0,19.5,0.0,0.0,0.0,0.0,0.0,0.0,0.0,1.0,0.0,0.0,5.0,0.0,0.0,0.0,0.0,7.0,128.6,0.0,214.06,0.0,0.0,0.0,0.0,1.0,0.0,0.0,1.0,0.0,0.0,1.0,0.0,0.0,0.0,0.0,1.0,0.0,1.0,0.0,0
50.0,0.0,19.58,5868.0,1.0,0.0,0.0,0.0,20.85,0.0,3.0,0.0,0.0,0.0,0.0,0.0,1.0,0.0,0.0,4.0,0.0,0.0,0.0,0.0,3.0,60.65,0.0,58.74,0.0,0.0,0.0,1.0,0.0,0.0,0.0,1.0,0.0,0.0,1.0,0.0,1.0,0.0,0.0,0.0,0.0,1.0,0.0,0
44.0,0.0,46.13,2247.0,0.0,0.0,0.0,1.0,19.75,0.0,0.0,1.0,0.0,0.0,1.0,1.0,1.0,0.0,1.0,3.0,0.0,0.0,0.0,0.0,8.0,145.0,0.0,369.04,0.0,0.0,0.0,0.0,1.0,0.0,1.0,0.0,0.0,0.0,1.0,0.0,0.0,0.0,0.0,1.0,0.0,1.0,0.0,1
58.0,30.0,26.53,3204.0,0.0,0.0,1.0,0.0,44.4,0.0,0.0,0.0,0.0,0.0,0.0,0.0,1.0,0.0,0.0,2.0,0.0,0.0,0.0,0.0,1.0,44.4,0.0,26.53,0.0,0.0,1.0,1.0,0.0,0.0,1.0,0.0,0.0,1.0,0.0,0.0,0.0,0.0,0.0,1.0,0.0,1.0,0.0,1
62.0,24.0,34.02,3259.0,0.0,0.0,1.0,0.0,54.3,1.0,0.0,0.0,1.0,0.0,0.0,0.0,1.0,0.0,0.0,5.0,0.0,0.0,0.0,0.0,1.0,54.3,10.0,34.02,0.0,0.0,0.0,1.0,0.0,0.0,0.0,1.0,0.0,1.0,0.0,0.0,0.0,0.0,0.0,1.0,1.0,0.0,0.0,0
45.0,9.0,27.69,4220.0,0.0,0.0,1.0,0.0,73.85,1.0,0.0,0.0,0.0,0.0,1.0,0.0,1.0,0.0,0.0,4.0,0.0,0.0,0.0,0.0,6.0,401.3,0.0,166.14,0.0,0.0,1.0,1.0,0.0,0.0,1.0,0.0,0.0,0.0,1.0,0.0,1.0,0.0,0.0,0.0,0.0,1.0,0.0,0
50.0,7.0,26.15,5170.0,0.0,0.0,1.0,1.0,100.3,1.0,0.0,2.0,1.0,0.0,0.0,1.0,1.0,0.0,1.0,2.0,0.0,1.0,1.0,1.0,56.0,5614.45,100.0,1464.4,0.0,0.0,0.0,0.0,1.0,0.0,0.0,1.0,0.0,0.0,1.0,0.0,1.0,0.0,0.0,0.0,0.0,1.0,0.0,1
49.0,0.0,16.59,5316.0,1.0,0.0,0.0,0.0,19.95,0.0,2.0,0.0,0.0,0.0,0.0,0.0,1.0,0.0,0.0,3.0,0.0,0.0,0.0,0.0,60.0,1189.9,0.0,995.4,0.0,0.0,0.0,0.0,0.0,1.0,0.0,1.0,0.0,0.0,1.0,0.0,1.0,0.0,0.0,0.0,0.0,1.0,0.0,0
42.0,6.0,44.52,2546.0,0.0,1.0,1.0,0.0,90.6,1.0,0.0,0.0,1.0,1.0,1.0,0.0,1.0,1.0,0.0,4.0,0.0,1.0,1.0,1.0,37.0,3358.65,0.0,1647.24,8.96,0.0,1.0,0.0,1.0,0.0,0.0,1.0,0.0,1.0,0.0,0.0,1.0,0.0,0.0,0.0,1.0,0.0,0.0,0
45.0,13.0,21.58,6177.0,0.0,1.0,1.0,1.0,76.15,1.0,0.0,2.0,0.0,1.0,0.0,1.0,1.0,1.0,1.0,4.0,0.0,1.0,1.0,0.0,65.0,4929.55,0.0,1402.7,0.0,0.0,1.0,0.0,0.0,1.0,0.0,1.0,0.0,1.0,0.0,0.0,1.0,0.0,0.0,0.0,1.0,0.0,0.0,0
48.0,13.0,40.35,3178.0,0.0,0.0,1.0,0.0,85.75,0.0,0.0,0.0,1.0,0.0,1.0,0.0,1.0,0.0,0.0,3.0,0.0,0.0,0.0,1.0,26.0,2146.5,0.0,1049.1,0.0,0.0,1.0,1.0,0.0,0.0,0.0,1.0,0.0,0.0,1.0,0.0,1.0,0.0,0.0,0.0,1.0,0.0,0.0,0
20.0,52.0,4.76,4633.0,1.0,1.0,1.0,0.0,76.9,0.0,3.0,0.0,1.0,1.0,1.0,0.0,1.0,1.0,0.0,3.0,0.0,0.0,0.0,1.0,71.0,5522.7,0.0,337.96,0.0,1.0,1.0,0.0,0.0,1.0,0.0,1.0,0.0,1.0,0.0,1.0,0.0,0.0,0.0,0.0,0.0,1.0,0.0,0
23.0,41.0,26.73,5604.0,0.0,0.0,1.0,1.0,110.05,1.0,0.0,6.0,1.0,1.0,0.0,1.0,1.0,1.0,1.0,3.0,0.0,1.0,1.0,1.0,51.0,5686.4,0.0,1363.23,20.28,1.0,1.0,0.0,1.0,0.0,0.0,1.0,0.0,0.0,1.0,0.0,1.0,0.0,0.0,0.0,0.0,1.0,0.0,0
54.0,0.0,13.43,3214.0,1.0,0.0,0.0,1.0,19.6,0.0,3.0,1.0,0.0,0.0,0.0,1.0,1.0,0.0,1.0,5.0,0.0,0.0,0.0,0.0,8.0,125.0,0.0,107.44,0.0,0.0,0.0,0.0,0.0,1.0,0.0,1.0,0.0,0.0,1.0,0.0,0.0,0.0,0.0,1.0,0.0,1.0,0.0,0
20.0,48.0,41.15,4620.0,0.0,1.0,1.0,1.0,107.0,1.0,0.0,7.0,1.0,1.0,1.0,1.0,1.0,1.0,1.0,4.0,0.0,1.0,1.0,0.0,59.0,6152.3,0.0,2427.85,0.0,1.0,0.0,0.0,1.0,0.0,1.0,0.0,0.0,0.0,1.0,0.0,1.0,0.0,0.0,0.0,0.0,1.0,0.0,0
25.0,69.0,0.0,3423.0,1.0,1.0,1.0,1.0,54.3,0.0,1.0,1.0,0.0,0.0,1.0,1.0,0.0,1.0,1.0,5.0,0.0,1.0,1.0,1.0,44.0,2317.1,10.0,0.0,0.0,1.0,0.0,0.0,1.0,0.0,0.0,1.0,0.0,1.0,0.0,0.0,1.0,0.0,0.0,0.0,1.0,0.0,0.0,0
57.0,13.0,29.55,2464.0,0.0,0.0,1.0,0.0,78.7,0.0,0.0,0.0,0.0,0.0,1.0,0.0,1.0,0.0,0.0,3.0,0.0,0.0,0.0,1.0,19.0,1495.1,0.0,561.45,26.84,0.0,1.0,1.0,0.0,0.0,0.0,1.0,0.0,0.0,1.0,0.0,1.0,0.0,0.0,0.0,1.0,0.0,0.0,0
27.0,51.0,33.5,5011.0,1.0,0.0,1.0,1.0,75.0,1.0,2.0,7.0,1.0,1.0,1.0,1.0,1.0,1.0,1.0,3.0,0.0,0.0,0.0,1.0,55.0,4213.9,0.0,1842.5,0.0,1.0,1.0,0.0,1.0,0.0,1.0,0.0,0.0,1.0,0.0,0.0,1.0,0.0,0.0,0.0,0.0,1.0,0.0,0
74.0,16.0,11.32,3273.0,0.0,0.0,1.0,1.0,91.95,1.0,0.0,0.0,1.0,0.0,1.0,1.0,1.0,0.0,0.0,5.0,1.0,0.0,0.0,1.0,36.0,3301.05,0.0,407.52,17.76,0.0,1.0,1.0,0.0,0.0,1.0,0.0,0.0,0.0,1.0,0.0,0.0,1.0,0.0,0.0,0.0,1.0,0.0,0
51.0,22.0,17.7,3545.0,0.0,0.0,1.0,0.0,55.9,0.0,0.0,0.0,0.0,0.0,1.0,0.0,1.0,0.0,0.0,3.0,0.0,1.0,1.0,0.0,4.0,238.5,0.0,70.8,0.0,0.0,1.0,1.0,0.0,0.0,0.0,1.0,0.0,1.0,0.0,0.0,1.0,0.0,0.0,0.0,1.0,0.0,0.0,0
33.0,53.0,41.14,5475.0,1.0,1.0,1.0,1.0,118.75,1.0,3.0,1.0,1.0,1.0,1.0,1.0,1.0,1.0,1.0,4.0,0.0,1.0,1.0,1.0,72.0,8672.45,0.0,2962.08,0.0,0.0,1.0,0.0,0.0,1.0,1.0,0.0,0.0,0.0,1.0,0.0,1.0,0.0,0.0,0.0,1.0,0.0,0.0,0
46.0,19.0,16.55,4779.0,0.0,0.0,1.0,1.0,69.1,0.0,0.0,1.0,0.0,0.0,1.0,1.0,1.0,0.0,1.0,1.0,0.0,0.0,0.0,0.0,1.0,69.1,0.0,16.55,0.0,0.0,1.0,1.0,0.0,0.0,1.0,0.0,0.0,0.0,1.0,0.0,0.0,0.0,0.0,1.0,0.0,1.0,0.0,1
23.0,71.0,43.04,3322.0,0.0,0.0,1.0,0.0,105.2,0.0,0.0,0.0,1.0,1.0,1.0,0.0,1.0,1.0,0.0,2.0,0.0,1.0,1.0,1.0,46.0,4822.85,0.0,1979.84,0.0,1.0,1.0,0.0,1.0,0.0,1.0,0.0,0.0,0.0,1.0,0.0,1.0,0.0,0.0,0.0,1.0,0.0,0.0,1
63.0,8.0,35.0,4745.0,0.0,0.0,1.0,1.0,96.4,1.0,0.0,7.0,1.0,1.0,1.0,1.0,1.0,0.0,1.0,3.0,0.0,1.0,1.0,0.0,51.0,4911.05,0.0,1785.0,0.0,0.0,1.0,0.0,1.0,0.0,0.0,1.0,0.0,0.0,1.0,0.0,1.0,0.0,0.0,0.0,0.0,1.0,0.0,0
49.0,0.0,29.31,6339.0,0.0,0.0,0.0,0.0,19.15,0.0,0.0,0.0,0.0,0.0,1.0,0.0,1.0,0.0,0.0,5.0,0.0,0.0,0.0,0.0,58.0,1035.5,0.0,1699.98,28.7,0.0,0.0,0.0,0.0,1.0,0.0,1.0,0.0,0.0,1.0,0.0,1.0,0.0,0.0,0.0,1.0,0.0,0.0,0
61.0,0.0,14.37,4577.0,1.0,0.0,0.0,0.0,20.35,0.0,1.0,0.0,0.0,0.0,0.0,0.0,1.0,0.0,0.0,3.0,0.0,0.0,0.0,0.0,8.0,178.7,0.0,114.96,0.0,0.0,0.0,1.0,0.0,0.0,0.0,1.0,0.0,0.0,1.0,0.0,1.0,0.0,0.0,0.0,0.0,1.0,0.0,0
39.0,0.0,49.13,6025.0,0.0,0.0,0.0,0.0,25.1,1.0,0.0,0.0,0.0,0.0,0.0,0.0,1.0,0.0,0.0,4.0,0.0,0.0,0.0,0.0,66.0,1697.7,0.0,3242.58,0.0,0.0,0.0,0.0,0.0,1.0,0.0,1.0,0.0,0.0,1.0,1.0,0.0,0.0,0.0,0.0,0.0,1.0,0.0,0
33.0,25.0,46.23,5092.0,0.0,0.0,1.0,0.0,47.95,0.0,0.0,0.0,0.0,1.0,0.0,0.0,1.0,0.0,0.0,4.0,0.0,0.0,0.0,0.0,1.0,47.95,0.0,46.23,0.0,0.0,1.0,1.0,0.0,0.0,0.0,1.0,0.0,1.0,0.0,0.0,0.0,0.0,0.0,1.0,1.0,0.0,0.0,0
32.0,18.0,16.11,4159.0,0.0,1.0,1.0,0.0,80.55,1.0,0.0,0.0,0.0,0.0,0.0,0.0,1.0,1.0,0.0,5.0,0.0,1.0,1.0,1.0,60.0,4847.05,0.0,966.6,0.0,0.0,1.0,0.0,1.0,0.0,1.0,0.0,1.0,0.0,0.0,0.0,1.0,0.0,0.0,0.0,0.0,1.0,0.0,0
80.0,28.0,30.37,5082.0,0.0,1.0,1.0,0.0,89.15,0.0,0.0,0.0,1.0,0.0,1.0,0.0,1.0,0.0,0.0,1.0,1.0,0.0,0.0,1.0,17.0,1496.9,0.0,516.29,0.0,0.0,1.0,1.0,0.0,0.0,1.0,0.0,0.0,0.0,1.0,0.0,0.0,0.0,1.0,0.0,1.0,0.0,0.0,1
72.0,27.0,23.4,4948.0,0.0,1.0,1.0,0.0,110.25,1.0,0.0,0.0,0.0,1.0,0.0,0.0,1.0,1.0,0.0,3.0,1.0,1.0,1.0,1.0,69.0,7467.55,0.0,1614.6,0.0,0.0,1.0,0.0,0.0,1.0,1.0,0.0,0.0,0.0,1.0,0.0,1.0,0.0,0.0,0.0,0.0,1.0,0.0,0
44.0,2.0,42.26,4790.0,0.0,1.0,1.0,0.0,49.7,0.0,0.0,0.0,0.0,0.0,0.0,0.0,1.0,0.0,0.0,5.0,0.0,0.0,0.0,0.0,23.0,1081.25,150.0,971.98,0.0,0.0,0.0,1.0,0.0,0.0,1.0,0.0,1.0,0.0,0.0,0.0,1.0,0.0,0.0,0.0,0.0,1.0,0.0,0
29.0,52.0,7.6,4852.0,0.0,0.0,1.0,1.0,75.4,1.0,0.0,5.0,1.0,0.0,1.0,1.0,1.0,0.0,1.0,3.0,0.0,1.0,1.0,1.0,17.0,1322.55,0.0,129.2,0.0,1.0,1.0,1.0,0.0,0.0,1.0,0.0,0.0,1.0,0.0,0.0,0.0,0.0,1.0,0.0,1.0,0.0,0.0,0
58.0,17.0,29.51,2754.0,0.0,1.0,1.0,0.0,69.95,0.0,0.0,0.0,0.0,0.0,1.0,0.0,1.0,0.0,0.0,5.0,0.0,1.0,1.0,1.0,3.0,220.45,30.0,88.53,0.0,0.0,0.0,0.0,1.0,0.0,1.0,0.0,1.0,0.0,0.0,0.0,0.0,0.0,0.0,1.0,1.0,0.0,0.0,0
78.0,7.0,32.4,5638.0,0.0,0.0,1.0,0.0,73.75,1.0,0.0,0.0,0.0,0.0,0.0,0.0,1.0,0.0,0.0,2.0,1.0,0.0,0.0,0.0,7.0,545.15,0.0,226.8,0.0,0.0,1.0,1.0,0.0,0.0,0.0,1.0,0.0,0.0,1.0,0.0,1.0,0.0,0.0,0.0,0.0,1.0,0.0,1
21.0,48.0,36.14,4487.0,0.0,1.0,1.0,0.0,69.75,0.0,0.0,0.0,1.0,0.0,0.0,0.0,1.0,1.0,0.0,3.0,0.0,0.0,1.0,1.0,57.0,3894.4,0.0,2059.98,0.0,1.0,1.0,0.0,0.0,1.0,1.0,0.0,1.0,0.0,0.0,0.0,1.0,0.0,0.0,0.0,0.0,0.0,1.0,0
22.0,59.0,23.7,6188.0,1.0,1.0,1.0,1.0,90.8,1.0,1.0,1.0,0.0,0.0,1.0,1.0,1.0,0.0,1.0,3.0,0.0,1.0,1.0,0.0,72.0,6511.8,60.0,1706.4,0.0,1.0,0.0,0.0,0.0,1.0,0.0,1.0,0.0,0.0,1.0,1.0,0.0,0.0,0.0,0.0,0.0,1.0,0.0,0
32.0,28.0,24.3,2454.0,0.0,0.0,1.0,1.0,50.15,0.0,0.0,7.0,1.0,0.0,1.0,1.0,1.0,0.0,1.0,4.0,0.0,0.0,0.0,0.0,40.0,2058.5,0.0,972.0,37.03,0.0,1.0,1.0,0.0,0.0,0.0,1.0,0.0,1.0,0.0,0.0,1.0,0.0,0.0,0.0,0.0,1.0,0.0,0
34.0,0.0,45.83,4195.0,1.0,0.0,0.0,0.0,20.4,0.0,2.0,0.0,0.0,0.0,0.0,0.0,1.0,0.0,0.0,4.0,0.0,0.0,0.0,0.0,9.0,184.1,0.0,412.47,0.0,0.0,0.0,1.0,0.0,0.0,0.0,1.0,0.0,0.0,1.0,0.0,0.0,0.0,0.0,1.0,0.0,1.0,0.0,0
55.0,24.0,16.29,5657.0,0.0,0.0,1.0,1.0,74.1,1.0,0.0,1.0,0.0,0.0,1.0,1.0,1.0,0.0,1.0,1.0,0.0,0.0,0.0,0.0,3.0,228.0,0.0,48.87,0.0,0.0,1.0,1.0,0.0,0.0,1.0,0.0,0.0,0.0,1.0,0.0,1.0,0.0,0.0,0.0,0.0,1.0,0.0,1
68.0,12.0,3.91,5448.0,0.0,0.0,1.0,0.0,99.65,1.0,0.0,0.0,1.0,1.0,1.0,0.0,1.0,1.0,0.0,4.0,1.0,0.0,0.0,1.0,71.0,7181.25,0.0,277.61,0.0,0.0,1.0,0.0,1.0,0.0,1.0,0.0,0.0,0.0,1.0,1.0,0.0,0.0,0.0,0.0,0.0,1.0,0.0,0
21.0,0.0,1.92,4047.0,0.0,0.0,0.0,1.0,20.6,0.0,0.0,7.0,0.0,0.0,0.0,1.0,1.0,0.0,1.0,3.0,0.0,0.0,0.0,0.0,11.0,233.9,0.0,21.12,0.0,1.0,0.0,0.0,1.0,0.0,1.0,0.0,0.0,0.0,1.0,0.0,1.0,0.0,0.0,0.0,0.0,1.0,0.0,0
42.0,0.0,3.01,3556.0,1.0,0.0,0.0,1.0,20.15,0.0,3.0,1.0,0.0,0.0,0.0,1.0,1.0,0.0,1.0,5.0,0.0,0.0,0.0,0.0,40.0,777.35,0.0,120.4,0.0,0.0,0.0,0.0,0.0,1.0,1.0,0.0,0.0,0.0,1.0,0.0,1.0,0.0,0.0,0.0,1.0,0.0,0.0,0
21.0,52.0,1.51,4899.0,0.0,1.0,1.0,0.0,87.35,1.0,0.0,0.0,1.0,0.0,1.0,0.0,1.0,1.0,0.0,5.0,0.0,0.0,0.0,0.0,51.0,4473.0,0.0,77.01,0.0,1.0,0.0,1.0,0.0,0.0,0.0,1.0,0.0,0.0,1.0,0.0,1.0,0.0,0.0,0.0,1.0,0.0,0.0,0
30.0,0.0,28.1,4358.0,0.0,0.0,0.0,1.0,19.85,0.0,0.0,1.0,0.0,0.0,1.0,1.0,1.0,0.0,1.0,5.0,0.0,0.0,0.0,0.0,50.0,943.1,0.0,1405.0,0.0,0.0,0.0,0.0,1.0,0.0,1.0,0.0,0.0,0.0,1.0,0.0,1.0,0.0,0.0,0.0,1.0,0.0,0.0,0
43.0,17.0,48.82,5502.0,0.0,0.0,1.0,0.0,110.25,1.0,0.0,0.0,1.0,1.0,0.0,0.0,1.0,1.0,0.0,4.0,0.0,1.0,1.0,1.0,68.0,7279.35,30.0,3319.76,0.0,0.0,0.0,0.0,0.0,1.0,1.0,0.0,0.0,0.0,1.0,0.0,1.0,0.0,0.0,0.0,0.0,1.0,0.0,0
53.0,0.0,31.12,6213.0,0.0,0.0,0.0,0.0,19.85,0.0,0.0,0.0,0.0,0.0,0.0,0.0,1.0,0.0,0.0,4.0,0.0,0.0,0.0,0.0,60.0,1128.1,0.0,1867.2,0.0,0.0,0.0,0.0,0.0,1.0,1.0,0.0,0.0,0.0,1.0,0.0,1.0,0.0,0.0,0.0,1.0,0.0,0.0,0
51.0,13.0,27.3,5311.0,0.0,0.0,1.0,0.0,86.35,0.0,0.0,0.0,0.0,1.0,0.0,0.0,1.0,0.0,0.0,3.0,0.0,0.0,0.0,1.0,51.0,4267.15,0.0,1392.3,0.0,0.0,1.0,0.0,1.0,0.0,0.0,1.0,0.0,0.0,1.0,0.0,1.0,0.0,0.0,0.0,0.0,1.0,0.0,0
48.0,0.0,19.48,3535.0,0.0,0.0,0.0,1.0,19.0,0.0,0.0,1.0,0.0,0.0,0.0,1.0,1.0,0.0,1.0,1.0,0.0,0.0,0.0,0.0,12.0,233.55,0.0,233.76,0.0,0.0,0.0,1.0,0.0,0.0,1.0,0.0,0.0,0.0,1.0,0.0,0.0,0.0,1.0,0.0,0.0,1.0,0.0,1
26.0,0.0,32.32,4177.0,0.0,0.0,0.0,0.0,20.3,0.0,0.0,0.0,0.0,0.0,0.0,0.0,1.0,0.0,0.0,3.0,0.0,0.0,0.0,0.0,12.0,246.7,0.0,387.84,0.0,1.0,0.0,1.0,0.0,0.0,1.0,0.0,0.0,0.0,1.0,0.0,1.0,0.0,0.0,0.0,0.0,0.0,1.0,0
36.0,0.0,15.93,5887.0,0.0,0.0,0.0,0.0,24.4,1.0,0.0,0.0,0.0,0.0,1.0,0.0,1.0,0.0,0.0,5.0,0.0,0.0,0.0,0.0,64.0,1601.2,0.0,1019.52,0.0,0.0,0.0,0.0,1.0,0.0,1.0,0.0,0.0,0.0,1.0,0.0,1.0,0.0,0.0,0.0,1.0,0.0,0.0,0
70.0,9.0,33.22,2091.0,0.0,0.0,1.0,0.0,74.4,0.0,0.0,0.0,1.0,0.0,1.0,0.0,1.0,0.0,0.0,1.0,1.0,0.0,0.0,0.0,32.0,2276.95,0.0,1063.04,44.31,0.0,1.0,1.0,0.0,0.0,1.0,0.0,0.0,0.0,1.0,0.0,0.0,1.0,0.0,0.0,1.0,0.0,0.0,1
23.0,51.0,48.49,2422.0,0.0,0.0,1.0,1.0,44.55,0.0,0.0,6.0,0.0,0.0,1.0,1.0,1.0,0.0,1.0,4.0,0.0,0.0,0.0,0.0,33.0,1462.6,0.0,1600.17,0.0,1.0,1.0,1.0,0.0,0.0,0.0,1.0,0.0,1.0,0.0,0.0,0.0,1.0,0.0,0.0,0.0,1.0,0.0,0
25.0,41.0,38.33,4588.0,0.0,1.0,1.0,0.0,106.05,0.0,0.0,0.0,1.0,1.0,1.0,0.0,1.0,0.0,0.0,3.0,0.0,1.0,1.0,1.0,44.0,4510.8,0.0,1686.52,0.0,1.0,1.0,0.0,1.0,0.0,0.0,1.0,0.0,0.0,1.0,0.0,1.0,0.0,0.0,0.0,1.0,0.0,0.0,0
29.0,69.0,12.69,3194.0,0.0,0.0,1.0,0.0,91.15,1.0,0.0,0.0,0.0,1.0,1.0,0.0,1.0,0.0,0.0,3.0,0.0,0.0,0.0,1.0,37.0,3369.25,50.0,469.53,17.5,1.0,0.0,1.0,0.0,0.0,0.0,1.0,0.0,0.0,1.0,0.0,0.0,1.0,0.0,0.0,1.0,0.0,0.0,0
77.0,8.0,37.09,4499.0,0.0,1.0,1.0,1.0,100.55,0.0,0.0,10.0,1.0,0.0,1.0,1.0,1.0,0.0,1.0,4.0,1.0,1.0,1.0,1.0,43.0,4304.0,0.0,1594.87,0.0,0.0,1.0,0.0,1.0,0.0,0.0,1.0,0.0,0.0,1.0,0.0,1.0,0.0,0.0,0.0,1.0,0.0,0.0,0
31.0,4.0,0.0,5493.0,0.0,1.0,1.0,1.0,50.05,0.0,0.0,7.0,1.0,1.0,0.0,1.0,0.0,0.0,1.0,3.0,0.0,1.0,1.0,0.0,60.0,2911.5,0.0,0.0,0.0,0.0,1.0,0.0,1.0,0.0,1.0,0.0,1.0,0.0,0.0,0.0,1.0,0.0,0.0,0.0,1.0,0.0,0.0,0
79.0,15.0,0.0,3561.0,0.0,0.0,1.0,0.0,45.7,0.0,0.0,0.0,0.0,0.0,0.0,0.0,0.0,0.0,0.0,3.0,1.0,1.0,0.0,1.0,5.0,198.0,0.0,0.0,0.0,0.0,1.0,1.0,0.0,0.0,1.0,0.0,0.0,1.0,0.0,0.0,1.0,0.0,0.0,0.0,1.0,0.0,0.0,1
56.0,0.0,34.84,6201.0,1.0,0.0,0.0,1.0,24.2,1.0,1.0,7.0,0.0,0.0,1.0,1.0,1.0,0.0,1.0,3.0,0.0,0.0,0.0,0.0,61.0,1445.2,0.0,2125.24,0.0,0.0,0.0,0.0,0.0,1.0,1.0,0.0,0.0,0.0,1.0,0.0,1.0,0.0,0.0,0.0,0.0,1.0,0.0,0
31.0,21.0,1.49,5974.0,0.0,0.0,1.0,0.0,80.35,1.0,0.0,0.0,1.0,0.0,1.0,0.0,1.0,0.0,0.0,1.0,0.0,0.0,0.0,0.0,32.0,2596.15,0.0,47.68,0.0,0.0,1.0,1.0,0.0,0.0,0.0,1.0,0.0,0.0,1.0,0.0,0.0,1.0,0.0,0.0,1.0,0.0,0.0,1
75.0,8.0,33.49,6405.0,0.0,0.0,1.0,1.0,101.5,1.0,0.0,0.0,1.0,0.0,1.0,1.0,1.0,0.0,0.0,2.0,1.0,1.0,1.0,1.0,54.0,5373.1,0.0,1808.46,0.0,0.0,1.0,0.0,1.0,0.0,1.0,0.0,0.0,0.0,1.0,0.0,1.0,0.0,0.0,0.0,0.0,1.0,0.0,1
53.0,12.0,29.66,5335.0,0.0,0.0,1.0,0.0,95.65,1.0,0.0,0.0,0.0,0.0,0.0,0.0,1.0,0.0,0.0,3.0,0.0,1.0,1.0,1.0,8.0,778.1,0.0,237.28,0.0,0.0,1.0,1.0,0.0,0.0,1.0,0.0,0.0,0.0,1.0,0.0,1.0,0.0,0.0,0.0,1.0,0.0,0.0,1
41.0,6.0,0.0,3605.0,0.0,0.0,1.0,0.0,31.35,0.0,0.0,0.0,1.0,0.0,1.0,0.0,0.0,0.0,0.0,2.0,0.0,0.0,0.0,0.0,1.0,31.35,80.0,0.0,0.0,0.0,0.0,1.0,0.0,0.0,0.0,1.0,0.0,1.0,0.0,0.0,0.0,0.0,0.0,1.0,0.0,0.0,1.0,1
42.0,76.0,0.0,4132.0,1.0,1.0,1.0,1.0,56.15,0.0,3.0,4.0,0.0,0.0,1.0,1.0,0.0,1.0,1.0,5.0,0.0,1.0,1.0,1.0,51.0,2898.95,0.0,0.0,0.0,0.0,1.0,0.0,1.0,0.0,1.0,0.0,0.0,1.0,0.0,0.0,1.0,0.0,0.0,0.0,1.0,0.0,0.0,0
43.0,21.0,9.77,5772.0,1.0,0.0,1.0,1.0,80.45,1.0,3.0,8.0,1.0,0.0,0.0,1.0,1.0,1.0,1.0,3.0,0.0,1.0,1.0,1.0,14.0,1137.05,0.0,136.78,0.0,0.0,1.0,1.0,0.0,0.0,1.0,0.0,0.0,1.0,0.0,0.0,0.0,0.0,1.0,0.0,0.0,1.0,0.0,0
39.0,23.0,35.03,5649.0,0.0,1.0,1.0,1.0,111.25,1.0,0.0,1.0,0.0,1.0,1.0,1.0,1.0,1.0,1.0,3.0,0.0,1.0,1.0,1.0,67.0,7511.65,0.0,2347.01,0.0,0.0,1.0,0.0,1.0,0.0,1.0,0.0,0.0,0.0,1.0,0.0,1.0,0.0,0.0,0.0,1.0,0.0,0.0,0
45.0,25.0,22.52,5154.0,0.0,0.0,1.0,0.0,106.65,1.0,0.0,0.0,1.0,0.0,1.0,0.0,1.0,1.0,0.0,5.0,0.0,1.0,1.0,1.0,49.0,5168.1,130.0,1103.48,0.0,0.0,0.0,0.0,1.0,0.0,0.0,1.0,0.0,0.0,1.0,0.0,1.0,0.0,0.0,0.0,1.0,0.0,0.0,0
73.0,27.0,22.5,3208.0,0.0,0.0,1.0,0.0,69.95,0.0,0.0,0.0,0.0,0.0,1.0,0.0,1.0,0.0,0.0,2.0,1.0,0.0,0.0,0.0,1.0,69.95,10.0,22.5,0.0,0.0,0.0,1.0,0.0,0.0,1.0,0.0,0.0,0.0,1.0,0.0,0.0,0.0,0.0,1.0,1.0,0.0,0.0,1
57.0,23.0,49.0,5527.0,0.0,1.0,1.0,0.0,95.7,0.0,0.0,0.0,0.0,0.0,0.0,0.0,1.0,0.0,0.0,5.0,0.0,1.0,1.0,1.0,12.0,1184.0,0.0,588.0,0.0,0.0,1.0,0.0,1.0,0.0,0.0,1.0,0.0,0.0,1.0,0.0,0.0,0.0,1.0,0.0,1.0,0.0,0.0,0
23.0,51.0,0.0,5482.0,0.0,0.0,1.0,1.0,44.6,0.0,0.0,1.0,0.0,0.0,0.0,1.0,0.0,0.0,1.0,3.0,0.0,1.0,1.0,1.0,2.0,97.1,0.0,0.0,0.0,1.0,1.0,1.0,0.0,0.0,1.0,0.0,1.0,0.0,0.0,0.0,1.0,0.0,0.0,0.0,1.0,0.0,0.0,1
42.0,8.0,32.16,5387.0,0.0,1.0,1.0,0.0,54.55,0.0,0.0,0.0,0.0,1.0,0.0,0.0,1.0,0.0,0.0,3.0,0.0,0.0,0.0,0.0,42.0,2455.05,0.0,1350.72,0.0,0.0,1.0,1.0,0.0,0.0,1.0,0.0,0.0,1.0,0.0,0.0,1.0,0.0,0.0,0.0,0.0,1.0,0.0,0
62.0,75.0,17.29,5434.0,1.0,1.0,1.0,1.0,100.0,1.0,3.0,9.0,0.0,0.0,0.0,1.0,1.0,0.0,1.0,3.0,0.0,1.0,1.0,1.0,39.0,3835.55,0.0,674.31,0.0,0.0,1.0,0.0,1.0,0.0,0.0,1.0,0.0,0.0,1.0,0.0,0.0,1.0,0.0,0.0,1.0,0.0,0.0,0
76.0,22.0,19.18,2508.0,0.0,0.0,1.0,0.0,86.6,1.0,0.0,0.0,0.0,0.0,1.0,0.0,1.0,0.0,0.0,3.0,1.0,0.0,0.0,1.0,16.0,1281.0,0.0,306.88,0.0,0.0,1.0,1.0,0.0,0.0,0.0,1.0,0.0,0.0,1.0,0.0,1.0,0.0,0.0,0.0,1.0,0.0,0.0,1
63.0,24.0,7.01,5255.0,0.0,0.0,1.0,1.0,94.1,1.0,0.0,1.0,1.0,0.0,1.0,1.0,1.0,1.0,1.0,3.0,0.0,0.0,0.0,1.0,30.0,2804.45,0.0,210.3,0.0,0.0,1.0,1.0,0.0,0.0,1.0,0.0,0.0,0.0,1.0,0.0,1.0,0.0,0.0,0.0,0.0,1.0,0.0,1
64.0,24.0,41.34,4628.0,0.0,1.0,1.0,1.0,81.4,1.0,0.0,6.0,1.0,1.0,1.0,1.0,1.0,1.0,1.0,4.0,0.0,1.0,1.0,0.0,52.0,4354.45,0.0,2149.68,0.0,0.0,1.0,0.0,1.0,0.0,0.0,1.0,1.0,0.0,0.0,0.0,1.0,0.0,0.0,0.0,0.0,1.0,0.0,0
22.0,52.0,34.4,3913.0,1.0,1.0,1.0,0.0,48.95,0.0,2.0,0.0,0.0,0.0,0.0,0.0,1.0,0.0,0.0,1.0,0.0,0.0,1.0,0.0,1.0,48.95,0.0,34.4,0.0,1.0,1.0,1.0,0.0,0.0,0.0,1.0,1.0,0.0,0.0,0.0,1.0,0.0,0.0,0.0,1.0,0.0,0.0,1
52.0,27.0,30.54,4059.0,0.0,0.0,1.0,0.0,70.55,0.0,0.0,0.0,0.0,0.0,0.0,0.0,1.0,0.0,0.0,3.0,0.0,0.0,0.0,0.0,6.0,433.95,0.0,183.24,0.0,0.0,1.0,1.0,0.0,0.0,1.0,0.0,0.0,0.0,1.0,0.0,0.0,0.0,0.0,1.0,0.0,1.0,0.0,0
49.0,29.0,22.67,4858.0,1.0,1.0,1.0,1.0,68.95,1.0,1.0,9.0,0.0,1.0,0.0,1.0,1.0,0.0,1.0,3.0,0.0,0.0,0.0,1.0,70.0,4858.7,0.0,1586.9,0.0,0.0,1.0,0.0,0.0,1.0,0.0,1.0,0.0,1.0,0.0,1.0,0.0,0.0,0.0,0.0,0.0,1.0,0.0,0
78.0,12.0,19.76,5337.0,1.0,1.0,1.0,1.0,98.5,0.0,1.0,1.0,1.0,0.0,1.0,1.0,1.0,0.0,1.0,2.0,1.0,1.0,0.0,1.0,25.0,2514.5,0.0,494.0,13.43,0.0,1.0,1.0,0.0,0.0,1.0,0.0,0.0,0.0,1.0,0.0,0.0,1.0,0.0,0.0,1.0,0.0,0.0,1
53.0,0.0,16.72,4451.0,0.0,0.0,0.0,0.0,19.35,0.0,0.0,0.0,0.0,0.0,1.0,0.0,1.0,0.0,0.0,5.0,0.0,0.0,0.0,0.0,12.0,219.35,0.0,200.64,0.0,0.0,0.0,0.0,1.0,0.0,1.0,0.0,0.0,0.0,1.0,0.0,0.0,0.0,1.0,0.0,1.0,0.0,0.0,0
79.0,11.0,4.59,2834.0,0.0,0.0,1.0,0.0,91.4,0.0,0.0,0.0,0.0,0.0,1.0,0.0,1.0,0.0,0.0,1.0,1.0,1.0,0.0,1.0,5.0,449.75,0.0,22.95,0.0,0.0,1.0,1.0,0.0,0.0,0.0,1.0,0.0,0.0,1.0,0.0,1.0,0.0,0.0,0.0,1.0,0.0,0.0,1
71.0,11.0,4.89,5795.0,0.0,0.0,1.0,1.0,95.1,1.0,0.0,1.0,0.0,0.0,1.0,1.0,1.0,0.0,1.0,1.0,1.0,1.0,0.0,1.0,1.0,95.1,0.0,4.89,0.0,0.0,1.0,1.0,0.0,0.0,0.0,1.0,0.0,0.0,1.0,0.0,1.0,0.0,0.0,0.0,1.0,0.0,0.0,1
22.0,0.0,49.83,3149.0,1.0,0.0,0.0,1.0,20.25,0.0,3.0,0.0,0.0,0.0,1.0,1.0,1.0,0.0,0.0,5.0,0.0,0.0,0.0,0.0,7.0,174.7,0.0,348.81,0.0,1.0,0.0,1.0,0.0,0.0,0.0,1.0,0.0,0.0,1.0,0.0,0.0,0.0,0.0,1.0,1.0,0.0,0.0,0
77.0,6.0,0.0,6306.0,0.0,1.0,1.0,1.0,64.05,0.0,0.0,3.0,0.0,1.0,1.0,1.0,0.0,1.0,1.0,3.0,1.0,1.0,0.0,1.0,59.0,3886.85,0.0,0.0,0.0,0.0,1.0,0.0,0.0,1.0,0.0,1.0,1.0,0.0,0.0,0.0,1.0,0.0,0.0,0.0,0.0,1.0,0.0,0
47.0,19.0,0.0,4556.0,1.0,1.0,1.0,1.0,56.4,0.0,2.0,10.0,1.0,1.0,1.0,1.0,0.0,1.0,1.0,3.0,0.0,1.0,1.0,0.0,68.0,3948.45,0.0,0.0,0.0,0.0,1.0,0.0,0.0,1.0,0.0,1.0,0.0,1.0,0.0,1.0,0.0,0.0,0.0,0.0,0.0,1.0,0.0,0
66.0,16.0,2.07,5381.0,0.0,0.0,1.0,1.0,75.55,1.0,0.0,1.0,0.0,0.0,1.0,1.0,1.0,0.0,1.0,5.0,1.0,0.0,0.0,0.0,34.0,2425.4,0.0,70.38,0.0,0.0,1.0,1.0,0.0,0.0,0.0,1.0,0.0,0.0,1.0,0.0,1.0,0.0,0.0,0.0,1.0,0.0,0.0,0
62.0,0.0,17.61,2051.0,0.0,0.0,0.0,0.0,19.95,0.0,0.0,0.0,0.0,0.0,0.0,0.0,1.0,0.0,0.0,2.0,0.0,0.0,0.0,0.0,1.0,19.95,0.0,17.61,0.0,0.0,0.0,1.0,0.0,0.0,0.0,1.0,0.0,0.0,1.0,0.0,1.0,0.0,0.0,0.0,1.0,0.0,0.0,1
54.0,22.0,2.83,3819.0,0.0,1.0,1.0,0.0,93.4,1.0,0.0,0.0,1.0,0.0,1.0,0.0,1.0,0.0,0.0,3.0,0.0,0.0,0.0,1.0,40.0,3756.4,0.0,113.2,4.18,0.0,1.0,1.0,0.0,0.0,1.0,0.0,0.0,0.0,1.0,0.0,1.0,0.0,0.0,0.0,1.0,0.0,0.0,0
75.0,29.0,40.45,5906.0,0.0,1.0,1.0,0.0,100.6,1.0,0.0,0.0,0.0,0.0,1.0,0.0,1.0,0.0,0.0,1.0,1.0,1.0,0.0,1.0,8.0,819.4,0.0,323.6,0.0,0.0,1.0,1.0,0.0,0.0,0.0,1.0,0.0,0.0,1.0,0.0,0.0,0.0,0.0,1.0,1.0,0.0,0.0,1
53.0,23.0,1.15,2475.0,0.0,0.0,1.0,0.0,70.1,0.0,0.0,0.0,0.0,0.0,0.0,0.0,1.0,0.0,0.0,4.0,0.0,0.0,0.0,0.0,1.0,70.1,0.0,1.15,0.0,0.0,1.0,1.0,0.0,0.0,1.0,0.0,0.0,0.0,1.0,0.0,1.0,0.0,0.0,0.0,1.0,0.0,0.0,0
76.0,22.0,12.46,5948.0,0.0,0.0,1.0,1.0,69.55,0.0,0.0,1.0,0.0,0.0,1.0,1.0,1.0,0.0,1.0,2.0,1.0,0.0,0.0,0.0,1.0,69.55,0.0,12.46,0.0,0.0,1.0,1.0,0.0,0.0,1.0,0.0,0.0,0.0,1.0,0.0,1.0,0.0,0.0,0.0,1.0,0.0,0.0,1
24.0,82.0,38.38,2075.0,0.0,1.0,1.0,0.0,61.2,0.0,0.0,0.0,1.0,1.0,0.0,0.0,1.0,0.0,0.0,3.0,0.0,0.0,0.0,0.0,35.0,2021.2,0.0,1343.3,0.0,1.0,1.0,0.0,1.0,0.0,0.0,1.0,0.0,1.0,0.0,0.0,1.0,0.0,0.0,0.0,0.0,0.0,1.0,0
77.0,23.0,14.12,5232.0,0.0,0.0,1.0,0.0,110.1,1.0,0.0,0.0,1.0,1.0,1.0,0.0,1.0,1.0,0.0,4.0,1.0,1.0,0.0,1.0,72.0,7746.7,0.0,1016.64,44.81,0.0,1.0,0.0,0.0,1.0,1.0,0.0,0.0,0.0,1.0,1.0,0.0,0.0,0.0,0.0,1.0,0.0,0.0,0
44.0,53.0,0.0,4741.0,1.0,0.0,1.0,1.0,29.3,0.0,3.0,5.0,1.0,0.0,0.0,1.0,0.0,0.0,1.0,3.0,0.0,0.0,0.0,0.0,43.0,1224.05,0.0,0.0,0.0,0.0,1.0,1.0,0.0,0.0,0.0,1.0,1.0,0.0,0.0,0.0,1.0,0.0,0.0,0.0,0.0,1.0,0.0,0
76.0,22.0,43.51,3966.0,0.0,1.0,1.0,1.0,104.9,1.0,0.0,1.0,0.0,0.0,1.0,1.0,1.0,1.0,1.0,1.0,1.0,1.0,0.0,1.0,32.0,3351.55,0.0,1392.32,33.73,0.0,1.0,1.0,0.0,0.0,0.0,1.0,0.0,0.0,1.0,0.0,0.0,1.0,0.0,0.0,1.0,0.0,0.0,1
23.0,30.0,21.68,4280.0,0.0,1.0,1.0,1.0,114.3,1.0,0.0,10.0,1.0,1.0,0.0,1.0,1.0,1.0,1.0,4.0,0.0,1.0,1.0,1.0,70.0,8244.3,0.0,1517.6,0.0,1.0,1.0,0.0,0.0,1.0,0.0,1.0,0.0,0.0,1.0,1.0,0.0,0.0,0.0,0.0,0.0,1.0,0.0,0
46.0,2.0,16.14,3280.0,0.0,1.0,1.0,0.0,79.85,0.0,0.0,0.0,0.0,0.0,1.0,0.0,1.0,1.0,0.0,2.0,0.0,0.0,0.0,0.0,2.0,152.45,0.0,32.28,0.0,0.0,1.0,1.0,0.0,0.0,0.0,1.0,0.0,0.0,1.0,0.0,0.0,0.0,0.0,1.0,1.0,0.0,0.0,1
23.0,0.0,18.15,2798.0,0.0,0.0,0.0,0.0,20.05,0.0,0.0,0.0,0.0,0.0,0.0,0.0,1.0,0.0,0.0,5.0,0.0,0.0,0.0,0.0,1.0,20.05,0.0,18.15,0.0,1.0,0.0,1.0,0.0,0.0,0.0,1.0,0.0,0.0,1.0,0.0,1.0,0.0,0.0,0.0,0.0,1.0,0.0,0
44.0,11.0,13.76,5365.0,1.0,1.0,1.0,0.0,70.2,0.0,1.0,0.0,1.0,1.0,0.0,0.0,1.0,0.0,0.0,4.0,0.0,0.0,0.0,1.0,41.0,2894.55,0.0,564.16,0.0,0.0,1.0,0.0,1.0,0.0,0.0,1.0,1.0,0.0,0.0,0.0,1.0,0.0,0.0,0.0,0.0,1.0,0.0,0
35.0,27.0,19.18,4748.0,0.0,1.0,1.0,1.0,79.9,0.0,0.0,0.0,1.0,0.0,1.0,1.0,1.0,0.0,0.0,2.0,0.0,0.0,0.0,0.0,9.0,741.7,0.0,172.62,0.0,0.0,1.0,1.0,0.0,0.0,0.0,1.0,0.0,0.0,1.0,0.0,0.0,0.0,0.0,1.0,1.0,0.0,0.0,1
25.0,85.0,18.36,3096.0,1.0,1.0,1.0,1.0,89.85,0.0,3.0,5.0,1.0,0.0,1.0,1.0,1.0,0.0,1.0,5.0,0.0,0.0,0.0,1.0,34.0,3091.75,0.0,624.24,14.93,1.0,1.0,1.0,0.0,0.0,0.0,1.0,0.0,0.0,1.0,0.0,1.0,0.0,0.0,0.0,1.0,0.0,0.0,0
23.0,59.0,42.31,4436.0,1.0,1.0,1.0,1.0,68.05,0.0,2.0,2.0,1.0,1.0,1.0,1.0,1.0,1.0,1.0,4.0,0.0,0.0,0.0,0.0,61.0,4158.25,0.0,2580.91,0.0,1.0,1.0,0.0,0.0,1.0,0.0,1.0,0.0,1.0,0.0,0.0,1.0,0.0,0.0,0.0,1.0,0.0,0.0,0
41.0,23.0,12.36,3330.0,0.0,0.0,1.0,0.0,84.45,1.0,0.0,0.0,0.0,0.0,1.0,0.0,1.0,0.0,0.0,2.0,0.0,0.0,0.0,1.0,12.0,1059.55,0.0,148.32,0.0,0.0,1.0,1.0,0.0,0.0,0.0,1.0,0.0,0.0,1.0,0.0,1.0,0.0,0.0,0.0,1.0,0.0,0.0,1
34.0,23.0,47.72,6034.0,0.0,1.0,1.0,1.0,98.85,1.0,0.0,1.0,0.0,0.0,1.0,1.0,1.0,0.0,1.0,5.0,0.0,1.0,1.0,1.0,51.0,4947.55,130.0,2433.72,0.0,0.0,0.0,0.0,1.0,0.0,1.0,0.0,0.0,0.0,1.0,0.0,1.0,0.0,0.0,0.0,1.0,0.0,0.0,0
68.0,27.0,3.96,2202.0,0.0,0.0,1.0,0.0,89.7,0.0,0.0,0.0,0.0,0.0,0.0,0.0,1.0,0.0,0.0,2.0,1.0,1.0,0.0,1.0,11.0,1047.7,0.0,43.56,0.0,0.0,1.0,1.0,0.0,0.0,1.0,0.0,0.0,0.0,1.0,0.0,1.0,0.0,0.0,0.0,1.0,0.0,0.0,1
19.0,51.0,45.72,3843.0,0.0,1.0,1.0,0.0,66.4,0.0,0.0,0.0,1.0,0.0,1.0,0.0,1.0,0.0,0.0,5.0,0.0,0.0,1.0,1.0,33.0,2245.4,0.0,1508.76,0.0,1.0,0.0,1.0,0.0,0.0,0.0,1.0,1.0,0.0,0.0,0.0,1.0,0.0,0.0,0.0,0.0,1.0,0.0,0
32.0,58.0,0.0,2715.0,1.0,0.0,1.0,0.0,39.95,0.0,3.0,0.0,1.0,0.0,1.0,0.0,0.0,0.0,0.0,4.0,0.0,0.0,0.0,1.0,26.0,1023.75,0.0,0.0,0.0,0.0,1.0,0.0,1.0,0.0,0.0,1.0,1.0,0.0,0.0,0.0,1.0,0.0,0.0,0.0,1.0,0.0,0.0,0
49.0,2.0,16.28,5963.0,0.0,1.0,1.0,0.0,104.05,1.0,0.0,0.0,0.0,0.0,1.0,0.0,1.0,1.0,0.0,1.0,0.0,1.0,1.0,1.0,23.0,2470.1,0.0,374.44,0.0,0.0,1.0,1.0,0.0,0.0,0.0,1.0,0.0,0.0,1.0,0.0,0.0,0.0,1.0,0.0,0.0,1.0,0.0,1
20.0,59.0,13.8,5415.0,0.0,0.0,1.0,0.0,87.75,1.0,0.0,0.0,0.0,1.0,1.0,0.0,1.0,0.0,0.0,3.0,0.0,0.0,0.0,1.0,15.0,1242.2,0.0,207.0,0.0,1.0,1.0,1.0,0.0,0.0,0.0,1.0,0.0,0.0,1.0,0.0,1.0,0.0,0.0,0.0,1.0,0.0,0.0,0
66.0,27.0,27.35,3305.0,0.0,1.0,1.0,0.0,84.85,0.0,0.0,0.0,0.0,0.0,1.0,0.0,1.0,0.0,0.0,1.0,1.0,0.0,0.0,1.0,5.0,415.55,20.0,136.75,0.0,0.0,0.0,1.0,0.0,0.0,1.0,0.0,0.0,0.0,1.0,0.0,1.0,0.0,0.0,0.0,0.0,1.0,0.0,1
67.0,13.0,38.48,4011.0,0.0,1.0,1.0,1.0,99.05,1.0,0.0,0.0,0.0,0.0,1.0,1.0,1.0,0.0,0.0,5.0,1.0,1.0,0.0,1.0,54.0,5295.7,40.0,2077.92,0.0,0.0,0.0,1.0,0.0,0.0,0.0,1.0,0.0,0.0,1.0,0.0,1.0,0.0,0.0,0.0,0.0,1.0,0.0,0
54.0,12.0,26.81,4535.0,0.0,0.0,1.0,0.0,79.85,0.0,0.0,0.0,1.0,1.0,1.0,0.0,1.0,0.0,0.0,2.0,0.0,0.0,0.0,0.0,25.0,2015.35,0.0,670.25,0.0,0.0,1.0,1.0,0.0,0.0,1.0,0.0,0.0,0.0,1.0,0.0,0.0,1.0,0.0,0.0,1.0,0.0,0.0,1
27.0,48.0,5.77,5192.0,0.0,1.0,1.0,1.0,108.15,1.0,0.0,4.0,1.0,1.0,1.0,1.0,1.0,0.0,1.0,4.0,0.0,1.0,1.0,1.0,70.0,7930.55,0.0,403.9,0.0,1.0,1.0,0.0,1.0,0.0,1.0,0.0,0.0,0.0,1.0,1.0,0.0,0.0,0.0,0.0,0.0,1.0,0.0,0
73.0,3.0,42.1,5247.0,0.0,1.0,1.0,1.0,100.6,1.0,0.0,1.0,0.0,0.0,0.0,1.0,1.0,0.0,1.0,1.0,1.0,1.0,0.0,1.0,57.0,5746.15,0.0,2399.7,0.0,0.0,1.0,1.0,0.0,0.0,0.0,1.0,0.0,0.0,1.0,0.0,1.0,0.0,0.0,0.0,1.0,0.0,0.0,1
29.0,0.0,7.32,4801.0,0.0,0.0,0.0,0.0,20.55,0.0,0.0,0.0,0.0,0.0,0.0,0.0,1.0,0.0,0.0,4.0,0.0,0.0,0.0,0.0,1.0,20.55,0.0,7.32,0.0,1.0,0.0,1.0,0.0,0.0,0.0,1.0,0.0,0.0,1.0,0.0,0.0,0.0,0.0,1.0,0.0,1.0,0.0,0
25.0,59.0,21.96,5551.0,0.0,1.0,1.0,1.0,105.5,1.0,0.0,0.0,0.0,1.0,1.0,1.0,1.0,0.0,0.0,3.0,0.0,1.0,1.0,1.0,72.0,7544.0,0.0,1581.12,0.0,1.0,1.0,0.0,0.0,1.0,1.0,0.0,0.0,0.0,1.0,0.0,1.0,0.0,0.0,0.0,1.0,0.0,0.0,0
28.0,73.0,32.76,3916.0,0.0,1.0,1.0,0.0,98.7,0.0,0.0,0.0,0.0,0.0,1.0,0.0,1.0,1.0,0.0,3.0,0.0,1.0,1.0,1.0,3.0,293.65,0.0,98.28,0.0,1.0,1.0,1.0,0.0,0.0,0.0,1.0,0.0,0.0,1.0,0.0,0.0,0.0,0.0,1.0,1.0,0.0,0.0,1
22.0,0.0,2.44,4529.0,1.0,0.0,0.0,1.0,20.1,0.0,1.0,10.0,0.0,0.0,0.0,1.0,1.0,0.0,1.0,4.0,0.0,0.0,0.0,0.0,52.0,1078.75,0.0,126.88,17.05,1.0,0.0,0.0,0.0,1.0,1.0,0.0,0.0,0.0,1.0,0.0,1.0,0.0,0.0,0.0,1.0,0.0,0.0,0
32.0,17.0,15.1,5386.0,0.0,1.0,1.0,0.0,89.45,1.0,0.0,0.0,0.0,0.0,1.0,0.0,1.0,0.0,0.0,3.0,0.0,1.0,1.0,0.0,52.0,4577.75,0.0,785.2,18.89,0.0,1.0,0.0,0.0,1.0,0.0,1.0,0.0,0.0,1.0,0.0,1.0,0.0,0.0,0.0,0.0,1.0,0.0,0
68.0,30.0,23.82,3553.0,0.0,0.0,1.0,0.0,75.05,1.0,0.0,0.0,0.0,0.0,1.0,0.0,1.0,0.0,0.0,1.0,1.0,0.0,0.0,0.0,3.0,256.25,0.0,71.46,0.0,0.0,1.0,1.0,0.0,0.0,1.0,0.0,0.0,0.0,1.0,0.0,1.0,0.0,0.0,0.0,0.0,1.0,0.0,1
44.0,10.0,16.93,4180.0,0.0,1.0,1.0,0.0,84.7,1.0,0.0,0.0,1.0,1.0,0.0,0.0,1.0,0.0,0.0,4.0,0.0,1.0,1.0,1.0,70.0,5991.05,0.0,1185.1,0.0,0.0,1.0,0.0,0.0,1.0,1.0,0.0,0.0,1.0,0.0,0.0,1.0,0.0,0.0,0.0,0.0,1.0,0.0,0
54.0,19.0,22.31,5322.0,1.0,1.0,1.0,1.0,95.95,1.0,2.0,1.0,1.0,0.0,1.0,1.0,1.0,0.0,1.0,5.0,0.0,1.0,1.0,0.0,45.0,4456.65,0.0,1003.95,0.0,0.0,1.0,1.0,0.0,0.0,0.0,1.0,0.0,0.0,1.0,0.0,1.0,0.0,0.0,0.0,1.0,0.0,0.0,0
52.0,0.0,47.82,4246.0,0.0,0.0,0.0,0.0,25.95,1.0,0.0,0.0,0.0,0.0,1.0,0.0,1.0,0.0,0.0,3.0,0.0,0.0,0.0,0.0,56.0,1444.05,0.0,2677.92,0.0,0.0,0.0,0.0,0.0,1.0,0.0,1.0,0.0,0.0,1.0,0.0,1.0,0.0,0.0,0.0,1.0,0.0,0.0,0
44.0,0.0,26.37,3830.0,0.0,0.0,0.0,0.0,20.3,0.0,0.0,0.0,0.0,0.0,1.0,0.0,1.0,0.0,0.0,3.0,0.0,0.0,0.0,0.0,1.0,20.3,0.0,26.37,0.0,0.0,0.0,1.0,0.0,0.0,1.0,0.0,0.0,0.0,1.0,0.0,0.0,0.0,0.0,1.0,0.0,0.0,1.0,1
48.0,25.0,37.79,2269.0,0.0,0.0,1.0,0.0,49.85,0.0,0.0,0.0,0.0,1.0,1.0,0.0,1.0,0.0,0.0,3.0,0.0,0.0,0.0,0.0,8.0,365.55,10.0,302.32,13.01,0.0,0.0,1.0,0.0,0.0,1.0,0.0,1.0,0.0,0.0,0.0,1.0,0.0,0.0,0.0,1.0,0.0,0.0,1
65.0,5.0,16.65,6441.0,0.0,1.0,1.0,1.0,103.15,1.0,0.0,1.0,1.0,0.0,1.0,1.0,1.0,0.0,1.0,3.0,1.0,1.0,1.0,1.0,65.0,6792.45,0.0,1082.25,0.0,0.0,1.0,0.0,1.0,0.0,0.0,1.0,0.0,0.0,1.0,0.0,1.0,0.0,0.0,0.0,1.0,0.0,0.0,0
27.0,0.0,39.53,2446.0,1.0,0.0,0.0,1.0,19.5,0.0,1.0,8.0,0.0,0.0,0.0,1.0,1.0,0.0,1.0,4.0,0.0,0.0,0.0,0.0,41.0,798.2,0.0,1620.73,0.0,1.0,0.0,0.0,1.0,0.0,0.0,1.0,0.0,0.0,1.0,0.0,1.0,0.0,0.0,0.0,1.0,0.0,0.0,0
71.0,25.0,36.71,5084.0,0.0,1.0,1.0,1.0,105.9,1.0,0.0,1.0,1.0,0.0,1.0,1.0,1.0,0.0,1.0,5.0,1.0,1.0,1.0,1.0,60.0,6401.25,110.0,2202.6,0.0,0.0,0.0,1.0,0.0,0.0,1.0,0.0,0.0,0.0,1.0,0.0,1.0,0.0,0.0,0.0,1.0,0.0,0.0,0
30.0,48.0,11.74,3413.0,1.0,1.0,1.0,1.0,90.5,1.0,3.0,10.0,1.0,1.0,1.0,1.0,1.0,1.0,1.0,3.0,0.0,1.0,1.0,1.0,47.0,4318.35,0.0,551.78,0.0,0.0,1.0,0.0,0.0,1.0,0.0,1.0,0.0,1.0,0.0,0.0,1.0,0.0,0.0,0.0,0.0,0.0,1.0,0
78.0,17.0,26.95,5859.0,0.0,0.0,1.0,0.0,76.25,1.0,0.0,0.0,0.0,0.0,1.0,0.0,1.0,0.0,0.0,3.0,1.0,0.0,0.0,0.0,37.0,2841.55,0.0,997.15,0.0,0.0,1.0,1.0,0.0,0.0,1.0,0.0,0.0,0.0,1.0,0.0,0.0,1.0,0.0,0.0,1.0,0.0,0.0,1
28.0,59.0,42.99,5494.0,1.0,0.0,1.0,1.0,74.6,0.0,1.0,5.0,1.0,0.0,0.0,1.0,1.0,0.0,1.0,5.0,0.0,0.0,0.0,0.0,1.0,74.6,0.0,42.99,0.0,1.0,1.0,1.0,0.0,0.0,0.0,1.0,0.0,0.0,1.0,0.0,1.0,0.0,0.0,0.0,0.0,1.0,0.0,0
65.0,3.0,44.13,2596.0,0.0,1.0,1.0,1.0,83.05,1.0,0.0,2.0,0.0,0.0,1.0,1.0,1.0,1.0,1.0,3.0,1.0,0.0,0.0,0.0,15.0,1258.3,110.0,661.95,0.0,0.0,0.0,1.0,0.0,0.0,1.0,0.0,0.0,0.0,1.0,0.0,1.0,0.0,0.0,0.0,1.0,0.0,0.0,1
48.0,0.0,19.28,5190.0,1.0,0.0,0.0,1.0,20.3,0.0,3.0,3.0,0.0,0.0,0.0,1.0,1.0,0.0,1.0,5.0,0.0,0.0,0.0,0.0,12.0,224.5,0.0,231.36,0.0,0.0,0.0,0.0,0.0,1.0,1.0,0.0,0.0,0.0,1.0,0.0,1.0,0.0,0.0,0.0,1.0,0.0,0.0,0
35.0,7.0,14.39,4934.0,0.0,1.0,1.0,0.0,86.55,1.0,0.0,0.0,1.0,0.0,0.0,0.0,1.0,1.0,0.0,4.0,0.0,1.0,1.0,1.0,64.0,5632.55,0.0,920.96,0.0,0.0,1.0,0.0,0.0,1.0,0.0,1.0,0.0,1.0,0.0,0.0,1.0,0.0,0.0,0.0,0.0,1.0,0.0,0
28.0,41.0,45.14,2455.0,0.0,0.0,1.0,0.0,85.3,1.0,0.0,0.0,1.0,0.0,0.0,0.0,1.0,1.0,0.0,2.0,0.0,0.0,1.0,0.0,35.0,2917.5,130.0,1579.9,23.89,1.0,0.0,1.0,0.0,0.0,1.0,0.0,0.0,0.0,1.0,0.0,0.0,1.0,0.0,0.0,0.0,1.0,0.0,1
32.0,0.0,1.42,4695.0,0.0,0.0,0.0,0.0,19.65,0.0,0.0,0.0,0.0,0.0,0.0,0.0,1.0,0.0,0.0,3.0,0.0,0.0,0.0,0.0,18.0,411.25,0.0,25.56,0.0,0.0,0.0,0.0,1.0,0.0,0.0,1.0,0.0,0.0,1.0,0.0,0.0,0.0,1.0,0.0,0.0,1.0,0.0,0
44.0,0.0,7.14,5293.0,1.0,0.0,0.0,1.0,19.7,0.0,2.0,10.0,0.0,0.0,0.0,1.0,1.0,0.0,1.0,3.0,0.0,0.0,0.0,0.0,16.0,301.55,0.0,114.24,0.0,0.0,0.0,0.0,0.0,1.0,1.0,0.0,0.0,0.0,1.0,0.0,0.0,0.0,1.0,0.0,0.0,1.0,0.0,0
33.0,5.0,28.83,5228.0,0.0,1.0,1.0,1.0,96.65,0.0,0.0,1.0,0.0,0.0,1.0,1.0,1.0,0.0,1.0,5.0,0.0,1.0,1.0,1.0,17.0,1588.25,0.0,490.11,0.0,0.0,1.0,0.0,1.0,0.0,0.0,1.0,0.0,0.0,1.0,0.0,0.0,0.0,1.0,0.0,1.0,0.0,0.0,0
29.0,0.0,9.43,2600.0,0.0,0.0,0.0,0.0,19.45,0.0,0.0,0.0,0.0,0.0,0.0,0.0,1.0,0.0,0.0,5.0,0.0,0.0,0.0,0.0,7.0,165.35,0.0,66.01,0.0,1.0,0.0,0.0,0.0,1.0,0.0,1.0,0.0,0.0,1.0,0.0,1.0,0.0,0.0,0.0,0.0,1.0,0.0,0
42.0,0.0,44.34,5863.0,0.0,0.0,0.0,0.0,19.35,0.0,0.0,0.0,0.0,0.0,0.0,0.0,1.0,0.0,0.0,3.0,0.0,0.0,0.0,0.0,2.0,46.35,0.0,88.68,0.0,0.0,0.0,1.0,0.0,0.0,0.0,1.0,0.0,0.0,1.0,0.0,1.0,0.0,0.0,0.0,0.0,1.0,0.0,0
35.0,10.0,11.12,5540.0,0.0,0.0,1.0,1.0,70.8,1.0,0.0,1.0,1.0,0.0,0.0,1.0,1.0,1.0,1.0,4.0,0.0,1.0,1.0,0.0,68.0,4859.95,0.0,756.16,0.0,0.0,1.0,0.0,0.0,1.0,0.0,1.0,1.0,0.0,0.0,0.0,1.0,0.0,0.0,0.0,0.0,1.0,0.0,0
37.0,24.0,46.18,5344.0,0.0,0.0,1.0,1.0,80.9,0.0,0.0,3.0,0.0,0.0,1.0,1.0,1.0,0.0,1.0,5.0,0.0,1.0,1.0,0.0,56.0,4557.5,0.0,2586.08,0.0,0.0,1.0,0.0,1.0,0.0,0.0,1.0,0.0,0.0,1.0,0.0,1.0,0.0,0.0,0.0,1.0,0.0,0.0,0
31.0,22.0,32.07,3596.0,0.0,1.0,1.0,1.0,102.1,1.0,0.0,1.0,1.0,0.0,1.0,1.0,1.0,0.0,1.0,3.0,0.0,1.0,1.0,1.0,10.0,1068.85,0.0,320.7,0.0,0.0,1.0,1.0,0.0,0.0,1.0,0.0,0.0,0.0,1.0,0.0,1.0,0.0,0.0,0.0,0.0,1.0,0.0,1
80.0,11.0,26.62,5900.0,0.0,0.0,1.0,0.0,44.95,0.0,0.0,0.0,0.0,0.0,0.0,0.0,1.0,0.0,0.0,2.0,1.0,0.0,0.0,0.0,2.0,85.15,0.0,53.24,0.0,0.0,1.0,1.0,0.0,0.0,0.0,1.0,0.0,1.0,0.0,0.0,0.0,0.0,0.0,1.0,0.0,1.0,0.0,1
30.0,53.0,0.0,2967.0,0.0,0.0,1.0,0.0,23.9,0.0,0.0,0.0,0.0,0.0,1.0,0.0,0.0,0.0,0.0,3.0,0.0,0.0,0.0,0.0,13.0,300.8,0.0,0.0,0.0,0.0,1.0,1.0,0.0,0.0,1.0,0.0,0.0,1.0,0.0,0.0,1.0,0.0,0.0,0.0,1.0,0.0,0.0,1
28.0,52.0,39.78,6367.0,0.0,1.0,1.0,1.0,80.4,0.0,0.0,4.0,1.0,0.0,1.0,1.0,1.0,1.0,1.0,5.0,0.0,1.0,1.0,1.0,70.0,5717.85,0.0,2784.6,0.0,1.0,1.0,0.0,0.0,1.0,1.0,0.0,0.0,1.0,0.0,0.0,1.0,0.0,0.0,0.0,1.0,0.0,0.0,0
29.0,59.0,44.7,4844.0,0.0,1.0,1.0,0.0,89.65,1.0,0.0,0.0,0.0,1.0,1.0,0.0,1.0,1.0,0.0,3.0,0.0,1.0,1.0,1.0,36.0,3348.1,0.0,1609.2,0.0,1.0,1.0,0.0,1.0,0.0,1.0,0.0,0.0,1.0,0.0,0.0,1.0,0.0,0.0,0.0,0.0,1.0,0.0,0
39.0,13.0,35.18,3972.0,0.0,0.0,1.0,1.0,74.75,1.0,0.0,1.0,0.0,0.0,1.0,1.0,1.0,0.0,1.0,1.0,0.0,0.0,0.0,0.0,3.0,229.5,0.0,105.54,0.0,0.0,1.0,1.0,0.0,0.0,1.0,0.0,0.0,0.0,1.0,0.0,0.0,0.0,0.0,1.0,0.0,1.0,0.0,1
23.0,26.0,0.0,4483.0,0.0,1.0,1.0,0.0,48.4,0.0,0.0,0.0,0.0,1.0,0.0,0.0,0.0,1.0,0.0,3.0,0.0,1.0,1.0,0.0,70.0,3442.8,0.0,0.0,0.0,1.0,1.0,0.0,0.0,1.0,0.0,1.0,0.0,1.0,0.0,0.0,1.0,0.0,0.0,0.0,1.0,0.0,0.0,0
74.0,11.0,0.0,5322.0,0.0,1.0,1.0,0.0,54.6,0.0,0.0,0.0,0.0,0.0,1.0,0.0,0.0,1.0,0.0,4.0,1.0,1.0,0.0,1.0,33.0,1803.7,0.0,0.0,0.0,0.0,1.0,0.0,1.0,0.0,0.0,1.0,1.0,0.0,0.0,0.0,0.0,1.0,0.0,0.0,1.0,0.0,0.0,0
79.0,26.0,0.0,5303.0,0.0,0.0,1.0,0.0,36.45,0.0,0.0,0.0,0.0,0.0,1.0,0.0,0.0,0.0,0.0,3.0,1.0,0.0,0.0,1.0,1.0,36.45,0.0,0.0,0.0,0.0,1.0,1.0,0.0,0.0,1.0,0.0,1.0,0.0,0.0,0.0,1.0,0.0,0.0,0.0,1.0,0.0,0.0,1
50.0,12.0,42.1,4596.0,0.0,0.0,1.0,1.0,70.15,1.0,0.0,1.0,0.0,0.0,1.0,1.0,1.0,0.0,1.0,3.0,0.0,1.0,1.0,1.0,54.0,3715.65,0.0,2273.4,0.0,0.0,1.0,0.0,1.0,0.0,1.0,0.0,0.0,1.0,0.0,0.0,1.0,0.0,0.0,0.0,0.0,1.0,0.0,1
74.0,13.0,8.75,5863.0,0.0,1.0,1.0,1.0,109.55,1.0,0.0,7.0,0.0,1.0,1.0,1.0,1.0,1.0,1.0,2.0,1.0,1.0,0.0,1.0,43.0,4830.25,0.0,376.25,0.0,0.0,1.0,0.0,1.0,0.0,1.0,0.0,0.0,0.0,1.0,0.0,1.0,0.0,0.0,0.0,0.0,1.0,0.0,1
72.0,16.0,48.9,5153.0,0.0,1.0,1.0,1.0,74.85,0.0,0.0,9.0,1.0,1.0,1.0,1.0,1.0,1.0,1.0,3.0,1.0,1.0,0.0,0.0,60.0,4456.35,0.0,2934.0,0.0,0.0,1.0,0.0,1.0,0.0,1.0,0.0,1.0,0.0,0.0,0.0,1.0,0.0,0.0,0.0,0.0,1.0,0.0,0
37.0,17.0,43.81,5880.0,0.0,0.0,1.0,1.0,80.6,1.0,0.0,5.0,0.0,1.0,1.0,1.0,1.0,1.0,1.0,3.0,0.0,1.0,1.0,1.0,70.0,5460.2,0.0,3066.7,0.0,0.0,1.0,0.0,0.0,1.0,1.0,0.0,0.0,1.0,0.0,0.0,1.0,0.0,0.0,0.0,1.0,0.0,0.0,0
29.0,59.0,12.32,4505.0,0.0,1.0,1.0,1.0,68.75,0.0,0.0,6.0,1.0,1.0,0.0,1.0,1.0,0.0,1.0,3.0,0.0,1.0,1.0,0.0,72.0,4888.2,0.0,887.04,0.0,1.0,1.0,0.0,0.0,1.0,1.0,0.0,0.0,1.0,0.0,1.0,0.0,0.0,0.0,0.0,0.0,1.0,0.0,0
43.0,0.0,47.31,3586.0,1.0,0.0,0.0,1.0,24.45,1.0,3.0,10.0,0.0,0.0,0.0,1.0,1.0,0.0,1.0,5.0,0.0,0.0,0.0,0.0,45.0,1088.25,0.0,2128.95,0.0,0.0,0.0,0.0,0.0,1.0,0.0,1.0,0.0,0.0,1.0,0.0,1.0,0.0,0.0,0.0,0.0,0.0,1.0,0
42.0,5.0,13.59,5136.0,0.0,1.0,1.0,1.0,92.3,1.0,0.0,5.0,1.0,1.0,0.0,1.0,1.0,1.0,1.0,4.0,0.0,1.0,1.0,1.0,72.0,6719.9,0.0,978.48,0.0,0.0,0.0,0.0,0.0,1.0,0.0,1.0,0.0,1.0,0.0,1.0,0.0,0.0,0.0,0.0,0.0,1.0,0.0,0
79.0,4.0,0.0,3606.0,0.0,0.0,1.0,0.0,29.35,0.0,0.0,0.0,1.0,0.0,1.0,0.0,0.0,0.0,0.0,3.0,1.0,0.0,0.0,0.0,12.0,381.2,0.0,0.0,38.98,0.0,1.0,0.0,0.0,1.0,0.0,1.0,0.0,1.0,0.0,0.0,1.0,0.0,0.0,0.0,0.0,1.0,0.0,0
67.0,4.0,33.21,4291.0,0.0,1.0,1.0,1.0,88.8,0.0,0.0,5.0,0.0,0.0,0.0,1.0,1.0,1.0,1.0,3.0,1.0,0.0,0.0,1.0,55.0,4805.3,0.0,1826.55,0.0,0.0,1.0,0.0,0.0,1.0,1.0,0.0,0.0,0.0,1.0,0.0,1.0,0.0,0.0,0.0,0.0,1.0,0.0,0
62.0,7.0,1.72,5197.0,0.0,1.0,1.0,1.0,93.25,1.0,0.0,2.0,1.0,1.0,1.0,1.0,1.0,1.0,1.0,3.0,0.0,1.0,1.0,1.0,72.0,6688.95,0.0,123.84,0.0,0.0,1.0,0.0,0.0,1.0,1.0,0.0,1.0,0.0,0.0,1.0,0.0,0.0,0.0,0.0,1.0,0.0,0.0,0
72.0,5.0,20.55,4116.0,0.0,0.0,1.0,0.0,73.0,0.0,0.0,0.0,1.0,0.0,1.0,0.0,1.0,0.0,0.0,1.0,1.0,0.0,0.0,0.0,1.0,73.0,0.0,20.55,0.0,0.0,1.0,1.0,0.0,0.0,1.0,0.0,0.0,0.0,1.0,0.0,1.0,0.0,0.0,0.0,1.0,0.0,0.0,1
69.0,5.0,11.63,5569.0,0.0,1.0,1.0,0.0,102.85,1.0,0.0,0.0,0.0,0.0,1.0,0.0,1.0,1.0,0.0,3.0,1.0,1.0,0.0,1.0,66.0,6976.75,60.0,767.58,0.0,0.0,0.0,0.0,1.0,0.0,1.0,0.0,0.0,0.0,1.0,1.0,0.0,0.0,0.0,0.0,0.0,1.0,0.0,0
22.0,0.0,4.13,3705.0,0.0,0.0,0.0,0.0,20.0,0.0,0.0,0.0,0.0,0.0,0.0,0.0,1.0,0.0,0.0,3.0,0.0,0.0,0.0,0.0,16.0,275.7,0.0,66.08,0.0,1.0,0.0,1.0,0.0,0.0,0.0,1.0,0.0,0.0,1.0,0.0,0.0,0.0,1.0,0.0,0.0,1.0,0.0,0
21.0,0.0,38.6,3402.0,1.0,0.0,0.0,1.0,20.0,0.0,3.0,4.0,0.0,0.0,0.0,1.0,1.0,0.0,1.0,3.0,0.0,0.0,0.0,0.0,20.0,417.65,0.0,772.0,9.73,1.0,0.0,1.0,0.0,0.0,1.0,0.0,0.0,0.0,1.0,0.0,1.0,0.0,0.0,0.0,1.0,0.0,0.0,0
19.0,82.0,27.24,2177.0,1.0,0.0,1.0,1.0,84.4,0.0,2.0,5.0,1.0,1.0,0.0,1.0,1.0,1.0,1.0,3.0,0.0,0.0,0.0,0.0,23.0,1936.85,0.0,626.52,0.0,1.0,1.0,1.0,0.0,0.0,1.0,0.0,0.0,0.0,1.0,0.0,1.0,0.0,0.0,0.0,0.0,0.0,1.0,0
62.0,11.0,39.72,4775.0,0.0,0.0,1.0,1.0,65.2,1.0,0.0,1.0,0.0,1.0,0.0,1.0,1.0,0.0,1.0,3.0,0.0,0.0,0.0,1.0,56.0,3512.15,0.0,2224.32,0.0,0.0,1.0,0.0,1.0,0.0,1.0,0.0,0.0,1.0,0.0,0.0,1.0,0.0,0.0,0.0,1.0,0.0,0.0,0
62.0,17.0,43.51,3716.0,0.0,0.0,1.0,0.0,85.4,0.0,0.0,0.0,0.0,0.0,1.0,0.0,1.0,1.0,0.0,2.0,0.0,1.0,1.0,0.0,5.0,425.9,0.0,217.55,0.0,0.0,1.0,1.0,0.0,0.0,1.0,0.0,0.0,0.0,1.0,0.0,0.0,0.0,0.0,1.0,0.0,1.0,0.0,1
58.0,0.0,11.74,4879.0,0.0,0.0,0.0,1.0,25.6,1.0,0.0,1.0,0.0,0.0,0.0,1.0,1.0,0.0,1.0,3.0,0.0,0.0,0.0,0.0,67.0,1784.9,0.0,786.58,0.0,0.0,0.0,0.0,0.0,1.0,0.0,1.0,0.0,0.0,1.0,1.0,0.0,0.0,0.0,0.0,0.0,1.0,0.0,0
40.0,20.0,12.54,5964.0,0.0,0.0,1.0,0.0,80.85,0.0,0.0,0.0,0.0,0.0,1.0,0.0,1.0,0.0,0.0,1.0,0.0,1.0,1.0,0.0,13.0,1008.7,0.0,163.02,0.0,0.0,1.0,1.0,0.0,0.0,0.0,1.0,0.0,0.0,1.0,0.0,1.0,0.0,0.0,0.0,1.0,0.0,0.0,1
78.0,20.0,25.15,5655.0,0.0,1.0,1.0,1.0,109.9,1.0,0.0,7.0,0.0,1.0,1.0,1.0,1.0,1.0,1.0,3.0,1.0,1.0,0.0,1.0,33.0,3694.7,0.0,829.95,0.0,0.0,1.0,0.0,1.0,0.0,0.0,1.0,0.0,0.0,1.0,0.0,1.0,0.0,0.0,0.0,1.0,0.0,0.0,0
41.0,20.0,15.58,5096.0,1.0,1.0,1.0,1.0,89.75,1.0,1.0,1.0,1.0,1.0,0.0,1.0,1.0,1.0,1.0,3.0,0.0,1.0,1.0,1.0,72.0,6595.9,0.0,1121.76,0.0,0.0,1.0,0.0,0.0,1.0,1.0,0.0,0.0,1.0,0.0,1.0,0.0,0.0,0.0,0.0,0.0,1.0,0.0,0
42.0,0.0,40.33,5320.0,1.0,0.0,0.0,1.0,24.8,1.0,3.0,1.0,0.0,0.0,0.0,1.0,1.0,0.0,1.0,5.0,0.0,0.0,0.0,0.0,52.0,1229.1,0.0,2097.16,0.0,0.0,0.0,0.0,0.0,1.0,0.0,1.0,0.0,0.0,1.0,0.0,1.0,0.0,0.0,0.0,0.0,1.0,0.0,0
60.0,7.0,0.0,3929.0,0.0,1.0,1.0,0.0,35.9,0.0,0.0,0.0,0.0,0.0,0.0,0.0,0.0,1.0,0.0,5.0,0.0,0.0,0.0,0.0,1.0,35.9,0.0,0.0,0.0,0.0,1.0,1.0,0.0,0.0,1.0,0.0,0.0,1.0,0.0,0.0,0.0,0.0,0.0,1.0,0.0,1.0,0.0,0
64.0,17.0,16.67,4701.0,1.0,0.0,1.0,1.0,69.4,1.0,1.0,10.0,1.0,1.0,1.0,1.0,1.0,0.0,1.0,3.0,0.0,0.0,0.0,1.0,42.0,3058.3,0.0,700.14,0.0,0.0,1.0,1.0,0.0,0.0,0.0,1.0,1.0,0.0,0.0,0.0,1.0,0.0,0.0,0.0,1.0,0.0,0.0,0
44.0,30.0,16.57,4643.0,0.0,0.0,1.0,0.0,100.0,1.0,0.0,0.0,1.0,0.0,1.0,0.0,1.0,0.0,0.0,5.0,0.0,1.0,1.0,1.0,33.0,3320.6,0.0,546.81,0.0,0.0,1.0,1.0,0.0,0.0,1.0,0.0,0.0,0.0,1.0,0.0,1.0,0.0,0.0,0.0,1.0,0.0,0.0,0
61.0,8.0,4.76,4337.0,0.0,0.0,1.0,1.0,104.05,0.0,0.0,1.0,1.0,1.0,1.0,1.0,1.0,1.0,1.0,4.0,0.0,1.0,1.0,1.0,64.0,6605.55,0.0,304.64,0.0,0.0,1.0,0.0,0.0,1.0,0.0,1.0,0.0,0.0,1.0,0.0,1.0,0.0,0.0,0.0,0.0,1.0,0.0,0
64.0,12.0,0.0,4044.0,0.0,1.0,1.0,0.0,49.05,0.0,0.0,0.0,0.0,0.0,1.0,0.0,0.0,0.0,0.0,1.0,0.0,1.0,1.0,1.0,43.0,2076.2,0.0,0.0,20.29,0.0,1.0,1.0,0.0,0.0,1.0,0.0,0.0,1.0,0.0,0.0,1.0,0.0,0.0,0.0,1.0,0.0,0.0,1
64.0,22.0,39.74,4664.0,0.0,1.0,1.0,1.0,100.05,1.0,0.0,1.0,0.0,0.0,1.0,1.0,1.0,0.0,1.0,1.0,0.0,1.0,1.0,1.0,30.0,3046.15,0.0,1192.2,0.0,0.0,1.0,1.0,0.0,0.0,1.0,0.0,0.0,0.0,1.0,0.0,1.0,0.0,0.0,0.0,1.0,0.0,0.0,1
67.0,21.0,18.67,5264.0,0.0,1.0,1.0,1.0,92.2,1.0,0.0,1.0,1.0,1.0,1.0,1.0,1.0,1.0,1.0,4.0,1.0,1.0,1.0,1.0,70.0,6474.45,0.0,1306.9,0.0,0.0,1.0,0.0,0.0,1.0,1.0,0.0,0.0,1.0,0.0,1.0,0.0,0.0,0.0,0.0,1.0,0.0,0.0,0
68.0,20.0,18.91,4708.0,0.0,0.0,1.0,1.0,99.6,1.0,0.0,1.0,0.0,1.0,1.0,1.0,1.0,0.0,1.0,1.0,1.0,1.0,0.0,1.0,4.0,347.65,0.0,75.64,25.79,0.0,1.0,1.0,0.0,0.0,1.0,0.0,0.0,0.0,1.0,0.0,1.0,0.0,0.0,0.0,1.0,0.0,0.0,1
34.0,3.0,14.12,4898.0,0.0,0.0,1.0,0.0,100.85,1.0,0.0,0.0,1.0,0.0,1.0,0.0,1.0,0.0,0.0,1.0,0.0,1.0,1.0,1.0,45.0,4740.0,0.0,635.4,0.0,0.0,1.0,1.0,0.0,0.0,0.0,1.0,0.0,0.0,1.0,0.0,1.0,0.0,0.0,0.0,0.0,1.0,0.0,1
30.0,85.0,31.27,5274.0,0.0,1.0,1.0,0.0,99.25,1.0,0.0,0.0,0.0,0.0,1.0,0.0,1.0,0.0,0.0,1.0,0.0,1.0,1.0,1.0,38.0,3777.15,0.0,1188.26,0.0,0.0,1.0,1.0,0.0,0.0,0.0,1.0,0.0,0.0,1.0,0.0,0.0,1.0,0.0,0.0,1.0,0.0,0.0,1
19.0,52.0,1.24,5787.0,0.0,0.0,1.0,0.0,55.35,0.0,0.0,0.0,1.0,1.0,0.0,0.0,1.0,0.0,0.0,2.0,0.0,0.0,1.0,0.0,3.0,165.2,0.0,3.72,0.0,1.0,1.0,1.0,0.0,0.0,1.0,0.0,0.0,1.0,0.0,0.0,1.0,0.0,0.0,0.0,1.0,0.0,0.0,1
36.0,19.0,0.0,4414.0,0.0,0.0,1.0,0.0,40.1,0.0,0.0,0.0,1.0,0.0,1.0,0.0,0.0,0.0,0.0,2.0,0.0,1.0,1.0,0.0,7.0,293.3,0.0,0.0,0.0,0.0,1.0,1.0,0.0,0.0,1.0,0.0,0.0,1.0,0.0,0.0,1.0,0.0,0.0,0.0,0.0,1.0,0.0,1
43.0,0.0,35.62,5611.0,1.0,0.0,0.0,1.0,25.1,1.0,2.0,4.0,0.0,0.0,0.0,1.0,1.0,0.0,1.0,4.0,0.0,0.0,0.0,0.0,72.0,1857.85,0.0,2564.64,0.0,0.0,0.0,0.0,0.0,1.0,1.0,0.0,0.0,0.0,1.0,0.0,1.0,0.0,0.0,0.0,1.0,0.0,0.0,0
24.0,51.0,34.43,3628.0,0.0,1.0,1.0,0.0,69.5,0.0,0.0,0.0,0.0,1.0,1.0,0.0,1.0,1.0,0.0,3.0,0.0,0.0,1.0,1.0,9.0,653.25,0.0,309.87,0.0,1.0,1.0,1.0,0.0,0.0,0.0,1.0,0.0,1.0,0.0,0.0,1.0,0.0,0.0,0.0,0.0,1.0,0.0,0
53.0,6.0,23.16,4715.0,0.0,1.0,1.0,1.0,50.0,0.0,0.0,10.0,0.0,0.0,1.0,1.0,1.0,0.0,1.0,4.0,0.0,0.0,0.0,0.0,30.0,1474.9,0.0,694.8,0.0,0.0,1.0,1.0,0.0,0.0,0.0,1.0,0.0,1.0,0.0,0.0,0.0,1.0,0.0,0.0,0.0,1.0,0.0,0
34.0,21.0,43.26,3074.0,0.0,1.0,1.0,0.0,94.85,1.0,0.0,0.0,1.0,0.0,1.0,0.0,1.0,0.0,0.0,3.0,0.0,1.0,1.0,0.0,10.0,953.45,0.0,432.6,0.0,0.0,1.0,1.0,0.0,0.0,1.0,0.0,0.0,0.0,1.0,0.0,1.0,0.0,0.0,0.0,1.0,0.0,0.0,1
38.0,16.0,0.0,3194.0,1.0,0.0,1.0,1.0,29.5,0.0,1.0,6.0,0.0,0.0,1.0,1.0,0.0,1.0,1.0,4.0,0.0,0.0,0.0,0.0,48.0,1423.05,0.0,0.0,0.0,0.0,1.0,1.0,0.0,0.0,1.0,0.0,0.0,1.0,0.0,0.0,1.0,0.0,0.0,0.0,0.0,1.0,0.0,0
54.0,52.0,47.06,5756.0,1.0,0.0,1.0,1.0,49.4,0.0,3.0,3.0,0.0,1.0,1.0,1.0,1.0,0.0,1.0,4.0,0.0,0.0,0.0,0.0,5.0,232.55,10.0,235.3,0.0,0.0,0.0,1.0,0.0,0.0,1.0,0.0,1.0,0.0,0.0,0.0,1.0,0.0,0.0,0.0,0.0,0.0,1.0,0
42.0,3.0,18.66,5945.0,0.0,1.0,1.0,1.0,109.7,1.0,0.0,7.0,1.0,1.0,0.0,1.0,1.0,0.0,1.0,4.0,0.0,1.0,1.0,1.0,72.0,8129.3,0.0,1343.52,0.0,0.0,1.0,0.0,0.0,1.0,1.0,0.0,0.0,0.0,1.0,1.0,0.0,0.0,0.0,0.0,0.0,1.0,0.0,0
59.0,0.0,38.55,5617.0,1.0,0.0,0.0,1.0,25.3,1.0,3.0,5.0,0.0,0.0,1.0,1.0,1.0,0.0,1.0,5.0,0.0,0.0,0.0,0.0,66.0,1672.35,0.0,2544.3,0.0,0.0,0.0,0.0,0.0,1.0,0.0,1.0,0.0,0.0,1.0,0.0,1.0,0.0,0.0,0.0,0.0,1.0,0.0,0
40.0,28.0,4.67,5671.0,0.0,0.0,1.0,0.0,69.0,0.0,0.0,0.0,0.0,0.0,0.0,0.0,1.0,0.0,0.0,1.0,0.0,0.0,0.0,0.0,15.0,994.8,0.0,70.05,0.0,0.0,1.0,1.0,0.0,0.0,1.0,0.0,0.0,0.0,1.0,0.0,0.0,0.0,1.0,0.0,1.0,0.0,0.0,1
63.0,21.0,16.42,5838.0,0.0,0.0,1.0,0.0,48.45,0.0,0.0,0.0,0.0,1.0,1.0,0.0,1.0,0.0,0.0,3.0,0.0,0.0,0.0,0.0,1.0,48.45,0.0,16.42,0.0,0.0,1.0,1.0,0.0,0.0,1.0,0.0,1.0,0.0,0.0,0.0,1.0,0.0,0.0,0.0,1.0,0.0,0.0,0
23.0,0.0,28.92,4392.0,1.0,0.0,0.0,1.0,24.65,1.0,2.0,5.0,0.0,0.0,0.0,1.0,1.0,0.0,1.0,4.0,0.0,0.0,0.0,0.0,63.0,1574.5,0.0,1821.96,0.0,1.0,0.0,0.0,0.0,1.0,0.0,1.0,0.0,0.0,1.0,0.0,1.0,0.0,0.0,0.0,0.0,1.0,0.0,0
36.0,10.0,0.0,4207.0,0.0,1.0,1.0,1.0,34.4,0.0,0.0,1.0,0.0,1.0,0.0,1.0,0.0,0.0,1.0,3.0,0.0,0.0,0.0,0.0,17.0,592.75,0.0,0.0,0.0,0.0,1.0,1.0,0.0,0.0,0.0,1.0,1.0,0.0,0.0,0.0,1.0,0.0,0.0,0.0,0.0,0.0,1.0,0
26.0,0.0,12.61,5744.0,0.0,0.0,0.0,1.0,20.85,0.0,0.0,1.0,0.0,0.0,0.0,1.0,1.0,0.0,1.0,4.0,0.0,0.0,0.0,0.0,36.0,720.05,0.0,453.96,0.0,1.0,0.0,0.0,1.0,0.0,0.0,1.0,0.0,0.0,1.0,0.0,1.0,0.0,0.0,0.0,1.0,0.0,0.0,0
37.0,16.0,42.39,2205.0,0.0,0.0,1.0,1.0,65.6,0.0,0.0,2.0,1.0,0.0,1.0,1.0,1.0,1.0,1.0,3.0,0.0,0.0,0.0,1.0,9.0,593.3,0.0,381.51,0.0,0.0,1.0,0.0,1.0,0.0,1.0,0.0,1.0,0.0,0.0,0.0,1.0,0.0,0.0,0.0,0.0,1.0,0.0,0
67.0,4.0,0.0,3244.0,0.0,0.0,1.0,0.0,34.7,0.0,0.0,0.0,0.0,0.0,1.0,0.0,0.0,0.0,0.0,1.0,1.0,1.0,0.0,0.0,10.0,329.8,0.0,0.0,0.0,0.0,1.0,1.0,0.0,0.0,1.0,0.0,0.0,1.0,0.0,0.0,0.0,0.0,1.0,0.0,1.0,0.0,0.0,1
19.0,52.0,38.81,4056.0,0.0,0.0,1.0,0.0,70.7,0.0,0.0,0.0,0.0,0.0,1.0,0.0,1.0,0.0,0.0,3.0,0.0,0.0,1.0,0.0,1.0,70.7,0.0,38.81,0.0,1.0,1.0,1.0,0.0,0.0,1.0,0.0,0.0,0.0,1.0,0.0,1.0,0.0,0.0,0.0,0.0,1.0,0.0,0
70.0,10.0,29.3,4222.0,0.0,1.0,1.0,0.0,116.5,1.0,0.0,0.0,1.0,1.0,1.0,0.0,1.0,1.0,0.0,4.0,1.0,1.0,0.0,1.0,55.0,6382.55,0.0,1611.5,0.0,0.0,1.0,1.0,0.0,0.0,0.0,1.0,0.0,0.0,1.0,0.0,1.0,0.0,0.0,0.0,1.0,0.0,0.0,0
43.0,13.0,15.94,5879.0,1.0,1.0,1.0,1.0,114.3,1.0,1.0,1.0,1.0,1.0,1.0,1.0,1.0,1.0,1.0,3.0,0.0,1.0,1.0,1.0,72.0,8058.55,0.0,1147.68,0.0,0.0,1.0,0.0,0.0,1.0,0.0,1.0,0.0,0.0,1.0,0.0,1.0,0.0,0.0,0.0,0.0,1.0,0.0,0
52.0,28.0,48.14,6438.0,0.0,0.0,1.0,1.0,67.25,1.0,0.0,2.0,1.0,0.0,0.0,1.0,1.0,1.0,1.0,4.0,0.0,1.0,1.0,0.0,63.0,4234.15,150.0,3032.82,0.0,0.0,0.0,0.0,0.0,1.0,0.0,1.0,1.0,0.0,0.0,0.0,1.0,0.0,0.0,0.0,0.0,1.0,0.0,0
54.0,17.0,1.31,4545.0,0.0,1.0,1.0,1.0,99.0,0.0,0.0,9.0,0.0,0.0,1.0,1.0,1.0,1.0,1.0,4.0,0.0,1.0,1.0,1.0,42.0,4135.0,0.0,55.02,0.0,0.0,1.0,0.0,0.0,1.0,1.0,0.0,0.0,0.0,1.0,0.0,1.0,0.0,0.0,0.0,0.0,1.0,0.0,0
22.0,0.0,19.04,4275.0,1.0,0.0,0.0,1.0,25.0,1.0,2.0,3.0,0.0,0.0,0.0,1.0,1.0,0.0,1.0,4.0,0.0,0.0,0.0,0.0,72.0,1738.9,0.0,1370.88,0.0,1.0,0.0,0.0,0.0,1.0,0.0,1.0,0.0,0.0,1.0,1.0,0.0,0.0,0.0,0.0,1.0,0.0,0.0,0
51.0,12.0,19.63,4977.0,1.0,0.0,1.0,1.0,54.15,0.0,1.0,5.0,0.0,1.0,0.0,1.0,1.0,1.0,1.0,3.0,0.0,0.0,0.0,0.0,13.0,701.05,0.0,255.19,0.0,0.0,1.0,0.0,1.0,0.0,1.0,0.0,0.0,1.0,0.0,0.0,0.0,0.0,1.0,0.0,1.0,0.0,0.0,0
48.0,9.0,27.41,4114.0,0.0,1.0,1.0,1.0,70.9,1.0,0.0,2.0,1.0,1.0,0.0,1.0,1.0,1.0,1.0,4.0,0.0,0.0,0.0,0.0,68.0,4911.35,0.0,1863.88,49.37,0.0,1.0,0.0,0.0,1.0,1.0,0.0,0.0,1.0,0.0,0.0,1.0,0.0,0.0,0.0,0.0,1.0,0.0,0
64.0,19.0,2.03,5764.0,0.0,1.0,1.0,1.0,84.85,1.0,0.0,1.0,0.0,0.0,1.0,1.0,1.0,1.0,1.0,2.0,0.0,0.0,0.0,0.0,40.0,3303.05,0.0,81.2,0.0,0.0,1.0,1.0,0.0,0.0,1.0,0.0,0.0,0.0,1.0,0.0,1.0,0.0,0.0,0.0,1.0,0.0,0.0,1
33.0,23.0,13.77,2862.0,1.0,1.0,1.0,1.0,72.8,1.0,2.0,4.0,1.0,0.0,1.0,1.0,1.0,1.0,1.0,4.0,0.0,0.0,0.0,1.0,13.0,930.05,0.0,179.01,0.0,0.0,1.0,1.0,0.0,0.0,0.0,1.0,0.0,1.0,0.0,0.0,1.0,0.0,0.0,0.0,1.0,0.0,0.0,0
61.0,7.0,14.67,4479.0,0.0,1.0,1.0,0.0,106.7,1.0,0.0,0.0,0.0,1.0,0.0,0.0,1.0,0.0,0.0,3.0,0.0,1.0,1.0,1.0,71.0,7382.25,0.0,1041.57,0.0,0.0,1.0,0.0,0.0,1.0,0.0,1.0,0.0,0.0,1.0,0.0,1.0,0.0,0.0,0.0,1.0,0.0,0.0,0
40.0,0.0,42.37,4746.0,1.0,0.0,0.0,1.0,25.45,1.0,2.0,0.0,0.0,0.0,0.0,1.0,1.0,0.0,0.0,4.0,0.0,0.0,0.0,0.0,59.0,1534.05,0.0,2499.83,0.0,0.0,0.0,0.0,0.0,1.0,1.0,0.0,0.0,0.0,1.0,0.0,1.0,0.0,0.0,0.0,0.0,1.0,0.0,0
29.0,71.0,4.48,2767.0,0.0,1.0,1.0,0.0,95.55,0.0,0.0,0.0,0.0,1.0,1.0,0.0,1.0,1.0,0.0,1.0,0.0,0.0,1.0,1.0,39.0,3692.85,0.0,174.72,0.0,1.0,1.0,0.0,1.0,0.0,1.0,0.0,0.0,0.0,1.0,0.0,0.0,1.0,0.0,0.0,1.0,0.0,0.0,1
58.0,27.0,1.28,3718.0,0.0,0.0,1.0,0.0,50.8,0.0,0.0,0.0,1.0,0.0,0.0,0.0,1.0,0.0,0.0,1.0,0.0,0.0,0.0,0.0,1.0,50.8,0.0,1.28,0.0,0.0,1.0,1.0,0.0,0.0,0.0,1.0,0.0,1.0,0.0,0.0,0.0,0.0,0.0,1.0,1.0,0.0,0.0,1
25.0,26.0,0.0,4436.0,0.0,0.0,1.0,0.0,40.6,0.0,0.0,0.0,0.0,0.0,1.0,0.0,0.0,1.0,0.0,5.0,0.0,1.0,1.0,0.0,39.0,1494.5,0.0,0.0,0.0,1.0,1.0,1.0,0.0,0.0,0.0,1.0,1.0,0.0,0.0,0.0,0.0,1.0,0.0,0.0,1.0,0.0,0.0,0
46.0,0.0,35.59,4852.0,0.0,0.0,0.0,0.0,19.65,0.0,0.0,0.0,0.0,0.0,1.0,0.0,1.0,0.0,0.0,5.0,0.0,0.0,0.0,0.0,3.0,68.35,0.0,106.77,0.0,0.0,0.0,1.0,0.0,0.0,0.0,1.0,0.0,0.0,1.0,0.0,1.0,0.0,0.0,0.0,0.0,1.0,0.0,0
55.0,2.0,42.16,4676.0,0.0,0.0,1.0,0.0,75.7,0.0,0.0,0.0,0.0,1.0,1.0,0.0,1.0,0.0,0.0,1.0,0.0,0.0,0.0,0.0,2.0,189.2,0.0,84.32,0.0,0.0,1.0,1.0,0.0,0.0,0.0,1.0,1.0,0.0,0.0,0.0,1.0,0.0,0.0,0.0,1.0,0.0,0.0,1
73.0,6.0,30.17,5536.0,0.0,0.0,1.0,0.0,93.55,1.0,0.0,0.0,0.0,0.0,1.0,0.0,1.0,0.0,0.0,1.0,1.0,1.0,0.0,1.0,1.0,93.55,0.0,30.17,0.0,0.0,1.0,1.0,0.0,0.0,0.0,1.0,0.0,0.0,1.0,0.0,0.0,0.0,0.0,1.0,1.0,0.0,0.0,1
54.0,0.0,15.33,3037.0,0.0,0.0,0.0,1.0,25.7,1.0,0.0,10.0,0.0,0.0,0.0,1.0,1.0,0.0,1.0,3.0,0.0,0.0,0.0,0.0,44.0,1110.5,0.0,674.52,0.0,0.0,0.0,0.0,1.0,0.0,0.0,1.0,0.0,0.0,1.0,0.0,1.0,0.0,0.0,0.0,0.0,1.0,0.0,0
36.0,28.0,10.92,5974.0,0.0,1.0,1.0,1.0,90.25,1.0,0.0,9.0,1.0,1.0,1.0,1.0,1.0,1.0,1.0,3.0,0.0,1.0,1.0,1.0,72.0,6369.45,0.0,786.24,0.0,0.0,1.0,0.0,0.0,1.0,0.0,1.0,0.0,1.0,0.0,0.0,1.0,0.0,0.0,0.0,0.0,1.0,0.0,0
29.0,48.0,0.0,3065.0,1.0,0.0,1.0,0.0,24.7,0.0,1.0,0.0,0.0,0.0,0.0,0.0,0.0,0.0,0.0,5.0,0.0,0.0,0.0,0.0,1.0,24.7,70.0,0.0,0.0,1.0,0.0,1.0,0.0,0.0,1.0,0.0,1.0,0.0,0.0,0.0,0.0,0.0,0.0,1.0,0.0,1.0,0.0,0
29.0,59.0,33.98,4163.0,0.0,0.0,1.0,0.0,54.5,1.0,0.0,0.0,0.0,1.0,1.0,0.0,1.0,0.0,0.0,4.0,0.0,0.0,0.0,0.0,10.0,568.2,0.0,339.8,0.0,1.0,1.0,1.0,0.0,0.0,0.0,1.0,0.0,1.0,0.0,0.0,1.0,0.0,0.0,0.0,0.0,1.0,0.0,0
41.0,25.0,31.73,3696.0,0.0,1.0,1.0,1.0,89.45,0.0,0.0,1.0,1.0,0.0,1.0,1.0,1.0,0.0,1.0,3.0,0.0,0.0,0.0,1.0,16.0,1430.25,0.0,507.68,0.0,0.0,1.0,1.0,0.0,0.0,1.0,0.0,0.0,0.0,1.0,0.0,1.0,0.0,0.0,0.0,0.0,1.0,0.0,1
77.0,3.0,7.92,4113.0,0.0,1.0,1.0,1.0,106.35,1.0,0.0,3.0,1.0,0.0,0.0,1.0,1.0,0.0,1.0,2.0,1.0,1.0,0.0,1.0,32.0,3520.75,0.0,253.44,0.0,0.0,1.0,1.0,0.0,0.0,0.0,1.0,0.0,0.0,1.0,0.0,1.0,0.0,0.0,0.0,1.0,0.0,0.0,1
63.0,28.0,38.07,2679.0,0.0,0.0,1.0,0.0,73.6,1.0,0.0,0.0,0.0,0.0,0.0,0.0,1.0,0.0,0.0,1.0,0.0,0.0,0.0,0.0,7.0,520.0,0.0,266.49,0.0,0.0,1.0,1.0,0.0,0.0,0.0,1.0,0.0,0.0,1.0,0.0,1.0,0.0,0.0,0.0,1.0,0.0,0.0,1
63.0,0.0,34.22,5212.0,0.0,0.0,0.0,1.0,20.6,0.0,0.0,2.0,0.0,0.0,0.0,1.0,1.0,0.0,1.0,5.0,0.0,0.0,0.0,0.0,33.0,690.25,0.0,1129.26,0.0,0.0,0.0,0.0,1.0,0.0,0.0,1.0,0.0,0.0,1.0,0.0,1.0,0.0,0.0,0.0,0.0,1.0,0.0,0
70.0,20.0,12.27,4054.0,0.0,0.0,1.0,0.0,78.95,0.0,0.0,0.0,0.0,0.0,0.0,0.0,1.0,0.0,0.0,3.0,1.0,1.0,0.0,0.0,5.0,378.4,0.0,61.35,0.0,0.0,1.0,1.0,0.0,0.0,1.0,0.0,0.0,0.0,1.0,0.0,0.0,0.0,0.0,1.0,1.0,0.0,0.0,1
27.0,73.0,31.24,5543.0,0.0,1.0,1.0,1.0,93.9,1.0,0.0,1.0,0.0,1.0,0.0,1.0,1.0,0.0,1.0,1.0,0.0,1.0,1.0,0.0,53.0,5029.2,0.0,1655.72,0.0,1.0,1.0,1.0,0.0,0.0,0.0,1.0,0.0,0.0,1.0,0.0,1.0,0.0,0.0,0.0,1.0,0.0,0.0,1
27.0,42.0,15.18,4030.0,0.0,0.0,1.0,0.0,75.6,1.0,0.0,0.0,0.0,0.0,1.0,0.0,1.0,0.0,0.0,5.0,0.0,0.0,0.0,0.0,18.0,1395.05,0.0,273.24,0.0,1.0,1.0,1.0,0.0,0.0,0.0,1.0,0.0,0.0,1.0,0.0,0.0,0.0,1.0,0.0,1.0,0.0,0.0,0
54.0,12.0,14.88,3172.0,1.0,0.0,1.0,0.0,60.95,1.0,2.0,0.0,1.0,1.0,0.0,0.0,1.0,0.0,0.0,4.0,0.0,0.0,0.0,0.0,2.0,134.6,0.0,29.76,0.0,0.0,1.0,1.0,0.0,0.0,0.0,1.0,0.0,1.0,0.0,0.0,1.0,0.0,0.0,0.0,1.0,0.0,0.0,0
36.0,26.0,25.16,4732.0,1.0,1.0,1.0,1.0,85.3,1.0,2.0,1.0,1.0,0.0,0.0,1.0,1.0,1.0,1.0,4.0,0.0,1.0,1.0,1.0,68.0,5560.0,0.0,1710.88,0.0,0.0,1.0,0.0,0.0,1.0,1.0,0.0,1.0,0.0,0.0,0.0,1.0,0.0,0.0,0.0,1.0,0.0,0.0,0
39.0,6.0,0.0,4512.0,0.0,0.0,1.0,0.0,44.65,0.0,0.0,0.0,1.0,1.0,1.0,0.0,0.0,0.0,0.0,4.0,0.0,1.0,1.0,0.0,26.0,1156.55,0.0,0.0,0.0,0.0,1.0,1.0,0.0,0.0,0.0,1.0,0.0,1.0,0.0,0.0,1.0,0.0,0.0,0.0,1.0,0.0,0.0,0
54.0,4.0,45.8,4334.0,0.0,0.0,1.0,0.0,67.25,1.0,0.0,0.0,1.0,1.0,1.0,0.0,1.0,1.0,0.0,3.0,0.0,0.0,0.0,0.0,12.0,832.3,0.0,549.6,0.0,0.0,1.0,1.0,0.0,0.0,0.0,1.0,0.0,1.0,0.0,0.0,0.0,0.0,1.0,0.0,1.0,0.0,0.0,0
35.0,17.0,0.0,5396.0,1.0,1.0,1.0,1.0,50.2,0.0,2.0,1.0,1.0,0.0,0.0,1.0,0.0,1.0,1.0,4.0,0.0,0.0,0.0,1.0,52.0,2554.0,0.0,0.0,27.01,0.0,1.0,0.0,0.0,1.0,0.0,1.0,0.0,1.0,0.0,0.0,1.0,0.0,0.0,0.0,0.0,1.0,0.0,0
53.0,19.0,16.34,4196.0,1.0,0.0,1.0,0.0,49.5,1.0,1.0,0.0,0.0,0.0,1.0,0.0,1.0,0.0,0.0,5.0,0.0,0.0,0.0,0.0,26.0,1265.65,150.0,424.84,0.0,0.0,0.0,1.0,0.0,0.0,1.0,0.0,0.0,1.0,0.0,0.0,1.0,0.0,0.0,0.0,0.0,1.0,0.0,0
21.0,48.0,47.74,3316.0,0.0,1.0,1.0,0.0,104.7,1.0,0.0,0.0,1.0,0.0,1.0,0.0,1.0,0.0,0.0,1.0,0.0,1.0,1.0,1.0,41.0,4346.4,0.0,1957.34,0.0,1.0,1.0,1.0,0.0,0.0,0.0,1.0,0.0,0.0,1.0,0.0,1.0,0.0,0.0,0.0,1.0,0.0,0.0,1
34.0,22.0,0.0,3923.0,0.0,0.0,1.0,0.0,29.15,0.0,0.0,0.0,0.0,0.0,0.0,0.0,0.0,1.0,0.0,5.0,0.0,0.0,0.0,0.0,1.0,29.15,0.0,0.0,0.0,0.0,1.0,1.0,0.0,0.0,0.0,1.0,0.0,1.0,0.0,0.0,1.0,0.0,0.0,0.0,0.0,1.0,0.0,0
57.0,9.0,4.5,5229.0,0.0,1.0,1.0,1.0,62.8,1.0,0.0,6.0,0.0,1.0,1.0,1.0,1.0,1.0,1.0,3.0,0.0,0.0,0.0,0.0,37.0,2278.75,0.0,166.5,16.97,0.0,1.0,0.0,0.0,1.0,0.0,1.0,0.0,1.0,0.0,0.0,1.0,0.0,0.0,0.0,0.0,1.0,0.0,0
26.0,19.0,28.77,4939.0,0.0,1.0,1.0,1.0,84.8,1.0,0.0,5.0,1.0,0.0,1.0,1.0,1.0,0.0,1.0,3.0,0.0,0.0,1.0,0.0,4.0,371.9,0.0,115.08,0.0,1.0,1.0,1.0,0.0,0.0,0.0,1.0,0.0,0.0,1.0,0.0,0.0,0.0,0.0,1.0,1.0,0.0,0.0,1
58.0,22.0,40.78,6258.0,0.0,0.0,1.0,1.0,109.95,1.0,0.0,9.0,1.0,1.0,1.0,1.0,1.0,1.0,1.0,4.0,0.0,1.0,1.0,1.0,72.0,7852.4,0.0,2936.16,0.0,0.0,1.0,0.0,0.0,1.0,0.0,1.0,0.0,0.0,1.0,1.0,0.0,0.0,0.0,0.0,0.0,1.0,0.0,0
42.0,22.0,47.43,6487.0,0.0,1.0,1.0,0.0,90.65,1.0,0.0,0.0,1.0,1.0,0.0,0.0,1.0,1.0,0.0,3.0,0.0,1.0,1.0,1.0,69.0,6322.1,0.0,3272.67,0.0,0.0,1.0,0.0,0.0,1.0,0.0,1.0,0.0,1.0,0.0,0.0,1.0,0.0,0.0,0.0,0.0,1.0,0.0,0
73.0,20.0,18.38,3561.0,0.0,1.0,1.0,0.0,86.85,0.0,0.0,0.0,0.0,0.0,1.0,0.0,1.0,0.0,0.0,2.0,1.0,0.0,0.0,1.0,3.0,220.95,0.0,55.14,0.0,0.0,1.0,1.0,0.0,0.0,1.0,0.0,0.0,0.0,1.0,0.0,1.0,0.0,0.0,0.0,1.0,0.0,0.0,1
42.0,17.0,13.56,2775.0,0.0,0.0,1.0,0.0,64.9,0.0,0.0,0.0,0.0,0.0,1.0,0.0,1.0,0.0,0.0,5.0,0.0,1.0,1.0,1.0,11.0,716.1,0.0,149.16,0.0,0.0,1.0,1.0,0.0,0.0,1.0,0.0,1.0,0.0,0.0,0.0,0.0,0.0,1.0,0.0,1.0,0.0,0.0,0
37.0,16.0,25.51,5928.0,0.0,1.0,1.0,0.0,85.15,0.0,0.0,0.0,0.0,0.0,1.0,0.0,1.0,0.0,0.0,1.0,0.0,0.0,0.0,1.0,35.0,3030.6,0.0,892.85,0.0,0.0,1.0,0.0,1.0,0.0,0.0,1.0,0.0,0.0,1.0,0.0,1.0,0.0,0.0,0.0,1.0,0.0,0.0,1
27.0,82.0,36.69,2849.0,0.0,0.0,1.0,1.0,55.3,0.0,0.0,8.0,0.0,0.0,1.0,1.0,1.0,0.0,1.0,3.0,0.0,0.0,0.0,1.0,1.0,55.3,0.0,36.69,0.0,1.0,1.0,1.0,0.0,0.0,1.0,0.0,0.0,1.0,0.0,0.0,1.0,0.0,0.0,0.0,0.0,1.0,0.0,0
44.0,13.0,1.27,3571.0,1.0,0.0,1.0,0.0,81.85,1.0,2.0,0.0,1.0,0.0,1.0,0.0,1.0,0.0,0.0,5.0,0.0,0.0,0.0,0.0,38.0,3141.7,0.0,48.26,0.0,0.0,1.0,1.0,0.0,0.0,0.0,1.0,0.0,0.0,1.0,0.0,1.0,0.0,0.0,0.0,0.0,1.0,0.0,0
35.0,30.0,37.55,5043.0,0.0,1.0,1.0,0.0,65.0,1.0,0.0,0.0,0.0,0.0,0.0,0.0,1.0,0.0,0.0,4.0,0.0,1.0,1.0,0.0,41.0,2531.8,140.0,1539.55,0.0,0.0,0.0,0.0,1.0,0.0,0.0,1.0,0.0,1.0,0.0,0.0,1.0,0.0,0.0,0.0,0.0,0.0,1.0,0
60.0,19.0,22.61,5564.0,0.0,0.0,1.0,0.0,83.55,0.0,0.0,0.0,1.0,0.0,1.0,0.0,1.0,0.0,0.0,5.0,0.0,0.0,0.0,1.0,17.0,1329.15,0.0,384.37,0.0,0.0,1.0,1.0,0.0,0.0,1.0,0.0,0.0,0.0,1.0,0.0,1.0,0.0,0.0,0.0,1.0,0.0,0.0,0
53.0,18.0,34.02,5396.0,0.0,0.0,1.0,1.0,77.95,0.0,0.0,1.0,0.0,0.0,1.0,1.0,1.0,0.0,1.0,1.0,0.0,0.0,0.0,1.0,42.0,3384.0,0.0,1428.84,0.0,0.0,1.0,1.0,0.0,0.0,1.0,0.0,0.0,0.0,1.0,0.0,1.0,0.0,0.0,0.0,0.0,1.0,0.0,1
56.0,0.0,6.93,5761.0,0.0,0.0,0.0,0.0,20.15,0.0,0.0,0.0,0.0,0.0,0.0,0.0,1.0,0.0,0.0,5.0,0.0,0.0,0.0,0.0,6.0,130.5,0.0,41.58,0.0,0.0,0.0,1.0,0.0,0.0,0.0,1.0,0.0,0.0,1.0,0.0,1.0,0.0,0.0,0.0,1.0,0.0,0.0,0
57.0,0.0,40.63,3968.0,0.0,0.0,0.0,0.0,19.55,0.0,0.0,0.0,0.0,0.0,0.0,0.0,1.0,0.0,0.0,4.0,0.0,0.0,0.0,0.0,1.0,19.55,0.0,40.63,0.0,0.0,0.0,1.0,0.0,0.0,1.0,0.0,0.0,0.0,1.0,0.0,1.0,0.0,0.0,0.0,0.0,1.0,0.0,0
38.0,28.0,0.0,4146.0,0.0,1.0,1.0,0.0,64.35,0.0,0.0,0.0,1.0,1.0,0.0,0.0,0.0,1.0,0.0,3.0,0.0,1.0,1.0,1.0,68.0,4539.6,130.0,0.0,0.0,0.0,0.0,0.0,0.0,1.0,1.0,0.0,0.0,1.0,0.0,1.0,0.0,0.0,0.0,0.0,0.0,1.0,0.0,0
48.0,20.0,36.59,4138.0,0.0,0.0,1.0,0.0,47.85,0.0,0.0,0.0,0.0,0.0,0.0,0.0,1.0,1.0,0.0,4.0,0.0,0.0,0.0,0.0,51.0,2356.75,0.0,1866.09,18.39,0.0,1.0,0.0,1.0,0.0,0.0,1.0,0.0,1.0,0.0,0.0,1.0,0.0,0.0,0.0,0.0,1.0,0.0,0
22.0,59.0,2.73,4237.0,1.0,1.0,1.0,1.0,81.0,1.0,3.0,8.0,1.0,1.0,0.0,1.0,1.0,1.0,1.0,3.0,0.0,1.0,1.0,0.0,72.0,5750.0,0.0,196.56,0.0,1.0,1.0,0.0,0.0,1.0,0.0,1.0,0.0,1.0,0.0,0.0,1.0,0.0,0.0,0.0,0.0,1.0,0.0,0
33.0,3.0,49.76,4183.0,0.0,0.0,1.0,0.0,79.25,0.0,0.0,0.0,0.0,0.0,0.0,0.0,1.0,0.0,0.0,2.0,0.0,0.0,0.0,1.0,3.0,267.6,10.0,149.28,0.0,0.0,0.0,1.0,0.0,0.0,0.0,1.0,0.0,0.0,1.0,0.0,0.0,0.0,0.0,1.0,1.0,0.0,0.0,1
53.0,9.0,0.0,2548.0,0.0,0.0,1.0,0.0,35.25,0.0,0.0,0.0,0.0,0.0,1.0,0.0,0.0,0.0,0.0,2.0,0.0,1.0,1.0,0.0,1.0,35.25,0.0,0.0,0.0,0.0,1.0,1.0,0.0,0.0,0.0,1.0,0.0,1.0,0.0,0.0,1.0,0.0,0.0,0.0,1.0,0.0,0.0,1
56.0,0.0,4.9,5707.0,0.0,0.0,0.0,0.0,25.75,1.0,0.0,0.0,0.0,0.0,0.0,0.0,1.0,0.0,0.0,5.0,0.0,0.0,0.0,0.0,65.0,1654.75,0.0,318.5,41.74,0.0,0.0,0.0,0.0,1.0,0.0,1.0,0.0,0.0,1.0,0.0,1.0,0.0,0.0,0.0,0.0,1.0,0.0,0
40.0,19.0,14.45,5781.0,0.0,0.0,1.0,0.0,98.7,1.0,0.0,0.0,1.0,0.0,1.0,0.0,1.0,0.0,0.0,5.0,0.0,1.0,1.0,1.0,23.0,2249.1,0.0,332.35,0.0,0.0,1.0,1.0,0.0,0.0,1.0,0.0,0.0,0.0,1.0,0.0,1.0,0.0,0.0,0.0,0.0,1.0,0.0,0
32.0,24.0,28.86,3851.0,0.0,0.0,1.0,1.0,60.9,0.0,0.0,7.0,1.0,1.0,0.0,1.0,1.0,1.0,1.0,3.0,0.0,0.0,0.0,0.0,28.0,1785.65,0.0,808.08,0.0,0.0,1.0,1.0,0.0,0.0,0.0,1.0,1.0,0.0,0.0,0.0,0.0,1.0,0.0,0.0,0.0,0.0,1.0,0
60.0,12.0,5.8,4580.0,0.0,0.0,1.0,1.0,48.35,1.0,0.0,1.0,0.0,0.0,1.0,1.0,1.0,0.0,1.0,2.0,0.0,0.0,0.0,0.0,23.0,1067.15,0.0,133.4,0.0,0.0,1.0,0.0,1.0,0.0,0.0,1.0,0.0,1.0,0.0,0.0,1.0,0.0,0.0,0.0,0.0,1.0,0.0,1
39.0,17.0,29.4,2227.0,1.0,0.0,1.0,0.0,70.15,0.0,2.0,0.0,0.0,0.0,1.0,0.0,1.0,0.0,0.0,2.0,0.0,0.0,0.0,0.0,4.0,268.35,0.0,117.6,21.69,0.0,1.0,1.0,0.0,0.0,1.0,0.0,0.0,0.0,1.0,0.0,1.0,0.0,0.0,0.0,1.0,0.0,0.0,1
59.0,29.0,10.03,4298.0,1.0,1.0,1.0,1.0,50.95,0.0,2.0,2.0,0.0,0.0,1.0,1.0,1.0,0.0,1.0,4.0,0.0,0.0,0.0,0.0,52.0,2610.65,0.0,521.56,0.0,0.0,1.0,0.0,1.0,0.0,1.0,0.0,1.0,0.0,0.0,0.0,1.0,0.0,0.0,0.0,1.0,0.0,0.0,0
25.0,59.0,32.16,6171.0,1.0,1.0,1.0,1.0,100.45,1.0,2.0,4.0,0.0,1.0,0.0,1.0,1.0,1.0,1.0,3.0,0.0,1.0,1.0,0.0,71.0,7159.7,0.0,2283.36,16.12,1.0,1.0,0.0,0.0,1.0,1.0,0.0,0.0,0.0,1.0,1.0,0.0,0.0,0.0,0.0,1.0,0.0,0.0,0
49.0,25.0,1.36,2414.0,0.0,0.0,1.0,0.0,85.25,1.0,0.0,0.0,0.0,0.0,1.0,0.0,1.0,0.0,0.0,2.0,0.0,0.0,0.0,1.0,20.0,1734.5,0.0,27.2,0.0,0.0,1.0,1.0,0.0,0.0,0.0,1.0,0.0,0.0,1.0,0.0,0.0,0.0,1.0,0.0,1.0,0.0,0.0,1
80.0,15.0,26.84,3355.0,0.0,0.0,1.0,0.0,79.15,0.0,0.0,0.0,0.0,0.0,1.0,0.0,1.0,0.0,0.0,5.0,1.0,1.0,1.0,0.0,11.0,827.7,140.0,295.24,0.0,0.0,0.0,1.0,0.0,0.0,0.0,1.0,0.0,0.0,1.0,0.0,0.0,0.0,1.0,0.0,0.0,1.0,0.0,0
29.0,0.0,4.98,4964.0,0.0,0.0,0.0,1.0,20.25,0.0,0.0,9.0,0.0,0.0,0.0,1.0,1.0,0.0,1.0,4.0,0.0,0.0,0.0,0.0,8.0,158.35,0.0,39.84,0.0,1.0,0.0,1.0,0.0,0.0,0.0,1.0,0.0,0.0,1.0,0.0,1.0,0.0,0.0,0.0,0.0,1.0,0.0,0
53.0,10.0,0.0,4307.0,0.0,1.0,1.0,0.0,42.3,0.0,0.0,0.0,0.0,1.0,0.0,0.0,0.0,1.0,0.0,3.0,0.0,0.0,0.0,0.0,45.0,1840.75,0.0,0.0,0.0,0.0,1.0,0.0,1.0,0.0,0.0,1.0,0.0,1.0,0.0,0.0,1.0,0.0,0.0,0.0,1.0,0.0,0.0,0
25.0,42.0,30.99,4562.0,0.0,0.0,1.0,0.0,69.9,0.0,0.0,0.0,0.0,0.0,1.0,0.0,1.0,0.0,0.0,4.0,0.0,0.0,0.0,0.0,7.0,497.3,0.0,216.93,0.0,1.0,1.0,1.0,0.0,0.0,1.0,0.0,0.0,0.0,1.0,0.0,1.0,0.0,0.0,0.0,0.0,1.0,0.0,0
64.0,30.0,16.58,6275.0,0.0,1.0,1.0,1.0,85.25,1.0,0.0,9.0,1.0,1.0,1.0,1.0,1.0,0.0,1.0,3.0,0.0,1.0,1.0,1.0,72.0,6083.1,0.0,1193.76,0.0,0.0,1.0,0.0,0.0,1.0,0.0,1.0,0.0,1.0,0.0,0.0,1.0,0.0,0.0,0.0,1.0,0.0,0.0,0
38.0,23.0,6.63,6231.0,0.0,1.0,1.0,1.0,58.6,0.0,0.0,9.0,1.0,1.0,0.0,1.0,1.0,0.0,1.0,3.0,0.0,0.0,0.0,0.0,55.0,3068.6,0.0,364.65,0.0,0.0,1.0,0.0,0.0,1.0,0.0,1.0,0.0,1.0,0.0,0.0,1.0,0.0,0.0,0.0,1.0,0.0,0.0,0
50.0,17.0,14.35,2650.0,0.0,0.0,1.0,0.0,76.1,1.0,0.0,0.0,0.0,0.0,0.0,0.0,1.0,0.0,0.0,4.0,0.0,0.0,0.0,0.0,3.0,257.6,0.0,43.05,0.0,0.0,1.0,1.0,0.0,0.0,1.0,0.0,0.0,0.0,1.0,0.0,1.0,0.0,0.0,0.0,1.0,0.0,0.0,0
51.0,11.0,29.72,5156.0,0.0,1.0,1.0,0.0,85.2,0.0,0.0,0.0,1.0,0.0,1.0,0.0,1.0,1.0,0.0,5.0,0.0,0.0,0.0,0.0,26.0,2184.6,0.0,772.72,0.0,0.0,1.0,0.0,1.0,0.0,0.0,1.0,0.0,0.0,1.0,0.0,1.0,0.0,0.0,0.0,1.0,0.0,0.0,0
27.0,59.0,20.44,2827.0,0.0,0.0,1.0,0.0,94.25,0.0,0.0,0.0,0.0,1.0,1.0,0.0,1.0,0.0,0.0,1.0,0.0,1.0,1.0,1.0,16.0,1483.25,140.0,327.04,0.0,1.0,0.0,1.0,0.0,0.0,0.0,1.0,0.0,0.0,1.0,0.0,1.0,0.0,0.0,0.0,1.0,0.0,0.0,1
38.0,11.0,44.33,5340.0,1.0,1.0,1.0,0.0,103.7,1.0,1.0,0.0,1.0,0.0,1.0,0.0,1.0,0.0,0.0,1.0,0.0,1.0,1.0,1.0,49.0,5036.3,0.0,2172.17,0.0,0.0,1.0,1.0,0.0,0.0,0.0,1.0,0.0,0.0,1.0,0.0,1.0,0.0,0.0,0.0,1.0,0.0,0.0,1
43.0,0.0,2.59,5975.0,0.0,0.0,0.0,0.0,19.4,0.0,0.0,0.0,0.0,0.0,1.0,0.0,1.0,0.0,0.0,4.0,0.0,0.0,0.0,0.0,27.0,460.25,0.0,69.93,29.59,0.0,0.0,1.0,0.0,0.0,0.0,1.0,0.0,0.0,1.0,0.0,1.0,0.0,0.0,0.0,0.0,1.0,0.0,0
58.0,0.0,1.61,5809.0,0.0,0.0,0.0,0.0,19.75,0.0,0.0,0.0,0.0,0.0,1.0,0.0,1.0,0.0,0.0,5.0,0.0,0.0,0.0,0.0,1.0,19.75,0.0,1.61,0.0,0.0,0.0,1.0,0.0,0.0,0.0,1.0,0.0,0.0,1.0,0.0,0.0,0.0,0.0,1.0,0.0,1.0,0.0,0
44.0,0.0,33.1,3772.0,1.0,0.0,0.0,1.0,25.05,1.0,1.0,9.0,0.0,0.0,0.0,1.0,1.0,0.0,1.0,3.0,0.0,0.0,0.0,0.0,38.0,963.95,0.0,1257.8,0.0,0.0,0.0,0.0,0.0,1.0,0.0,1.0,0.0,0.0,1.0,0.0,0.0,1.0,0.0,0.0,0.0,1.0,0.0,0
55.0,30.0,28.04,5075.0,0.0,0.0,1.0,1.0,78.8,0.0,0.0,1.0,0.0,0.0,0.0,1.0,1.0,0.0,1.0,3.0,0.0,0.0,0.0,1.0,1.0,78.8,0.0,28.04,0.0,0.0,1.0,1.0,0.0,0.0,1.0,0.0,0.0,0.0,1.0,0.0,0.0,0.0,0.0,1.0,1.0,0.0,0.0,1
48.0,0.0,20.11,3043.0,1.0,0.0,0.0,1.0,24.65,1.0,1.0,7.0,0.0,0.0,1.0,1.0,1.0,0.0,1.0,4.0,0.0,0.0,0.0,0.0,45.0,1138.8,0.0,904.95,0.0,0.0,0.0,0.0,0.0,1.0,1.0,0.0,0.0,0.0,1.0,0.0,1.0,0.0,0.0,0.0,1.0,0.0,0.0,0
53.0,28.0,15.09,2191.0,0.0,0.0,1.0,0.0,53.45,0.0,0.0,0.0,0.0,1.0,0.0,0.0,1.0,1.0,0.0,3.0,0.0,0.0,0.0,0.0,27.0,1461.45,0.0,407.43,0.0,0.0,1.0,1.0,0.0,0.0,0.0,1.0,1.0,0.0,0.0,0.0,1.0,0.0,0.0,0.0,0.0,1.0,0.0,0
19.0,53.0,6.91,2330.0,0.0,0.0,1.0,0.0,85.65,1.0,0.0,0.0,0.0,0.0,1.0,0.0,1.0,0.0,0.0,1.0,0.0,1.0,1.0,0.0,4.0,338.9,0.0,27.64,0.0,1.0,1.0,1.0,0.0,0.0,0.0,1.0,0.0,0.0,1.0,0.0,1.0,0.0,0.0,0.0,1.0,0.0,0.0,1
25.0,52.0,8.95,4704.0,0.0,0.0,1.0,0.0,69.55,0.0,0.0,0.0,0.0,0.0,1.0,0.0,1.0,0.0,0.0,3.0,0.0,0.0,0.0,0.0,7.0,521.35,0.0,62.65,0.0,1.0,1.0,1.0,0.0,0.0,0.0,1.0,0.0,0.0,1.0,0.0,0.0,0.0,0.0,1.0,1.0,0.0,0.0,0
51.0,12.0,6.16,4176.0,0.0,1.0,1.0,0.0,80.55,1.0,0.0,0.0,1.0,0.0,1.0,0.0,1.0,0.0,0.0,3.0,0.0,1.0,1.0,1.0,41.0,3263.9,0.0,252.56,0.0,0.0,1.0,0.0,1.0,0.0,1.0,0.0,0.0,1.0,0.0,0.0,1.0,0.0,0.0,0.0,1.0,0.0,0.0,0
33.0,17.0,43.27,5036.0,0.0,0.0,1.0,1.0,79.65,1.0,0.0,1.0,0.0,0.0,1.0,1.0,1.0,1.0,1.0,1.0,0.0,0.0,0.0,0.0,3.0,251.75,0.0,129.81,0.0,0.0,1.0,1.0,0.0,0.0,0.0,1.0,0.0,0.0,1.0,0.0,1.0,0.0,0.0,0.0,1.0,0.0,0.0,1
68.0,3.0,27.56,5328.0,0.0,0.0,1.0,1.0,107.05,1.0,0.0,3.0,1.0,0.0,0.0,1.0,1.0,1.0,1.0,3.0,1.0,1.0,0.0,1.0,20.0,2172.05,0.0,551.2,0.0,0.0,1.0,0.0,1.0,0.0,0.0,1.0,0.0,0.0,1.0,0.0,1.0,0.0,0.0,0.0,1.0,0.0,0.0,0
45.0,0.0,43.84,4347.0,1.0,0.0,0.0,1.0,19.15,0.0,2.0,9.0,0.0,0.0,1.0,1.0,1.0,0.0,1.0,5.0,0.0,0.0,0.0,0.0,26.0,515.75,0.0,1139.84,0.0,0.0,0.0,0.0,0.0,1.0,0.0,1.0,0.0,0.0,1.0,0.0,1.0,0.0,0.0,0.0,0.0,1.0,0.0,0
39.0,0.0,36.39,2165.0,0.0,0.0,0.0,1.0,20.45,0.0,0.0,10.0,0.0,0.0,1.0,1.0,1.0,0.0,1.0,5.0,0.0,0.0,0.0,0.0,39.0,790.0,0.0,1419.21,0.0,0.0,0.0,0.0,0.0,1.0,0.0,1.0,0.0,0.0,1.0,0.0,0.0,1.0,0.0,0.0,1.0,0.0,0.0,0
38.0,22.0,48.2,3003.0,0.0,0.0,1.0,0.0,59.25,1.0,0.0,0.0,0.0,0.0,1.0,0.0,1.0,0.0,0.0,3.0,0.0,0.0,0.0,1.0,8.0,436.6,0.0,385.6,0.0,0.0,1.0,1.0,0.0,0.0,0.0,1.0,0.0,1.0,0.0,0.0,0.0,0.0,0.0,1.0,1.0,0.0,0.0,0
19.0,48.0,23.02,4686.0,1.0,1.0,1.0,1.0,105.1,1.0,3.0,1.0,1.0,1.0,1.0,1.0,1.0,1.0,1.0,3.0,0.0,0.0,0.0,1.0,69.0,7234.8,110.0,1588.38,0.0,1.0,0.0,0.0,1.0,0.0,1.0,0.0,0.0,0.0,1.0,1.0,0.0,0.0,0.0,0.0,0.0,1.0,0.0,0
27.0,48.0,33.63,5105.0,0.0,0.0,1.0,1.0,54.35,0.0,0.0,1.0,0.0,1.0,0.0,1.0,1.0,1.0,1.0,5.0,0.0,0.0,0.0,0.0,28.0,1426.45,30.0,941.64,0.0,1.0,0.0,0.0,1.0,0.0,0.0,1.0,0.0,1.0,0.0,0.0,1.0,0.0,0.0,0.0,0.0,1.0,0.0,0
47.0,0.0,6.86,2195.0,0.0,0.0,0.0,0.0,19.95,0.0,0.0,0.0,0.0,0.0,0.0,0.0,1.0,0.0,0.0,4.0,0.0,0.0,0.0,0.0,4.0,68.2,0.0,27.44,0.0,0.0,0.0,0.0,1.0,0.0,0.0,1.0,0.0,0.0,1.0,0.0,1.0,0.0,0.0,0.0,0.0,1.0,0.0,0
57.0,10.0,38.96,2328.0,0.0,0.0,1.0,0.0,55.5,0.0,0.0,0.0,0.0,0.0,0.0,0.0,1.0,0.0,0.0,4.0,0.0,0.0,0.0,1.0,4.0,227.35,0.0,155.84,0.0,0.0,1.0,1.0,0.0,0.0,1.0,0.0,0.0,1.0,0.0,0.0,0.0,0.0,0.0,1.0,0.0,1.0,0.0,0
54.0,15.0,30.57,4924.0,0.0,1.0,1.0,0.0,84.8,0.0,0.0,0.0,0.0,0.0,0.0,0.0,1.0,0.0,0.0,4.0,0.0,1.0,1.0,0.0,11.0,888.75,0.0,336.27,0.0,0.0,1.0,1.0,0.0,0.0,0.0,1.0,0.0,0.0,1.0,0.0,1.0,0.0,0.0,0.0,1.0,0.0,0.0,0
66.0,20.0,44.9,5261.0,0.0,0.0,1.0,1.0,83.85,1.0,0.0,10.0,1.0,1.0,0.0,1.0,1.0,0.0,1.0,3.0,1.0,0.0,0.0,0.0,67.0,5588.8,0.0,3008.3,0.0,0.0,1.0,1.0,0.0,0.0,0.0,1.0,0.0,0.0,1.0,0.0,1.0,0.0,0.0,0.0,1.0,0.0,0.0,0
20.0,30.0,0.0,5450.0,0.0,0.0,1.0,0.0,35.2,0.0,0.0,0.0,0.0,0.0,0.0,0.0,0.0,0.0,0.0,1.0,0.0,0.0,0.0,1.0,3.0,108.95,0.0,0.0,0.0,1.0,1.0,1.0,0.0,0.0,1.0,0.0,0.0,1.0,0.0,0.0,0.0,0.0,0.0,1.0,0.0,1.0,0.0,1
64.0,5.0,19.72,2031.0,0.0,0.0,1.0,0.0,76.0,1.0,0.0,0.0,0.0,0.0,1.0,0.0,1.0,0.0,0.0,4.0,0.0,0.0,0.0,0.0,22.0,1783.6,0.0,433.84,0.0,0.0,1.0,0.0,1.0,0.0,1.0,0.0,0.0,0.0,1.0,0.0,0.0,0.0,1.0,0.0,0.0,1.0,0.0,0
32.0,0.0,45.99,2392.0,0.0,0.0,0.0,0.0,20.45,0.0,0.0,0.0,0.0,0.0,1.0,0.0,1.0,0.0,0.0,4.0,0.0,0.0,0.0,0.0,9.0,147.55,0.0,413.91,0.0,0.0,0.0,1.0,0.0,0.0,1.0,0.0,0.0,0.0,1.0,0.0,0.0,0.0,0.0,1.0,0.0,1.0,0.0,0
27.0,0.0,38.41,2011.0,0.0,0.0,0.0,0.0,20.7,0.0,0.0,0.0,0.0,0.0,0.0,0.0,1.0,0.0,0.0,4.0,0.0,0.0,0.0,0.0,3.0,57.5,0.0,115.23,0.0,1.0,0.0,1.0,0.0,0.0,0.0,1.0,0.0,0.0,1.0,0.0,0.0,0.0,0.0,1.0,0.0,1.0,0.0,0
37.0,18.0,22.64,4403.0,0.0,1.0,1.0,0.0,68.95,1.0,0.0,0.0,1.0,0.0,1.0,0.0,1.0,0.0,0.0,5.0,0.0,0.0,0.0,1.0,30.0,2038.7,0.0,679.2,0.0,0.0,1.0,0.0,1.0,0.0,1.0,0.0,0.0,1.0,0.0,0.0,0.0,1.0,0.0,0.0,0.0,1.0,0.0,0
20.0,47.0,35.29,3744.0,0.0,1.0,1.0,1.0,100.45,1.0,0.0,10.0,0.0,0.0,1.0,1.0,1.0,0.0,1.0,5.0,0.0,1.0,1.0,1.0,34.0,3414.65,0.0,1199.86,0.0,1.0,1.0,1.0,0.0,0.0,1.0,0.0,0.0,0.0,1.0,0.0,0.0,1.0,0.0,0.0,1.0,0.0,0.0,0
43.0,16.0,5.52,3315.0,1.0,0.0,1.0,1.0,80.0,1.0,1.0,1.0,1.0,0.0,1.0,1.0,1.0,0.0,1.0,5.0,0.0,0.0,0.0,0.0,46.0,3769.7,0.0,253.92,0.0,0.0,1.0,1.0,0.0,0.0,0.0,1.0,0.0,0.0,1.0,0.0,1.0,0.0,0.0,0.0,1.0,0.0,0.0,0
48.0,16.0,27.58,5066.0,0.0,0.0,1.0,0.0,69.95,0.0,0.0,0.0,0.0,0.0,0.0,0.0,1.0,0.0,0.0,1.0,0.0,0.0,0.0,0.0,1.0,69.95,0.0,27.58,0.0,0.0,1.0,1.0,0.0,0.0,0.0,1.0,0.0,0.0,1.0,0.0,0.0,0.0,0.0,1.0,1.0,0.0,0.0,1
62.0,14.0,46.63,4754.0,1.0,1.0,1.0,1.0,110.45,1.0,1.0,9.0,0.0,1.0,1.0,1.0,1.0,1.0,1.0,4.0,0.0,1.0,1.0,1.0,72.0,8058.85,0.0,3357.36,0.0,0.0,1.0,0.0,0.0,1.0,1.0,0.0,0.0,0.0,1.0,0.0,1.0,0.0,0.0,0.0,1.0,0.0,0.0,0
38.0,19.0,5.36,2432.0,1.0,0.0,1.0,0.0,89.35,0.0,1.0,0.0,0.0,0.0,1.0,0.0,1.0,0.0,0.0,3.0,0.0,1.0,1.0,1.0,1.0,89.35,0.0,5.36,0.0,0.0,1.0,1.0,0.0,0.0,1.0,0.0,0.0,0.0,1.0,0.0,1.0,0.0,0.0,0.0,1.0,0.0,0.0,0
53.0,52.0,0.0,2635.0,1.0,0.0,1.0,1.0,24.4,0.0,3.0,0.0,0.0,0.0,1.0,1.0,0.0,0.0,0.0,3.0,0.0,0.0,0.0,0.0,2.0,36.55,0.0,0.0,0.0,0.0,1.0,1.0,0.0,0.0,1.0,0.0,0.0,1.0,0.0,0.0,1.0,0.0,0.0,0.0,0.0,1.0,0.0,1
77.0,30.0,0.0,5829.0,0.0,0.0,1.0,0.0,44.85,0.0,0.0,0.0,1.0,1.0,1.0,0.0,0.0,0.0,0.0,3.0,1.0,0.0,0.0,1.0,55.0,2479.05,0.0,0.0,0.0,0.0,1.0,1.0,0.0,0.0,0.0,1.0,0.0,1.0,0.0,0.0,1.0,0.0,0.0,0.0,1.0,0.0,0.0,0
34.0,0.0,35.5,4261.0,0.0,0.0,0.0,0.0,20.75,0.0,0.0,0.0,0.0,0.0,0.0,0.0,1.0,0.0,0.0,4.0,0.0,0.0,0.0,0.0,35.0,700.45,0.0,1242.5,0.0,0.0,0.0,0.0,1.0,0.0,1.0,0.0,0.0,0.0,1.0,0.0,0.0,1.0,0.0,0.0,0.0,1.0,0.0,0
27.0,59.0,14.96,2010.0,1.0,0.0,1.0,0.0,73.75,1.0,1.0,0.0,0.0,0.0,1.0,0.0,1.0,0.0,0.0,3.0,0.0,0.0,1.0,0.0,12.0,871.4,0.0,179.52,0.0,1.0,1.0,1.0,0.0,0.0,0.0,1.0,0.0,0.0,1.0,0.0,0.0,0.0,1.0,0.0,0.0,1.0,0.0,1
45.0,19.0,1.02,5449.0,0.0,1.0,1.0,0.0,68.85,0.0,0.0,0.0,1.0,1.0,1.0,0.0,1.0,0.0,0.0,1.0,0.0,1.0,1.0,0.0,29.0,1970.5,0.0,29.58,0.0,0.0,1.0,1.0,0.0,0.0,1.0,0.0,0.0,1.0,0.0,0.0,1.0,0.0,0.0,0.0,1.0,0.0,0.0,1
59.0,0.0,30.1,6373.0,1.0,0.0,0.0,1.0,19.15,0.0,3.0,2.0,0.0,0.0,1.0,1.0,1.0,0.0,1.0,5.0,0.0,0.0,0.0,0.0,63.0,1177.05,0.0,1896.3,0.0,0.0,0.0,0.0,0.0,1.0,0.0,1.0,0.0,0.0,1.0,0.0,1.0,0.0,0.0,0.0,0.0,0.0,1.0,0
39.0,27.0,24.51,4544.0,0.0,1.0,1.0,1.0,97.35,1.0,0.0,3.0,1.0,0.0,1.0,1.0,1.0,0.0,1.0,2.0,0.0,0.0,0.0,1.0,36.0,3457.9,0.0,882.36,4.96,0.0,1.0,1.0,0.0,0.0,1.0,0.0,0.0,0.0,1.0,0.0,1.0,0.0,0.0,0.0,1.0,0.0,0.0,1
61.0,19.0,1.67,5998.0,1.0,0.0,1.0,1.0,69.55,0.0,2.0,3.0,0.0,0.0,1.0,1.0,1.0,0.0,1.0,3.0,0.0,0.0,0.0,0.0,3.0,200.2,0.0,5.01,33.8,0.0,1.0,1.0,0.0,0.0,1.0,0.0,0.0,0.0,1.0,0.0,1.0,0.0,0.0,0.0,1.0,0.0,0.0,0
31.0,0.0,21.98,6315.0,1.0,0.0,0.0,1.0,19.65,0.0,1.0,7.0,0.0,0.0,0.0,1.0,1.0,0.0,1.0,5.0,0.0,0.0,0.0,0.0,60.0,1161.75,0.0,1318.8,0.0,0.0,0.0,0.0,0.0,1.0,0.0,1.0,0.0,0.0,1.0,0.0,1.0,0.0,0.0,0.0,0.0,1.0,0.0,0
25.0,59.0,21.62,3591.0,0.0,0.0,1.0,0.0,81.0,0.0,0.0,0.0,0.0,0.0,1.0,0.0,1.0,0.0,0.0,2.0,0.0,0.0,1.0,1.0,4.0,340.85,50.0,86.48,0.0,1.0,0.0,1.0,0.0,0.0,0.0,1.0,0.0,0.0,1.0,0.0,0.0,0.0,0.0,1.0,1.0,0.0,0.0,1
58.0,11.0,44.97,3368.0,0.0,0.0,1.0,1.0,69.0,0.0,0.0,1.0,0.0,0.0,1.0,1.0,1.0,0.0,1.0,2.0,0.0,0.0,0.0,0.0,17.0,1149.65,0.0,764.49,0.0,0.0,1.0,1.0,0.0,0.0,0.0,1.0,0.0,0.0,1.0,0.0,0.0,0.0,1.0,0.0,1.0,0.0,0.0,1
68.0,19.0,30.59,5775.0,0.0,1.0,1.0,1.0,107.5,1.0,0.0,7.0,1.0,1.0,1.0,1.0,1.0,0.0,1.0,3.0,1.0,1.0,0.0,1.0,71.0,7713.55,140.0,2171.89,0.0,0.0,0.0,1.0,0.0,0.0,0.0,1.0,0.0,0.0,1.0,0.0,1.0,0.0,0.0,0.0,1.0,0.0,0.0,0
37.0,0.0,17.89,3383.0,1.0,0.0,0.0,0.0,19.2,0.0,3.0,0.0,0.0,0.0,1.0,0.0,1.0,0.0,0.0,3.0,0.0,0.0,0.0,0.0,1.0,19.2,0.0,17.89,0.0,0.0,0.0,1.0,0.0,0.0,0.0,1.0,0.0,0.0,1.0,0.0,1.0,0.0,0.0,0.0,0.0,1.0,0.0,0
75.0,3.0,29.6,5182.0,0.0,1.0,1.0,0.0,100.15,1.0,0.0,0.0,0.0,0.0,1.0,0.0,1.0,0.0,0.0,4.0,1.0,1.0,0.0,1.0,55.0,5409.75,0.0,1628.0,0.0,0.0,1.0,0.0,1.0,0.0,1.0,0.0,0.0,0.0,1.0,0.0,1.0,0.0,0.0,0.0,1.0,0.0,0.0,0
47.0,11.0,4.02,4895.0,0.0,0.0,1.0,0.0,42.9,0.0,0.0,0.0,0.0,0.0,1.0,0.0,1.0,0.0,0.0,1.0,0.0,0.0,0.0,0.0,1.0,42.9,0.0,4.02,0.0,0.0,1.0,1.0,0.0,0.0,0.0,1.0,1.0,0.0,0.0,0.0,0.0,0.0,0.0,1.0,1.0,0.0,0.0,1
52.0,0.0,25.92,5994.0,0.0,0.0,0.0,0.0,20.35,0.0,0.0,0.0,0.0,0.0,0.0,0.0,1.0,0.0,0.0,3.0,0.0,0.0,0.0,0.0,2.0,45.3,0.0,51.84,0.0,0.0,0.0,1.0,0.0,0.0,1.0,0.0,0.0,0.0,1.0,0.0,1.0,0.0,0.0,0.0,0.0,1.0,0.0,0
29.0,0.0,27.16,5265.0,1.0,0.0,0.0,1.0,20.3,0.0,1.0,9.0,0.0,0.0,0.0,1.0,1.0,0.0,1.0,3.0,0.0,0.0,0.0,0.0,72.0,1401.15,0.0,1955.52,0.0,1.0,0.0,0.0,0.0,1.0,0.0,1.0,0.0,0.0,1.0,1.0,0.0,0.0,0.0,0.0,1.0,0.0,0.0,0
53.0,3.0,1.15,5656.0,0.0,0.0,1.0,0.0,90.1,1.0,0.0,0.0,1.0,0.0,1.0,0.0,1.0,0.0,0.0,1.0,0.0,0.0,0.0,1.0,6.0,521.3,0.0,6.9,0.0,0.0,1.0,1.0,0.0,0.0,1.0,0.0,0.0,0.0,1.0,0.0,1.0,0.0,0.0,0.0,1.0,0.0,0.0,1
42.0,2.0,34.98,5827.0,0.0,0.0,1.0,0.0,65.4,0.0,0.0,0.0,0.0,1.0,0.0,0.0,1.0,1.0,0.0,3.0,0.0,0.0,0.0,1.0,44.0,2774.55,0.0,1539.12,0.0,0.0,1.0,0.0,1.0,0.0,0.0,1.0,1.0,0.0,0.0,0.0,1.0,0.0,0.0,0.0,1.0,0.0,0.0,0
28.0,69.0,39.35,5481.0,0.0,0.0,1.0,0.0,55.25,1.0,0.0,0.0,1.0,0.0,1.0,0.0,1.0,0.0,0.0,4.0,0.0,0.0,0.0,0.0,29.0,1620.2,0.0,1141.15,0.0,1.0,1.0,0.0,1.0,0.0,1.0,0.0,0.0,1.0,0.0,0.0,1.0,0.0,0.0,0.0,1.0,0.0,0.0,0
53.0,6.0,0.0,5265.0,0.0,1.0,1.0,1.0,64.45,0.0,0.0,0.0,1.0,1.0,0.0,1.0,0.0,1.0,0.0,4.0,0.0,1.0,1.0,1.0,72.0,4528.0,0.0,0.0,0.0,0.0,1.0,0.0,0.0,1.0,1.0,0.0,0.0,1.0,0.0,1.0,0.0,0.0,0.0,0.0,1.0,0.0,0.0,0
47.0,11.0,6.71,5393.0,0.0,1.0,1.0,0.0,95.1,1.0,0.0,0.0,1.0,0.0,1.0,0.0,1.0,0.0,0.0,3.0,0.0,1.0,1.0,0.0,38.0,3691.2,0.0,254.98,0.0,0.0,1.0,1.0,0.0,0.0,0.0,1.0,0.0,0.0,1.0,0.0,0.0,1.0,0.0,0.0,0.0,1.0,0.0,0
30.0,52.0,25.39,4212.0,0.0,1.0,1.0,0.0,54.35,1.0,0.0,0.0,0.0,0.0,0.0,0.0,1.0,0.0,0.0,3.0,0.0,0.0,0.0,0.0,1.0,54.35,0.0,25.39,0.0,0.0,1.0,1.0,0.0,0.0,0.0,1.0,0.0,1.0,0.0,0.0,0.0,0.0,0.0,1.0,1.0,0.0,0.0,1
70.0,24.0,24.13,5651.0,0.0,0.0,1.0,1.0,89.6,1.0,0.0,1.0,1.0,0.0,1.0,1.0,1.0,0.0,1.0,1.0,1.0,1.0,0.0,0.0,68.0,6127.6,0.0,1640.84,0.0,0.0,1.0,1.0,0.0,0.0,1.0,0.0,0.0,0.0,1.0,1.0,0.0,0.0,0.0,0.0,1.0,0.0,0.0,1
26.0,0.0,22.54,4402.0,0.0,0.0,0.0,0.0,19.4,0.0,0.0,0.0,0.0,0.0,0.0,0.0,1.0,0.0,0.0,5.0,0.0,0.0,0.0,0.0,4.0,93.4,0.0,90.16,0.0,1.0,0.0,1.0,0.0,0.0,0.0,1.0,0.0,0.0,1.0,0.0,1.0,0.0,0.0,0.0,0.0,1.0,0.0,0
40.0,15.0,0.0,4831.0,0.0,0.0,1.0,0.0,25.25,0.0,0.0,0.0,0.0,0.0,0.0,0.0,0.0,0.0,0.0,5.0,0.0,0.0,0.0,0.0,1.0,25.25,10.0,0.0,0.0,0.0,0.0,1.0,0.0,0.0,1.0,0.0,0.0,1.0,0.0,0.0,0.0,0.0,0.0,1.0,1.0,0.0,0.0,0
73.0,3.0,2.12,3318.0,0.0,1.0,1.0,1.0,100.8,1.0,0.0,4.0,0.0,0.0,1.0,1.0,1.0,0.0,1.0,5.0,1.0,1.0,0.0,1.0,35.0,3437.5,0.0,74.2,0.0,0.0,1.0,0.0,1.0,0.0,0.0,1.0,0.0,0.0,1.0,0.0,1.0,0.0,0.0,0.0,1.0,0.0,0.0,0
44.0,11.0,22.75,3265.0,0.0,0.0,1.0,0.0,68.9,1.0,0.0,0.0,1.0,0.0,1.0,0.0,1.0,1.0,0.0,5.0,0.0,1.0,1.0,0.0,20.0,1370.35,0.0,455.0,0.0,0.0,1.0,1.0,0.0,0.0,1.0,0.0,1.0,0.0,0.0,0.0,1.0,0.0,0.0,0.0,0.0,1.0,0.0,0
54.0,9.0,42.95,4427.0,0.0,0.0,1.0,0.0,44.3,0.0,0.0,0.0,0.0,0.0,1.0,0.0,1.0,0.0,0.0,5.0,0.0,0.0,0.0,0.0,1.0,44.3,0.0,42.95,0.0,0.0,1.0,1.0,0.0,0.0,0.0,1.0,0.0,1.0,0.0,0.0,0.0,0.0,0.0,1.0,0.0,1.0,0.0,0
60.0,0.0,18.64,3828.0,1.0,0.0,0.0,1.0,20.2,0.0,2.0,6.0,0.0,0.0,0.0,1.0,1.0,0.0,1.0,5.0,0.0,0.0,0.0,0.0,48.0,1027.25,0.0,894.72,0.0,0.0,0.0,0.0,0.0,1.0,1.0,0.0,0.0,0.0,1.0,0.0,1.0,0.0,0.0,0.0,1.0,0.0,0.0,0
40.0,24.0,25.93,3962.0,0.0,1.0,1.0,0.0,83.9,0.0,0.0,0.0,0.0,0.0,0.0,0.0,1.0,0.0,0.0,1.0,0.0,1.0,1.0,0.0,6.0,497.55,0.0,155.58,0.0,0.0,1.0,1.0,0.0,0.0,1.0,0.0,0.0,0.0,1.0,0.0,1.0,0.0,0.0,0.0,1.0,0.0,0.0,1
37.0,15.0,2.96,2919.0,0.0,0.0,1.0,0.0,73.25,1.0,0.0,0.0,0.0,0.0,1.0,0.0,1.0,0.0,0.0,1.0,0.0,0.0,0.0,0.0,2.0,131.05,0.0,5.92,0.0,0.0,1.0,1.0,0.0,0.0,0.0,1.0,0.0,0.0,1.0,0.0,1.0,0.0,0.0,0.0,0.0,1.0,0.0,1
57.0,0.0,3.18,4871.0,0.0,0.0,0.0,0.0,19.55,0.0,0.0,0.0,0.0,0.0,0.0,0.0,1.0,0.0,0.0,5.0,0.0,0.0,0.0,0.0,43.0,876.15,0.0,136.74,15.17,0.0,0.0,0.0,0.0,1.0,0.0,1.0,0.0,0.0,1.0,0.0,1.0,0.0,0.0,0.0,0.0,1.0,0.0,0
54.0,0.0,37.67,5137.0,1.0,0.0,0.0,1.0,24.15,1.0,2.0,1.0,0.0,0.0,0.0,1.0,1.0,0.0,1.0,4.0,0.0,0.0,0.0,0.0,56.0,1402.25,0.0,2109.52,29.41,0.0,0.0,0.0,0.0,1.0,0.0,1.0,0.0,0.0,1.0,0.0,1.0,0.0,0.0,0.0,1.0,0.0,0.0,0
55.0,4.0,5.27,2241.0,0.0,0.0,1.0,0.0,95.9,0.0,0.0,0.0,1.0,0.0,1.0,0.0,1.0,0.0,0.0,1.0,0.0,1.0,1.0,1.0,25.0,2448.75,0.0,131.75,0.0,0.0,1.0,1.0,0.0,0.0,0.0,1.0,0.0,0.0,1.0,0.0,1.0,0.0,0.0,0.0,1.0,0.0,0.0,1
66.0,30.0,15.78,5165.0,0.0,0.0,1.0,1.0,74.95,1.0,0.0,5.0,0.0,0.0,1.0,1.0,1.0,0.0,1.0,1.0,1.0,0.0,0.0,0.0,38.0,2869.85,0.0,599.64,0.0,0.0,1.0,1.0,0.0,0.0,1.0,0.0,0.0,0.0,1.0,0.0,1.0,0.0,0.0,0.0,1.0,0.0,0.0,1
42.0,27.0,37.2,4283.0,0.0,1.0,1.0,1.0,103.95,1.0,0.0,1.0,1.0,0.0,1.0,1.0,1.0,0.0,1.0,2.0,0.0,1.0,1.0,1.0,69.0,7446.9,0.0,2566.8,0.0,0.0,1.0,1.0,0.0,0.0,1.0,0.0,0.0,0.0,1.0,0.0,1.0,0.0,0.0,0.0,1.0,0.0,0.0,1
41.0,0.0,23.16,2959.0,0.0,0.0,0.0,0.0,20.25,0.0,0.0,0.0,0.0,0.0,0.0,0.0,1.0,0.0,0.0,1.0,0.0,0.0,0.0,0.0,1.0,20.25,0.0,23.16,0.0,0.0,0.0,1.0,0.0,0.0,0.0,1.0,0.0,0.0,1.0,0.0,0.0,0.0,0.0,1.0,0.0,0.0,1.0,1
31.0,19.0,26.62,5392.0,1.0,0.0,1.0,0.0,64.95,1.0,1.0,0.0,1.0,1.0,0.0,0.0,1.0,1.0,0.0,4.0,0.0,0.0,0.0,0.0,70.0,4551.5,0.0,1863.4,20.87,0.0,1.0,0.0,1.0,0.0,0.0,1.0,1.0,0.0,0.0,0.0,1.0,0.0,0.0,0.0,1.0,0.0,0.0,0
68.0,25.0,38.5,5129.0,0.0,0.0,1.0,1.0,90.85,1.0,0.0,10.0,0.0,1.0,1.0,1.0,1.0,0.0,1.0,4.0,1.0,1.0,1.0,0.0,70.0,6470.1,0.0,2695.0,0.0,0.0,1.0,0.0,0.0,1.0,1.0,0.0,0.0,0.0,1.0,0.0,1.0,0.0,0.0,0.0,1.0,0.0,0.0,0
75.0,10.0,35.07,5342.0,0.0,0.0,1.0,0.0,74.3,1.0,0.0,0.0,0.0,0.0,1.0,0.0,1.0,0.0,0.0,3.0,1.0,0.0,0.0,0.0,14.0,1096.25,0.0,490.98,0.0,0.0,1.0,1.0,0.0,0.0,1.0,0.0,0.0,0.0,1.0,0.0,1.0,0.0,0.0,0.0,1.0,0.0,0.0,1
27.0,42.0,39.84,4020.0,0.0,1.0,1.0,0.0,54.75,0.0,0.0,0.0,1.0,0.0,1.0,0.0,1.0,0.0,0.0,4.0,0.0,0.0,0.0,0.0,26.0,1406.9,0.0,1035.84,0.0,1.0,1.0,1.0,0.0,0.0,1.0,0.0,1.0,0.0,0.0,0.0,1.0,0.0,0.0,0.0,0.0,1.0,0.0,0
36.0,0.0,20.56,5335.0,1.0,0.0,0.0,1.0,24.45,1.0,1.0,4.0,0.0,0.0,0.0,1.0,1.0,0.0,1.0,3.0,0.0,0.0,0.0,0.0,72.0,1709.1,0.0,1480.32,0.0,0.0,0.0,0.0,0.0,1.0,1.0,0.0,0.0,0.0,1.0,1.0,0.0,0.0,0.0,0.0,1.0,0.0,0.0,0
52.0,0.0,43.52,4125.0,1.0,0.0,0.0,1.0,19.55,0.0,2.0,4.0,0.0,0.0,0.0,1.0,1.0,0.0,1.0,4.0,0.0,0.0,0.0,0.0,58.0,1079.65,0.0,2524.16,0.0,0.0,0.0,0.0,0.0,1.0,1.0,0.0,0.0,0.0,1.0,0.0,1.0,0.0,0.0,0.0,0.0,1.0,0.0,0
24.0,73.0,39.92,2165.0,0.0,0.0,1.0,0.0,80.0,0.0,0.0,0.0,0.0,0.0,1.0,0.0,1.0,0.0,0.0,4.0,0.0,0.0,0.0,1.0,8.0,624.6,0.0,319.36,0.0,1.0,1.0,1.0,0.0,0.0,1.0,0.0,0.0,0.0,1.0,0.0,1.0,0.0,0.0,0.0,1.0,0.0,0.0,0
52.0,20.0,40.48,4666.0,1.0,1.0,1.0,1.0,79.4,1.0,2.0,3.0,1.0,1.0,1.0,1.0,1.0,1.0,1.0,3.0,0.0,1.0,1.0,0.0,61.0,4820.55,0.0,2469.28,0.0,0.0,1.0,0.0,1.0,0.0,1.0,0.0,0.0,1.0,0.0,0.0,1.0,0.0,0.0,0.0,1.0,0.0,0.0,0
33.0,7.0,21.03,4423.0,0.0,0.0,1.0,0.0,54.25,1.0,0.0,0.0,1.0,0.0,1.0,0.0,1.0,0.0,0.0,5.0,0.0,0.0,0.0,0.0,14.0,773.2,0.0,294.42,0.0,0.0,1.0,0.0,1.0,0.0,1.0,0.0,0.0,1.0,0.0,0.0,0.0,0.0,1.0,0.0,0.0,0.0,1.0,0
19.0,71.0,0.0,2564.0,1.0,1.0,1.0,1.0,40.65,0.0,3.0,5.0,0.0,1.0,0.0,1.0,0.0,1.0,1.0,4.0,0.0,0.0,0.0,0.0,36.0,1547.35,0.0,0.0,0.0,1.0,1.0,0.0,0.0,1.0,1.0,0.0,1.0,0.0,0.0,0.0,1.0,0.0,0.0,0.0,0.0,1.0,0.0,0
53.0,30.0,0.0,5638.0,0.0,1.0,1.0,1.0,53.15,0.0,0.0,5.0,0.0,1.0,0.0,1.0,0.0,0.0,1.0,3.0,0.0,1.0,1.0,1.0,35.0,1930.9,0.0,0.0,0.0,0.0,1.0,0.0,1.0,0.0,0.0,1.0,0.0,1.0,0.0,0.0,1.0,0.0,0.0,0.0,0.0,1.0,0.0,0
19.0,26.0,38.65,5457.0,0.0,0.0,1.0,0.0,44.4,0.0,0.0,0.0,0.0,0.0,1.0,0.0,1.0,0.0,0.0,4.0,0.0,0.0,0.0,0.0,9.0,348.15,0.0,347.85,0.0,1.0,1.0,1.0,0.0,0.0,0.0,1.0,0.0,1.0,0.0,0.0,0.0,0.0,0.0,1.0,0.0,1.0,0.0,0
59.0,21.0,8.83,4893.0,0.0,0.0,1.0,1.0,106.55,1.0,0.0,2.0,1.0,1.0,0.0,1.0,1.0,0.0,1.0,1.0,0.0,1.0,1.0,1.0,54.0,5763.3,0.0,476.82,0.0,0.0,1.0,0.0,1.0,0.0,1.0,0.0,0.0,0.0,1.0,0.0,1.0,0.0,0.0,0.0,1.0,0.0,0.0,1
74.0,10.0,11.91,5768.0,0.0,0.0,1.0,1.0,105.6,1.0,0.0,3.0,1.0,1.0,1.0,1.0,1.0,0.0,1.0,3.0,1.0,1.0,1.0,1.0,67.0,7112.15,0.0,797.97,0.0,0.0,1.0,0.0,1.0,0.0,1.0,0.0,0.0,0.0,1.0,0.0,1.0,0.0,0.0,0.0,1.0,0.0,0.0,0
27.0,59.0,36.08,5542.0,1.0,1.0,1.0,1.0,93.65,1.0,2.0,7.0,1.0,0.0,1.0,1.0,1.0,0.0,1.0,3.0,0.0,0.0,0.0,1.0,49.0,4520.15,0.0,1767.92,33.13,1.0,1.0,0.0,1.0,0.0,0.0,1.0,0.0,0.0,1.0,0.0,1.0,0.0,0.0,0.0,1.0,0.0,0.0,0
55.0,4.0,31.92,3314.0,0.0,1.0,1.0,0.0,90.4,0.0,0.0,0.0,0.0,0.0,1.0,0.0,1.0,1.0,0.0,3.0,0.0,1.0,1.0,0.0,4.0,356.65,0.0,127.68,0.0,0.0,1.0,1.0,0.0,0.0,0.0,1.0,0.0,0.0,1.0,0.0,1.0,0.0,0.0,0.0,1.0,0.0,0.0,0
63.0,28.0,27.7,5855.0,0.0,0.0,1.0,0.0,109.65,1.0,0.0,0.0,1.0,1.0,1.0,0.0,1.0,1.0,0.0,1.0,0.0,1.0,1.0,1.0,50.0,5551.15,0.0,1385.0,0.0,0.0,1.0,0.0,0.0,1.0,1.0,0.0,0.0,0.0,1.0,0.0,1.0,0.0,0.0,0.0,1.0,0.0,0.0,1
72.0,12.0,35.0,5626.0,0.0,1.0,1.0,0.0,99.85,0.0,0.0,0.0,1.0,0.0,1.0,0.0,1.0,0.0,0.0,5.0,1.0,1.0,0.0,1.0,34.0,3343.15,0.0,1190.0,0.0,0.0,1.0,0.0,1.0,0.0,0.0,1.0,0.0,0.0,1.0,0.0,1.0,0.0,0.0,0.0,1.0,0.0,0.0,0
53.0,0.0,2.68,4406.0,1.0,0.0,0.0,1.0,19.6,0.0,3.0,9.0,0.0,0.0,0.0,1.0,1.0,0.0,1.0,3.0,0.0,0.0,0.0,0.0,9.0,197.4,0.0,24.12,0.0,0.0,0.0,0.0,0.0,1.0,0.0,1.0,0.0,0.0,1.0,0.0,0.0,0.0,0.0,1.0,0.0,0.0,1.0,0
40.0,0.0,15.91,3944.0,1.0,0.0,0.0,1.0,19.75,0.0,3.0,6.0,0.0,0.0,0.0,1.0,1.0,0.0,1.0,3.0,0.0,0.0,0.0,0.0,39.0,757.95,0.0,620.49,0.0,0.0,0.0,0.0,0.0,1.0,1.0,0.0,0.0,0.0,1.0,0.0,0.0,1.0,0.0,0.0,0.0,1.0,0.0,0
56.0,21.0,6.47,2699.0,0.0,0.0,1.0,0.0,45.15,0.0,0.0,0.0,0.0,0.0,1.0,0.0,1.0,0.0,0.0,2.0,0.0,0.0,0.0,0.0,2.0,98.5,0.0,12.94,0.0,0.0,1.0,1.0,0.0,0.0,0.0,1.0,0.0,1.0,0.0,0.0,0.0,0.0,0.0,1.0,1.0,0.0,0.0,1
74.0,23.0,39.63,4038.0,0.0,0.0,1.0,0.0,79.75,0.0,0.0,0.0,0.0,0.0,1.0,0.0,1.0,0.0,0.0,3.0,1.0,1.0,0.0,0.0,2.0,159.4,10.0,79.26,0.0,0.0,0.0,1.0,0.0,0.0,1.0,0.0,0.0,0.0,1.0,0.0,0.0,0.0,0.0,1.0,1.0,0.0,0.0,1
47.0,19.0,27.25,5534.0,0.0,0.0,1.0,1.0,105.5,0.0,0.0,8.0,1.0,1.0,0.0,1.0,1.0,1.0,1.0,3.0,0.0,1.0,1.0,1.0,72.0,7611.55,0.0,1962.0,0.0,0.0,1.0,0.0,0.0,1.0,0.0,1.0,0.0,0.0,1.0,1.0,0.0,0.0,0.0,0.0,1.0,0.0,0.0,0
29.0,27.0,6.67,4091.0,0.0,0.0,1.0,0.0,95.6,0.0,0.0,0.0,0.0,1.0,1.0,0.0,1.0,0.0,0.0,2.0,0.0,1.0,1.0,1.0,1.0,95.6,0.0,6.67,0.0,1.0,1.0,1.0,0.0,0.0,1.0,0.0,0.0,0.0,1.0,0.0,1.0,0.0,0.0,0.0,1.0,0.0,0.0,1
27.0,47.0,1.03,4868.0,0.0,0.0,1.0,0.0,100.3,0.0,0.0,0.0,1.0,1.0,1.0,0.0,1.0,0.0,0.0,3.0,0.0,1.0,1.0,1.0,45.0,4483.95,0.0,46.35,0.0,1.0,1.0,0.0,1.0,0.0,1.0,0.0,0.0,0.0,1.0,0.0,1.0,0.0,0.0,0.0,1.0,0.0,0.0,0
46.0,0.0,36.76,4982.0,0.0,0.0,0.0,0.0,20.15,0.0,0.0,0.0,0.0,0.0,0.0,0.0,1.0,0.0,0.0,3.0,0.0,0.0,0.0,0.0,41.0,802.35,0.0,1507.16,29.95,0.0,0.0,0.0,0.0,1.0,0.0,1.0,0.0,0.0,1.0,0.0,1.0,0.0,0.0,0.0,0.0,1.0,0.0,0
60.0,13.0,15.03,3407.0,0.0,1.0,1.0,0.0,53.75,1.0,0.0,0.0,0.0,0.0,0.0,0.0,1.0,0.0,0.0,1.0,0.0,0.0,0.0,0.0,11.0,608.0,0.0,165.33,0.0,0.0,1.0,1.0,0.0,0.0,0.0,1.0,0.0,1.0,0.0,0.0,0.0,0.0,1.0,0.0,1.0,0.0,0.0,1
24.0,82.0,0.0,2873.0,0.0,1.0,1.0,1.0,49.85,0.0,0.0,10.0,0.0,0.0,1.0,1.0,0.0,0.0,1.0,3.0,0.0,1.0,1.0,1.0,12.0,617.15,0.0,0.0,0.0,1.0,1.0,1.0,0.0,0.0,1.0,0.0,1.0,0.0,0.0,0.0,0.0,0.0,1.0,0.0,1.0,0.0,0.0,0
51.0,19.0,46.7,5121.0,0.0,1.0,1.0,0.0,107.75,1.0,0.0,0.0,1.0,1.0,1.0,0.0,1.0,0.0,0.0,3.0,0.0,1.0,1.0,1.0,58.0,6332.75,0.0,2708.6,0.0,0.0,1.0,0.0,1.0,0.0,1.0,0.0,0.0,0.0,1.0,0.0,1.0,0.0,0.0,0.0,1.0,0.0,0.0,0
55.0,9.0,34.48,3238.0,0.0,0.0,1.0,0.0,43.95,0.0,0.0,0.0,0.0,0.0,0.0,0.0,1.0,0.0,0.0,3.0,0.0,0.0,0.0,0.0,1.0,43.95,0.0,34.48,0.0,0.0,1.0,1.0,0.0,0.0,1.0,0.0,1.0,0.0,0.0,0.0,0.0,0.0,0.0,1.0,0.0,1.0,0.0,1
24.0,42.0,43.02,2739.0,0.0,0.0,1.0,0.0,50.55,0.0,0.0,0.0,1.0,0.0,0.0,0.0,1.0,0.0,0.0,3.0,0.0,0.0,0.0,0.0,5.0,244.75,0.0,215.1,0.0,1.0,1.0,1.0,0.0,0.0,1.0,0.0,0.0,1.0,0.0,0.0,1.0,0.0,0.0,0.0,1.0,0.0,0.0,0
20.0,0.0,20.0,2269.0,1.0,0.0,0.0,1.0,19.35,0.0,3.0,5.0,0.0,0.0,0.0,1.0,1.0,0.0,1.0,5.0,0.0,0.0,0.0,0.0,18.0,309.25,0.0,360.0,0.0,1.0,0.0,0.0,0.0,1.0,1.0,0.0,0.0,0.0,1.0,0.0,1.0,0.0,0.0,0.0,0.0,1.0,0.0,0
28.0,0.0,38.73,5586.0,0.0,0.0,0.0,0.0,20.1,0.0,0.0,0.0,0.0,0.0,0.0,0.0,1.0,0.0,0.0,5.0,0.0,0.0,0.0,0.0,18.0,401.85,0.0,697.14,0.0,1.0,0.0,0.0,1.0,0.0,0.0,1.0,0.0,0.0,1.0,0.0,0.0,0.0,1.0,0.0,0.0,1.0,0.0,0
51.0,10.0,0.0,4359.0,0.0,1.0,1.0,1.0,48.75,0.0,0.0,1.0,0.0,0.0,1.0,1.0,0.0,0.0,1.0,2.0,0.0,1.0,1.0,1.0,9.0,442.2,10.0,0.0,0.0,0.0,0.0,1.0,0.0,0.0,1.0,0.0,0.0,1.0,0.0,0.0,1.0,0.0,0.0,0.0,1.0,0.0,0.0,1
32.0,27.0,47.83,6437.0,0.0,1.0,1.0,1.0,111.9,1.0,0.0,1.0,0.0,1.0,1.0,1.0,1.0,1.0,1.0,3.0,0.0,1.0,1.0,1.0,72.0,8071.05,0.0,3443.76,0.0,0.0,1.0,0.0,0.0,1.0,0.0,1.0,0.0,0.0,1.0,0.0,1.0,0.0,0.0,0.0,0.0,1.0,0.0,0
23.0,51.0,13.54,3273.0,0.0,1.0,1.0,1.0,50.15,0.0,0.0,1.0,0.0,0.0,1.0,1.0,1.0,0.0,1.0,1.0,0.0,0.0,0.0,0.0,3.0,168.15,0.0,40.62,0.0,1.0,1.0,1.0,0.0,0.0,0.0,1.0,1.0,0.0,0.0,0.0,1.0,0.0,0.0,0.0,1.0,0.0,0.0,1
64.0,12.0,3.18,4022.0,1.0,1.0,1.0,1.0,85.45,0.0,2.0,6.0,0.0,0.0,0.0,1.0,1.0,0.0,1.0,3.0,0.0,0.0,0.0,1.0,28.0,2289.9,0.0,89.04,0.0,0.0,1.0,1.0,0.0,0.0,0.0,1.0,0.0,0.0,1.0,0.0,1.0,0.0,0.0,0.0,1.0,0.0,0.0,0
55.0,0.0,32.13,4642.0,0.0,0.0,0.0,1.0,24.75,1.0,0.0,3.0,0.0,0.0,0.0,1.0,1.0,0.0,1.0,3.0,0.0,0.0,0.0,0.0,71.0,1836.9,0.0,2281.23,0.0,0.0,0.0,0.0,0.0,1.0,1.0,0.0,0.0,0.0,1.0,0.0,1.0,0.0,0.0,0.0,1.0,0.0,0.0,0
24.0,0.0,25.91,4559.0,0.0,0.0,0.0,0.0,19.45,0.0,0.0,0.0,0.0,0.0,0.0,0.0,1.0,0.0,0.0,4.0,0.0,0.0,0.0,0.0,61.0,1336.35,0.0,1580.51,0.0,1.0,0.0,0.0,1.0,0.0,1.0,0.0,0.0,0.0,1.0,0.0,1.0,0.0,0.0,0.0,1.0,0.0,0.0,0
39.0,5.0,25.77,3178.0,0.0,0.0,1.0,0.0,49.05,0.0,0.0,0.0,0.0,0.0,0.0,0.0,1.0,1.0,0.0,3.0,0.0,0.0,0.0,0.0,1.0,49.05,0.0,25.77,0.0,0.0,1.0,1.0,0.0,0.0,0.0,1.0,1.0,0.0,0.0,0.0,1.0,0.0,0.0,0.0,0.0,1.0,0.0,0
36.0,25.0,23.24,4793.0,0.0,1.0,1.0,1.0,89.1,1.0,0.0,1.0,0.0,0.0,1.0,1.0,1.0,0.0,1.0,1.0,0.0,1.0,1.0,0.0,25.0,2368.4,0.0,581.0,0.0,0.0,1.0,1.0,0.0,0.0,1.0,0.0,0.0,0.0,1.0,0.0,1.0,0.0,0.0,0.0,1.0,0.0,0.0,1
50.0,12.0,13.69,2886.0,0.0,0.0,1.0,0.0,91.25,0.0,0.0,0.0,1.0,0.0,1.0,0.0,1.0,1.0,0.0,5.0,0.0,0.0,0.0,1.0,28.0,2483.65,0.0,383.32,0.0,0.0,1.0,0.0,1.0,0.0,0.0,1.0,0.0,0.0,1.0,0.0,0.0,1.0,0.0,0.0,1.0,0.0,0.0,0
24.0,0.0,23.03,2768.0,0.0,0.0,0.0,0.0,20.3,0.0,0.0,0.0,0.0,0.0,0.0,0.0,1.0,0.0,0.0,4.0,0.0,0.0,0.0,0.0,22.0,467.15,0.0,506.66,0.0,1.0,0.0,0.0,1.0,0.0,0.0,1.0,0.0,0.0,1.0,0.0,0.0,0.0,1.0,0.0,0.0,1.0,0.0,0
33.0,28.0,9.21,4616.0,0.0,0.0,1.0,0.0,90.45,1.0,0.0,0.0,1.0,0.0,0.0,0.0,1.0,0.0,0.0,3.0,0.0,1.0,1.0,0.0,63.0,5825.5,100.0,580.23,0.0,0.0,0.0,0.0,1.0,0.0,0.0,1.0,0.0,0.0,1.0,0.0,1.0,0.0,0.0,0.0,0.0,1.0,0.0,0
58.0,23.0,5.92,6339.0,0.0,1.0,1.0,0.0,83.8,0.0,0.0,0.0,0.0,0.0,1.0,0.0,1.0,0.0,0.0,3.0,0.0,1.0,1.0,0.0,52.0,4331.4,70.0,307.84,0.0,0.0,0.0,1.0,0.0,0.0,0.0,1.0,0.0,0.0,1.0,0.0,1.0,0.0,0.0,0.0,0.0,1.0,0.0,0
64.0,17.0,32.87,5830.0,0.0,0.0,1.0,0.0,95.15,1.0,0.0,0.0,1.0,1.0,1.0,0.0,1.0,0.0,0.0,3.0,0.0,1.0,1.0,0.0,19.0,1789.25,120.0,624.53,0.0,0.0,0.0,1.0,0.0,0.0,1.0,0.0,0.0,0.0,1.0,0.0,0.0,0.0,1.0,0.0,1.0,0.0,0.0,1
62.0,0.0,11.86,3612.0,0.0,0.0,0.0,0.0,24.7,1.0,0.0,0.0,0.0,0.0,0.0,0.0,1.0,0.0,0.0,5.0,0.0,0.0,0.0,0.0,19.0,465.85,0.0,225.34,1.65,0.0,0.0,1.0,0.0,0.0,1.0,0.0,0.0,0.0,1.0,0.0,1.0,0.0,0.0,0.0,1.0,0.0,0.0,0
64.0,29.0,4.71,4374.0,0.0,1.0,1.0,1.0,64.05,0.0,0.0,10.0,1.0,1.0,0.0,1.0,1.0,1.0,1.0,4.0,0.0,0.0,0.0,0.0,71.0,4492.9,0.0,334.41,0.0,0.0,1.0,0.0,0.0,1.0,1.0,0.0,0.0,1.0,0.0,0.0,1.0,0.0,0.0,0.0,0.0,1.0,0.0,0
36.0,22.0,12.84,4116.0,1.0,1.0,1.0,1.0,83.6,1.0,1.0,4.0,1.0,1.0,1.0,1.0,1.0,0.0,1.0,3.0,0.0,1.0,1.0,1.0,72.0,5959.3,0.0,924.48,0.0,0.0,1.0,0.0,0.0,1.0,1.0,0.0,0.0,1.0,0.0,0.0,1.0,0.0,0.0,0.0,0.0,1.0,0.0,0
34.0,75.0,0.0,3303.0,1.0,1.0,1.0,1.0,52.5,0.0,3.0,1.0,1.0,1.0,1.0,1.0,0.0,1.0,1.0,3.0,0.0,1.0,1.0,0.0,24.0,1208.15,0.0,0.0,0.0,0.0,1.0,0.0,0.0,1.0,1.0,0.0,0.0,1.0,0.0,0.0,0.0,1.0,0.0,0.0,0.0,1.0,0.0,0
52.0,0.0,3.14,4152.0,0.0,0.0,0.0,0.0,19.4,0.0,0.0,0.0,0.0,0.0,0.0,0.0,1.0,0.0,0.0,2.0,0.0,0.0,0.0,0.0,1.0,19.4,0.0,3.14,0.0,0.0,0.0,1.0,0.0,0.0,0.0,1.0,0.0,0.0,1.0,0.0,1.0,0.0,0.0,0.0,0.0,0.0,1.0,1
59.0,0.0,12.55,4272.0,1.0,0.0,0.0,1.0,20.25,0.0,3.0,10.0,0.0,0.0,0.0,1.0,1.0,0.0,1.0,5.0,0.0,0.0,0.0,0.0,9.0,172.35,0.0,112.95,0.0,0.0,0.0,0.0,1.0,0.0,1.0,0.0,0.0,0.0,1.0,0.0,1.0,0.0,0.0,0.0,0.0,1.0,0.0,0
34.0,17.0,39.6,3113.0,1.0,0.0,1.0,0.0,49.9,0.0,1.0,0.0,0.0,0.0,1.0,0.0,1.0,1.0,0.0,2.0,0.0,0.0,0.0,0.0,1.0,49.9,0.0,39.6,0.0,0.0,1.0,1.0,0.0,0.0,0.0,1.0,0.0,1.0,0.0,0.0,1.0,0.0,0.0,0.0,0.0,0.0,1.0,1
33.0,29.0,15.02,2270.0,0.0,0.0,1.0,1.0,75.15,1.0,0.0,1.0,0.0,0.0,1.0,1.0,1.0,0.0,1.0,2.0,0.0,0.0,0.0,0.0,3.0,216.75,0.0,45.06,0.0,0.0,1.0,1.0,0.0,0.0,1.0,0.0,0.0,0.0,1.0,0.0,1.0,0.0,0.0,0.0,0.0,1.0,0.0,1
69.0,14.0,18.58,5232.0,0.0,0.0,1.0,0.0,90.05,1.0,0.0,0.0,1.0,0.0,1.0,0.0,1.0,0.0,0.0,5.0,1.0,1.0,0.0,0.0,54.0,4931.8,0.0,1003.32,0.0,0.0,1.0,0.0,0.0,1.0,0.0,1.0,0.0,0.0,1.0,0.0,1.0,0.0,0.0,0.0,1.0,0.0,0.0,0
54.0,27.0,15.9,5913.0,0.0,0.0,1.0,0.0,43.85,0.0,0.0,0.0,0.0,0.0,1.0,0.0,1.0,0.0,0.0,4.0,0.0,0.0,0.0,0.0,1.0,43.85,10.0,15.9,0.0,0.0,0.0,1.0,0.0,0.0,0.0,1.0,1.0,0.0,0.0,0.0,1.0,0.0,0.0,0.0,1.0,0.0,0.0,0
39.0,0.0,22.31,3799.0,0.0,0.0,0.0,0.0,19.45,0.0,0.0,0.0,0.0,0.0,0.0,0.0,1.0,0.0,0.0,5.0,0.0,0.0,0.0,0.0,13.0,270.2,0.0,290.03,0.0,0.0,0.0,0.0,1.0,0.0,0.0,1.0,0.0,0.0,1.0,0.0,0.0,0.0,1.0,0.0,0.0,0.0,1.0,0
52.0,8.0,28.86,5152.0,0.0,1.0,1.0,1.0,99.15,1.0,0.0,1.0,1.0,1.0,1.0,1.0,1.0,0.0,1.0,3.0,0.0,1.0,1.0,0.0,72.0,7422.1,0.0,2077.92,0.0,0.0,1.0,0.0,0.0,1.0,0.0,1.0,0.0,0.0,1.0,0.0,1.0,0.0,0.0,0.0,1.0,0.0,0.0,0
62.0,9.0,12.06,2026.0,0.0,1.0,1.0,1.0,90.2,1.0,0.0,1.0,1.0,1.0,0.0,1.0,1.0,0.0,1.0,1.0,0.0,0.0,0.0,0.0,17.0,1454.15,0.0,205.02,0.0,0.0,1.0,1.0,0.0,0.0,0.0,1.0,0.0,0.0,1.0,0.0,0.0,0.0,1.0,0.0,0.0,1.0,0.0,1
36.0,17.0,10.41,3571.0,0.0,0.0,1.0,0.0,45.7,0.0,0.0,0.0,0.0,0.0,1.0,0.0,1.0,0.0,0.0,3.0,0.0,0.0,0.0,0.0,1.0,45.7,0.0,10.41,0.0,0.0,1.0,1.0,0.0,0.0,0.0,1.0,0.0,1.0,0.0,0.0,1.0,0.0,0.0,0.0,0.0,0.0,1.0,1
34.0,22.0,37.97,3971.0,1.0,0.0,1.0,1.0,54.3,0.0,1.0,6.0,0.0,1.0,0.0,1.0,1.0,1.0,1.0,4.0,0.0,0.0,0.0,0.0,25.0,1296.8,0.0,949.25,0.0,0.0,1.0,1.0,0.0,0.0,0.0,1.0,0.0,1.0,0.0,0.0,0.0,1.0,0.0,0.0,1.0,0.0,0.0,0
50.0,25.0,19.3,3469.0,0.0,0.0,1.0,0.0,75.6,1.0,0.0,0.0,0.0,0.0,0.0,0.0,1.0,0.0,0.0,3.0,0.0,0.0,0.0,0.0,5.0,402.5,10.0,96.5,0.0,0.0,0.0,1.0,0.0,0.0,1.0,0.0,0.0,0.0,1.0,0.0,1.0,0.0,0.0,0.0,1.0,0.0,0.0,0
20.0,69.0,32.29,5468.0,1.0,0.0,1.0,1.0,78.45,0.0,2.0,1.0,1.0,1.0,0.0,1.0,1.0,1.0,1.0,3.0,0.0,1.0,1.0,1.0,41.0,3126.45,0.0,1323.89,0.0,1.0,1.0,0.0,0.0,1.0,1.0,0.0,0.0,1.0,0.0,0.0,1.0,0.0,0.0,0.0,1.0,0.0,0.0,0
67.0,22.0,44.26,2364.0,0.0,1.0,1.0,1.0,90.7,1.0,0.0,1.0,0.0,0.0,1.0,1.0,1.0,0.0,1.0,3.0,1.0,0.0,0.0,1.0,31.0,2835.5,0.0,1372.06,0.0,0.0,1.0,0.0,1.0,0.0,1.0,0.0,0.0,0.0,1.0,0.0,1.0,0.0,0.0,0.0,1.0,0.0,0.0,0
24.0,0.0,27.75,5366.0,1.0,0.0,0.0,1.0,19.4,0.0,2.0,8.0,0.0,0.0,0.0,1.0,1.0,0.0,1.0,5.0,0.0,0.0,0.0,0.0,55.0,1083.0,0.0,1526.25,0.0,1.0,0.0,0.0,0.0,1.0,1.0,0.0,0.0,0.0,1.0,0.0,1.0,0.0,0.0,0.0,0.0,1.0,0.0,0
80.0,4.0,0.0,5600.0,0.0,1.0,1.0,1.0,50.0,0.0,0.0,1.0,1.0,0.0,1.0,1.0,0.0,1.0,1.0,3.0,1.0,0.0,0.0,1.0,33.0,1750.85,0.0,0.0,0.0,0.0,1.0,0.0,0.0,1.0,0.0,1.0,0.0,1.0,0.0,0.0,1.0,0.0,0.0,0.0,1.0,0.0,0.0,0
41.0,0.0,6.7,3181.0,1.0,0.0,0.0,1.0,24.3,1.0,3.0,6.0,0.0,0.0,1.0,1.0,1.0,0.0,1.0,5.0,0.0,0.0,0.0,0.0,5.0,132.25,0.0,33.5,0.0,0.0,0.0,1.0,0.0,0.0,1.0,0.0,0.0,0.0,1.0,0.0,1.0,0.0,0.0,0.0,0.0,1.0,0.0,0
67.0,12.0,45.76,5868.0,1.0,1.0,1.0,1.0,96.1,1.0,2.0,1.0,1.0,0.0,1.0,1.0,1.0,0.0,1.0,4.0,1.0,1.0,0.0,0.0,62.0,6019.35,150.0,2837.12,0.0,0.0,0.0,0.0,0.0,1.0,1.0,0.0,0.0,0.0,1.0,0.0,1.0,0.0,0.0,0.0,0.0,1.0,0.0,0
61.0,24.0,31.43,5014.0,0.0,0.0,1.0,1.0,44.25,0.0,0.0,4.0,0.0,0.0,1.0,1.0,1.0,0.0,1.0,5.0,0.0,0.0,0.0,0.0,7.0,313.45,0.0,220.01,0.0,0.0,0.0,1.0,0.0,0.0,1.0,0.0,0.0,1.0,0.0,0.0,1.0,0.0,0.0,0.0,0.0,1.0,0.0,0
32.0,16.0,11.04,2916.0,0.0,0.0,1.0,0.0,81.45,0.0,0.0,0.0,0.0,0.0,1.0,0.0,1.0,0.0,0.0,3.0,0.0,0.0,0.0,1.0,12.0,912.0,0.0,132.48,0.0,0.0,1.0,1.0,0.0,0.0,0.0,1.0,0.0,0.0,1.0,0.0,1.0,0.0,0.0,0.0,1.0,0.0,0.0,0
32.0,19.0,27.7,2756.0,0.0,0.0,1.0,0.0,77.15,1.0,0.0,0.0,0.0,0.0,1.0,0.0,1.0,0.0,0.0,3.0,0.0,0.0,0.0,0.0,1.0,77.15,10.0,27.7,0.0,0.0,0.0,1.0,0.0,0.0,1.0,0.0,0.0,0.0,1.0,0.0,1.0,0.0,0.0,0.0,1.0,0.0,0.0,1
22.0,0.0,26.37,2716.0,0.0,0.0,0.0,0.0,19.2,0.0,0.0,0.0,0.0,0.0,0.0,0.0,1.0,0.0,0.0,4.0,0.0,0.0,0.0,0.0,1.0,19.2,0.0,26.37,0.0,1.0,0.0,1.0,0.0,0.0,0.0,1.0,0.0,0.0,1.0,0.0,1.0,0.0,0.0,0.0,1.0,0.0,0.0,0
69.0,0.0,22.19,4367.0,0.0,0.0,0.0,1.0,24.85,1.0,0.0,0.0,0.0,0.0,0.0,1.0,1.0,0.0,0.0,5.0,1.0,0.0,0.0,0.0,71.0,1901.0,0.0,1575.49,0.0,0.0,0.0,0.0,0.0,1.0,0.0,1.0,0.0,0.0,1.0,1.0,0.0,0.0,0.0,0.0,1.0,0.0,0.0,0
57.0,5.0,0.0,5375.0,0.0,0.0,1.0,1.0,51.8,0.0,0.0,2.0,1.0,0.0,1.0,1.0,0.0,0.0,1.0,2.0,0.0,1.0,1.0,1.0,49.0,2541.25,50.0,0.0,0.0,0.0,0.0,0.0,1.0,0.0,0.0,1.0,0.0,1.0,0.0,0.0,1.0,0.0,0.0,0.0,1.0,0.0,0.0,1
36.0,3.0,6.77,3475.0,0.0,0.0,1.0,1.0,54.7,0.0,0.0,2.0,1.0,1.0,0.0,1.0,1.0,0.0,1.0,4.0,0.0,0.0,0.0,0.0,4.0,235.05,0.0,27.08,0.0,0.0,1.0,1.0,0.0,0.0,1.0,0.0,1.0,0.0,0.0,0.0,1.0,0.0,0.0,0.0,0.0,1.0,0.0,0
61.0,0.0,33.13,2024.0,0.0,0.0,0.0,0.0,19.65,0.0,0.0,0.0,0.0,0.0,0.0,0.0,1.0,0.0,0.0,3.0,0.0,0.0,0.0,0.0,13.0,244.8,0.0,430.69,0.0,0.0,0.0,0.0,1.0,0.0,1.0,0.0,0.0,0.0,1.0,0.0,0.0,0.0,1.0,0.0,1.0,0.0,0.0,0
49.0,0.0,45.28,2403.0,0.0,0.0,0.0,1.0,20.05,0.0,0.0,10.0,0.0,0.0,1.0,1.0,1.0,0.0,1.0,5.0,0.0,0.0,0.0,0.0,26.0,505.9,0.0,1177.28,0.0,0.0,0.0,0.0,1.0,0.0,0.0,1.0,0.0,0.0,1.0,0.0,1.0,0.0,0.0,0.0,1.0,0.0,0.0,0
57.0,0.0,7.91,5972.0,0.0,0.0,0.0,1.0,20.85,0.0,0.0,5.0,0.0,0.0,1.0,1.0,1.0,0.0,1.0,5.0,0.0,0.0,0.0,0.0,67.0,1327.4,0.0,529.97,0.0,0.0,0.0,0.0,1.0,0.0,1.0,0.0,0.0,0.0,1.0,1.0,0.0,0.0,0.0,0.0,1.0,0.0,0.0,0
31.0,13.0,12.36,5137.0,0.0,0.0,1.0,0.0,100.2,1.0,0.0,0.0,1.0,0.0,0.0,0.0,1.0,0.0,0.0,3.0,0.0,1.0,1.0,1.0,28.0,2688.45,0.0,346.08,42.64,0.0,1.0,0.0,1.0,0.0,0.0,1.0,0.0,0.0,1.0,0.0,0.0,1.0,0.0,0.0,1.0,0.0,0.0,0
44.0,0.0,45.03,2823.0,0.0,0.0,0.0,0.0,19.3,0.0,0.0,0.0,0.0,0.0,0.0,0.0,1.0,0.0,0.0,4.0,0.0,0.0,0.0,0.0,13.0,259.65,0.0,585.39,35.28,0.0,0.0,0.0,1.0,0.0,0.0,1.0,0.0,0.0,1.0,0.0,0.0,0.0,1.0,0.0,0.0,1.0,0.0,0
35.0,53.0,41.93,5775.0,1.0,0.0,1.0,1.0,78.9,0.0,3.0,9.0,0.0,0.0,1.0,1.0,1.0,0.0,1.0,4.0,0.0,0.0,0.0,1.0,4.0,299.75,0.0,167.72,37.01,0.0,1.0,1.0,0.0,0.0,1.0,0.0,0.0,0.0,1.0,0.0,1.0,0.0,0.0,0.0,0.0,1.0,0.0,0
67.0,6.0,42.53,2939.0,0.0,0.0,1.0,0.0,69.95,0.0,0.0,0.0,0.0,0.0,1.0,0.0,1.0,0.0,0.0,3.0,1.0,0.0,0.0,0.0,8.0,562.7,0.0,340.24,0.0,0.0,1.0,0.0,0.0,1.0,0.0,1.0,0.0,0.0,1.0,0.0,1.0,0.0,0.0,0.0,0.0,1.0,0.0,0
50.0,19.0,12.49,2613.0,1.0,0.0,1.0,1.0,54.45,1.0,2.0,6.0,0.0,1.0,1.0,1.0,1.0,0.0,1.0,4.0,0.0,0.0,0.0,0.0,30.0,1588.7,0.0,374.7,0.0,0.0,1.0,1.0,0.0,0.0,0.0,1.0,0.0,1.0,0.0,0.0,1.0,0.0,0.0,0.0,1.0,0.0,0.0,0
22.0,42.0,15.77,4838.0,0.0,0.0,1.0,0.0,69.7,0.0,0.0,0.0,0.0,0.0,1.0,0.0,1.0,0.0,0.0,3.0,0.0,0.0,0.0,0.0,22.0,1490.4,0.0,346.94,0.0,1.0,1.0,1.0,0.0,0.0,0.0,1.0,0.0,0.0,1.0,0.0,0.0,0.0,1.0,0.0,0.0,1.0,0.0,0
58.0,21.0,42.85,5012.0,0.0,0.0,1.0,1.0,85.25,1.0,0.0,1.0,1.0,1.0,0.0,1.0,1.0,1.0,1.0,4.0,0.0,1.0,1.0,1.0,66.0,5538.35,0.0,2828.1,0.0,0.0,1.0,0.0,0.0,1.0,0.0,1.0,0.0,1.0,0.0,0.0,1.0,0.0,0.0,0.0,1.0,0.0,0.0,0
64.0,8.0,0.0,4740.0,0.0,1.0,1.0,1.0,56.05,0.0,0.0,2.0,1.0,1.0,0.0,1.0,0.0,1.0,1.0,4.0,0.0,0.0,0.0,1.0,10.0,560.5,0.0,0.0,0.0,0.0,1.0,0.0,0.0,1.0,1.0,0.0,0.0,1.0,0.0,0.0,1.0,0.0,0.0,0.0,0.0,1.0,0.0,0
19.0,52.0,43.56,4545.0,0.0,0.0,1.0,0.0,74.75,0.0,0.0,0.0,1.0,0.0,1.0,0.0,1.0,0.0,0.0,3.0,0.0,0.0,0.0,0.0,2.0,144.8,0.0,87.12,0.0,1.0,1.0,1.0,0.0,0.0,0.0,1.0,0.0,0.0,1.0,0.0,0.0,0.0,0.0,1.0,1.0,0.0,0.0,0
48.0,17.0,19.19,4718.0,0.0,0.0,1.0,0.0,79.35,1.0,0.0,0.0,1.0,0.0,1.0,0.0,1.0,0.0,0.0,1.0,0.0,0.0,0.0,0.0,22.0,1730.35,0.0,422.18,0.0,0.0,1.0,1.0,0.0,0.0,0.0,1.0,0.0,0.0,1.0,0.0,1.0,0.0,0.0,0.0,1.0,0.0,0.0,1
34.0,2.0,29.49,4369.0,0.0,0.0,1.0,1.0,43.8,0.0,0.0,1.0,0.0,0.0,0.0,1.0,1.0,0.0,1.0,3.0,0.0,0.0,0.0,0.0,13.0,592.65,0.0,383.37,0.0,0.0,1.0,0.0,1.0,0.0,1.0,0.0,0.0,1.0,0.0,0.0,1.0,0.0,0.0,0.0,1.0,0.0,0.0,0
62.0,0.0,36.16,2654.0,1.0,0.0,0.0,0.0,20.85,0.0,2.0,0.0,0.0,0.0,0.0,0.0,1.0,0.0,0.0,4.0,0.0,0.0,0.0,0.0,19.0,467.5,0.0,687.04,0.0,0.0,0.0,0.0,0.0,1.0,0.0,1.0,0.0,0.0,1.0,0.0,1.0,0.0,0.0,0.0,0.0,1.0,0.0,0
20.0,48.0,8.3,3652.0,0.0,0.0,1.0,1.0,59.8,0.0,0.0,3.0,1.0,0.0,1.0,1.0,1.0,0.0,1.0,3.0,0.0,1.0,1.0,0.0,19.0,1130.85,0.0,157.7,0.0,1.0,1.0,1.0,0.0,0.0,1.0,0.0,0.0,1.0,0.0,0.0,1.0,0.0,0.0,0.0,0.0,1.0,0.0,0
71.0,10.0,13.36,4204.0,0.0,1.0,1.0,0.0,74.1,1.0,0.0,0.0,0.0,1.0,0.0,0.0,1.0,1.0,0.0,3.0,1.0,1.0,1.0,0.0,69.0,5031.0,0.0,921.84,0.0,0.0,1.0,0.0,0.0,1.0,0.0,1.0,1.0,0.0,0.0,1.0,0.0,0.0,0.0,0.0,0.0,1.0,0.0,0
23.0,46.0,26.45,5189.0,0.0,1.0,1.0,0.0,79.45,1.0,0.0,0.0,1.0,1.0,1.0,0.0,1.0,1.0,0.0,4.0,0.0,0.0,0.0,1.0,69.0,5502.55,80.0,1825.05,0.0,1.0,0.0,0.0,0.0,1.0,0.0,1.0,0.0,1.0,0.0,1.0,0.0,0.0,0.0,0.0,0.0,1.0,0.0,0
67.0,20.0,0.0,3766.0,0.0,0.0,1.0,1.0,36.45,0.0,0.0,1.0,0.0,0.0,1.0,1.0,0.0,0.0,1.0,1.0,1.0,0.0,0.0,1.0,3.0,93.7,0.0,0.0,0.0,0.0,1.0,1.0,0.0,0.0,0.0,1.0,0.0,1.0,0.0,0.0,0.0,0.0,0.0,1.0,0.0,1.0,0.0,1
19.0,76.0,0.0,3146.0,0.0,0.0,1.0,0.0,34.7,0.0,0.0,0.0,0.0,0.0,1.0,0.0,0.0,0.0,0.0,1.0,0.0,1.0,1.0,0.0,2.0,62.25,0.0,0.0,0.0,1.0,1.0,1.0,0.0,0.0,1.0,0.0,0.0,1.0,0.0,0.0,0.0,0.0,0.0,1.0,1.0,0.0,0.0,1
71.0,3.0,2.26,2491.0,0.0,0.0,1.0,0.0,70.4,0.0,0.0,0.0,0.0,0.0,1.0,0.0,1.0,0.0,0.0,3.0,1.0,0.0,0.0,0.0,3.0,204.7,0.0,6.78,0.0,0.0,1.0,1.0,0.0,0.0,1.0,0.0,0.0,0.0,1.0,0.0,0.0,0.0,0.0,1.0,1.0,0.0,0.0,1
42.0,18.0,40.11,3080.0,0.0,0.0,1.0,0.0,69.75,0.0,0.0,0.0,0.0,0.0,0.0,0.0,1.0,0.0,0.0,4.0,0.0,0.0,0.0,0.0,25.0,1729.35,100.0,1002.75,0.0,0.0,0.0,1.0,0.0,0.0,0.0,1.0,0.0,0.0,1.0,0.0,0.0,1.0,0.0,0.0,1.0,0.0,0.0,0
37.0,14.0,46.16,4938.0,0.0,1.0,1.0,1.0,110.9,1.0,0.0,6.0,0.0,1.0,1.0,1.0,1.0,1.0,1.0,3.0,0.0,1.0,1.0,1.0,72.0,8240.85,0.0,3323.52,0.0,0.0,1.0,0.0,0.0,1.0,0.0,1.0,0.0,0.0,1.0,1.0,0.0,0.0,0.0,0.0,0.0,1.0,0.0,0
26.0,59.0,19.76,4343.0,1.0,1.0,1.0,1.0,73.6,0.0,1.0,1.0,1.0,1.0,0.0,1.0,1.0,1.0,1.0,4.0,0.0,1.0,1.0,0.0,32.0,2316.85,0.0,632.32,12.66,1.0,1.0,0.0,0.0,1.0,1.0,0.0,0.0,1.0,0.0,0.0,1.0,0.0,0.0,0.0,0.0,1.0,0.0,0
43.0,22.0,0.0,5269.0,1.0,1.0,1.0,1.0,45.0,0.0,3.0,3.0,0.0,1.0,0.0,1.0,0.0,0.0,1.0,3.0,0.0,1.0,1.0,0.0,48.0,2196.3,0.0,0.0,0.0,0.0,1.0,0.0,1.0,0.0,1.0,0.0,0.0,1.0,0.0,0.0,1.0,0.0,0.0,0.0,0.0,1.0,0.0,0
61.0,0.0,19.56,5250.0,1.0,0.0,0.0,1.0,25.4,1.0,4.0,8.0,0.0,0.0,1.0,1.0,1.0,0.0,1.0,3.0,0.0,0.0,0.0,0.0,25.0,546.85,0.0,489.0,0.0,0.0,0.0,1.0,0.0,0.0,0.0,1.0,0.0,0.0,1.0,0.0,0.0,1.0,0.0,0.0,1.0,0.0,0.0,0
24.0,26.0,32.93,5037.0,0.0,0.0,1.0,1.0,70.15,1.0,0.0,5.0,1.0,0.0,1.0,1.0,1.0,1.0,1.0,4.0,0.0,1.0,1.0,0.0,64.0,4480.7,0.0,2107.52,0.0,1.0,1.0,0.0,1.0,0.0,0.0,1.0,0.0,1.0,0.0,0.0,1.0,0.0,0.0,0.0,0.0,1.0,0.0,0
25.0,0.0,16.57,6469.0,0.0,0.0,0.0,0.0,20.6,0.0,0.0,0.0,0.0,0.0,1.0,0.0,1.0,0.0,0.0,5.0,0.0,0.0,0.0,0.0,63.0,1298.7,0.0,1043.91,0.0,1.0,0.0,0.0,0.0,1.0,1.0,0.0,0.0,0.0,1.0,0.0,1.0,0.0,0.0,0.0,0.0,1.0,0.0,0
20.0,82.0,43.47,6117.0,0.0,1.0,1.0,0.0,103.95,1.0,0.0,0.0,0.0,1.0,1.0,0.0,1.0,0.0,0.0,3.0,0.0,1.0,1.0,1.0,54.0,5639.05,0.0,2347.38,0.0,1.0,1.0,0.0,1.0,0.0,1.0,0.0,0.0,0.0,1.0,0.0,1.0,0.0,0.0,0.0,1.0,0.0,0.0,1
39.0,19.0,41.29,3083.0,1.0,1.0,1.0,1.0,94.05,1.0,2.0,7.0,1.0,0.0,1.0,1.0,1.0,0.0,1.0,3.0,0.0,0.0,0.0,1.0,6.0,518.75,0.0,247.74,0.0,0.0,1.0,1.0,0.0,0.0,1.0,0.0,0.0,0.0,1.0,0.0,1.0,0.0,0.0,0.0,0.0,1.0,0.0,0
57.0,0.0,32.78,3007.0,1.0,0.0,0.0,1.0,19.2,0.0,3.0,10.0,0.0,0.0,0.0,1.0,1.0,0.0,1.0,5.0,0.0,0.0,0.0,0.0,1.0,19.2,0.0,32.78,0.0,0.0,0.0,1.0,0.0,0.0,0.0,1.0,0.0,0.0,1.0,0.0,1.0,0.0,0.0,0.0,0.0,1.0,0.0,0
28.0,42.0,16.16,2887.0,0.0,1.0,1.0,0.0,65.35,0.0,0.0,0.0,0.0,1.0,0.0,0.0,1.0,0.0,0.0,3.0,0.0,0.0,0.0,1.0,21.0,1424.4,0.0,339.36,0.0,1.0,1.0,1.0,0.0,0.0,0.0,1.0,0.0,1.0,0.0,0.0,1.0,0.0,0.0,0.0,1.0,0.0,0.0,0
59.0,76.0,29.5,6123.0,1.0,1.0,1.0,1.0,75.1,0.0,3.0,0.0,1.0,1.0,1.0,1.0,1.0,1.0,0.0,4.0,0.0,0.0,0.0,1.0,66.0,5013.0,0.0,1947.0,0.0,0.0,1.0,0.0,1.0,0.0,0.0,1.0,0.0,1.0,0.0,1.0,0.0,0.0,0.0,0.0,1.0,0.0,0.0,0
80.0,2.0,15.23,6144.0,0.0,1.0,1.0,1.0,112.4,1.0,0.0,5.0,1.0,1.0,1.0,1.0,1.0,0.0,1.0,3.0,1.0,1.0,0.0,1.0,72.0,8046.85,0.0,1096.56,0.0,0.0,1.0,0.0,0.0,1.0,1.0,0.0,0.0,0.0,1.0,1.0,0.0,0.0,0.0,0.0,1.0,0.0,0.0,0
21.0,0.0,1.5,5057.0,0.0,0.0,0.0,0.0,19.9,0.0,0.0,0.0,0.0,0.0,0.0,0.0,1.0,0.0,0.0,5.0,0.0,0.0,0.0,0.0,1.0,19.9,0.0,1.5,0.0,1.0,0.0,1.0,0.0,0.0,1.0,0.0,0.0,0.0,1.0,0.0,1.0,0.0,0.0,0.0,0.0,1.0,0.0,0
45.0,14.0,9.85,2719.0,0.0,1.0,1.0,1.0,104.45,0.0,0.0,2.0,1.0,1.0,1.0,1.0,1.0,0.0,1.0,3.0,0.0,1.0,1.0,1.0,41.0,4162.05,0.0,403.85,0.0,0.0,1.0,0.0,1.0,0.0,1.0,0.0,0.0,0.0,1.0,0.0,1.0,0.0,0.0,0.0,1.0,0.0,0.0,0
61.0,0.0,22.97,4204.0,0.0,0.0,0.0,0.0,20.05,0.0,0.0,0.0,0.0,0.0,0.0,0.0,1.0,0.0,0.0,3.0,0.0,0.0,0.0,0.0,18.0,358.5,0.0,413.46,0.0,0.0,0.0,1.0,0.0,0.0,0.0,1.0,0.0,0.0,1.0,0.0,1.0,0.0,0.0,0.0,0.0,1.0,0.0,0
31.0,18.0,9.29,5748.0,1.0,0.0,1.0,1.0,95.1,0.0,2.0,3.0,1.0,1.0,0.0,1.0,1.0,1.0,1.0,3.0,0.0,1.0,1.0,0.0,68.0,6683.4,0.0,631.72,0.0,0.0,1.0,0.0,0.0,1.0,0.0,1.0,0.0,0.0,1.0,1.0,0.0,0.0,0.0,0.0,1.0,0.0,0.0,0
25.0,0.0,29.41,5471.0,1.0,0.0,0.0,1.0,23.9,1.0,2.0,1.0,0.0,0.0,0.0,1.0,1.0,0.0,1.0,5.0,0.0,0.0,0.0,0.0,71.0,1663.5,0.0,2088.11,0.0,1.0,0.0,0.0,0.0,1.0,1.0,0.0,0.0,0.0,1.0,1.0,0.0,0.0,0.0,0.0,0.0,1.0,0.0,0
64.0,23.0,32.49,5546.0,0.0,0.0,1.0,0.0,90.35,0.0,0.0,0.0,0.0,0.0,1.0,0.0,1.0,0.0,0.0,1.0,0.0,1.0,1.0,1.0,24.0,2238.5,0.0,779.76,0.0,0.0,1.0,1.0,0.0,0.0,0.0,1.0,0.0,0.0,1.0,0.0,1.0,0.0,0.0,0.0,1.0,0.0,0.0,1
57.0,20.0,17.65,5699.0,0.0,0.0,1.0,0.0,86.45,1.0,0.0,0.0,0.0,0.0,0.0,0.0,1.0,0.0,0.0,2.0,0.0,1.0,1.0,0.0,10.0,830.85,0.0,176.5,0.0,0.0,1.0,1.0,0.0,0.0,1.0,0.0,0.0,0.0,1.0,0.0,1.0,0.0,0.0,0.0,1.0,0.0,0.0,1
54.0,30.0,36.05,2900.0,0.0,1.0,1.0,0.0,74.1,0.0,0.0,0.0,0.0,0.0,0.0,0.0,1.0,1.0,0.0,5.0,0.0,1.0,1.0,1.0,1.0,74.1,0.0,36.05,0.0,0.0,1.0,0.0,1.0,0.0,1.0,0.0,0.0,1.0,0.0,0.0,1.0,0.0,0.0,0.0,0.0,1.0,0.0,0
29.0,0.0,14.17,4278.0,0.0,0.0,0.0,0.0,19.85,0.0,0.0,0.0,0.0,0.0,0.0,0.0,1.0,0.0,0.0,5.0,0.0,0.0,0.0,0.0,62.0,1253.65,0.0,878.54,0.0,1.0,0.0,0.0,0.0,1.0,0.0,1.0,0.0,0.0,1.0,0.0,1.0,0.0,0.0,0.0,1.0,0.0,0.0,0
54.0,21.0,0.0,5097.0,0.0,0.0,1.0,0.0,24.15,0.0,0.0,0.0,0.0,0.0,0.0,0.0,0.0,0.0,0.0,4.0,0.0,0.0,0.0,0.0,35.0,812.5,40.0,0.0,0.0,0.0,0.0,1.0,0.0,0.0,1.0,0.0,0.0,1.0,0.0,0.0,1.0,0.0,0.0,0.0,1.0,0.0,0.0,0
56.0,57.0,0.0,3001.0,1.0,0.0,1.0,0.0,24.75,0.0,3.0,0.0,0.0,0.0,0.0,0.0,0.0,0.0,0.0,1.0,0.0,0.0,0.0,0.0,1.0,24.75,0.0,0.0,0.0,0.0,1.0,1.0,0.0,0.0,0.0,1.0,0.0,1.0,0.0,0.0,1.0,0.0,0.0,0.0,1.0,0.0,0.0,1
29.0,0.0,23.55,5463.0,1.0,0.0,0.0,1.0,20.2,0.0,1.0,2.0,0.0,0.0,0.0,1.0,1.0,0.0,1.0,3.0,0.0,0.0,0.0,0.0,69.0,1376.5,0.0,1624.95,0.0,1.0,0.0,0.0,0.0,1.0,0.0,1.0,0.0,0.0,1.0,0.0,1.0,0.0,0.0,0.0,1.0,0.0,0.0,0
46.0,15.0,48.36,3077.0,0.0,1.0,1.0,0.0,95.35,0.0,0.0,0.0,0.0,0.0,1.0,0.0,1.0,0.0,0.0,2.0,0.0,1.0,1.0,1.0,7.0,660.9,0.0,338.52,34.29,0.0,1.0,1.0,0.0,0.0,1.0,0.0,0.0,0.0,1.0,0.0,0.0,0.0,0.0,1.0,1.0,0.0,0.0,1
27.0,73.0,46.94,6088.0,0.0,1.0,1.0,1.0,99.8,1.0,0.0,1.0,0.0,0.0,1.0,1.0,1.0,0.0,1.0,1.0,0.0,1.0,1.0,1.0,49.0,4872.45,130.0,2300.06,0.0,1.0,0.0,1.0,0.0,0.0,0.0,1.0,0.0,0.0,1.0,0.0,1.0,0.0,0.0,0.0,1.0,0.0,0.0,1
26.0,47.0,34.69,2401.0,0.0,1.0,1.0,0.0,56.75,0.0,0.0,0.0,0.0,1.0,0.0,0.0,1.0,0.0,0.0,3.0,0.0,0.0,0.0,0.0,4.0,245.15,0.0,138.76,0.0,1.0,1.0,1.0,0.0,0.0,0.0,1.0,0.0,1.0,0.0,0.0,0.0,0.0,0.0,1.0,1.0,0.0,0.0,0
51.0,26.0,26.15,4138.0,0.0,0.0,1.0,0.0,44.0,0.0,0.0,0.0,0.0,0.0,1.0,0.0,1.0,0.0,0.0,4.0,0.0,0.0,0.0,0.0,1.0,44.0,0.0,26.15,0.0,0.0,1.0,1.0,0.0,0.0,1.0,0.0,0.0,1.0,0.0,0.0,1.0,0.0,0.0,0.0,0.0,1.0,0.0,0
60.0,13.0,13.8,3093.0,1.0,1.0,1.0,1.0,59.8,0.0,2.0,5.0,1.0,1.0,0.0,1.0,1.0,0.0,1.0,3.0,0.0,0.0,0.0,0.0,39.0,2343.85,140.0,538.2,0.0,0.0,0.0,0.0,1.0,0.0,0.0,1.0,0.0,1.0,0.0,0.0,1.0,0.0,0.0,0.0,1.0,0.0,0.0,0
24.0,41.0,41.8,4161.0,0.0,1.0,1.0,1.0,95.8,0.0,0.0,1.0,0.0,0.0,1.0,1.0,1.0,0.0,1.0,2.0,0.0,1.0,1.0,1.0,33.0,3036.75,60.0,1379.4,0.0,1.0,0.0,0.0,1.0,0.0,0.0,1.0,0.0,0.0,1.0,0.0,0.0,1.0,0.0,0.0,1.0,0.0,0.0,1
44.0,2.0,0.0,2121.0,0.0,0.0,1.0,0.0,24.45,0.0,0.0,0.0,0.0,0.0,1.0,0.0,0.0,0.0,0.0,3.0,0.0,0.0,0.0,0.0,1.0,24.45,0.0,0.0,0.0,0.0,1.0,1.0,0.0,0.0,0.0,1.0,1.0,0.0,0.0,0.0,1.0,0.0,0.0,0.0,0.0,0.0,1.0,1
64.0,9.0,13.64,5148.0,0.0,0.0,1.0,1.0,90.9,1.0,0.0,1.0,1.0,0.0,1.0,1.0,1.0,0.0,1.0,2.0,0.0,1.0,1.0,0.0,14.0,1259.0,0.0,190.96,0.0,0.0,1.0,1.0,0.0,0.0,1.0,0.0,0.0,0.0,1.0,0.0,0.0,0.0,1.0,0.0,1.0,0.0,0.0,1
47.0,22.0,32.41,3380.0,0.0,0.0,1.0,0.0,70.4,0.0,0.0,0.0,1.0,1.0,0.0,0.0,1.0,1.0,0.0,3.0,0.0,0.0,0.0,1.0,30.0,2044.75,0.0,972.3,0.0,0.0,1.0,0.0,1.0,0.0,0.0,1.0,1.0,0.0,0.0,0.0,1.0,0.0,0.0,0.0,1.0,0.0,0.0,0
56.0,56.0,28.15,4749.0,1.0,1.0,1.0,1.0,61.8,0.0,3.0,8.0,1.0,0.0,0.0,1.0,1.0,1.0,1.0,3.0,0.0,0.0,0.0,0.0,13.0,750.1,0.0,365.95,0.0,0.0,1.0,1.0,0.0,0.0,0.0,1.0,1.0,0.0,0.0,0.0,1.0,0.0,0.0,0.0,1.0,0.0,0.0,0
77.0,23.0,31.17,2740.0,0.0,0.0,1.0,0.0,94.75,0.0,0.0,0.0,1.0,0.0,1.0,0.0,1.0,0.0,0.0,2.0,1.0,1.0,0.0,1.0,23.0,2293.6,0.0,716.91,0.0,0.0,1.0,1.0,0.0,0.0,1.0,0.0,0.0,0.0,1.0,0.0,0.0,0.0,1.0,0.0,1.0,0.0,0.0,1
77.0,10.0,3.27,4578.0,1.0,1.0,1.0,1.0,116.25,1.0,2.0,0.0,1.0,1.0,1.0,1.0,1.0,1.0,0.0,3.0,1.0,1.0,0.0,1.0,66.0,7862.25,0.0,215.82,0.0,0.0,1.0,0.0,1.0,0.0,0.0,1.0,0.0,0.0,1.0,0.0,1.0,0.0,0.0,0.0,1.0,0.0,0.0,0
61.0,21.0,48.69,3142.0,0.0,1.0,1.0,1.0,104.1,1.0,0.0,2.0,1.0,0.0,1.0,1.0,1.0,0.0,1.0,5.0,0.0,1.0,1.0,1.0,47.0,5135.15,0.0,2288.43,0.0,0.0,1.0,1.0,0.0,0.0,0.0,1.0,0.0,0.0,1.0,0.0,1.0,0.0,0.0,0.0,1.0,0.0,0.0,0
44.0,20.0,0.0,5605.0,0.0,0.0,1.0,0.0,44.55,0.0,0.0,0.0,0.0,0.0,1.0,0.0,0.0,0.0,0.0,2.0,0.0,1.0,1.0,1.0,4.0,174.3,10.0,0.0,0.0,0.0,0.0,1.0,0.0,0.0,0.0,1.0,1.0,0.0,0.0,0.0,0.0,0.0,0.0,1.0,1.0,0.0,0.0,1
59.0,19.0,17.63,4396.0,0.0,1.0,1.0,0.0,79.0,0.0,0.0,0.0,1.0,0.0,1.0,0.0,1.0,0.0,0.0,3.0,0.0,0.0,0.0,0.0,33.0,2576.8,0.0,581.79,0.0,0.0,1.0,1.0,0.0,0.0,0.0,1.0,0.0,0.0,1.0,0.0,0.0,1.0,0.0,0.0,0.0,1.0,0.0,0
64.0,0.0,23.81,6019.0,1.0,0.0,0.0,0.0,25.3,1.0,3.0,0.0,0.0,0.0,1.0,0.0,1.0,0.0,0.0,4.0,0.0,0.0,0.0,0.0,66.0,1673.8,0.0,1571.46,0.0,0.0,0.0,0.0,0.0,1.0,0.0,1.0,0.0,0.0,1.0,1.0,0.0,0.0,0.0,0.0,0.0,1.0,0.0,0
62.0,0.0,41.51,4336.0,0.0,0.0,0.0,0.0,19.05,0.0,0.0,0.0,0.0,0.0,0.0,0.0,1.0,0.0,0.0,5.0,0.0,0.0,0.0,0.0,16.0,326.65,0.0,664.16,0.0,0.0,0.0,0.0,1.0,0.0,1.0,0.0,0.0,0.0,1.0,0.0,0.0,0.0,1.0,0.0,0.0,1.0,0.0,0
54.0,6.0,17.47,3016.0,0.0,1.0,1.0,1.0,94.85,0.0,0.0,1.0,1.0,0.0,1.0,1.0,1.0,1.0,1.0,2.0,0.0,0.0,0.0,1.0,9.0,890.6,0.0,157.23,0.0,0.0,1.0,1.0,0.0,0.0,0.0,1.0,0.0,0.0,1.0,0.0,1.0,0.0,0.0,0.0,0.0,1.0,0.0,1
49.0,11.0,6.32,4160.0,0.0,0.0,1.0,0.0,74.9,1.0,0.0,0.0,0.0,0.0,1.0,0.0,1.0,0.0,0.0,1.0,0.0,0.0,0.0,0.0,6.0,469.8,0.0,37.92,0.0,0.0,1.0,1.0,0.0,0.0,0.0,1.0,0.0,0.0,1.0,0.0,1.0,0.0,0.0,0.0,1.0,0.0,0.0,1
30.0,30.0,38.88,4509.0,0.0,0.0,1.0,0.0,73.5,0.0,0.0,0.0,0.0,1.0,1.0,0.0,1.0,0.0,0.0,1.0,0.0,0.0,0.0,0.0,11.0,791.75,0.0,427.68,0.0,0.0,1.0,1.0,0.0,0.0,0.0,1.0,0.0,0.0,1.0,0.0,1.0,0.0,0.0,0.0,1.0,0.0,0.0,1
22.0,0.0,3.12,5634.0,0.0,0.0,0.0,0.0,19.85,0.0,0.0,0.0,0.0,0.0,0.0,0.0,1.0,0.0,0.0,4.0,0.0,0.0,0.0,0.0,3.0,57.2,0.0,9.36,0.0,1.0,0.0,1.0,0.0,0.0,1.0,0.0,0.0,0.0,1.0,0.0,1.0,0.0,0.0,0.0,0.0,1.0,0.0,0
25.0,42.0,38.78,5536.0,0.0,1.0,1.0,0.0,118.6,1.0,0.0,0.0,1.0,1.0,1.0,0.0,1.0,1.0,0.0,3.0,0.0,1.0,1.0,1.0,61.0,7365.7,0.0,2365.58,0.0,1.0,1.0,0.0,1.0,0.0,1.0,0.0,0.0,0.0,1.0,0.0,1.0,0.0,0.0,0.0,1.0,0.0,0.0,0
38.0,56.0,42.71,5758.0,1.0,0.0,1.0,1.0,56.5,0.0,3.0,5.0,1.0,0.0,0.0,1.0,1.0,1.0,1.0,2.0,0.0,0.0,0.0,0.0,4.0,235.1,0.0,170.84,0.0,0.0,1.0,1.0,0.0,0.0,1.0,0.0,0.0,1.0,0.0,0.0,1.0,0.0,0.0,0.0,0.0,1.0,0.0,1
44.0,19.0,8.36,4848.0,1.0,1.0,1.0,1.0,79.7,1.0,1.0,3.0,1.0,1.0,0.0,1.0,1.0,1.0,1.0,3.0,0.0,0.0,0.0,1.0,70.0,5743.3,0.0,585.2,0.0,0.0,1.0,0.0,0.0,1.0,1.0,0.0,0.0,1.0,0.0,1.0,0.0,0.0,0.0,0.0,1.0,0.0,0.0,0
35.0,18.0,1.09,4501.0,0.0,1.0,1.0,1.0,98.5,1.0,0.0,1.0,0.0,0.0,1.0,1.0,1.0,0.0,1.0,2.0,0.0,1.0,1.0,1.0,10.0,1037.75,0.0,10.9,0.0,0.0,1.0,1.0,0.0,0.0,0.0,1.0,0.0,0.0,1.0,0.0,0.0,0.0,1.0,0.0,1.0,0.0,0.0,1
40.0,11.0,48.63,2989.0,0.0,0.0,1.0,0.0,54.4,1.0,0.0,0.0,0.0,1.0,0.0,0.0,1.0,0.0,0.0,3.0,0.0,0.0,0.0,0.0,23.0,1249.25,0.0,1118.49,0.0,0.0,1.0,1.0,0.0,0.0,1.0,0.0,1.0,0.0,0.0,0.0,1.0,0.0,0.0,0.0,1.0,0.0,0.0,0
76.0,29.0,24.42,2848.0,0.0,0.0,1.0,1.0,70.2,0.0,0.0,7.0,0.0,0.0,1.0,1.0,1.0,0.0,1.0,3.0,1.0,0.0,0.0,0.0,11.0,834.7,0.0,268.62,0.0,0.0,1.0,0.0,0.0,1.0,0.0,1.0,0.0,0.0,1.0,0.0,0.0,0.0,1.0,0.0,1.0,0.0,0.0,0
37.0,19.0,0.0,3424.0,0.0,0.0,1.0,0.0,40.3,0.0,0.0,0.0,1.0,1.0,1.0,0.0,0.0,1.0,0.0,3.0,0.0,0.0,0.0,0.0,39.0,1630.4,0.0,0.0,0.0,0.0,1.0,0.0,1.0,0.0,1.0,0.0,0.0,1.0,0.0,0.0,1.0,0.0,0.0,0.0,1.0,0.0,0.0,0
39.0,24.0,12.92,2681.0,0.0,0.0,1.0,0.0,89.65,0.0,0.0,0.0,1.0,0.0,0.0,0.0,1.0,1.0,0.0,4.0,0.0,0.0,0.0,1.0,29.0,2623.65,10.0,374.68,0.0,0.0,0.0,1.0,0.0,0.0,0.0,1.0,0.0,0.0,1.0,0.0,1.0,0.0,0.0,0.0,0.0,1.0,0.0,0
54.0,22.0,20.48,5157.0,0.0,0.0,1.0,1.0,99.05,1.0,0.0,1.0,1.0,0.0,1.0,1.0,1.0,0.0,1.0,2.0,0.0,1.0,1.0,1.0,49.0,4853.75,0.0,1003.52,14.24,0.0,1.0,1.0,0.0,0.0,0.0,1.0,0.0,0.0,1.0,0.0,1.0,0.0,0.0,0.0,1.0,0.0,0.0,1
32.0,25.0,38.51,2414.0,0.0,0.0,1.0,0.0,95.15,1.0,0.0,0.0,0.0,0.0,1.0,0.0,1.0,0.0,0.0,2.0,0.0,1.0,1.0,1.0,2.0,196.9,0.0,77.02,0.0,0.0,1.0,1.0,0.0,0.0,1.0,0.0,0.0,0.0,1.0,0.0,0.0,0.0,0.0,1.0,1.0,0.0,0.0,1
31.0,29.0,43.69,4442.0,1.0,1.0,1.0,0.0,64.85,0.0,3.0,0.0,0.0,1.0,0.0,0.0,1.0,0.0,0.0,4.0,0.0,1.0,1.0,0.0,15.0,950.75,0.0,655.35,0.0,0.0,1.0,0.0,1.0,0.0,0.0,1.0,0.0,1.0,0.0,0.0,1.0,0.0,0.0,0.0,0.0,1.0,0.0,0
39.0,13.0,38.67,5219.0,0.0,0.0,1.0,1.0,91.15,1.0,0.0,1.0,1.0,0.0,1.0,1.0,1.0,0.0,1.0,2.0,0.0,1.0,1.0,0.0,31.0,2995.45,0.0,1198.77,0.0,0.0,0.0,1.0,0.0,0.0,1.0,0.0,1.0,0.0,0.0,0.0,1.0,0.0,0.0,0.0,1.0,0.0,0.0,1
49.0,24.0,0.0,5671.0,1.0,1.0,1.0,1.0,53.7,0.0,2.0,2.0,1.0,1.0,0.0,1.0,0.0,1.0,1.0,3.0,0.0,1.0,1.0,0.0,10.0,521.0,0.0,0.0,22.97,0.0,1.0,0.0,0.0,1.0,0.0,1.0,1.0,0.0,0.0,0.0,0.0,0.0,1.0,0.0,0.0,1.0,0.0,0
56.0,0.0,15.51,2019.0,1.0,0.0,0.0,1.0,19.85,0.0,1.0,5.0,0.0,0.0,0.0,1.0,1.0,0.0,1.0,3.0,0.0,0.0,0.0,0.0,10.0,198.5,0.0,155.1,0.0,0.0,0.0,0.0,0.0,1.0,0.0,1.0,0.0,0.0,1.0,0.0,1.0,0.0,0.0,0.0,0.0,1.0,0.0,0
65.0,2.0,38.85,3748.0,0.0,0.0,1.0,1.0,91.0,0.0,0.0,2.0,0.0,0.0,1.0,1.0,1.0,0.0,1.0,5.0,1.0,1.0,1.0,1.0,20.0,1859.5,0.0,777.0,0.0,0.0,1.0,0.0,1.0,0.0,1.0,0.0,0.0,0.0,1.0,0.0,1.0,0.0,0.0,0.0,1.0,0.0,0.0,0
49.0,23.0,21.16,5574.0,1.0,0.0,1.0,1.0,110.3,1.0,1.0,7.0,1.0,1.0,0.0,1.0,1.0,1.0,1.0,3.0,0.0,1.0,1.0,1.0,64.0,6997.3,0.0,1354.24,0.0,0.0,1.0,0.0,0.0,1.0,1.0,0.0,0.0,0.0,1.0,0.0,1.0,0.0,0.0,0.0,1.0,0.0,0.0,0
41.0,30.0,49.35,5709.0,0.0,1.0,1.0,0.0,97.65,1.0,0.0,0.0,1.0,0.0,1.0,0.0,1.0,1.0,0.0,3.0,0.0,0.0,0.0,1.0,69.0,6743.55,0.0,3405.15,0.0,0.0,1.0,0.0,0.0,1.0,0.0,1.0,0.0,0.0,1.0,1.0,0.0,0.0,0.0,0.0,0.0,1.0,0.0,0
55.0,15.0,11.58,5518.0,0.0,0.0,1.0,0.0,75.45,1.0,0.0,0.0,0.0,0.0,1.0,0.0,1.0,0.0,0.0,3.0,0.0,0.0,0.0,0.0,1.0,75.45,0.0,11.58,0.0,0.0,1.0,1.0,0.0,0.0,0.0,1.0,0.0,0.0,1.0,0.0,1.0,0.0,0.0,0.0,1.0,0.0,0.0,1
55.0,0.0,1.87,5914.0,0.0,0.0,0.0,1.0,19.8,0.0,0.0,5.0,0.0,0.0,0.0,1.0,1.0,0.0,1.0,4.0,0.0,0.0,0.0,0.0,50.0,1013.2,0.0,93.5,0.0,0.0,0.0,0.0,0.0,1.0,0.0,1.0,0.0,0.0,1.0,0.0,1.0,0.0,0.0,0.0,1.0,0.0,0.0,0
23.0,0.0,28.02,2484.0,0.0,0.0,0.0,0.0,19.5,0.0,0.0,0.0,0.0,0.0,0.0,0.0,1.0,0.0,0.0,3.0,0.0,0.0,0.0,0.0,2.0,31.55,0.0,56.04,0.0,1.0,0.0,1.0,0.0,0.0,1.0,0.0,0.0,0.0,1.0,0.0,1.0,0.0,0.0,0.0,0.0,0.0,1.0,1
80.0,27.0,44.23,4295.0,0.0,1.0,1.0,0.0,110.35,1.0,0.0,0.0,0.0,1.0,1.0,0.0,1.0,1.0,0.0,3.0,1.0,1.0,0.0,1.0,65.0,7246.15,0.0,2874.95,0.0,0.0,1.0,0.0,0.0,1.0,0.0,1.0,0.0,0.0,1.0,0.0,1.0,0.0,0.0,0.0,1.0,0.0,0.0,0
29.0,29.0,0.0,4851.0,0.0,0.0,1.0,1.0,24.8,0.0,0.0,4.0,0.0,0.0,1.0,1.0,0.0,0.0,1.0,1.0,0.0,0.0,1.0,0.0,1.0,24.8,0.0,0.0,0.0,1.0,1.0,1.0,0.0,0.0,1.0,0.0,0.0,1.0,0.0,0.0,0.0,0.0,0.0,1.0,1.0,0.0,0.0,1
38.0,29.0,0.0,5500.0,0.0,1.0,1.0,1.0,56.6,0.0,0.0,1.0,1.0,1.0,1.0,1.0,0.0,1.0,1.0,4.0,0.0,0.0,0.0,1.0,66.0,3789.2,0.0,0.0,0.0,0.0,1.0,0.0,0.0,1.0,0.0,1.0,0.0,1.0,0.0,0.0,1.0,0.0,0.0,0.0,1.0,0.0,0.0,0
59.0,14.0,23.89,2632.0,0.0,1.0,1.0,0.0,94.0,1.0,0.0,0.0,1.0,0.0,1.0,0.0,1.0,0.0,0.0,1.0,0.0,0.0,0.0,1.0,8.0,773.65,0.0,191.12,0.0,0.0,1.0,1.0,0.0,0.0,0.0,1.0,0.0,0.0,1.0,0.0,1.0,0.0,0.0,0.0,1.0,0.0,0.0,1
26.0,0.0,17.3,2400.0,1.0,0.0,0.0,0.0,20.05,0.0,3.0,0.0,0.0,0.0,0.0,0.0,1.0,0.0,0.0,3.0,0.0,0.0,0.0,0.0,27.0,552.9,0.0,467.1,0.0,1.0,0.0,0.0,1.0,0.0,0.0,1.0,0.0,0.0,1.0,0.0,1.0,0.0,0.0,0.0,0.0,1.0,0.0,0
27.0,53.0,7.29,4689.0,0.0,0.0,1.0,1.0,79.05,1.0,0.0,5.0,0.0,1.0,0.0,1.0,1.0,0.0,1.0,3.0,0.0,0.0,0.0,0.0,72.0,5730.7,80.0,524.88,0.0,1.0,0.0,0.0,0.0,1.0,1.0,0.0,0.0,0.0,1.0,1.0,0.0,0.0,0.0,0.0,1.0,0.0,0.0,0
47.0,6.0,3.26,2074.0,0.0,0.0,1.0,0.0,59.45,0.0,0.0,0.0,0.0,0.0,0.0,0.0,1.0,1.0,0.0,4.0,0.0,0.0,0.0,1.0,26.0,1507.0,0.0,84.76,0.0,0.0,1.0,0.0,1.0,0.0,0.0,1.0,0.0,1.0,0.0,0.0,0.0,1.0,0.0,0.0,0.0,1.0,0.0,0
41.0,75.0,27.23,5457.0,1.0,0.0,1.0,1.0,93.8,1.0,3.0,9.0,1.0,1.0,1.0,1.0,1.0,0.0,1.0,3.0,0.0,1.0,1.0,0.0,51.0,4539.35,0.0,1388.73,0.0,0.0,1.0,1.0,0.0,0.0,1.0,0.0,0.0,0.0,1.0,0.0,1.0,0.0,0.0,0.0,1.0,0.0,0.0,0
76.0,5.0,43.04,5915.0,0.0,1.0,1.0,1.0,117.45,1.0,0.0,9.0,1.0,1.0,0.0,1.0,1.0,1.0,1.0,1.0,1.0,1.0,0.0,1.0,48.0,5438.9,0.0,2065.92,0.0,0.0,1.0,1.0,0.0,0.0,1.0,0.0,0.0,0.0,1.0,0.0,1.0,0.0,0.0,0.0,1.0,0.0,0.0,1
78.0,26.0,0.0,4933.0,0.0,1.0,1.0,1.0,63.1,0.0,0.0,8.0,1.0,1.0,1.0,1.0,0.0,1.0,1.0,3.0,1.0,1.0,1.0,1.0,72.0,4685.55,0.0,0.0,0.0,0.0,1.0,0.0,0.0,1.0,0.0,1.0,1.0,0.0,0.0,1.0,0.0,0.0,0.0,0.0,1.0,0.0,0.0,0
35.0,4.0,0.0,4119.0,0.0,1.0,1.0,0.0,50.75,0.0,0.0,0.0,0.0,0.0,1.0,0.0,0.0,0.0,0.0,3.0,0.0,1.0,1.0,1.0,39.0,2011.4,0.0,0.0,0.0,0.0,1.0,1.0,0.0,0.0,1.0,0.0,0.0,1.0,0.0,0.0,0.0,1.0,0.0,0.0,1.0,0.0,0.0,1
42.0,24.0,48.25,3522.0,0.0,0.0,1.0,0.0,70.05,0.0,0.0,0.0,0.0,0.0,0.0,0.0,1.0,0.0,0.0,3.0,0.0,0.0,0.0,0.0,9.0,657.5,0.0,434.25,0.0,0.0,1.0,1.0,0.0,0.0,0.0,1.0,0.0,0.0,1.0,0.0,1.0,0.0,0.0,0.0,0.0,1.0,0.0,0
75.0,19.0,0.0,2617.0,1.0,0.0,1.0,1.0,29.9,0.0,2.0,0.0,1.0,0.0,0.0,1.0,0.0,0.0,0.0,5.0,1.0,0.0,0.0,0.0,48.0,1388.75,0.0,0.0,0.0,0.0,1.0,0.0,1.0,0.0,1.0,0.0,0.0,1.0,0.0,0.0,1.0,0.0,0.0,0.0,1.0,0.0,0.0,0
42.0,11.0,13.95,5133.0,1.0,0.0,1.0,1.0,104.4,1.0,2.0,4.0,0.0,1.0,1.0,1.0,1.0,1.0,1.0,4.0,0.0,1.0,1.0,1.0,64.0,6721.6,0.0,892.8,0.0,0.0,1.0,0.0,1.0,0.0,1.0,0.0,0.0,0.0,1.0,0.0,1.0,0.0,0.0,0.0,1.0,0.0,0.0,0
20.0,48.0,10.59,4839.0,0.0,1.0,1.0,1.0,105.05,1.0,0.0,6.0,1.0,0.0,1.0,1.0,1.0,0.0,1.0,2.0,0.0,1.0,1.0,1.0,52.0,5624.85,0.0,550.68,27.6,1.0,1.0,1.0,0.0,0.0,1.0,0.0,0.0,0.0,1.0,0.0,1.0,0.0,0.0,0.0,1.0,0.0,0.0,1
30.0,85.0,0.0,5905.0,0.0,1.0,1.0,0.0,49.35,0.0,0.0,0.0,0.0,1.0,1.0,0.0,0.0,1.0,0.0,3.0,0.0,0.0,0.0,1.0,67.0,3321.35,0.0,0.0,0.0,0.0,1.0,0.0,1.0,0.0,0.0,1.0,1.0,0.0,0.0,1.0,0.0,0.0,0.0,0.0,1.0,0.0,0.0,0
28.0,85.0,26.16,2777.0,0.0,0.0,1.0,0.0,101.7,1.0,0.0,0.0,1.0,0.0,1.0,0.0,1.0,0.0,0.0,2.0,0.0,1.0,1.0,1.0,4.0,364.55,0.0,104.64,1.48,1.0,1.0,1.0,0.0,0.0,0.0,1.0,0.0,0.0,1.0,0.0,0.0,0.0,0.0,1.0,1.0,0.0,0.0,1
42.0,29.0,11.79,2569.0,0.0,0.0,1.0,1.0,76.2,1.0,0.0,1.0,1.0,1.0,1.0,1.0,1.0,1.0,1.0,5.0,0.0,0.0,0.0,1.0,13.0,981.45,0.0,153.27,0.0,0.0,1.0,1.0,0.0,0.0,1.0,0.0,0.0,1.0,0.0,0.0,0.0,0.0,1.0,0.0,1.0,0.0,0.0,0
55.0,0.0,11.15,6403.0,1.0,0.0,0.0,1.0,20.65,0.0,2.0,9.0,0.0,0.0,0.0,1.0,1.0,0.0,1.0,5.0,0.0,0.0,0.0,0.0,62.0,1218.45,0.0,691.3,0.0,0.0,0.0,0.0,0.0,1.0,0.0,1.0,0.0,0.0,1.0,0.0,1.0,0.0,0.0,0.0,0.0,1.0,0.0,0
45.0,21.0,1.07,5679.0,0.0,0.0,1.0,1.0,84.6,0.0,0.0,3.0,1.0,1.0,0.0,1.0,1.0,1.0,1.0,3.0,0.0,0.0,0.0,0.0,70.0,5706.2,0.0,74.9,0.0,0.0,1.0,0.0,0.0,1.0,0.0,1.0,0.0,0.0,1.0,1.0,0.0,0.0,0.0,0.0,1.0,0.0,0.0,0
29.0,19.0,40.25,3364.0,0.0,0.0,1.0,1.0,86.3,0.0,0.0,5.0,1.0,0.0,1.0,1.0,1.0,0.0,1.0,1.0,0.0,0.0,0.0,1.0,39.0,3266.0,0.0,1569.75,0.0,1.0,1.0,1.0,0.0,0.0,0.0,1.0,0.0,0.0,1.0,0.0,0.0,1.0,0.0,0.0,0.0,1.0,0.0,1
40.0,7.0,40.76,5497.0,0.0,1.0,1.0,0.0,93.2,0.0,0.0,0.0,1.0,0.0,1.0,0.0,1.0,0.0,0.0,1.0,0.0,1.0,1.0,0.0,16.0,1573.7,0.0,652.16,35.7,0.0,1.0,1.0,0.0,0.0,1.0,0.0,0.0,0.0,1.0,0.0,1.0,0.0,0.0,0.0,0.0,1.0,0.0,1
24.0,76.0,17.18,4850.0,0.0,0.0,1.0,0.0,81.7,1.0,0.0,0.0,0.0,0.0,0.0,0.0,1.0,1.0,0.0,5.0,0.0,0.0,0.0,0.0,31.0,2548.65,0.0,532.58,0.0,1.0,1.0,0.0,1.0,0.0,0.0,1.0,0.0,0.0,1.0,0.0,1.0,0.0,0.0,0.0,0.0,1.0,0.0,0
80.0,30.0,25.13,4254.0,0.0,0.0,1.0,1.0,75.3,0.0,0.0,7.0,0.0,1.0,0.0,1.0,1.0,0.0,1.0,4.0,1.0,0.0,0.0,0.0,10.0,720.45,0.0,251.3,0.0,0.0,1.0,0.0,0.0,1.0,0.0,1.0,0.0,0.0,1.0,0.0,1.0,0.0,0.0,0.0,1.0,0.0,0.0,0
53.0,13.0,37.48,4017.0,0.0,0.0,1.0,1.0,84.15,0.0,0.0,1.0,1.0,0.0,0.0,1.0,1.0,0.0,1.0,2.0,0.0,1.0,1.0,0.0,32.0,2585.95,0.0,1199.36,0.0,0.0,1.0,1.0,0.0,0.0,1.0,0.0,0.0,0.0,1.0,0.0,1.0,0.0,0.0,0.0,1.0,0.0,0.0,1
76.0,26.0,0.0,3884.0,0.0,0.0,1.0,0.0,25.8,0.0,0.0,0.0,0.0,0.0,1.0,0.0,0.0,0.0,0.0,1.0,1.0,0.0,0.0,0.0,1.0,25.8,20.0,0.0,0.0,0.0,0.0,1.0,0.0,0.0,1.0,0.0,0.0,1.0,0.0,0.0,1.0,0.0,0.0,0.0,0.0,0.0,1.0,1
37.0,0.0,24.89,4194.0,0.0,0.0,0.0,0.0,19.7,0.0,0.0,0.0,0.0,0.0,0.0,0.0,1.0,0.0,0.0,4.0,0.0,0.0,0.0,0.0,9.0,180.7,0.0,224.01,0.0,0.0,0.0,1.0,0.0,0.0,0.0,1.0,0.0,0.0,1.0,0.0,0.0,0.0,0.0,1.0,0.0,1.0,0.0,0
60.0,0.0,26.99,4375.0,0.0,0.0,0.0,1.0,18.4,0.0,0.0,9.0,0.0,0.0,0.0,1.0,1.0,0.0,1.0,4.0,0.0,0.0,0.0,0.0,59.0,1057.85,0.0,1592.41,0.0,0.0,0.0,0.0,0.0,1.0,1.0,0.0,0.0,0.0,1.0,0.0,1.0,0.0,0.0,0.0,1.0,0.0,0.0,0
33.0,22.0,10.5,4095.0,0.0,0.0,1.0,1.0,94.05,1.0,0.0,1.0,0.0,0.0,1.0,1.0,1.0,0.0,1.0,3.0,0.0,1.0,1.0,1.0,30.0,2866.45,0.0,315.0,0.0,0.0,1.0,1.0,0.0,0.0,0.0,1.0,0.0,0.0,1.0,0.0,0.0,1.0,0.0,0.0,0.0,1.0,0.0,1
19.0,59.0,36.22,2331.0,0.0,0.0,1.0,0.0,50.1,0.0,0.0,0.0,0.0,1.0,0.0,0.0,1.0,0.0,0.0,3.0,0.0,0.0,0.0,0.0,14.0,709.5,0.0,507.08,0.0,1.0,1.0,1.0,0.0,0.0,1.0,0.0,1.0,0.0,0.0,0.0,1.0,0.0,0.0,0.0,1.0,0.0,0.0,0
78.0,19.0,26.19,5527.0,0.0,0.0,1.0,0.0,91.0,1.0,0.0,0.0,0.0,1.0,0.0,0.0,1.0,0.0,0.0,3.0,1.0,1.0,0.0,0.0,35.0,3180.5,40.0,916.65,0.0,0.0,0.0,1.0,0.0,0.0,0.0,1.0,0.0,0.0,1.0,0.0,1.0,0.0,0.0,0.0,0.0,1.0,0.0,0
39.0,3.0,32.67,4629.0,0.0,1.0,1.0,0.0,117.2,1.0,0.0,0.0,1.0,1.0,1.0,0.0,1.0,1.0,0.0,3.0,0.0,1.0,1.0,1.0,68.0,8035.95,0.0,2221.56,0.0,0.0,1.0,0.0,1.0,0.0,0.0,1.0,0.0,0.0,1.0,0.0,1.0,0.0,0.0,0.0,0.0,1.0,0.0,0
53.0,18.0,3.2,2613.0,0.0,0.0,1.0,1.0,58.6,0.0,0.0,8.0,1.0,0.0,1.0,1.0,1.0,0.0,1.0,4.0,0.0,0.0,0.0,1.0,47.0,2723.4,0.0,150.4,0.0,0.0,1.0,1.0,0.0,0.0,1.0,0.0,1.0,0.0,0.0,0.0,1.0,0.0,0.0,0.0,1.0,0.0,0.0,0
19.0,0.0,9.77,2608.0,1.0,0.0,0.0,1.0,20.0,0.0,3.0,2.0,0.0,0.0,0.0,1.0,1.0,0.0,1.0,5.0,0.0,0.0,0.0,0.0,48.0,935.9,0.0,468.96,0.0,1.0,0.0,0.0,0.0,1.0,1.0,0.0,0.0,0.0,1.0,0.0,1.0,0.0,0.0,0.0,0.0,1.0,0.0,0
48.0,6.0,0.0,5174.0,0.0,1.0,1.0,0.0,39.7,0.0,0.0,0.0,1.0,0.0,0.0,0.0,0.0,1.0,0.0,3.0,0.0,0.0,0.0,0.0,50.0,1932.75,0.0,0.0,0.0,0.0,1.0,0.0,0.0,1.0,1.0,0.0,0.0,1.0,0.0,0.0,1.0,0.0,0.0,0.0,0.0,1.0,0.0,0
53.0,23.0,39.38,2421.0,0.0,0.0,1.0,0.0,69.65,0.0,0.0,0.0,0.0,0.0,0.0,0.0,1.0,0.0,0.0,2.0,0.0,0.0,0.0,0.0,3.0,220.1,0.0,118.14,0.0,0.0,1.0,1.0,0.0,0.0,0.0,1.0,0.0,0.0,1.0,0.0,0.0,0.0,0.0,1.0,1.0,0.0,0.0,1
47.0,19.0,14.48,5846.0,1.0,1.0,1.0,1.0,59.1,0.0,1.0,5.0,1.0,0.0,0.0,1.0,1.0,1.0,1.0,4.0,0.0,0.0,0.0,0.0,69.0,4134.7,0.0,999.12,0.0,0.0,1.0,0.0,1.0,0.0,1.0,0.0,0.0,1.0,0.0,1.0,0.0,0.0,0.0,0.0,1.0,0.0,0.0,0
52.0,6.0,41.21,2332.0,0.0,0.0,1.0,0.0,83.15,1.0,0.0,0.0,0.0,0.0,0.0,0.0,1.0,0.0,0.0,4.0,0.0,0.0,0.0,1.0,35.0,2848.45,0.0,1442.35,18.84,0.0,1.0,1.0,0.0,0.0,0.0,1.0,0.0,0.0,1.0,0.0,1.0,0.0,0.0,0.0,1.0,0.0,0.0,0
63.0,9.0,25.49,3478.0,0.0,0.0,1.0,0.0,45.35,0.0,0.0,0.0,0.0,0.0,0.0,0.0,1.0,0.0,0.0,1.0,0.0,0.0,0.0,0.0,2.0,89.5,0.0,50.98,0.0,0.0,1.0,1.0,0.0,0.0,0.0,1.0,0.0,1.0,0.0,0.0,1.0,0.0,0.0,0.0,1.0,0.0,0.0,1
26.0,76.0,9.5,4644.0,0.0,1.0,1.0,1.0,91.05,1.0,0.0,3.0,1.0,1.0,0.0,1.0,1.0,1.0,1.0,3.0,0.0,1.0,1.0,1.0,71.0,6293.75,0.0,674.5,0.0,1.0,1.0,0.0,0.0,1.0,1.0,0.0,1.0,0.0,0.0,1.0,0.0,0.0,0.0,0.0,0.0,1.0,0.0,0
61.0,13.0,48.95,4352.0,0.0,1.0,1.0,1.0,103.4,1.0,0.0,2.0,1.0,0.0,1.0,1.0,1.0,0.0,1.0,2.0,0.0,1.0,1.0,1.0,63.0,6603.0,0.0,3083.85,0.0,0.0,1.0,1.0,0.0,0.0,0.0,1.0,0.0,0.0,1.0,0.0,1.0,0.0,0.0,0.0,1.0,0.0,0.0,1
54.0,0.0,12.21,6228.0,0.0,0.0,0.0,1.0,25.7,1.0,0.0,1.0,0.0,0.0,0.0,1.0,1.0,0.0,1.0,4.0,0.0,0.0,0.0,0.0,55.0,1443.65,0.0,671.55,0.0,0.0,0.0,0.0,0.0,1.0,0.0,1.0,0.0,0.0,1.0,0.0,1.0,0.0,0.0,0.0,1.0,0.0,0.0,0
76.0,8.0,35.67,4503.0,0.0,0.0,1.0,0.0,72.75,0.0,0.0,0.0,1.0,0.0,0.0,0.0,1.0,0.0,0.0,4.0,1.0,0.0,0.0,0.0,4.0,317.75,0.0,142.68,0.0,0.0,1.0,0.0,0.0,1.0,1.0,0.0,0.0,0.0,1.0,0.0,1.0,0.0,0.0,0.0,1.0,0.0,0.0,0
31.0,21.0,19.22,5369.0,0.0,0.0,1.0,1.0,96.9,0.0,0.0,10.0,0.0,1.0,1.0,1.0,1.0,1.0,1.0,3.0,0.0,1.0,1.0,1.0,64.0,6314.35,0.0,1230.08,13.37,0.0,1.0,0.0,1.0,0.0,1.0,0.0,0.0,0.0,1.0,0.0,1.0,0.0,0.0,0.0,0.0,1.0,0.0,0
21.0,47.0,0.0,3332.0,1.0,1.0,1.0,1.0,58.85,0.0,2.0,9.0,1.0,1.0,0.0,1.0,0.0,0.0,1.0,3.0,0.0,1.0,1.0,1.0,7.0,465.7,0.0,0.0,0.0,1.0,1.0,1.0,0.0,0.0,0.0,1.0,1.0,0.0,0.0,0.0,0.0,0.0,0.0,1.0,0.0,1.0,0.0,0
72.0,19.0,16.92,4406.0,0.0,1.0,1.0,1.0,111.65,1.0,0.0,4.0,1.0,0.0,1.0,1.0,1.0,1.0,1.0,4.0,1.0,1.0,1.0,1.0,72.0,8022.85,110.0,1218.24,0.0,0.0,0.0,0.0,0.0,1.0,0.0,1.0,0.0,0.0,1.0,0.0,1.0,0.0,0.0,0.0,1.0,0.0,0.0,0
23.0,0.0,45.12,4106.0,0.0,0.0,0.0,1.0,24.95,1.0,0.0,10.0,0.0,0.0,1.0,1.0,1.0,0.0,1.0,3.0,0.0,0.0,0.0,0.0,69.0,1718.35,0.0,3113.28,0.0,1.0,0.0,0.0,0.0,1.0,1.0,0.0,0.0,0.0,1.0,0.0,1.0,0.0,0.0,0.0,0.0,1.0,0.0,0
48.0,3.0,34.75,2062.0,0.0,0.0,1.0,0.0,76.25,1.0,0.0,0.0,0.0,0.0,1.0,0.0,1.0,0.0,0.0,5.0,0.0,0.0,0.0,0.0,9.0,684.85,0.0,312.75,0.0,0.0,1.0,1.0,0.0,0.0,0.0,1.0,0.0,0.0,1.0,0.0,1.0,0.0,0.0,0.0,1.0,0.0,0.0,0
35.0,0.0,46.68,4411.0,0.0,0.0,0.0,1.0,25.2,1.0,0.0,9.0,0.0,0.0,0.0,1.0,1.0,0.0,1.0,4.0,0.0,0.0,0.0,0.0,15.0,387.9,0.0,700.2,0.0,0.0,0.0,0.0,0.0,1.0,1.0,0.0,0.0,0.0,1.0,0.0,1.0,0.0,0.0,0.0,0.0,1.0,0.0,0
55.0,13.0,25.14,4676.0,0.0,0.0,1.0,1.0,94.35,1.0,0.0,1.0,1.0,0.0,1.0,1.0,1.0,1.0,1.0,5.0,0.0,1.0,1.0,0.0,61.0,5703.0,0.0,1533.54,29.88,0.0,1.0,0.0,0.0,1.0,1.0,0.0,0.0,0.0,1.0,0.0,1.0,0.0,0.0,0.0,1.0,0.0,0.0,0
62.0,7.0,37.08,2709.0,0.0,1.0,1.0,1.0,67.8,0.0,0.0,6.0,0.0,0.0,1.0,1.0,1.0,0.0,1.0,5.0,0.0,1.0,1.0,1.0,10.0,653.15,0.0,370.8,0.0,0.0,1.0,1.0,0.0,0.0,1.0,0.0,1.0,0.0,0.0,0.0,0.0,0.0,1.0,0.0,0.0,1.0,0.0,0
31.0,30.0,4.41,5955.0,0.0,0.0,1.0,0.0,44.1,0.0,0.0,0.0,0.0,0.0,1.0,0.0,1.0,0.0,0.0,3.0,0.0,0.0,0.0,0.0,1.0,44.1,0.0,4.41,0.0,0.0,1.0,1.0,0.0,0.0,1.0,0.0,0.0,1.0,0.0,0.0,0.0,0.0,0.0,1.0,1.0,0.0,0.0,1
21.0,82.0,42.58,5036.0,1.0,0.0,1.0,1.0,57.95,0.0,3.0,9.0,1.0,1.0,1.0,1.0,1.0,1.0,1.0,3.0,0.0,0.0,1.0,0.0,22.0,1271.8,0.0,936.76,0.0,1.0,1.0,1.0,0.0,0.0,0.0,1.0,0.0,1.0,0.0,0.0,0.0,0.0,1.0,0.0,0.0,1.0,0.0,0
37.0,16.0,0.0,4943.0,0.0,0.0,1.0,0.0,25.15,0.0,0.0,0.0,0.0,0.0,1.0,0.0,0.0,0.0,0.0,5.0,0.0,0.0,0.0,0.0,13.0,331.85,0.0,0.0,48.59,0.0,1.0,1.0,0.0,0.0,0.0,1.0,1.0,0.0,0.0,0.0,0.0,0.0,1.0,0.0,1.0,0.0,0.0,0
53.0,26.0,14.48,3940.0,0.0,0.0,1.0,0.0,75.8,0.0,0.0,0.0,1.0,0.0,0.0,0.0,1.0,0.0,0.0,1.0,0.0,0.0,0.0,0.0,1.0,75.8,0.0,14.48,0.0,0.0,1.0,1.0,0.0,0.0,1.0,0.0,0.0,0.0,1.0,0.0,1.0,0.0,0.0,0.0,1.0,0.0,0.0,1
32.0,9.0,0.0,2573.0,0.0,0.0,1.0,1.0,29.95,0.0,0.0,1.0,1.0,0.0,1.0,1.0,0.0,0.0,1.0,2.0,0.0,0.0,0.0,0.0,9.0,248.95,10.0,0.0,0.0,0.0,0.0,1.0,0.0,0.0,0.0,1.0,0.0,1.0,0.0,0.0,0.0,0.0,0.0,1.0,1.0,0.0,0.0,1
31.0,9.0,17.91,4041.0,0.0,1.0,1.0,1.0,88.25,1.0,0.0,7.0,0.0,0.0,0.0,1.0,1.0,0.0,1.0,2.0,0.0,0.0,0.0,1.0,17.0,1460.65,0.0,304.47,0.0,0.0,1.0,1.0,0.0,0.0,1.0,0.0,0.0,0.0,1.0,0.0,1.0,0.0,0.0,0.0,1.0,0.0,0.0,1
77.0,19.0,49.21,4848.0,1.0,0.0,1.0,1.0,100.4,1.0,2.0,1.0,1.0,0.0,1.0,1.0,1.0,0.0,1.0,3.0,1.0,1.0,0.0,1.0,32.0,3217.65,0.0,1574.72,0.0,0.0,1.0,0.0,1.0,0.0,1.0,0.0,0.0,0.0,1.0,0.0,0.0,1.0,0.0,0.0,1.0,0.0,0.0,0
39.0,3.0,44.65,4729.0,0.0,0.0,1.0,1.0,61.35,1.0,0.0,3.0,1.0,0.0,0.0,1.0,1.0,1.0,1.0,3.0,0.0,0.0,0.0,0.0,52.0,3169.55,0.0,2321.8,0.0,0.0,1.0,1.0,0.0,0.0,0.0,1.0,1.0,0.0,0.0,0.0,1.0,0.0,0.0,0.0,1.0,0.0,0.0,0
64.0,0.0,35.24,4517.0,0.0,0.0,0.0,1.0,20.65,0.0,0.0,8.0,0.0,0.0,1.0,1.0,1.0,0.0,1.0,4.0,0.0,0.0,0.0,0.0,1.0,20.65,0.0,35.24,0.0,0.0,0.0,1.0,0.0,0.0,1.0,0.0,0.0,0.0,1.0,0.0,1.0,0.0,0.0,0.0,0.0,1.0,0.0,0
39.0,3.0,37.5,4633.0,0.0,0.0,1.0,0.0,43.8,0.0,0.0,0.0,0.0,0.0,0.0,0.0,1.0,0.0,0.0,5.0,0.0,0.0,0.0,0.0,1.0,43.8,0.0,37.5,0.0,0.0,1.0,1.0,0.0,0.0,1.0,0.0,0.0,1.0,0.0,0.0,0.0,0.0,0.0,1.0,1.0,0.0,0.0,0
55.0,0.0,35.34,5887.0,0.0,0.0,0.0,1.0,25.25,1.0,0.0,1.0,0.0,0.0,1.0,1.0,1.0,0.0,1.0,5.0,0.0,0.0,0.0,0.0,67.0,1733.15,0.0,2367.78,0.0,0.0,0.0,0.0,0.0,1.0,1.0,0.0,0.0,0.0,1.0,0.0,1.0,0.0,0.0,0.0,0.0,1.0,0.0,0
38.0,0.0,26.64,6146.0,0.0,0.0,0.0,1.0,24.95,1.0,0.0,2.0,0.0,0.0,1.0,1.0,1.0,0.0,1.0,5.0,0.0,0.0,0.0,0.0,68.0,1614.9,0.0,1811.52,0.0,0.0,0.0,0.0,0.0,1.0,1.0,0.0,0.0,0.0,1.0,1.0,0.0,0.0,0.0,0.0,0.0,1.0,0.0,0
60.0,19.0,44.05,5282.0,1.0,1.0,1.0,1.0,97.0,0.0,1.0,1.0,0.0,0.0,0.0,1.0,1.0,0.0,1.0,3.0,0.0,1.0,1.0,1.0,13.0,1334.45,0.0,572.65,0.0,0.0,1.0,1.0,0.0,0.0,0.0,1.0,0.0,0.0,1.0,0.0,0.0,0.0,1.0,0.0,1.0,0.0,0.0,0
20.0,52.0,44.79,5954.0,1.0,1.0,1.0,1.0,101.25,1.0,1.0,1.0,0.0,0.0,0.0,1.0,1.0,0.0,1.0,5.0,0.0,1.0,1.0,1.0,52.0,5301.1,0.0,2329.08,0.0,1.0,1.0,0.0,1.0,0.0,1.0,0.0,0.0,0.0,1.0,0.0,1.0,0.0,0.0,0.0,1.0,0.0,0.0,0
21.0,0.0,4.17,5584.0,1.0,0.0,0.0,1.0,19.6,0.0,2.0,1.0,0.0,0.0,0.0,1.0,1.0,0.0,1.0,5.0,0.0,0.0,0.0,0.0,44.0,780.25,0.0,183.48,0.0,1.0,0.0,1.0,0.0,0.0,1.0,0.0,0.0,0.0,1.0,0.0,1.0,0.0,0.0,0.0,0.0,1.0,0.0,0
63.0,10.0,13.18,3235.0,1.0,1.0,1.0,1.0,49.6,0.0,1.0,5.0,0.0,0.0,1.0,1.0,1.0,0.0,1.0,3.0,0.0,0.0,0.0,0.0,20.0,939.8,0.0,263.6,0.0,0.0,1.0,1.0,0.0,0.0,0.0,1.0,1.0,0.0,0.0,0.0,1.0,0.0,0.0,0.0,1.0,0.0,0.0,0
20.0,47.0,44.5,6105.0,0.0,1.0,1.0,0.0,103.25,1.0,0.0,0.0,1.0,0.0,1.0,0.0,1.0,0.0,0.0,1.0,0.0,1.0,1.0,1.0,58.0,6017.65,0.0,2581.0,0.0,1.0,1.0,0.0,1.0,0.0,0.0,1.0,0.0,0.0,1.0,0.0,1.0,0.0,0.0,0.0,1.0,0.0,0.0,1
21.0,27.0,34.58,5371.0,1.0,1.0,1.0,1.0,91.8,1.0,1.0,0.0,1.0,1.0,1.0,1.0,1.0,0.0,0.0,3.0,0.0,0.0,0.0,0.0,64.0,5960.5,0.0,2213.12,0.0,1.0,1.0,1.0,0.0,0.0,0.0,1.0,0.0,0.0,1.0,0.0,1.0,0.0,0.0,0.0,1.0,0.0,0.0,0
21.0,41.0,15.35,6114.0,0.0,0.0,1.0,1.0,86.4,1.0,0.0,6.0,1.0,1.0,1.0,1.0,1.0,1.0,1.0,3.0,0.0,1.0,1.0,1.0,72.0,6058.95,0.0,1105.2,0.0,1.0,1.0,0.0,0.0,1.0,1.0,0.0,0.0,1.0,0.0,0.0,1.0,0.0,0.0,0.0,1.0,0.0,0.0,0
55.0,3.0,33.18,3924.0,0.0,1.0,1.0,0.0,94.15,1.0,0.0,0.0,1.0,0.0,1.0,0.0,1.0,0.0,0.0,5.0,0.0,1.0,1.0,0.0,46.0,4408.45,0.0,1526.28,0.0,0.0,1.0,0.0,1.0,0.0,1.0,0.0,0.0,0.0,1.0,0.0,1.0,0.0,0.0,0.0,1.0,0.0,0.0,0
51.0,0.0,35.2,4882.0,1.0,0.0,0.0,1.0,20.0,0.0,2.0,5.0,0.0,0.0,0.0,1.0,1.0,0.0,1.0,5.0,0.0,0.0,0.0,0.0,43.0,817.95,0.0,1513.6,0.0,0.0,0.0,0.0,1.0,0.0,1.0,0.0,0.0,0.0,1.0,0.0,1.0,0.0,0.0,0.0,0.0,1.0,0.0,0
73.0,10.0,33.68,6202.0,0.0,1.0,1.0,1.0,77.35,1.0,0.0,4.0,1.0,0.0,0.0,1.0,1.0,1.0,1.0,4.0,1.0,0.0,0.0,1.0,72.0,5396.25,0.0,2424.96,0.0,0.0,1.0,0.0,0.0,1.0,0.0,1.0,0.0,1.0,0.0,1.0,0.0,0.0,0.0,0.0,0.0,1.0,0.0,0
43.0,0.0,44.86,4408.0,0.0,0.0,0.0,1.0,19.9,0.0,0.0,6.0,0.0,0.0,0.0,1.0,1.0,0.0,1.0,5.0,0.0,0.0,0.0,0.0,57.0,1115.6,0.0,2557.02,0.0,0.0,0.0,0.0,0.0,1.0,1.0,0.0,0.0,0.0,1.0,0.0,1.0,0.0,0.0,0.0,1.0,0.0,0.0,0
51.0,16.0,0.0,3099.0,0.0,1.0,1.0,0.0,43.75,0.0,0.0,0.0,1.0,0.0,1.0,0.0,0.0,0.0,0.0,3.0,0.0,1.0,1.0,0.0,22.0,903.6,0.0,0.0,0.0,0.0,1.0,0.0,1.0,0.0,0.0,1.0,0.0,1.0,0.0,0.0,0.0,0.0,1.0,0.0,1.0,0.0,0.0,1
39.0,17.0,33.71,5437.0,0.0,0.0,1.0,0.0,70.45,0.0,0.0,0.0,0.0,0.0,1.0,0.0,1.0,0.0,0.0,3.0,0.0,0.0,0.0,0.0,38.0,2597.6,0.0,1280.98,0.0,0.0,1.0,0.0,1.0,0.0,0.0,1.0,0.0,0.0,1.0,0.0,1.0,0.0,0.0,0.0,1.0,0.0,0.0,1
48.0,0.0,27.3,6094.0,0.0,0.0,0.0,0.0,20.0,0.0,0.0,0.0,0.0,0.0,0.0,0.0,1.0,0.0,0.0,3.0,0.0,0.0,0.0,0.0,54.0,1149.65,0.0,1474.2,0.0,0.0,0.0,0.0,0.0,1.0,0.0,1.0,0.0,0.0,1.0,0.0,1.0,0.0,0.0,0.0,0.0,1.0,0.0,0
58.0,12.0,44.75,5930.0,0.0,0.0,1.0,0.0,45.85,0.0,0.0,0.0,0.0,0.0,1.0,0.0,1.0,0.0,0.0,2.0,0.0,0.0,0.0,0.0,1.0,45.85,0.0,44.75,0.0,0.0,1.0,1.0,0.0,0.0,0.0,1.0,1.0,0.0,0.0,0.0,0.0,0.0,0.0,1.0,0.0,1.0,0.0,1
63.0,0.0,45.7,5823.0,0.0,0.0,0.0,0.0,19.8,0.0,0.0,0.0,0.0,0.0,0.0,0.0,1.0,0.0,0.0,3.0,0.0,0.0,0.0,0.0,26.0,457.3,0.0,1188.2,0.0,0.0,0.0,0.0,1.0,0.0,0.0,1.0,0.0,0.0,1.0,0.0,0.0,1.0,0.0,0.0,0.0,1.0,0.0,0
75.0,27.0,13.63,3077.0,0.0,0.0,1.0,1.0,89.5,0.0,0.0,1.0,0.0,0.0,1.0,1.0,1.0,0.0,1.0,2.0,1.0,1.0,0.0,1.0,7.0,676.7,0.0,95.41,0.0,0.0,1.0,1.0,0.0,0.0,0.0,1.0,0.0,0.0,1.0,0.0,0.0,0.0,0.0,1.0,1.0,0.0,0.0,1
48.0,23.0,0.0,5977.0,0.0,1.0,1.0,1.0,35.65,0.0,0.0,5.0,1.0,0.0,1.0,1.0,0.0,0.0,1.0,3.0,0.0,0.0,0.0,0.0,17.0,646.05,0.0,0.0,0.0,0.0,1.0,1.0,0.0,0.0,1.0,0.0,0.0,1.0,0.0,0.0,0.0,0.0,1.0,0.0,0.0,1.0,0.0,0
51.0,30.0,14.63,4511.0,0.0,1.0,1.0,0.0,114.95,1.0,0.0,0.0,1.0,1.0,1.0,0.0,1.0,1.0,0.0,3.0,0.0,1.0,1.0,1.0,70.0,7711.25,0.0,1024.1,0.0,0.0,1.0,0.0,0.0,1.0,0.0,1.0,0.0,0.0,1.0,1.0,0.0,0.0,0.0,0.0,1.0,0.0,0.0,0
55.0,15.0,30.88,3302.0,0.0,1.0,1.0,0.0,64.85,0.0,0.0,0.0,0.0,1.0,0.0,0.0,1.0,0.0,0.0,3.0,0.0,1.0,1.0,0.0,21.0,1336.8,0.0,648.48,0.0,0.0,1.0,0.0,1.0,0.0,1.0,0.0,0.0,1.0,0.0,0.0,0.0,0.0,1.0,0.0,0.0,0.0,1.0,0
51.0,15.0,3.0,4734.0,0.0,1.0,1.0,1.0,104.65,1.0,0.0,2.0,1.0,0.0,1.0,1.0,1.0,0.0,1.0,3.0,0.0,1.0,1.0,1.0,24.0,2542.45,0.0,72.0,0.0,0.0,1.0,1.0,0.0,0.0,0.0,1.0,0.0,0.0,1.0,0.0,0.0,1.0,0.0,0.0,1.0,0.0,0.0,1
61.0,20.0,7.56,5948.0,0.0,1.0,1.0,0.0,101.3,0.0,0.0,0.0,1.0,0.0,0.0,0.0,1.0,0.0,0.0,3.0,0.0,1.0,1.0,1.0,18.0,1794.65,0.0,136.08,0.0,0.0,1.0,1.0,0.0,0.0,0.0,1.0,0.0,0.0,1.0,0.0,1.0,0.0,0.0,0.0,0.0,1.0,0.0,0
80.0,8.0,37.3,4011.0,0.0,1.0,1.0,0.0,73.25,1.0,0.0,0.0,0.0,1.0,0.0,0.0,1.0,1.0,0.0,3.0,1.0,1.0,0.0,0.0,56.0,4054.2,0.0,2088.8,17.16,0.0,1.0,0.0,0.0,1.0,1.0,0.0,0.0,1.0,0.0,0.0,1.0,0.0,0.0,0.0,1.0,0.0,0.0,0
51.0,17.0,7.66,4390.0,0.0,0.0,1.0,0.0,70.0,0.0,0.0,0.0,0.0,0.0,1.0,0.0,1.0,0.0,0.0,1.0,0.0,0.0,0.0,0.0,17.0,1144.5,80.0,130.22,0.0,0.0,0.0,1.0,0.0,0.0,1.0,0.0,0.0,0.0,1.0,0.0,1.0,0.0,0.0,0.0,1.0,0.0,0.0,1
19.0,47.0,0.0,4122.0,1.0,1.0,1.0,1.0,60.35,0.0,3.0,1.0,1.0,0.0,0.0,1.0,0.0,1.0,1.0,3.0,0.0,1.0,1.0,1.0,70.0,4138.7,0.0,0.0,49.23,1.0,1.0,0.0,1.0,0.0,0.0,1.0,1.0,0.0,0.0,1.0,0.0,0.0,0.0,0.0,1.0,0.0,0.0,0
47.0,7.0,21.3,3527.0,0.0,0.0,1.0,0.0,54.15,1.0,0.0,0.0,1.0,0.0,0.0,0.0,1.0,0.0,0.0,5.0,0.0,0.0,0.0,0.0,2.0,101.65,10.0,42.6,0.0,0.0,0.0,1.0,0.0,0.0,1.0,0.0,0.0,1.0,0.0,0.0,0.0,0.0,0.0,1.0,0.0,1.0,0.0,0
36.0,16.0,11.24,2663.0,0.0,0.0,1.0,1.0,70.75,0.0,0.0,1.0,0.0,0.0,1.0,1.0,1.0,0.0,1.0,1.0,0.0,0.0,0.0,0.0,29.0,1974.8,0.0,325.96,0.0,0.0,1.0,1.0,0.0,0.0,0.0,1.0,0.0,0.0,1.0,0.0,1.0,0.0,0.0,0.0,1.0,0.0,0.0,1
28.0,59.0,4.08,5756.0,1.0,1.0,1.0,0.0,84.8,1.0,2.0,0.0,0.0,0.0,1.0,0.0,1.0,1.0,0.0,3.0,0.0,0.0,0.0,0.0,46.0,3958.85,0.0,187.68,0.0,1.0,1.0,1.0,0.0,0.0,1.0,0.0,0.0,0.0,1.0,0.0,1.0,0.0,0.0,0.0,1.0,0.0,0.0,0
53.0,0.0,32.54,3965.0,1.0,0.0,0.0,0.0,24.8,1.0,3.0,0.0,0.0,0.0,1.0,0.0,1.0,0.0,0.0,3.0,0.0,0.0,0.0,0.0,15.0,324.15,0.0,488.1,12.8,0.0,0.0,1.0,0.0,0.0,0.0,1.0,0.0,0.0,1.0,0.0,1.0,0.0,0.0,0.0,1.0,0.0,0.0,0
40.0,19.0,8.0,4113.0,1.0,0.0,1.0,1.0,53.65,0.0,1.0,2.0,1.0,1.0,0.0,1.0,1.0,0.0,1.0,4.0,0.0,0.0,0.0,0.0,36.0,1939.35,0.0,288.0,0.0,0.0,1.0,0.0,1.0,0.0,0.0,1.0,1.0,0.0,0.0,0.0,1.0,0.0,0.0,0.0,0.0,1.0,0.0,0
26.0,0.0,48.39,3152.0,0.0,0.0,0.0,1.0,19.9,0.0,0.0,5.0,0.0,0.0,0.0,1.0,1.0,0.0,1.0,5.0,0.0,0.0,0.0,0.0,8.0,153.95,0.0,387.12,0.0,1.0,0.0,0.0,1.0,0.0,0.0,1.0,0.0,0.0,1.0,0.0,0.0,0.0,0.0,1.0,0.0,1.0,0.0,0
41.0,29.0,33.22,3517.0,0.0,0.0,1.0,1.0,103.15,1.0,0.0,3.0,1.0,0.0,1.0,1.0,1.0,1.0,1.0,3.0,0.0,1.0,1.0,1.0,46.0,4594.65,130.0,1528.12,0.0,0.0,0.0,0.0,1.0,0.0,1.0,0.0,0.0,0.0,1.0,0.0,1.0,0.0,0.0,0.0,1.0,0.0,0.0,0
61.0,22.0,0.0,6107.0,1.0,1.0,1.0,1.0,63.8,0.0,3.0,8.0,1.0,1.0,1.0,1.0,0.0,1.0,1.0,4.0,0.0,1.0,1.0,1.0,72.0,4684.3,0.0,0.0,0.0,0.0,1.0,0.0,0.0,1.0,1.0,0.0,0.0,1.0,0.0,0.0,1.0,0.0,0.0,0.0,1.0,0.0,0.0,0
77.0,21.0,36.47,5023.0,0.0,1.0,1.0,0.0,103.0,1.0,0.0,0.0,1.0,1.0,0.0,0.0,1.0,1.0,0.0,4.0,1.0,1.0,1.0,0.0,49.0,5166.2,0.0,1787.03,0.0,0.0,1.0,0.0,1.0,0.0,1.0,0.0,0.0,0.0,1.0,0.0,1.0,0.0,0.0,0.0,1.0,0.0,0.0,0
31.0,14.0,11.19,3527.0,0.0,0.0,1.0,0.0,69.8,0.0,0.0,0.0,0.0,0.0,1.0,0.0,1.0,0.0,0.0,3.0,0.0,0.0,0.0,0.0,2.0,146.65,10.0,22.38,0.0,0.0,0.0,1.0,0.0,0.0,0.0,1.0,0.0,0.0,1.0,0.0,1.0,0.0,0.0,0.0,1.0,0.0,0.0,0
60.0,9.0,0.0,5565.0,0.0,0.0,1.0,0.0,30.55,0.0,0.0,0.0,0.0,0.0,0.0,0.0,0.0,1.0,0.0,4.0,0.0,0.0,0.0,0.0,1.0,30.55,40.0,0.0,0.0,0.0,0.0,1.0,0.0,0.0,1.0,0.0,0.0,1.0,0.0,0.0,1.0,0.0,0.0,0.0,0.0,1.0,0.0,0
37.0,27.0,39.9,5136.0,1.0,0.0,1.0,0.0,54.75,0.0,1.0,0.0,1.0,0.0,1.0,0.0,1.0,1.0,0.0,5.0,0.0,0.0,0.0,0.0,25.0,1266.35,0.0,997.5,15.76,0.0,1.0,0.0,1.0,0.0,1.0,0.0,0.0,1.0,0.0,0.0,0.0,1.0,0.0,0.0,0.0,1.0,0.0,0
50.0,16.0,4.11,4412.0,1.0,1.0,1.0,1.0,80.7,1.0,2.0,6.0,1.0,1.0,0.0,1.0,1.0,1.0,1.0,4.0,0.0,0.0,0.0,1.0,70.0,5617.95,0.0,287.7,0.0,0.0,1.0,0.0,0.0,1.0,1.0,0.0,1.0,0.0,0.0,1.0,0.0,0.0,0.0,0.0,1.0,0.0,0.0,0
33.0,0.0,39.56,3675.0,1.0,0.0,0.0,1.0,25.1,1.0,1.0,2.0,0.0,0.0,0.0,1.0,1.0,0.0,1.0,4.0,0.0,0.0,0.0,0.0,18.0,428.45,0.0,712.08,14.57,0.0,0.0,0.0,0.0,1.0,1.0,0.0,0.0,0.0,1.0,0.0,0.0,0.0,1.0,0.0,0.0,1.0,0.0,0
45.0,0.0,27.6,2447.0,1.0,0.0,0.0,0.0,19.6,0.0,2.0,0.0,0.0,0.0,0.0,0.0,1.0,0.0,0.0,3.0,0.0,0.0,0.0,0.0,21.0,397.0,0.0,579.6,0.0,0.0,0.0,0.0,0.0,1.0,0.0,1.0,0.0,0.0,1.0,0.0,0.0,0.0,1.0,0.0,0.0,1.0,0.0,0
49.0,53.0,0.0,5498.0,1.0,0.0,1.0,1.0,53.65,0.0,3.0,9.0,1.0,0.0,0.0,1.0,0.0,1.0,1.0,3.0,0.0,1.0,1.0,1.0,72.0,3784.0,0.0,0.0,0.0,0.0,1.0,0.0,0.0,1.0,1.0,0.0,0.0,1.0,0.0,0.0,1.0,0.0,0.0,0.0,0.0,1.0,0.0,0
76.0,26.0,21.89,2819.0,0.0,1.0,1.0,0.0,99.45,1.0,0.0,0.0,0.0,0.0,1.0,0.0,1.0,0.0,0.0,3.0,1.0,1.0,0.0,1.0,12.0,1200.15,0.0,262.68,0.0,0.0,1.0,1.0,0.0,0.0,0.0,1.0,0.0,0.0,1.0,0.0,1.0,0.0,0.0,0.0,1.0,0.0,0.0,1
25.0,0.0,42.96,4769.0,0.0,0.0,0.0,0.0,20.25,0.0,0.0,0.0,0.0,0.0,1.0,0.0,1.0,0.0,0.0,5.0,0.0,0.0,0.0,0.0,1.0,20.25,0.0,42.96,0.0,1.0,0.0,1.0,0.0,0.0,0.0,1.0,0.0,0.0,1.0,0.0,1.0,0.0,0.0,0.0,0.0,1.0,0.0,0
42.0,53.0,29.54,4459.0,1.0,0.0,1.0,0.0,89.1,1.0,3.0,0.0,1.0,0.0,1.0,0.0,1.0,0.0,0.0,4.0,0.0,0.0,0.0,1.0,22.0,1949.4,0.0,649.88,0.0,0.0,1.0,1.0,0.0,0.0,0.0,1.0,0.0,0.0,1.0,0.0,0.0,0.0,1.0,0.0,0.0,1.0,0.0,0
45.0,3.0,46.84,2570.0,0.0,0.0,1.0,0.0,44.35,0.0,0.0,0.0,0.0,0.0,0.0,0.0,1.0,0.0,0.0,3.0,0.0,0.0,0.0,0.0,2.0,81.25,0.0,93.68,0.0,0.0,1.0,1.0,0.0,0.0,0.0,1.0,0.0,1.0,0.0,0.0,0.0,0.0,0.0,1.0,1.0,0.0,0.0,1
42.0,21.0,8.29,4080.0,0.0,1.0,1.0,0.0,62.8,0.0,0.0,0.0,0.0,0.0,0.0,0.0,1.0,1.0,0.0,4.0,0.0,1.0,1.0,0.0,7.0,418.3,0.0,58.03,0.0,0.0,1.0,1.0,0.0,0.0,1.0,0.0,0.0,1.0,0.0,0.0,1.0,0.0,0.0,0.0,1.0,0.0,0.0,0
20.0,0.0,18.28,4925.0,0.0,0.0,0.0,0.0,19.65,0.0,0.0,0.0,0.0,0.0,1.0,0.0,1.0,0.0,0.0,3.0,0.0,0.0,0.0,0.0,4.0,67.55,0.0,73.12,0.0,1.0,0.0,1.0,0.0,0.0,0.0,1.0,0.0,0.0,1.0,0.0,0.0,0.0,0.0,1.0,0.0,1.0,0.0,0
41.0,25.0,0.0,3176.0,1.0,1.0,1.0,0.0,40.45,0.0,2.0,0.0,1.0,1.0,1.0,0.0,0.0,0.0,0.0,3.0,0.0,0.0,0.0,0.0,43.0,1912.85,0.0,0.0,0.0,0.0,1.0,1.0,0.0,0.0,0.0,1.0,0.0,1.0,0.0,0.0,1.0,0.0,0.0,0.0,1.0,0.0,0.0,0
75.0,11.0,42.19,4368.0,0.0,0.0,1.0,0.0,72.95,1.0,0.0,0.0,0.0,0.0,1.0,0.0,1.0,0.0,0.0,3.0,1.0,0.0,0.0,0.0,52.0,3829.75,0.0,2193.88,0.0,0.0,1.0,0.0,0.0,1.0,0.0,1.0,0.0,0.0,1.0,0.0,1.0,0.0,0.0,0.0,1.0,0.0,0.0,0
60.0,4.0,9.36,6001.0,0.0,1.0,1.0,0.0,109.15,1.0,0.0,0.0,1.0,0.0,1.0,0.0,1.0,1.0,0.0,2.0,0.0,1.0,1.0,1.0,65.0,6941.2,140.0,608.4,0.0,0.0,0.0,1.0,0.0,0.0,0.0,1.0,0.0,0.0,1.0,0.0,1.0,0.0,0.0,0.0,1.0,0.0,0.0,1
60.0,17.0,23.0,5819.0,1.0,0.0,1.0,1.0,70.2,0.0,2.0,0.0,0.0,0.0,0.0,1.0,1.0,0.0,0.0,4.0,0.0,0.0,0.0,0.0,14.0,1046.5,0.0,322.0,0.0,0.0,1.0,1.0,0.0,0.0,1.0,0.0,0.0,0.0,1.0,0.0,0.0,0.0,1.0,0.0,1.0,0.0,0.0,0
61.0,24.0,13.39,4579.0,1.0,0.0,1.0,0.0,80.35,1.0,2.0,0.0,0.0,1.0,0.0,0.0,1.0,0.0,0.0,3.0,0.0,0.0,0.0,0.0,21.0,1747.2,0.0,281.19,0.0,0.0,1.0,1.0,0.0,0.0,0.0,1.0,0.0,0.0,1.0,0.0,0.0,0.0,1.0,0.0,1.0,0.0,0.0,0
66.0,25.0,39.77,2003.0,0.0,0.0,1.0,0.0,74.05,1.0,0.0,0.0,0.0,0.0,1.0,0.0,1.0,0.0,0.0,5.0,1.0,0.0,0.0,0.0,9.0,678.45,0.0,357.93,0.0,0.0,1.0,0.0,0.0,1.0,0.0,1.0,0.0,0.0,1.0,0.0,0.0,0.0,0.0,1.0,1.0,0.0,0.0,0
69.0,4.0,12.86,2754.0,0.0,1.0,1.0,0.0,88.85,1.0,0.0,0.0,0.0,0.0,1.0,0.0,1.0,0.0,0.0,3.0,1.0,1.0,0.0,0.0,4.0,372.45,0.0,51.44,0.0,0.0,1.0,1.0,0.0,0.0,1.0,0.0,0.0,0.0,1.0,0.0,1.0,0.0,0.0,0.0,1.0,0.0,0.0,1
30.0,51.0,41.95,5643.0,0.0,0.0,1.0,1.0,91.85,0.0,0.0,1.0,0.0,1.0,0.0,1.0,1.0,1.0,1.0,1.0,0.0,0.0,0.0,1.0,17.0,1574.45,0.0,713.15,0.0,0.0,1.0,1.0,0.0,0.0,1.0,0.0,0.0,0.0,1.0,0.0,0.0,0.0,1.0,0.0,1.0,0.0,0.0,1
46.0,6.0,9.7,6250.0,0.0,1.0,1.0,0.0,61.35,0.0,0.0,0.0,0.0,0.0,1.0,0.0,1.0,0.0,0.0,3.0,0.0,1.0,1.0,0.0,59.0,3645.5,0.0,572.3,0.0,0.0,1.0,0.0,1.0,0.0,0.0,1.0,0.0,1.0,0.0,0.0,1.0,0.0,0.0,0.0,1.0,0.0,0.0,0
47.0,12.0,31.08,3859.0,0.0,1.0,1.0,0.0,74.65,1.0,0.0,0.0,0.0,1.0,1.0,0.0,1.0,1.0,0.0,4.0,0.0,1.0,1.0,0.0,41.0,3090.65,100.0,1274.28,0.0,0.0,0.0,1.0,0.0,0.0,1.0,0.0,0.0,1.0,0.0,0.0,1.0,0.0,0.0,0.0,1.0,0.0,0.0,0
62.0,0.0,41.93,2878.0,0.0,0.0,0.0,0.0,19.65,0.0,0.0,0.0,0.0,0.0,1.0,0.0,1.0,0.0,0.0,3.0,0.0,0.0,0.0,0.0,5.0,92.05,0.0,209.65,0.0,0.0,0.0,1.0,0.0,0.0,1.0,0.0,0.0,0.0,1.0,0.0,1.0,0.0,0.0,0.0,0.0,1.0,0.0,0
46.0,6.0,32.72,2221.0,0.0,1.0,1.0,1.0,95.1,1.0,0.0,10.0,1.0,1.0,1.0,1.0,1.0,1.0,1.0,3.0,0.0,0.0,0.0,0.0,44.0,4060.55,0.0,1439.68,0.0,0.0,1.0,1.0,0.0,0.0,1.0,0.0,0.0,0.0,1.0,0.0,1.0,0.0,0.0,0.0,0.0,1.0,0.0,0
59.0,15.0,33.69,5577.0,0.0,0.0,1.0,0.0,80.0,1.0,0.0,0.0,0.0,1.0,1.0,0.0,1.0,0.0,0.0,3.0,0.0,0.0,0.0,0.0,13.0,1029.35,0.0,437.97,0.0,0.0,0.0,1.0,0.0,0.0,1.0,0.0,0.0,0.0,1.0,0.0,0.0,0.0,1.0,0.0,0.0,1.0,0.0,0
20.0,59.0,0.0,4630.0,0.0,0.0,1.0,0.0,51.0,0.0,0.0,0.0,1.0,0.0,1.0,0.0,0.0,0.0,0.0,2.0,0.0,1.0,1.0,1.0,5.0,305.95,0.0,0.0,0.0,1.0,1.0,1.0,0.0,0.0,0.0,1.0,0.0,1.0,0.0,0.0,1.0,0.0,0.0,0.0,0.0,0.0,1.0,1
32.0,18.0,11.57,6016.0,0.0,0.0,1.0,1.0,89.7,1.0,0.0,2.0,1.0,0.0,1.0,1.0,1.0,0.0,1.0,3.0,0.0,0.0,0.0,1.0,72.0,6588.95,0.0,833.04,0.0,0.0,1.0,0.0,1.0,0.0,0.0,1.0,0.0,0.0,1.0,1.0,0.0,0.0,0.0,0.0,1.0,0.0,0.0,0
41.0,14.0,0.0,3752.0,0.0,1.0,1.0,0.0,35.55,0.0,0.0,0.0,0.0,0.0,0.0,0.0,0.0,1.0,0.0,3.0,0.0,0.0,0.0,0.0,39.0,1309.15,0.0,0.0,0.0,0.0,1.0,0.0,1.0,0.0,0.0,1.0,0.0,1.0,0.0,0.0,1.0,0.0,0.0,0.0,0.0,1.0,0.0,0
34.0,3.0,32.92,2502.0,0.0,0.0,1.0,0.0,80.25,0.0,0.0,0.0,0.0,0.0,1.0,0.0,1.0,0.0,0.0,2.0,0.0,0.0,0.0,1.0,1.0,80.25,0.0,32.92,0.0,0.0,1.0,1.0,0.0,0.0,1.0,0.0,0.0,0.0,1.0,0.0,0.0,0.0,0.0,1.0,1.0,0.0,0.0,1
74.0,11.0,48.92,4483.0,0.0,0.0,1.0,0.0,101.4,1.0,0.0,0.0,0.0,1.0,1.0,0.0,1.0,0.0,0.0,4.0,1.0,1.0,0.0,1.0,60.0,6176.6,0.0,2935.2,0.0,0.0,1.0,0.0,1.0,0.0,1.0,0.0,0.0,0.0,1.0,0.0,1.0,0.0,0.0,0.0,1.0,0.0,0.0,0
30.0,47.0,0.0,4556.0,0.0,1.0,1.0,1.0,55.45,0.0,0.0,5.0,1.0,1.0,1.0,1.0,0.0,1.0,1.0,3.0,0.0,1.0,1.0,0.0,72.0,4179.2,0.0,0.0,0.0,0.0,1.0,0.0,0.0,1.0,0.0,1.0,1.0,0.0,0.0,1.0,0.0,0.0,0.0,0.0,0.0,1.0,0.0,0
54.0,22.0,2.24,4661.0,0.0,0.0,1.0,0.0,59.5,0.0,0.0,0.0,0.0,0.0,1.0,0.0,1.0,1.0,0.0,3.0,0.0,0.0,0.0,1.0,7.0,415.95,0.0,15.68,0.0,0.0,1.0,1.0,0.0,0.0,1.0,0.0,0.0,1.0,0.0,0.0,0.0,0.0,0.0,1.0,0.0,1.0,0.0,1
64.0,2.0,10.26,5584.0,0.0,0.0,1.0,0.0,98.8,0.0,0.0,0.0,1.0,0.0,1.0,0.0,1.0,1.0,0.0,4.0,0.0,1.0,1.0,1.0,41.0,3959.15,0.0,420.66,27.09,0.0,1.0,0.0,0.0,1.0,1.0,0.0,0.0,0.0,1.0,0.0,1.0,0.0,0.0,0.0,1.0,0.0,0.0,0
72.0,17.0,48.68,5869.0,0.0,0.0,1.0,1.0,102.9,1.0,0.0,9.0,1.0,0.0,0.0,1.0,1.0,1.0,1.0,3.0,1.0,1.0,1.0,1.0,67.0,6989.7,0.0,3261.56,0.0,0.0,1.0,0.0,0.0,1.0,0.0,1.0,0.0,0.0,1.0,1.0,0.0,0.0,0.0,0.0,1.0,0.0,0.0,0
52.0,0.0,36.5,6263.0,1.0,0.0,0.0,1.0,24.75,1.0,2.0,4.0,0.0,0.0,0.0,1.0,1.0,0.0,1.0,5.0,0.0,0.0,0.0,0.0,65.0,1715.1,0.0,2372.5,0.0,0.0,0.0,0.0,0.0,1.0,0.0,1.0,0.0,0.0,1.0,0.0,1.0,0.0,0.0,0.0,0.0,1.0,0.0,0
20.0,52.0,0.0,3522.0,1.0,1.0,1.0,1.0,44.45,0.0,2.0,1.0,0.0,1.0,0.0,1.0,0.0,0.0,1.0,3.0,0.0,0.0,0.0,1.0,17.0,792.15,0.0,0.0,0.0,1.0,1.0,0.0,1.0,0.0,0.0,1.0,0.0,1.0,0.0,0.0,1.0,0.0,0.0,0.0,0.0,1.0,0.0,0
45.0,18.0,23.18,5172.0,0.0,0.0,1.0,0.0,65.1,0.0,0.0,0.0,0.0,1.0,1.0,0.0,1.0,1.0,0.0,3.0,0.0,1.0,1.0,0.0,62.0,3846.75,0.0,1437.16,0.0,0.0,1.0,0.0,0.0,1.0,1.0,0.0,0.0,1.0,0.0,0.0,1.0,0.0,0.0,0.0,0.0,1.0,0.0,0
25.0,51.0,48.52,5567.0,0.0,1.0,1.0,0.0,116.45,1.0,0.0,0.0,1.0,1.0,1.0,0.0,1.0,1.0,0.0,4.0,0.0,1.0,1.0,1.0,72.0,8013.55,90.0,3493.44,0.0,1.0,0.0,0.0,0.0,1.0,1.0,0.0,0.0,0.0,1.0,1.0,0.0,0.0,0.0,0.0,1.0,0.0,0.0,0
57.0,11.0,30.54,4497.0,0.0,1.0,1.0,0.0,58.95,0.0,0.0,0.0,0.0,1.0,0.0,0.0,1.0,1.0,0.0,4.0,0.0,0.0,0.0,0.0,15.0,955.15,0.0,458.1,0.0,0.0,1.0,1.0,0.0,0.0,1.0,0.0,0.0,1.0,0.0,0.0,1.0,0.0,0.0,0.0,1.0,0.0,0.0,0
60.0,30.0,21.71,4469.0,0.0,1.0,1.0,1.0,111.3,1.0,0.0,1.0,1.0,0.0,1.0,1.0,1.0,1.0,1.0,3.0,0.0,1.0,1.0,1.0,67.0,7567.2,0.0,1454.57,36.66,0.0,1.0,0.0,0.0,1.0,0.0,1.0,0.0,0.0,1.0,1.0,0.0,0.0,0.0,0.0,1.0,0.0,0.0,0
37.0,21.0,39.85,4525.0,0.0,0.0,1.0,0.0,75.75,1.0,0.0,0.0,0.0,0.0,1.0,0.0,1.0,0.0,0.0,5.0,0.0,0.0,0.0,0.0,10.0,777.3,0.0,398.5,0.0,0.0,1.0,1.0,0.0,0.0,1.0,0.0,0.0,0.0,1.0,0.0,1.0,0.0,0.0,0.0,0.0,0.0,1.0,0
48.0,10.0,0.0,5404.0,0.0,1.0,1.0,0.0,60.15,0.0,0.0,0.0,0.0,1.0,0.0,0.0,0.0,1.0,0.0,3.0,0.0,1.0,1.0,1.0,51.0,3077.0,0.0,0.0,0.0,0.0,1.0,0.0,1.0,0.0,1.0,0.0,0.0,1.0,0.0,0.0,1.0,0.0,0.0,0.0,1.0,0.0,0.0,0
48.0,28.0,41.68,6380.0,0.0,1.0,1.0,1.0,100.65,1.0,0.0,10.0,1.0,1.0,0.0,1.0,1.0,0.0,1.0,3.0,0.0,0.0,0.0,1.0,72.0,7334.05,0.0,3000.96,0.0,0.0,1.0,0.0,0.0,1.0,1.0,0.0,0.0,0.0,1.0,1.0,0.0,0.0,0.0,0.0,1.0,0.0,0.0,0
34.0,17.0,35.55,5477.0,0.0,1.0,1.0,1.0,59.5,1.0,0.0,9.0,1.0,0.0,0.0,1.0,1.0,0.0,1.0,5.0,0.0,0.0,0.0,0.0,56.0,3389.25,0.0,1990.8,0.0,0.0,1.0,0.0,0.0,1.0,0.0,1.0,0.0,1.0,0.0,0.0,1.0,0.0,0.0,0.0,0.0,1.0,0.0,0
61.0,24.0,21.19,3371.0,0.0,0.0,1.0,0.0,68.15,1.0,0.0,0.0,1.0,0.0,0.0,0.0,1.0,1.0,0.0,3.0,0.0,1.0,1.0,0.0,38.0,2656.3,0.0,805.22,0.0,0.0,1.0,1.0,0.0,0.0,1.0,0.0,0.0,1.0,0.0,0.0,1.0,0.0,0.0,0.0,0.0,1.0,0.0,0
61.0,27.0,11.97,4694.0,0.0,0.0,1.0,0.0,85.35,0.0,0.0,0.0,1.0,0.0,1.0,0.0,1.0,0.0,0.0,3.0,0.0,0.0,0.0,1.0,6.0,489.45,0.0,71.82,0.0,0.0,1.0,1.0,0.0,0.0,0.0,1.0,0.0,0.0,1.0,0.0,1.0,0.0,0.0,0.0,1.0,0.0,0.0,1
23.0,27.0,33.93,4995.0,0.0,1.0,1.0,1.0,99.25,0.0,0.0,4.0,0.0,0.0,1.0,1.0,1.0,1.0,1.0,3.0,0.0,1.0,1.0,1.0,49.0,4920.8,0.0,1662.57,0.0,1.0,1.0,0.0,1.0,0.0,0.0,1.0,0.0,0.0,1.0,0.0,1.0,0.0,0.0,0.0,0.0,1.0,0.0,0
42.0,0.0,23.67,4639.0,0.0,0.0,0.0,0.0,19.65,0.0,0.0,0.0,0.0,0.0,0.0,0.0,1.0,0.0,0.0,3.0,0.0,0.0,0.0,0.0,1.0,19.65,0.0,23.67,0.0,0.0,0.0,1.0,0.0,0.0,1.0,0.0,0.0,0.0,1.0,0.0,0.0,0.0,0.0,1.0,0.0,1.0,0.0,0
54.0,0.0,17.43,5847.0,1.0,0.0,0.0,1.0,24.9,1.0,1.0,4.0,0.0,0.0,1.0,1.0,1.0,0.0,1.0,5.0,0.0,0.0,0.0,0.0,67.0,1680.25,0.0,1167.81,0.0,0.0,0.0,0.0,0.0,1.0,1.0,0.0,0.0,0.0,1.0,0.0,1.0,0.0,0.0,0.0,0.0,1.0,0.0,0
64.0,8.0,48.38,5850.0,0.0,1.0,1.0,0.0,85.3,0.0,0.0,0.0,0.0,0.0,1.0,0.0,1.0,0.0,0.0,5.0,0.0,1.0,1.0,0.0,9.0,781.4,10.0,435.42,0.0,0.0,0.0,1.0,0.0,0.0,1.0,0.0,0.0,0.0,1.0,0.0,1.0,0.0,0.0,0.0,0.0,1.0,0.0,0
65.0,16.0,42.3,5001.0,0.0,0.0,1.0,0.0,79.1,0.0,0.0,0.0,0.0,0.0,1.0,0.0,1.0,0.0,0.0,3.0,1.0,0.0,0.0,1.0,1.0,79.1,0.0,42.3,0.0,0.0,1.0,1.0,0.0,0.0,0.0,1.0,0.0,0.0,1.0,0.0,1.0,0.0,0.0,0.0,1.0,0.0,0.0,1
57.0,0.0,17.38,4538.0,0.0,0.0,0.0,1.0,19.25,0.0,0.0,9.0,0.0,0.0,0.0,1.0,1.0,0.0,1.0,3.0,0.0,0.0,0.0,0.0,63.0,1237.65,0.0,1094.94,0.0,0.0,0.0,0.0,0.0,1.0,0.0,1.0,0.0,0.0,1.0,0.0,1.0,0.0,0.0,0.0,0.0,1.0,0.0,0
42.0,26.0,24.83,5104.0,0.0,1.0,1.0,0.0,55.8,0.0,0.0,0.0,0.0,1.0,0.0,0.0,1.0,0.0,0.0,4.0,0.0,0.0,0.0,0.0,5.0,300.4,0.0,124.15,0.0,0.0,1.0,1.0,0.0,0.0,1.0,0.0,0.0,1.0,0.0,0.0,1.0,0.0,0.0,0.0,0.0,1.0,0.0,0
66.0,18.0,31.31,5294.0,0.0,1.0,1.0,0.0,107.4,1.0,0.0,0.0,1.0,1.0,1.0,0.0,1.0,1.0,0.0,4.0,1.0,1.0,1.0,0.0,72.0,7748.75,0.0,2254.32,0.0,0.0,1.0,0.0,0.0,1.0,1.0,0.0,0.0,0.0,1.0,0.0,1.0,0.0,0.0,0.0,1.0,0.0,0.0,0
38.0,0.0,20.44,6050.0,1.0,0.0,0.0,1.0,20.2,0.0,3.0,1.0,0.0,0.0,0.0,1.0,1.0,0.0,1.0,4.0,0.0,0.0,0.0,0.0,53.0,1068.15,0.0,1083.32,0.0,0.0,0.0,0.0,1.0,0.0,0.0,1.0,0.0,0.0,1.0,0.0,1.0,0.0,0.0,0.0,0.0,1.0,0.0,0
25.0,27.0,0.0,2068.0,0.0,1.0,1.0,1.0,45.85,0.0,0.0,3.0,1.0,0.0,1.0,1.0,0.0,0.0,1.0,4.0,0.0,1.0,1.0,0.0,27.0,1246.4,30.0,0.0,0.0,1.0,0.0,0.0,1.0,0.0,0.0,1.0,0.0,1.0,0.0,0.0,1.0,0.0,0.0,0.0,0.0,1.0,0.0,0
79.0,17.0,10.67,2654.0,0.0,1.0,1.0,0.0,62.7,0.0,0.0,0.0,0.0,1.0,0.0,0.0,1.0,0.0,0.0,1.0,1.0,1.0,0.0,0.0,45.0,2791.5,0.0,480.15,0.0,0.0,1.0,0.0,1.0,0.0,0.0,1.0,0.0,1.0,0.0,0.0,1.0,0.0,0.0,0.0,0.0,1.0,0.0,1
77.0,29.0,36.78,2097.0,0.0,0.0,1.0,0.0,85.0,0.0,0.0,0.0,0.0,1.0,0.0,0.0,1.0,0.0,0.0,1.0,1.0,1.0,1.0,0.0,46.0,3969.4,0.0,1691.88,0.0,0.0,1.0,1.0,0.0,0.0,0.0,1.0,0.0,0.0,1.0,0.0,1.0,0.0,0.0,0.0,1.0,0.0,0.0,1
22.0,0.0,19.27,5110.0,0.0,0.0,0.0,1.0,20.55,0.0,0.0,3.0,0.0,0.0,1.0,1.0,1.0,0.0,1.0,4.0,0.0,0.0,0.0,0.0,61.0,1252.0,0.0,1175.47,0.0,1.0,0.0,0.0,1.0,0.0,0.0,1.0,0.0,0.0,1.0,0.0,1.0,0.0,0.0,0.0,0.0,1.0,0.0,0
24.0,0.0,49.7,4843.0,1.0,0.0,0.0,1.0,21.05,0.0,1.0,3.0,0.0,0.0,0.0,1.0,1.0,0.0,1.0,4.0,0.0,0.0,0.0,0.0,12.0,262.05,0.0,596.4,0.0,1.0,0.0,0.0,0.0,1.0,0.0,1.0,0.0,0.0,1.0,0.0,1.0,0.0,0.0,0.0,1.0,0.0,0.0,0
69.0,4.0,28.67,4320.0,0.0,0.0,1.0,0.0,44.0,0.0,0.0,0.0,0.0,0.0,0.0,0.0,1.0,0.0,0.0,4.0,1.0,0.0,0.0,0.0,1.0,44.0,0.0,28.67,0.0,0.0,1.0,0.0,0.0,1.0,0.0,1.0,0.0,1.0,0.0,0.0,0.0,0.0,0.0,1.0,1.0,0.0,0.0,0
47.0,16.0,38.92,5629.0,1.0,1.0,1.0,1.0,84.45,1.0,1.0,7.0,0.0,1.0,0.0,1.0,1.0,0.0,1.0,3.0,0.0,0.0,0.0,0.0,69.0,5848.6,40.0,2685.48,0.0,0.0,0.0,0.0,1.0,0.0,1.0,0.0,0.0,0.0,1.0,0.0,1.0,0.0,0.0,0.0,1.0,0.0,0.0,0
59.0,0.0,20.73,2111.0,1.0,0.0,0.0,1.0,26.3,1.0,3.0,1.0,0.0,0.0,0.0,1.0,1.0,0.0,1.0,3.0,0.0,0.0,0.0,0.0,48.0,1245.05,0.0,995.04,0.0,0.0,0.0,0.0,0.0,1.0,0.0,1.0,0.0,0.0,1.0,0.0,1.0,0.0,0.0,0.0,1.0,0.0,0.0,0
42.0,20.0,18.74,4995.0,0.0,1.0,1.0,0.0,75.35,0.0,0.0,0.0,0.0,0.0,0.0,0.0,1.0,0.0,0.0,2.0,0.0,0.0,0.0,0.0,14.0,1025.95,0.0,262.36,0.0,0.0,1.0,1.0,0.0,0.0,1.0,0.0,1.0,0.0,0.0,0.0,0.0,0.0,1.0,0.0,1.0,0.0,0.0,1
62.0,17.0,2.12,4115.0,0.0,1.0,1.0,1.0,93.8,1.0,0.0,1.0,1.0,0.0,0.0,1.0,1.0,0.0,1.0,1.0,0.0,0.0,0.0,1.0,31.0,3019.5,50.0,65.72,0.0,0.0,0.0,1.0,0.0,0.0,0.0,1.0,0.0,0.0,1.0,0.0,1.0,0.0,0.0,0.0,1.0,0.0,0.0,1
29.0,52.0,31.14,4403.0,0.0,1.0,1.0,0.0,65.25,1.0,0.0,0.0,0.0,1.0,0.0,0.0,1.0,1.0,0.0,1.0,0.0,0.0,0.0,0.0,31.0,1994.3,120.0,965.34,0.0,1.0,0.0,1.0,0.0,0.0,1.0,0.0,1.0,0.0,0.0,0.0,0.0,1.0,0.0,0.0,0.0,1.0,0.0,1
20.0,59.0,24.33,4142.0,1.0,0.0,1.0,1.0,90.1,0.0,3.0,1.0,0.0,0.0,1.0,1.0,1.0,0.0,1.0,3.0,0.0,1.0,1.0,1.0,1.0,90.1,0.0,24.33,0.0,1.0,1.0,1.0,0.0,0.0,0.0,1.0,0.0,0.0,1.0,0.0,1.0,0.0,0.0,0.0,1.0,0.0,0.0,0
74.0,10.0,14.78,3155.0,0.0,0.0,1.0,0.0,59.6,1.0,0.0,0.0,1.0,0.0,0.0,0.0,1.0,1.0,0.0,3.0,1.0,0.0,0.0,0.0,47.0,2754.0,0.0,694.66,0.0,0.0,1.0,0.0,0.0,1.0,0.0,1.0,0.0,1.0,0.0,0.0,1.0,0.0,0.0,0.0,1.0,0.0,0.0,0
27.0,41.0,39.67,5179.0,1.0,0.0,1.0,1.0,81.45,0.0,3.0,1.0,1.0,1.0,1.0,1.0,1.0,0.0,1.0,3.0,0.0,0.0,0.0,0.0,62.0,4983.05,0.0,2459.54,14.15,1.0,1.0,0.0,1.0,0.0,0.0,1.0,0.0,0.0,1.0,0.0,1.0,0.0,0.0,0.0,0.0,1.0,0.0,0
27.0,0.0,27.47,2601.0,0.0,0.0,0.0,0.0,24.6,1.0,0.0,0.0,0.0,0.0,1.0,0.0,1.0,0.0,0.0,5.0,0.0,0.0,0.0,0.0,40.0,973.95,0.0,1098.8,0.0,1.0,0.0,0.0,0.0,1.0,0.0,1.0,0.0,0.0,1.0,0.0,1.0,0.0,0.0,0.0,0.0,1.0,0.0,0
61.0,6.0,10.36,2185.0,0.0,1.0,1.0,0.0,75.95,0.0,0.0,0.0,0.0,1.0,1.0,0.0,1.0,0.0,0.0,4.0,0.0,1.0,1.0,1.0,45.0,3273.8,0.0,466.2,0.0,0.0,1.0,1.0,0.0,0.0,0.0,1.0,0.0,1.0,0.0,0.0,1.0,0.0,0.0,0.0,1.0,0.0,0.0,0
57.0,12.0,0.0,4568.0,1.0,0.0,1.0,1.0,51.2,0.0,2.0,1.0,0.0,0.0,0.0,1.0,0.0,1.0,1.0,3.0,0.0,1.0,1.0,1.0,30.0,1561.5,0.0,0.0,0.0,0.0,1.0,1.0,0.0,0.0,1.0,0.0,0.0,1.0,0.0,0.0,1.0,0.0,0.0,0.0,0.0,1.0,0.0,1
57.0,5.0,38.21,5556.0,0.0,1.0,1.0,0.0,79.85,0.0,0.0,0.0,0.0,1.0,1.0,0.0,1.0,1.0,0.0,4.0,0.0,1.0,1.0,1.0,41.0,3320.75,0.0,1566.61,0.0,0.0,1.0,0.0,1.0,0.0,1.0,0.0,0.0,1.0,0.0,0.0,1.0,0.0,0.0,0.0,1.0,0.0,0.0,0
51.0,29.0,7.26,5882.0,0.0,1.0,1.0,0.0,74.8,0.0,0.0,0.0,0.0,0.0,1.0,0.0,1.0,0.0,0.0,1.0,0.0,0.0,0.0,0.0,4.0,321.9,0.0,29.04,0.0,0.0,1.0,1.0,0.0,0.0,0.0,1.0,0.0,0.0,1.0,0.0,1.0,0.0,0.0,0.0,1.0,0.0,0.0,1
60.0,0.0,40.98,3889.0,0.0,0.0,0.0,0.0,19.55,0.0,0.0,0.0,0.0,0.0,0.0,0.0,1.0,0.0,0.0,4.0,0.0,0.0,0.0,0.0,3.0,61.05,0.0,122.94,0.0,0.0,0.0,1.0,0.0,0.0,1.0,0.0,0.0,0.0,1.0,0.0,1.0,0.0,0.0,0.0,1.0,0.0,0.0,0
76.0,7.0,8.59,4073.0,0.0,1.0,1.0,1.0,104.35,1.0,0.0,9.0,1.0,0.0,1.0,1.0,1.0,0.0,1.0,5.0,1.0,1.0,0.0,1.0,65.0,6578.55,0.0,558.35,0.0,0.0,1.0,1.0,0.0,0.0,0.0,1.0,0.0,0.0,1.0,0.0,1.0,0.0,0.0,0.0,1.0,0.0,0.0,0
51.0,16.0,41.57,5256.0,0.0,1.0,1.0,1.0,84.2,1.0,0.0,8.0,1.0,0.0,1.0,1.0,1.0,1.0,1.0,5.0,0.0,1.0,1.0,1.0,65.0,5324.5,0.0,2702.05,0.0,0.0,1.0,0.0,0.0,1.0,0.0,1.0,0.0,1.0,0.0,0.0,1.0,0.0,0.0,0.0,1.0,0.0,0.0,0
36.0,0.0,14.27,3977.0,0.0,0.0,0.0,1.0,18.8,0.0,0.0,5.0,0.0,0.0,0.0,1.0,1.0,0.0,1.0,4.0,0.0,0.0,0.0,0.0,15.0,294.95,0.0,214.05,0.0,0.0,0.0,0.0,1.0,0.0,0.0,1.0,0.0,0.0,1.0,0.0,1.0,0.0,0.0,0.0,0.0,1.0,0.0,0
32.0,15.0,28.57,4382.0,0.0,0.0,1.0,1.0,96.55,0.0,0.0,0.0,1.0,1.0,1.0,1.0,1.0,1.0,0.0,3.0,0.0,0.0,0.0,1.0,20.0,1901.65,0.0,571.4,0.0,0.0,1.0,1.0,0.0,0.0,1.0,0.0,0.0,0.0,1.0,0.0,0.0,0.0,1.0,0.0,1.0,0.0,0.0,0
63.0,11.0,0.0,2522.0,0.0,1.0,1.0,0.0,44.15,0.0,0.0,0.0,0.0,0.0,0.0,0.0,0.0,1.0,0.0,4.0,0.0,1.0,1.0,0.0,43.0,1931.3,0.0,0.0,0.0,0.0,1.0,0.0,1.0,0.0,0.0,1.0,0.0,1.0,0.0,0.0,1.0,0.0,0.0,0.0,1.0,0.0,0.0,0
55.0,0.0,23.46,3087.0,0.0,0.0,0.0,0.0,20.0,0.0,0.0,0.0,0.0,0.0,0.0,0.0,1.0,0.0,0.0,3.0,0.0,0.0,0.0,0.0,8.0,141.6,0.0,187.68,0.0,0.0,0.0,0.0,0.0,1.0,1.0,0.0,0.0,0.0,1.0,0.0,1.0,0.0,0.0,0.0,0.0,1.0,0.0,0
35.0,13.0,22.33,2039.0,0.0,0.0,1.0,1.0,60.05,1.0,0.0,1.0,1.0,0.0,1.0,1.0,1.0,1.0,1.0,2.0,0.0,0.0,0.0,0.0,26.0,1616.15,0.0,580.58,0.0,0.0,1.0,1.0,0.0,0.0,1.0,0.0,0.0,1.0,0.0,0.0,1.0,0.0,0.0,0.0,1.0,0.0,0.0,1
65.0,6.0,16.36,5203.0,0.0,0.0,1.0,0.0,78.95,1.0,0.0,0.0,1.0,0.0,1.0,0.0,1.0,0.0,0.0,1.0,1.0,0.0,0.0,0.0,14.0,1101.85,0.0,229.04,0.0,0.0,1.0,1.0,0.0,0.0,1.0,0.0,0.0,0.0,1.0,0.0,0.0,0.0,1.0,0.0,1.0,0.0,0.0,1
69.0,24.0,11.35,5247.0,0.0,0.0,1.0,1.0,71.0,0.0,0.0,10.0,1.0,1.0,1.0,1.0,1.0,1.0,1.0,3.0,1.0,0.0,0.0,1.0,71.0,5012.1,0.0,805.85,0.0,0.0,1.0,0.0,1.0,0.0,0.0,1.0,0.0,1.0,0.0,0.0,1.0,0.0,0.0,0.0,1.0,0.0,0.0,0
30.0,59.0,31.67,4533.0,0.0,1.0,1.0,1.0,79.35,1.0,0.0,1.0,0.0,0.0,1.0,1.0,1.0,0.0,1.0,3.0,0.0,0.0,0.0,0.0,9.0,661.25,10.0,285.03,0.0,0.0,0.0,1.0,0.0,0.0,0.0,1.0,1.0,0.0,0.0,0.0,1.0,0.0,0.0,0.0,1.0,0.0,0.0,1
57.0,17.0,23.72,2081.0,1.0,0.0,1.0,1.0,80.7,0.0,1.0,5.0,0.0,0.0,1.0,1.0,1.0,0.0,1.0,4.0,0.0,0.0,0.0,1.0,3.0,239.45,0.0,71.16,0.0,0.0,1.0,1.0,0.0,0.0,1.0,0.0,0.0,0.0,1.0,0.0,0.0,0.0,0.0,1.0,1.0,0.0,0.0,0
54.0,23.0,5.01,4777.0,1.0,1.0,1.0,1.0,94.35,1.0,2.0,2.0,0.0,0.0,0.0,1.0,1.0,1.0,1.0,4.0,0.0,1.0,1.0,0.0,58.0,5563.65,0.0,290.58,0.0,0.0,1.0,0.0,0.0,1.0,0.0,1.0,0.0,0.0,1.0,0.0,1.0,0.0,0.0,0.0,1.0,0.0,0.0,0
33.0,20.0,31.61,5646.0,0.0,0.0,1.0,1.0,91.5,1.0,0.0,1.0,1.0,0.0,1.0,1.0,1.0,0.0,1.0,3.0,0.0,1.0,1.0,0.0,3.0,242.95,10.0,94.83,0.0,0.0,0.0,1.0,0.0,0.0,1.0,0.0,0.0,0.0,1.0,0.0,1.0,0.0,0.0,0.0,0.0,1.0,0.0,1
67.0,15.0,10.66,2313.0,0.0,0.0,1.0,0.0,99.45,1.0,0.0,0.0,1.0,0.0,1.0,0.0,1.0,0.0,0.0,1.0,1.0,1.0,0.0,1.0,9.0,919.4,0.0,95.94,0.0,0.0,1.0,1.0,0.0,0.0,0.0,1.0,0.0,0.0,1.0,0.0,1.0,0.0,0.0,0.0,0.0,1.0,0.0,1
21.0,71.0,40.77,6116.0,1.0,1.0,1.0,1.0,116.55,1.0,2.0,5.0,1.0,1.0,1.0,1.0,1.0,1.0,1.0,3.0,0.0,1.0,1.0,1.0,70.0,8152.3,0.0,2853.9,0.0,1.0,1.0,0.0,0.0,1.0,0.0,1.0,0.0,0.0,1.0,1.0,0.0,0.0,0.0,0.0,0.0,1.0,0.0,0
47.0,0.0,10.54,4411.0,0.0,0.0,0.0,1.0,20.25,0.0,0.0,1.0,0.0,0.0,1.0,1.0,1.0,0.0,1.0,4.0,0.0,0.0,0.0,0.0,38.0,814.75,0.0,400.52,0.0,0.0,0.0,0.0,1.0,0.0,1.0,0.0,0.0,0.0,1.0,0.0,0.0,1.0,0.0,0.0,0.0,1.0,0.0,0
29.0,85.0,27.37,2200.0,1.0,0.0,1.0,1.0,55.15,0.0,3.0,7.0,0.0,1.0,0.0,1.0,1.0,1.0,1.0,3.0,0.0,0.0,0.0,0.0,24.0,1319.85,0.0,656.88,0.0,1.0,1.0,1.0,0.0,0.0,1.0,0.0,0.0,1.0,0.0,0.0,1.0,0.0,0.0,0.0,1.0,0.0,0.0,0
50.0,14.0,17.95,5628.0,0.0,0.0,1.0,1.0,69.75,0.0,0.0,2.0,1.0,1.0,1.0,1.0,1.0,1.0,1.0,3.0,0.0,1.0,1.0,0.0,51.0,3562.5,0.0,915.45,0.0,0.0,1.0,0.0,1.0,0.0,1.0,0.0,0.0,1.0,0.0,0.0,1.0,0.0,0.0,0.0,0.0,1.0,0.0,0
51.0,4.0,43.49,2041.0,0.0,0.0,1.0,0.0,49.95,1.0,0.0,0.0,0.0,0.0,1.0,0.0,1.0,0.0,0.0,2.0,0.0,0.0,0.0,0.0,1.0,49.95,0.0,43.49,0.0,0.0,1.0,1.0,0.0,0.0,1.0,0.0,1.0,0.0,0.0,0.0,1.0,0.0,0.0,0.0,1.0,0.0,0.0,1
69.0,2.0,15.85,5933.0,0.0,1.0,1.0,1.0,110.8,1.0,0.0,8.0,1.0,0.0,1.0,1.0,1.0,1.0,1.0,5.0,1.0,1.0,0.0,1.0,72.0,7882.25,0.0,1141.2,0.0,0.0,1.0,0.0,0.0,1.0,1.0,0.0,0.0,0.0,1.0,1.0,0.0,0.0,0.0,0.0,0.0,1.0,0.0,0
28.0,51.0,18.05,2781.0,0.0,1.0,1.0,1.0,84.25,1.0,0.0,1.0,1.0,0.0,0.0,1.0,1.0,0.0,1.0,4.0,0.0,0.0,0.0,0.0,23.0,1968.1,0.0,415.15,8.3,1.0,1.0,1.0,0.0,0.0,0.0,1.0,0.0,0.0,1.0,0.0,1.0,0.0,0.0,0.0,1.0,0.0,0.0,0
38.0,26.0,39.63,6136.0,0.0,1.0,1.0,1.0,109.5,0.0,0.0,1.0,1.0,1.0,1.0,1.0,1.0,1.0,1.0,2.0,0.0,1.0,1.0,1.0,70.0,7534.65,0.0,2774.1,0.0,0.0,1.0,0.0,1.0,0.0,0.0,1.0,0.0,0.0,1.0,0.0,1.0,0.0,0.0,0.0,1.0,0.0,0.0,1
24.0,0.0,12.85,5045.0,1.0,0.0,0.0,1.0,19.7,0.0,1.0,1.0,0.0,0.0,0.0,1.0,1.0,0.0,1.0,3.0,0.0,0.0,0.0,0.0,30.0,599.25,0.0,385.5,49.79,1.0,0.0,0.0,0.0,1.0,1.0,0.0,0.0,0.0,1.0,0.0,1.0,0.0,0.0,0.0,0.0,1.0,0.0,0
50.0,0.0,11.96,3129.0,0.0,0.0,0.0,0.0,19.8,0.0,0.0,0.0,0.0,0.0,0.0,0.0,1.0,0.0,0.0,5.0,0.0,0.0,0.0,0.0,1.0,19.8,0.0,11.96,0.0,0.0,0.0,1.0,0.0,0.0,1.0,0.0,0.0,0.0,1.0,0.0,1.0,0.0,0.0,0.0,0.0,1.0,0.0,0
31.0,0.0,18.81,2810.0,0.0,0.0,0.0,0.0,21.1,0.0,0.0,0.0,0.0,0.0,0.0,0.0,1.0,0.0,0.0,5.0,0.0,0.0,0.0,0.0,1.0,21.1,0.0,18.81,0.0,0.0,0.0,1.0,0.0,0.0,0.0,1.0,0.0,0.0,1.0,0.0,1.0,0.0,0.0,0.0,0.0,1.0,0.0,0
28.0,69.0,2.87,4292.0,1.0,1.0,1.0,1.0,75.8,1.0,2.0,1.0,0.0,1.0,0.0,1.0,1.0,1.0,1.0,3.0,0.0,0.0,0.0,1.0,58.0,4415.75,0.0,166.46,0.0,1.0,1.0,0.0,0.0,1.0,1.0,0.0,0.0,1.0,0.0,0.0,1.0,0.0,0.0,0.0,0.0,1.0,0.0,0
45.0,4.0,33.34,3967.0,0.0,1.0,1.0,0.0,85.55,0.0,0.0,0.0,0.0,0.0,1.0,0.0,1.0,0.0,0.0,2.0,0.0,0.0,0.0,1.0,1.0,85.55,0.0,33.34,0.0,0.0,1.0,1.0,0.0,0.0,1.0,0.0,0.0,0.0,1.0,0.0,0.0,0.0,0.0,1.0,0.0,1.0,0.0,1
39.0,20.0,38.38,4451.0,0.0,1.0,1.0,1.0,92.2,1.0,0.0,4.0,1.0,1.0,1.0,1.0,1.0,1.0,1.0,3.0,0.0,1.0,1.0,1.0,68.0,6392.85,0.0,2609.84,0.0,0.0,1.0,0.0,0.0,1.0,0.0,1.0,0.0,1.0,0.0,1.0,0.0,0.0,0.0,0.0,0.0,1.0,0.0,0
71.0,19.0,8.38,4478.0,1.0,0.0,1.0,1.0,49.25,0.0,1.0,3.0,0.0,0.0,1.0,1.0,1.0,1.0,1.0,3.0,1.0,0.0,0.0,0.0,1.0,49.25,0.0,8.38,0.0,0.0,1.0,1.0,0.0,0.0,0.0,1.0,0.0,1.0,0.0,0.0,1.0,0.0,0.0,0.0,0.0,1.0,0.0,1
35.0,11.0,13.68,4469.0,0.0,0.0,1.0,1.0,70.4,0.0,0.0,1.0,0.0,0.0,1.0,1.0,1.0,0.0,1.0,1.0,0.0,0.0,0.0,0.0,17.0,1214.05,0.0,232.56,0.0,0.0,1.0,1.0,0.0,0.0,0.0,1.0,0.0,0.0,1.0,0.0,1.0,0.0,0.0,0.0,1.0,0.0,0.0,1
48.0,0.0,31.85,4246.0,1.0,0.0,0.0,1.0,20.15,0.0,3.0,1.0,0.0,0.0,0.0,1.0,1.0,0.0,1.0,3.0,0.0,0.0,0.0,0.0,19.0,387.7,0.0,605.15,2.97,0.0,0.0,0.0,0.0,1.0,1.0,0.0,0.0,0.0,1.0,0.0,0.0,0.0,1.0,0.0,0.0,1.0,0.0,0
54.0,4.0,9.88,4969.0,0.0,0.0,1.0,1.0,90.25,1.0,0.0,4.0,0.0,0.0,1.0,1.0,1.0,1.0,1.0,3.0,0.0,1.0,1.0,0.0,8.0,743.75,0.0,79.04,0.0,0.0,0.0,1.0,0.0,0.0,1.0,0.0,0.0,0.0,1.0,0.0,0.0,0.0,0.0,1.0,1.0,0.0,0.0,0
42.0,20.0,1.76,5298.0,1.0,1.0,1.0,1.0,108.15,0.0,3.0,2.0,1.0,1.0,0.0,1.0,1.0,1.0,1.0,4.0,0.0,1.0,1.0,1.0,62.0,6825.65,0.0,109.12,0.0,0.0,1.0,0.0,0.0,1.0,0.0,1.0,0.0,0.0,1.0,0.0,1.0,0.0,0.0,0.0,0.0,1.0,0.0,0
49.0,11.0,6.56,3404.0,0.0,1.0,1.0,1.0,66.05,0.0,0.0,1.0,0.0,1.0,1.0,1.0,1.0,0.0,1.0,4.0,0.0,0.0,0.0,1.0,47.0,3021.45,40.0,308.32,0.0,0.0,0.0,0.0,1.0,0.0,1.0,0.0,0.0,1.0,0.0,0.0,1.0,0.0,0.0,0.0,0.0,1.0,0.0,0
54.0,10.0,24.17,3351.0,0.0,0.0,1.0,1.0,68.6,0.0,0.0,9.0,0.0,0.0,1.0,1.0,1.0,0.0,1.0,4.0,0.0,0.0,0.0,0.0,15.0,1108.6,90.0,362.55,0.0,0.0,0.0,1.0,0.0,0.0,0.0,1.0,0.0,0.0,1.0,0.0,0.0,0.0,1.0,0.0,1.0,0.0,0.0,0
52.0,57.0,0.0,2876.0,1.0,0.0,1.0,0.0,40.25,0.0,5.0,0.0,1.0,1.0,0.0,0.0,0.0,1.0,0.0,3.0,0.0,0.0,0.0,0.0,10.0,411.45,30.0,0.0,17.96,0.0,0.0,0.0,1.0,0.0,1.0,0.0,0.0,1.0,0.0,0.0,0.0,0.0,1.0,0.0,0.0,1.0,0.0,0
64.0,16.0,43.48,4531.0,1.0,0.0,1.0,0.0,60.0,0.0,2.0,0.0,1.0,1.0,1.0,0.0,1.0,1.0,0.0,1.0,0.0,0.0,0.0,0.0,1.0,60.0,10.0,43.48,0.0,0.0,0.0,1.0,0.0,0.0,1.0,0.0,0.0,1.0,0.0,0.0,0.0,0.0,0.0,1.0,1.0,0.0,0.0,1
73.0,27.0,17.25,4553.0,0.0,1.0,1.0,1.0,104.05,1.0,0.0,5.0,0.0,0.0,1.0,1.0,1.0,1.0,1.0,3.0,1.0,1.0,0.0,1.0,11.0,1133.65,0.0,189.75,0.0,0.0,1.0,1.0,0.0,0.0,1.0,0.0,0.0,0.0,1.0,0.0,1.0,0.0,0.0,0.0,1.0,0.0,0.0,1
51.0,14.0,17.33,3533.0,0.0,0.0,1.0,0.0,80.95,0.0,0.0,0.0,0.0,0.0,1.0,0.0,1.0,0.0,0.0,3.0,0.0,1.0,1.0,0.0,2.0,171.15,0.0,34.66,0.0,0.0,1.0,1.0,0.0,0.0,0.0,1.0,0.0,0.0,1.0,0.0,0.0,0.0,0.0,1.0,1.0,0.0,0.0,1
51.0,30.0,24.53,5255.0,0.0,0.0,1.0,1.0,62.15,0.0,0.0,1.0,0.0,1.0,1.0,1.0,1.0,0.0,1.0,4.0,0.0,0.0,0.0,1.0,35.0,2215.45,0.0,858.55,0.0,0.0,1.0,0.0,1.0,0.0,1.0,0.0,0.0,1.0,0.0,0.0,0.0,1.0,0.0,0.0,1.0,0.0,0.0,0
73.0,18.0,44.54,4414.0,0.0,0.0,1.0,1.0,93.55,0.0,0.0,10.0,1.0,1.0,1.0,1.0,1.0,1.0,1.0,4.0,1.0,1.0,0.0,0.0,33.0,3055.5,0.0,1469.82,0.0,0.0,1.0,0.0,1.0,0.0,0.0,1.0,0.0,0.0,1.0,0.0,1.0,0.0,0.0,0.0,1.0,0.0,0.0,0
49.0,25.0,6.24,3452.0,0.0,1.0,1.0,0.0,89.8,0.0,0.0,0.0,1.0,0.0,0.0,0.0,1.0,0.0,0.0,1.0,0.0,0.0,0.0,1.0,26.0,2335.3,0.0,162.24,0.0,0.0,1.0,1.0,0.0,0.0,0.0,1.0,0.0,0.0,1.0,0.0,0.0,1.0,0.0,0.0,1.0,0.0,0.0,1
22.0,69.0,40.49,6398.0,0.0,1.0,1.0,1.0,102.45,0.0,0.0,10.0,1.0,0.0,1.0,1.0,1.0,1.0,1.0,3.0,0.0,1.0,1.0,1.0,64.0,6654.1,0.0,2591.36,0.0,1.0,1.0,0.0,1.0,0.0,0.0,1.0,0.0,0.0,1.0,0.0,1.0,0.0,0.0,0.0,0.0,1.0,0.0,0
49.0,15.0,48.93,5264.0,0.0,0.0,1.0,0.0,93.35,1.0,0.0,0.0,0.0,0.0,1.0,0.0,1.0,0.0,0.0,1.0,0.0,1.0,1.0,1.0,15.0,1444.65,0.0,733.95,0.0,0.0,1.0,1.0,0.0,0.0,0.0,1.0,0.0,0.0,1.0,0.0,1.0,0.0,0.0,0.0,1.0,0.0,0.0,1
51.0,22.0,16.63,3200.0,0.0,1.0,1.0,1.0,86.8,0.0,0.0,2.0,1.0,0.0,0.0,1.0,1.0,1.0,1.0,4.0,0.0,0.0,0.0,0.0,23.0,1940.8,90.0,382.49,0.0,0.0,0.0,0.0,1.0,0.0,0.0,1.0,0.0,0.0,1.0,0.0,0.0,0.0,1.0,0.0,0.0,1.0,0.0,0
68.0,17.0,6.68,2467.0,0.0,0.0,1.0,0.0,84.6,1.0,0.0,0.0,0.0,0.0,1.0,0.0,1.0,0.0,0.0,1.0,1.0,1.0,0.0,0.0,4.0,360.1,0.0,26.72,0.0,0.0,1.0,1.0,0.0,0.0,1.0,0.0,1.0,0.0,0.0,0.0,1.0,0.0,0.0,0.0,1.0,0.0,0.0,1
76.0,16.0,20.42,4162.0,1.0,0.0,1.0,1.0,110.2,1.0,1.0,7.0,1.0,1.0,1.0,1.0,1.0,1.0,1.0,3.0,1.0,1.0,0.0,1.0,46.0,4972.1,0.0,939.32,0.0,0.0,1.0,0.0,0.0,1.0,1.0,0.0,0.0,0.0,1.0,0.0,1.0,0.0,0.0,0.0,1.0,0.0,0.0,0
31.0,8.0,39.66,5996.0,0.0,0.0,1.0,0.0,74.3,0.0,0.0,0.0,1.0,0.0,1.0,0.0,1.0,0.0,0.0,1.0,0.0,0.0,0.0,0.0,1.0,74.3,0.0,39.66,0.0,0.0,1.0,1.0,0.0,0.0,1.0,0.0,0.0,0.0,1.0,0.0,0.0,0.0,0.0,1.0,0.0,1.0,0.0,1
54.0,5.0,10.66,3605.0,0.0,0.0,1.0,0.0,71.95,0.0,0.0,0.0,0.0,1.0,1.0,0.0,1.0,0.0,0.0,3.0,0.0,1.0,1.0,1.0,13.0,923.85,0.0,138.58,10.47,0.0,1.0,1.0,0.0,0.0,1.0,0.0,0.0,1.0,0.0,0.0,0.0,0.0,1.0,0.0,1.0,0.0,0.0,0
51.0,24.0,33.37,5935.0,0.0,1.0,1.0,1.0,107.2,1.0,0.0,8.0,1.0,1.0,1.0,1.0,1.0,1.0,1.0,4.0,0.0,1.0,1.0,0.0,69.0,7317.1,0.0,2302.53,0.0,0.0,1.0,0.0,1.0,0.0,0.0,1.0,0.0,0.0,1.0,1.0,0.0,0.0,0.0,0.0,0.0,1.0,0.0,0
41.0,18.0,5.43,5228.0,0.0,0.0,1.0,0.0,86.6,1.0,0.0,0.0,0.0,0.0,1.0,0.0,1.0,0.0,0.0,3.0,0.0,1.0,1.0,0.0,1.0,86.6,0.0,5.43,0.0,0.0,1.0,1.0,0.0,0.0,0.0,1.0,0.0,0.0,1.0,0.0,0.0,0.0,0.0,1.0,1.0,0.0,0.0,1
61.0,0.0,4.79,3403.0,0.0,0.0,0.0,0.0,25.25,1.0,0.0,0.0,0.0,0.0,0.0,0.0,1.0,0.0,0.0,4.0,0.0,0.0,0.0,0.0,22.0,566.5,0.0,105.38,0.0,0.0,0.0,0.0,0.0,1.0,0.0,1.0,0.0,0.0,1.0,0.0,0.0,0.0,1.0,0.0,0.0,1.0,0.0,0
57.0,21.0,13.54,3307.0,1.0,0.0,1.0,0.0,48.65,0.0,2.0,0.0,0.0,0.0,1.0,0.0,1.0,1.0,0.0,5.0,0.0,0.0,0.0,0.0,5.0,235.2,0.0,67.7,0.0,0.0,1.0,1.0,0.0,0.0,0.0,1.0,0.0,1.0,0.0,0.0,1.0,0.0,0.0,0.0,1.0,0.0,0.0,0
80.0,18.0,13.84,4423.0,0.0,1.0,1.0,1.0,107.55,1.0,0.0,1.0,0.0,0.0,1.0,1.0,1.0,1.0,1.0,2.0,1.0,1.0,0.0,1.0,43.0,4533.9,140.0,595.12,0.0,0.0,0.0,0.0,1.0,0.0,1.0,0.0,1.0,0.0,0.0,0.0,1.0,0.0,0.0,0.0,1.0,0.0,0.0,1
79.0,30.0,14.39,3471.0,1.0,0.0,1.0,1.0,95.8,1.0,1.0,5.0,0.0,0.0,1.0,1.0,1.0,0.0,1.0,3.0,1.0,1.0,0.0,1.0,14.0,1346.3,0.0,201.46,0.0,0.0,1.0,0.0,0.0,1.0,1.0,0.0,0.0,0.0,1.0,0.0,1.0,0.0,0.0,0.0,1.0,0.0,0.0,0
78.0,8.0,0.0,5433.0,0.0,1.0,1.0,0.0,39.65,0.0,0.0,0.0,0.0,0.0,1.0,0.0,0.0,0.0,0.0,3.0,1.0,1.0,0.0,0.0,1.0,39.65,20.0,0.0,0.0,0.0,0.0,1.0,0.0,0.0,0.0,1.0,0.0,1.0,0.0,0.0,1.0,0.0,0.0,0.0,1.0,0.0,0.0,1
34.0,5.0,38.01,3272.0,0.0,0.0,1.0,0.0,49.25,0.0,0.0,0.0,1.0,0.0,0.0,0.0,1.0,0.0,0.0,3.0,0.0,0.0,0.0,0.0,4.0,208.45,0.0,152.04,0.0,0.0,1.0,1.0,0.0,0.0,0.0,1.0,1.0,0.0,0.0,0.0,1.0,0.0,0.0,0.0,0.0,0.0,1.0,0
74.0,22.0,4.2,2641.0,0.0,1.0,1.0,1.0,98.85,1.0,0.0,6.0,0.0,0.0,1.0,1.0,1.0,0.0,1.0,5.0,1.0,1.0,0.0,1.0,46.0,4564.9,0.0,193.2,0.0,0.0,1.0,0.0,1.0,0.0,0.0,1.0,0.0,0.0,1.0,0.0,1.0,0.0,0.0,0.0,1.0,0.0,0.0,0
46.0,16.0,42.1,2267.0,1.0,1.0,1.0,0.0,93.0,0.0,1.0,0.0,0.0,1.0,0.0,0.0,1.0,1.0,0.0,3.0,0.0,1.0,1.0,0.0,9.0,870.25,0.0,378.9,0.0,0.0,1.0,1.0,0.0,0.0,1.0,0.0,0.0,0.0,1.0,0.0,1.0,0.0,0.0,0.0,1.0,0.0,0.0,0
48.0,16.0,8.98,5413.0,0.0,1.0,1.0,1.0,100.55,1.0,0.0,3.0,1.0,1.0,1.0,1.0,1.0,0.0,1.0,2.0,0.0,0.0,0.0,1.0,63.0,6215.35,0.0,565.74,0.0,0.0,0.0,1.0,0.0,0.0,1.0,0.0,0.0,0.0,1.0,0.0,1.0,0.0,0.0,0.0,1.0,0.0,0.0,1
47.0,6.0,1.13,5086.0,0.0,0.0,1.0,0.0,90.85,0.0,0.0,0.0,0.0,0.0,1.0,0.0,1.0,0.0,0.0,3.0,0.0,1.0,1.0,1.0,1.0,90.85,0.0,1.13,0.0,0.0,1.0,1.0,0.0,0.0,0.0,1.0,0.0,0.0,1.0,0.0,0.0,0.0,0.0,1.0,1.0,0.0,0.0,1
38.0,0.0,30.01,5518.0,1.0,0.0,0.0,1.0,19.0,0.0,3.0,0.0,0.0,0.0,0.0,1.0,1.0,0.0,0.0,5.0,0.0,0.0,0.0,0.0,6.0,105.5,0.0,180.06,0.0,0.0,0.0,0.0,1.0,0.0,1.0,0.0,0.0,0.0,1.0,0.0,1.0,0.0,0.0,0.0,0.0,1.0,0.0,0
41.0,3.0,45.21,4001.0,0.0,1.0,1.0,0.0,100.6,1.0,0.0,0.0,0.0,0.0,1.0,0.0,1.0,0.0,0.0,1.0,0.0,1.0,1.0,1.0,10.0,1060.2,0.0,452.1,0.0,0.0,1.0,1.0,0.0,0.0,1.0,0.0,0.0,0.0,1.0,0.0,1.0,0.0,0.0,0.0,1.0,0.0,0.0,1
35.0,16.0,41.85,3259.0,0.0,0.0,1.0,0.0,89.2,1.0,0.0,0.0,1.0,0.0,1.0,0.0,1.0,0.0,0.0,5.0,0.0,0.0,0.0,1.0,41.0,3645.75,0.0,1715.85,2.21,0.0,1.0,1.0,0.0,0.0,0.0,1.0,0.0,0.0,1.0,0.0,1.0,0.0,0.0,0.0,1.0,0.0,0.0,0
44.0,0.0,17.09,3260.0,0.0,0.0,0.0,1.0,19.85,0.0,0.0,8.0,0.0,0.0,1.0,1.0,1.0,0.0,1.0,5.0,0.0,0.0,0.0,0.0,8.0,146.6,0.0,136.72,0.0,0.0,0.0,0.0,0.0,1.0,1.0,0.0,0.0,0.0,1.0,0.0,0.0,0.0,0.0,1.0,0.0,1.0,0.0,0
24.0,48.0,37.76,4769.0,0.0,0.0,1.0,0.0,97.45,1.0,0.0,0.0,1.0,0.0,0.0,0.0,1.0,0.0,0.0,3.0,0.0,1.0,1.0,1.0,63.0,6253.0,0.0,2378.88,0.0,1.0,1.0,0.0,0.0,1.0,1.0,0.0,0.0,0.0,1.0,0.0,1.0,0.0,0.0,0.0,1.0,0.0,0.0,0
24.0,42.0,7.01,5324.0,0.0,0.0,1.0,0.0,76.0,1.0,0.0,0.0,0.0,0.0,1.0,0.0,1.0,0.0,0.0,3.0,0.0,0.0,0.0,0.0,29.0,2215.25,0.0,203.29,0.0,1.0,1.0,1.0,0.0,0.0,1.0,0.0,0.0,0.0,1.0,0.0,1.0,0.0,0.0,0.0,0.0,1.0,0.0,0
53.0,18.0,0.0,2860.0,0.0,0.0,1.0,0.0,30.9,0.0,0.0,0.0,0.0,0.0,1.0,0.0,0.0,1.0,0.0,2.0,0.0,0.0,0.0,0.0,2.0,59.05,0.0,0.0,0.0,0.0,1.0,1.0,0.0,0.0,1.0,0.0,0.0,1.0,0.0,0.0,1.0,0.0,0.0,0.0,1.0,0.0,0.0,1
56.0,0.0,47.26,3618.0,0.0,0.0,0.0,0.0,20.6,0.0,0.0,0.0,0.0,0.0,0.0,0.0,1.0,0.0,0.0,1.0,0.0,0.0,0.0,0.0,1.0,20.6,0.0,47.26,0.0,0.0,0.0,1.0,0.0,0.0,0.0,1.0,0.0,0.0,1.0,0.0,0.0,0.0,0.0,1.0,0.0,1.0,0.0,1
21.0,52.0,0.0,3909.0,0.0,1.0,1.0,0.0,63.4,0.0,0.0,0.0,1.0,1.0,1.0,0.0,0.0,1.0,0.0,4.0,0.0,1.0,1.0,1.0,6.0,348.8,10.0,0.0,0.0,1.0,0.0,0.0,0.0,1.0,1.0,0.0,1.0,0.0,0.0,0.0,1.0,0.0,0.0,0.0,0.0,0.0,1.0,0
69.0,6.0,7.94,5884.0,0.0,0.0,1.0,1.0,101.9,1.0,0.0,1.0,1.0,0.0,1.0,1.0,1.0,0.0,1.0,1.0,1.0,1.0,0.0,1.0,53.0,5549.4,0.0,420.82,0.0,0.0,1.0,1.0,0.0,0.0,0.0,1.0,0.0,0.0,1.0,0.0,1.0,0.0,0.0,0.0,1.0,0.0,0.0,1
44.0,22.0,17.18,4110.0,0.0,0.0,1.0,0.0,56.25,0.0,0.0,0.0,1.0,1.0,0.0,0.0,1.0,0.0,0.0,1.0,0.0,0.0,0.0,0.0,6.0,389.1,0.0,103.08,0.0,0.0,1.0,1.0,0.0,0.0,1.0,0.0,0.0,1.0,0.0,0.0,0.0,0.0,0.0,1.0,1.0,0.0,0.0,1
32.0,0.0,39.61,2664.0,0.0,0.0,0.0,0.0,20.45,0.0,0.0,0.0,0.0,0.0,0.0,0.0,1.0,0.0,0.0,5.0,0.0,0.0,0.0,0.0,1.0,20.45,0.0,39.61,0.0,0.0,0.0,1.0,0.0,0.0,0.0,1.0,0.0,0.0,1.0,0.0,1.0,0.0,0.0,0.0,0.0,0.0,1.0,0
28.0,0.0,4.01,4530.0,0.0,0.0,0.0,0.0,25.25,1.0,0.0,0.0,0.0,0.0,0.0,0.0,1.0,0.0,0.0,4.0,0.0,0.0,0.0,0.0,63.0,1559.3,0.0,252.63,0.0,1.0,0.0,0.0,0.0,1.0,0.0,1.0,0.0,0.0,1.0,0.0,1.0,0.0,0.0,0.0,0.0,0.0,1.0,0
38.0,0.0,5.15,4430.0,1.0,0.0,0.0,0.0,19.95,0.0,3.0,0.0,0.0,0.0,0.0,0.0,1.0,0.0,0.0,5.0,0.0,0.0,0.0,0.0,3.0,58.3,0.0,15.45,0.0,0.0,0.0,1.0,0.0,0.0,0.0,1.0,0.0,0.0,1.0,0.0,0.0,0.0,0.0,1.0,0.0,0.0,1.0,0
72.0,13.0,10.03,3860.0,0.0,1.0,1.0,0.0,99.75,1.0,0.0,0.0,0.0,0.0,1.0,0.0,1.0,0.0,0.0,3.0,1.0,1.0,0.0,1.0,39.0,4036.0,0.0,391.17,0.0,0.0,1.0,0.0,0.0,1.0,1.0,0.0,0.0,0.0,1.0,0.0,1.0,0.0,0.0,0.0,1.0,0.0,0.0,0
37.0,8.0,16.64,5029.0,0.0,1.0,1.0,0.0,103.1,1.0,0.0,0.0,1.0,0.0,1.0,0.0,1.0,0.0,0.0,4.0,0.0,1.0,1.0,1.0,47.0,4889.3,0.0,782.08,0.0,0.0,1.0,0.0,1.0,0.0,0.0,1.0,0.0,0.0,1.0,0.0,1.0,0.0,0.0,0.0,1.0,0.0,0.0,0
58.0,2.0,1.02,3468.0,0.0,1.0,1.0,1.0,100.05,0.0,0.0,3.0,0.0,0.0,1.0,1.0,1.0,1.0,1.0,5.0,0.0,1.0,1.0,1.0,48.0,4834.0,0.0,48.96,37.45,0.0,1.0,1.0,0.0,0.0,1.0,0.0,0.0,0.0,1.0,0.0,1.0,0.0,0.0,0.0,0.0,1.0,0.0,0
68.0,24.0,0.0,5692.0,0.0,0.0,1.0,0.0,39.0,0.0,0.0,0.0,1.0,0.0,1.0,0.0,0.0,0.0,0.0,1.0,1.0,0.0,0.0,1.0,16.0,679.85,0.0,0.0,0.0,0.0,1.0,1.0,0.0,0.0,0.0,1.0,0.0,1.0,0.0,0.0,1.0,0.0,0.0,0.0,0.0,0.0,1.0,1
47.0,0.0,17.2,3967.0,0.0,0.0,0.0,0.0,21.45,0.0,0.0,0.0,0.0,0.0,0.0,0.0,1.0,0.0,0.0,3.0,0.0,0.0,0.0,0.0,35.0,705.45,0.0,602.0,0.0,0.0,0.0,0.0,0.0,1.0,0.0,1.0,0.0,0.0,1.0,0.0,1.0,0.0,0.0,0.0,1.0,0.0,0.0,0
73.0,19.0,38.06,4424.0,0.0,1.0,1.0,0.0,101.1,1.0,0.0,0.0,0.0,0.0,1.0,0.0,1.0,0.0,0.0,1.0,1.0,1.0,0.0,1.0,37.0,3744.05,0.0,1408.22,0.0,0.0,1.0,1.0,0.0,0.0,0.0,1.0,0.0,0.0,1.0,0.0,0.0,1.0,0.0,0.0,1.0,0.0,0.0,1
42.0,0.0,28.18,5854.0,0.0,0.0,0.0,0.0,20.25,0.0,0.0,0.0,0.0,0.0,1.0,0.0,1.0,0.0,0.0,4.0,0.0,0.0,0.0,0.0,1.0,20.25,0.0,28.18,0.0,0.0,0.0,1.0,0.0,0.0,1.0,0.0,0.0,0.0,1.0,0.0,0.0,0.0,0.0,1.0,0.0,1.0,0.0,0
75.0,3.0,0.0,4133.0,0.0,0.0,1.0,1.0,30.75,0.0,0.0,7.0,1.0,0.0,1.0,1.0,0.0,0.0,1.0,5.0,1.0,0.0,0.0,0.0,3.0,82.85,0.0,0.0,0.0,0.0,1.0,1.0,0.0,0.0,1.0,0.0,0.0,1.0,0.0,0.0,1.0,0.0,0.0,0.0,1.0,0.0,0.0,0
52.0,0.0,10.46,2066.0,0.0,0.0,0.0,0.0,21.2,0.0,0.0,0.0,0.0,0.0,1.0,0.0,1.0,0.0,0.0,4.0,0.0,0.0,0.0,0.0,10.0,222.65,0.0,104.6,0.0,0.0,0.0,1.0,0.0,0.0,1.0,0.0,0.0,0.0,1.0,0.0,1.0,0.0,0.0,0.0,1.0,0.0,0.0,0
30.0,0.0,3.37,5020.0,0.0,0.0,0.0,0.0,20.15,0.0,0.0,0.0,0.0,0.0,0.0,0.0,1.0,0.0,0.0,4.0,0.0,0.0,0.0,0.0,5.0,117.95,0.0,16.85,0.0,0.0,0.0,1.0,0.0,0.0,1.0,0.0,0.0,0.0,1.0,0.0,0.0,0.0,0.0,1.0,0.0,1.0,0.0,0
58.0,8.0,34.18,5183.0,0.0,0.0,1.0,0.0,80.55,1.0,0.0,0.0,1.0,0.0,1.0,0.0,1.0,0.0,0.0,4.0,0.0,0.0,0.0,0.0,16.0,1248.9,0.0,546.88,0.0,0.0,1.0,1.0,0.0,0.0,0.0,1.0,0.0,0.0,1.0,0.0,1.0,0.0,0.0,0.0,0.0,1.0,0.0,0
61.0,10.0,33.11,6351.0,0.0,1.0,1.0,0.0,110.0,1.0,0.0,0.0,0.0,1.0,1.0,0.0,1.0,1.0,0.0,4.0,0.0,1.0,1.0,1.0,65.0,7138.65,0.0,2152.15,0.0,0.0,1.0,0.0,1.0,0.0,0.0,1.0,0.0,0.0,1.0,0.0,1.0,0.0,0.0,0.0,0.0,1.0,0.0,0
43.0,57.0,6.95,5169.0,1.0,1.0,1.0,1.0,104.9,0.0,3.0,5.0,0.0,1.0,1.0,1.0,1.0,1.0,1.0,4.0,0.0,1.0,1.0,1.0,72.0,7559.55,0.0,500.4,0.0,0.0,1.0,0.0,0.0,1.0,0.0,1.0,0.0,0.0,1.0,1.0,0.0,0.0,0.0,0.0,0.0,1.0,0.0,0
72.0,28.0,47.34,4005.0,0.0,0.0,1.0,1.0,100.4,1.0,0.0,8.0,0.0,0.0,1.0,1.0,1.0,1.0,1.0,5.0,1.0,1.0,1.0,1.0,58.0,5749.8,0.0,2745.72,0.0,0.0,1.0,1.0,0.0,0.0,1.0,0.0,0.0,0.0,1.0,0.0,1.0,0.0,0.0,0.0,1.0,0.0,0.0,0
49.0,22.0,43.51,5436.0,1.0,1.0,1.0,1.0,88.0,1.0,1.0,10.0,1.0,1.0,0.0,1.0,1.0,1.0,1.0,3.0,0.0,1.0,1.0,1.0,68.0,6161.9,40.0,2958.68,0.0,0.0,0.0,0.0,0.0,1.0,1.0,0.0,0.0,1.0,0.0,0.0,1.0,0.0,0.0,0.0,0.0,1.0,0.0,0
45.0,27.0,44.75,5433.0,0.0,0.0,1.0,1.0,70.6,0.0,0.0,6.0,1.0,1.0,0.0,1.0,1.0,1.0,1.0,3.0,0.0,1.0,1.0,0.0,46.0,3231.05,0.0,2058.5,0.0,0.0,1.0,0.0,1.0,0.0,1.0,0.0,0.0,1.0,0.0,0.0,1.0,0.0,0.0,0.0,0.0,1.0,0.0,0
24.0,69.0,35.77,2734.0,0.0,0.0,1.0,0.0,80.5,0.0,0.0,0.0,0.0,0.0,0.0,0.0,1.0,0.0,0.0,1.0,0.0,1.0,1.0,0.0,1.0,80.5,0.0,35.77,0.0,1.0,1.0,1.0,0.0,0.0,0.0,1.0,0.0,0.0,1.0,0.0,1.0,0.0,0.0,0.0,1.0,0.0,0.0,1
42.0,9.0,29.11,2220.0,0.0,0.0,1.0,0.0,75.35,1.0,0.0,0.0,0.0,0.0,0.0,0.0,1.0,0.0,0.0,1.0,0.0,0.0,0.0,0.0,4.0,338.1,0.0,116.44,0.0,0.0,1.0,1.0,0.0,0.0,1.0,0.0,0.0,0.0,1.0,0.0,0.0,0.0,0.0,1.0,1.0,0.0,0.0,1
49.0,2.0,16.64,5579.0,0.0,0.0,1.0,0.0,89.25,0.0,0.0,0.0,0.0,0.0,1.0,0.0,1.0,0.0,0.0,5.0,0.0,1.0,1.0,1.0,1.0,89.25,0.0,16.64,0.0,0.0,1.0,1.0,0.0,0.0,0.0,1.0,0.0,0.0,1.0,0.0,1.0,0.0,0.0,0.0,1.0,0.0,0.0,0
42.0,8.0,13.82,5470.0,0.0,1.0,1.0,0.0,89.3,1.0,0.0,0.0,0.0,0.0,1.0,0.0,1.0,0.0,0.0,3.0,0.0,1.0,1.0,0.0,45.0,4192.15,0.0,621.9,0.0,0.0,1.0,1.0,0.0,0.0,1.0,0.0,0.0,0.0,1.0,0.0,1.0,0.0,0.0,0.0,0.0,1.0,0.0,0
39.0,29.0,42.08,2283.0,1.0,1.0,1.0,1.0,91.0,0.0,2.0,5.0,1.0,0.0,1.0,1.0,1.0,0.0,1.0,2.0,0.0,1.0,1.0,0.0,6.0,531.0,0.0,252.48,0.0,0.0,1.0,1.0,0.0,0.0,0.0,1.0,0.0,0.0,1.0,0.0,1.0,0.0,0.0,0.0,1.0,0.0,0.0,1
20.0,0.0,20.09,4900.0,0.0,0.0,0.0,1.0,24.4,1.0,0.0,10.0,0.0,0.0,0.0,1.0,1.0,0.0,1.0,5.0,0.0,0.0,0.0,0.0,61.0,1417.9,0.0,1225.49,0.0,1.0,0.0,0.0,0.0,1.0,1.0,0.0,0.0,0.0,1.0,0.0,1.0,0.0,0.0,0.0,0.0,0.0,1.0,0
69.0,2.0,10.55,3172.0,0.0,0.0,1.0,1.0,79.3,1.0,0.0,0.0,0.0,0.0,1.0,1.0,1.0,1.0,0.0,5.0,1.0,0.0,0.0,0.0,29.0,2414.55,0.0,305.95,0.0,0.0,1.0,1.0,0.0,0.0,0.0,1.0,0.0,0.0,1.0,0.0,1.0,0.0,0.0,0.0,1.0,0.0,0.0,0
65.0,0.0,30.14,2154.0,0.0,0.0,0.0,0.0,20.05,0.0,0.0,0.0,0.0,0.0,0.0,0.0,1.0,0.0,0.0,5.0,1.0,0.0,0.0,0.0,5.0,94.15,0.0,150.7,0.0,0.0,0.0,0.0,1.0,0.0,0.0,1.0,0.0,0.0,1.0,0.0,0.0,0.0,0.0,1.0,1.0,0.0,0.0,0
46.0,21.0,14.28,4934.0,0.0,0.0,1.0,0.0,85.3,1.0,0.0,0.0,0.0,0.0,1.0,0.0,1.0,0.0,0.0,1.0,0.0,1.0,1.0,0.0,3.0,264.8,0.0,42.84,0.0,0.0,1.0,1.0,0.0,0.0,0.0,1.0,0.0,0.0,1.0,0.0,0.0,0.0,0.0,1.0,1.0,0.0,0.0,1
69.0,20.0,7.85,4768.0,0.0,0.0,1.0,1.0,106.85,1.0,0.0,8.0,1.0,1.0,1.0,1.0,1.0,0.0,1.0,4.0,1.0,1.0,1.0,1.0,72.0,7677.4,100.0,565.2,0.0,0.0,0.0,0.0,1.0,0.0,1.0,0.0,0.0,0.0,1.0,1.0,0.0,0.0,0.0,0.0,1.0,0.0,0.0,0
22.0,69.0,35.59,5276.0,0.0,0.0,1.0,0.0,73.85,0.0,0.0,0.0,1.0,0.0,1.0,0.0,1.0,0.0,0.0,3.0,0.0,0.0,1.0,0.0,56.0,4092.85,0.0,1993.04,0.0,1.0,1.0,1.0,0.0,0.0,1.0,0.0,0.0,0.0,1.0,0.0,1.0,0.0,0.0,0.0,1.0,0.0,0.0,1
73.0,13.0,44.44,5444.0,0.0,1.0,1.0,0.0,98.55,1.0,0.0,0.0,0.0,0.0,1.0,0.0,1.0,0.0,0.0,3.0,1.0,1.0,0.0,1.0,20.0,1842.8,120.0,888.8,0.0,0.0,0.0,1.0,0.0,0.0,0.0,1.0,0.0,0.0,1.0,0.0,1.0,0.0,0.0,0.0,1.0,0.0,0.0,1
25.0,59.0,6.18,4680.0,1.0,0.0,1.0,1.0,44.8,0.0,3.0,0.0,0.0,0.0,0.0,1.0,1.0,0.0,0.0,3.0,0.0,0.0,0.0,0.0,13.0,559.2,90.0,80.34,37.49,1.0,0.0,1.0,0.0,0.0,0.0,1.0,1.0,0.0,0.0,0.0,1.0,0.0,0.0,0.0,1.0,0.0,0.0,0
47.0,30.0,27.75,5649.0,0.0,1.0,1.0,0.0,105.1,1.0,0.0,0.0,1.0,0.0,0.0,0.0,1.0,0.0,0.0,3.0,0.0,1.0,1.0,1.0,65.0,6631.85,0.0,1803.75,0.0,0.0,1.0,0.0,0.0,1.0,0.0,1.0,0.0,0.0,1.0,0.0,1.0,0.0,0.0,0.0,0.0,1.0,0.0,0
51.0,0.0,21.16,5759.0,1.0,0.0,0.0,0.0,20.15,0.0,3.0,0.0,0.0,0.0,1.0,0.0,1.0,0.0,0.0,3.0,0.0,0.0,0.0,0.0,33.0,682.15,0.0,698.28,0.0,0.0,0.0,0.0,1.0,0.0,0.0,1.0,0.0,0.0,1.0,0.0,0.0,1.0,0.0,0.0,0.0,1.0,0.0,0
29.0,59.0,47.64,5893.0,0.0,1.0,1.0,1.0,97.05,0.0,0.0,4.0,1.0,0.0,1.0,1.0,1.0,0.0,1.0,5.0,0.0,1.0,1.0,1.0,48.0,4692.95,0.0,2286.72,0.0,1.0,1.0,0.0,1.0,0.0,1.0,0.0,0.0,0.0,1.0,0.0,1.0,0.0,0.0,0.0,1.0,0.0,0.0,0
77.0,9.0,37.65,5495.0,0.0,0.0,1.0,1.0,51.6,1.0,0.0,1.0,0.0,0.0,1.0,1.0,1.0,0.0,1.0,5.0,1.0,0.0,0.0,0.0,29.0,1442.0,0.0,1091.85,0.0,0.0,1.0,0.0,1.0,0.0,0.0,1.0,0.0,1.0,0.0,0.0,0.0,1.0,0.0,0.0,1.0,0.0,0.0,0
31.0,0.0,30.64,4797.0,1.0,0.0,0.0,0.0,25.1,1.0,3.0,0.0,0.0,0.0,1.0,0.0,1.0,0.0,0.0,4.0,0.0,0.0,0.0,0.0,43.0,1070.15,0.0,1317.52,0.0,0.0,0.0,0.0,0.0,1.0,1.0,0.0,0.0,0.0,1.0,0.0,1.0,0.0,0.0,0.0,1.0,0.0,0.0,0
36.0,18.0,0.0,3503.0,0.0,0.0,1.0,0.0,24.75,0.0,0.0,0.0,0.0,0.0,0.0,0.0,0.0,0.0,0.0,2.0,0.0,0.0,0.0,0.0,3.0,66.95,0.0,0.0,0.0,0.0,1.0,1.0,0.0,0.0,0.0,1.0,0.0,1.0,0.0,0.0,1.0,0.0,0.0,0.0,1.0,0.0,0.0,1
64.0,23.0,41.26,3345.0,0.0,0.0,1.0,0.0,75.15,0.0,0.0,0.0,1.0,0.0,0.0,0.0,1.0,0.0,0.0,4.0,0.0,0.0,0.0,0.0,48.0,3772.65,0.0,1980.48,0.0,0.0,1.0,0.0,1.0,0.0,1.0,0.0,0.0,0.0,1.0,0.0,1.0,0.0,0.0,0.0,1.0,0.0,0.0,0
64.0,5.0,36.17,4696.0,0.0,0.0,1.0,0.0,75.25,1.0,0.0,0.0,0.0,0.0,0.0,0.0,1.0,0.0,0.0,3.0,0.0,0.0,0.0,0.0,39.0,3017.65,0.0,1410.63,0.0,0.0,1.0,1.0,0.0,0.0,0.0,1.0,0.0,0.0,1.0,0.0,0.0,1.0,0.0,0.0,1.0,0.0,0.0,1
28.0,85.0,10.4,5211.0,0.0,0.0,1.0,1.0,75.4,0.0,0.0,9.0,1.0,1.0,1.0,1.0,1.0,0.0,1.0,5.0,0.0,1.0,1.0,1.0,52.0,3865.45,0.0,540.8,0.0,1.0,1.0,0.0,1.0,0.0,0.0,1.0,0.0,1.0,0.0,0.0,1.0,0.0,0.0,0.0,0.0,1.0,0.0,0
27.0,48.0,10.4,5822.0,0.0,1.0,1.0,0.0,105.5,0.0,0.0,0.0,0.0,1.0,1.0,0.0,1.0,1.0,0.0,3.0,0.0,1.0,1.0,1.0,25.0,2686.05,0.0,260.0,0.0,1.0,1.0,1.0,0.0,0.0,0.0,1.0,0.0,0.0,1.0,0.0,1.0,0.0,0.0,0.0,1.0,0.0,0.0,0
60.0,22.0,33.97,5796.0,0.0,0.0,1.0,0.0,51.15,0.0,0.0,0.0,0.0,1.0,1.0,0.0,1.0,0.0,0.0,3.0,0.0,0.0,0.0,0.0,24.0,1275.7,0.0,815.28,0.0,0.0,1.0,1.0,0.0,0.0,0.0,1.0,0.0,1.0,0.0,0.0,1.0,0.0,0.0,0.0,1.0,0.0,0.0,0
52.0,19.0,0.0,4534.0,1.0,1.0,1.0,1.0,51.0,0.0,2.0,10.0,1.0,0.0,0.0,1.0,0.0,1.0,1.0,4.0,0.0,1.0,1.0,0.0,45.0,2264.5,0.0,0.0,0.0,0.0,1.0,0.0,1.0,0.0,1.0,0.0,1.0,0.0,0.0,0.0,1.0,0.0,0.0,0.0,1.0,0.0,0.0,0
40.0,13.0,0.0,3306.0,0.0,0.0,1.0,1.0,29.05,0.0,0.0,2.0,0.0,1.0,1.0,1.0,0.0,0.0,1.0,3.0,0.0,0.0,0.0,0.0,4.0,129.6,0.0,0.0,0.0,0.0,1.0,1.0,0.0,0.0,1.0,0.0,0.0,1.0,0.0,0.0,0.0,0.0,0.0,1.0,1.0,0.0,0.0,0
53.0,29.0,36.18,5921.0,1.0,1.0,1.0,1.0,99.7,0.0,2.0,2.0,0.0,1.0,1.0,1.0,1.0,0.0,1.0,3.0,0.0,1.0,1.0,1.0,48.0,4977.2,0.0,1736.64,0.0,0.0,1.0,0.0,1.0,0.0,1.0,0.0,0.0,0.0,1.0,0.0,1.0,0.0,0.0,0.0,1.0,0.0,0.0,0
56.0,22.0,34.49,3736.0,0.0,0.0,1.0,0.0,51.0,0.0,0.0,0.0,0.0,1.0,1.0,0.0,1.0,0.0,0.0,1.0,0.0,0.0,0.0,0.0,7.0,354.05,0.0,241.43,0.0,0.0,1.0,1.0,0.0,0.0,0.0,1.0,1.0,0.0,0.0,0.0,1.0,0.0,0.0,0.0,0.0,0.0,1.0,1
24.0,59.0,5.3,5310.0,0.0,0.0,1.0,0.0,54.45,1.0,0.0,0.0,0.0,1.0,0.0,0.0,1.0,0.0,0.0,3.0,0.0,0.0,0.0,0.0,68.0,3687.75,0.0,360.4,0.0,1.0,1.0,1.0,0.0,0.0,1.0,0.0,0.0,1.0,0.0,0.0,1.0,0.0,0.0,0.0,0.0,0.0,1.0,0
27.0,42.0,38.79,6302.0,0.0,1.0,1.0,1.0,97.0,1.0,0.0,1.0,1.0,1.0,1.0,1.0,1.0,1.0,1.0,4.0,0.0,0.0,0.0,0.0,72.0,7104.2,0.0,2792.88,0.0,1.0,1.0,0.0,0.0,1.0,1.0,0.0,0.0,0.0,1.0,1.0,0.0,0.0,0.0,0.0,1.0,0.0,0.0,0
61.0,26.0,19.93,4228.0,0.0,1.0,1.0,0.0,77.8,0.0,0.0,0.0,1.0,0.0,0.0,0.0,1.0,0.0,0.0,5.0,0.0,0.0,0.0,0.0,18.0,1358.6,0.0,358.74,29.76,0.0,1.0,1.0,0.0,0.0,1.0,0.0,0.0,0.0,1.0,0.0,1.0,0.0,0.0,0.0,1.0,0.0,0.0,0
25.0,0.0,5.98,4690.0,0.0,0.0,0.0,0.0,20.45,0.0,0.0,0.0,0.0,0.0,0.0,0.0,1.0,0.0,0.0,4.0,0.0,0.0,0.0,0.0,24.0,527.35,0.0,143.52,0.0,1.0,0.0,0.0,1.0,0.0,1.0,0.0,0.0,0.0,1.0,0.0,1.0,0.0,0.0,0.0,0.0,1.0,0.0,0
30.0,52.0,5.78,5715.0,0.0,0.0,1.0,0.0,80.6,0.0,0.0,0.0,0.0,0.0,1.0,0.0,1.0,0.0,0.0,2.0,0.0,0.0,0.0,1.0,5.0,415.55,40.0,28.9,36.44,0.0,0.0,1.0,0.0,0.0,0.0,1.0,0.0,0.0,1.0,0.0,0.0,0.0,0.0,1.0,1.0,0.0,0.0,1
22.0,59.0,9.16,2269.0,1.0,0.0,1.0,1.0,84.9,1.0,2.0,5.0,1.0,1.0,0.0,1.0,1.0,1.0,1.0,3.0,0.0,1.0,1.0,1.0,16.0,1398.25,0.0,146.56,0.0,1.0,1.0,1.0,0.0,0.0,0.0,1.0,0.0,1.0,0.0,0.0,0.0,0.0,1.0,0.0,1.0,0.0,0.0,0
56.0,22.0,49.4,2182.0,0.0,0.0,1.0,0.0,53.8,1.0,0.0,0.0,0.0,1.0,1.0,0.0,1.0,0.0,0.0,4.0,0.0,0.0,0.0,0.0,5.0,283.95,10.0,247.0,0.0,0.0,0.0,1.0,0.0,0.0,1.0,0.0,1.0,0.0,0.0,0.0,1.0,0.0,0.0,0.0,1.0,0.0,0.0,0
34.0,0.0,29.14,4580.0,0.0,0.0,0.0,1.0,19.6,0.0,0.0,1.0,0.0,0.0,0.0,1.0,1.0,0.0,1.0,4.0,0.0,0.0,0.0,0.0,4.0,93.45,0.0,116.56,0.0,0.0,0.0,1.0,0.0,0.0,1.0,0.0,0.0,0.0,1.0,0.0,1.0,0.0,0.0,0.0,0.0,1.0,0.0,0
46.0,7.0,36.65,4669.0,0.0,0.0,1.0,1.0,70.1,0.0,0.0,1.0,0.0,1.0,1.0,1.0,1.0,0.0,1.0,1.0,0.0,1.0,1.0,1.0,57.0,3913.3,0.0,2089.05,0.0,0.0,1.0,0.0,1.0,0.0,1.0,0.0,0.0,1.0,0.0,0.0,1.0,0.0,0.0,0.0,1.0,0.0,0.0,1
71.0,28.0,30.25,2930.0,0.0,0.0,1.0,0.0,76.05,1.0,0.0,0.0,0.0,0.0,1.0,0.0,1.0,0.0,0.0,1.0,1.0,0.0,0.0,0.0,3.0,231.8,0.0,90.75,0.0,0.0,1.0,1.0,0.0,0.0,0.0,1.0,0.0,0.0,1.0,0.0,1.0,0.0,0.0,0.0,1.0,0.0,0.0,1
28.0,59.0,0.0,5192.0,1.0,1.0,1.0,1.0,55.65,0.0,3.0,1.0,1.0,1.0,0.0,1.0,0.0,1.0,1.0,4.0,0.0,1.0,1.0,0.0,72.0,3880.05,0.0,0.0,0.0,1.0,1.0,0.0,0.0,1.0,1.0,0.0,1.0,0.0,0.0,1.0,0.0,0.0,0.0,0.0,0.0,1.0,0.0,0
55.0,28.0,14.14,4795.0,0.0,1.0,1.0,1.0,73.6,0.0,0.0,10.0,1.0,0.0,0.0,1.0,1.0,0.0,1.0,4.0,0.0,1.0,1.0,1.0,47.0,3522.65,0.0,664.58,0.0,0.0,1.0,0.0,0.0,1.0,0.0,1.0,0.0,1.0,0.0,0.0,1.0,0.0,0.0,0.0,1.0,0.0,0.0,0
52.0,0.0,25.05,5874.0,1.0,0.0,0.0,1.0,20.1,0.0,1.0,4.0,0.0,0.0,0.0,1.0,1.0,0.0,1.0,4.0,0.0,0.0,0.0,0.0,6.0,100.35,0.0,150.3,0.0,0.0,0.0,0.0,0.0,1.0,1.0,0.0,0.0,0.0,1.0,0.0,0.0,0.0,0.0,1.0,0.0,1.0,0.0,0
46.0,17.0,25.09,2495.0,0.0,1.0,1.0,1.0,78.85,1.0,0.0,3.0,0.0,1.0,0.0,1.0,1.0,0.0,1.0,3.0,0.0,1.0,1.0,1.0,12.0,876.75,0.0,301.08,0.0,0.0,1.0,0.0,1.0,0.0,1.0,0.0,1.0,0.0,0.0,0.0,1.0,0.0,0.0,0.0,1.0,0.0,0.0,0
24.0,69.0,43.05,5523.0,1.0,0.0,1.0,0.0,50.05,1.0,3.0,0.0,0.0,0.0,1.0,0.0,1.0,0.0,0.0,4.0,0.0,0.0,0.0,0.0,1.0,50.05,0.0,43.05,0.0,1.0,1.0,1.0,0.0,0.0,0.0,1.0,0.0,1.0,0.0,0.0,0.0,0.0,0.0,1.0,1.0,0.0,0.0,0
45.0,0.0,15.77,2484.0,0.0,0.0,0.0,0.0,19.75,0.0,0.0,0.0,0.0,0.0,0.0,0.0,1.0,0.0,0.0,3.0,0.0,0.0,0.0,0.0,1.0,19.75,0.0,15.77,0.0,0.0,0.0,1.0,0.0,0.0,0.0,1.0,0.0,0.0,1.0,0.0,1.0,0.0,0.0,0.0,0.0,1.0,0.0,0
23.0,0.0,13.35,5970.0,0.0,0.0,0.0,1.0,24.1,1.0,0.0,9.0,0.0,0.0,1.0,1.0,1.0,0.0,1.0,4.0,0.0,0.0,0.0,0.0,61.0,1551.6,0.0,814.35,0.0,1.0,0.0,0.0,0.0,1.0,1.0,0.0,0.0,0.0,1.0,0.0,1.0,0.0,0.0,0.0,0.0,1.0,0.0,0
59.0,24.0,0.0,4577.0,0.0,0.0,1.0,1.0,46.35,0.0,0.0,7.0,0.0,1.0,1.0,1.0,0.0,1.0,1.0,4.0,0.0,0.0,0.0,1.0,35.0,1662.05,140.0,0.0,0.0,0.0,0.0,0.0,0.0,1.0,1.0,0.0,0.0,1.0,0.0,0.0,0.0,1.0,0.0,0.0,0.0,1.0,0.0,0
70.0,11.0,49.76,2104.0,0.0,1.0,1.0,1.0,104.25,1.0,0.0,3.0,1.0,0.0,1.0,1.0,1.0,0.0,1.0,1.0,1.0,1.0,1.0,1.0,24.0,2433.9,0.0,1194.24,0.0,0.0,1.0,1.0,0.0,0.0,0.0,1.0,0.0,0.0,1.0,0.0,0.0,1.0,0.0,0.0,1.0,0.0,0.0,1
32.0,30.0,17.96,3226.0,0.0,0.0,1.0,1.0,73.85,1.0,0.0,1.0,0.0,0.0,1.0,1.0,1.0,0.0,1.0,1.0,0.0,0.0,0.0,0.0,16.0,1284.2,0.0,287.36,0.0,0.0,1.0,1.0,0.0,0.0,0.0,1.0,0.0,0.0,1.0,0.0,1.0,0.0,0.0,0.0,1.0,0.0,0.0,1
21.0,42.0,29.74,5269.0,0.0,1.0,1.0,0.0,82.75,1.0,0.0,0.0,0.0,0.0,1.0,0.0,1.0,1.0,0.0,4.0,0.0,0.0,0.0,0.0,5.0,417.75,0.0,148.7,0.0,1.0,1.0,1.0,0.0,0.0,1.0,0.0,0.0,0.0,1.0,0.0,0.0,0.0,0.0,1.0,1.0,0.0,0.0,0
70.0,10.0,45.13,3199.0,0.0,1.0,1.0,1.0,102.05,1.0,0.0,1.0,0.0,0.0,0.0,1.0,1.0,0.0,1.0,5.0,1.0,1.0,1.0,1.0,35.0,3452.55,0.0,1579.55,0.0,0.0,1.0,0.0,0.0,1.0,1.0,0.0,0.0,0.0,1.0,0.0,1.0,0.0,0.0,0.0,1.0,0.0,0.0,0
50.0,3.0,27.16,4068.0,0.0,1.0,1.0,1.0,113.15,1.0,0.0,8.0,1.0,0.0,1.0,1.0,1.0,1.0,1.0,3.0,0.0,1.0,1.0,1.0,71.0,7953.25,0.0,1928.36,0.0,0.0,1.0,0.0,1.0,0.0,0.0,1.0,0.0,0.0,1.0,0.0,1.0,0.0,0.0,0.0,1.0,0.0,0.0,0
25.0,51.0,24.77,5056.0,0.0,0.0,1.0,0.0,106.6,1.0,0.0,0.0,1.0,1.0,1.0,0.0,1.0,0.0,0.0,4.0,0.0,1.0,1.0,1.0,56.0,5893.95,0.0,1387.12,0.0,1.0,1.0,1.0,0.0,0.0,1.0,0.0,0.0,0.0,1.0,0.0,1.0,0.0,0.0,0.0,0.0,1.0,0.0,0
69.0,14.0,43.96,5203.0,0.0,1.0,1.0,0.0,78.55,1.0,0.0,0.0,0.0,0.0,1.0,0.0,1.0,0.0,0.0,2.0,1.0,0.0,0.0,0.0,2.0,149.55,0.0,87.92,0.0,0.0,1.0,1.0,0.0,0.0,1.0,0.0,0.0,0.0,1.0,0.0,0.0,0.0,0.0,1.0,1.0,0.0,0.0,1
74.0,13.0,3.84,3763.0,0.0,0.0,1.0,0.0,76.45,1.0,0.0,0.0,0.0,0.0,1.0,0.0,1.0,0.0,0.0,3.0,1.0,0.0,0.0,0.0,1.0,76.45,10.0,3.84,0.0,0.0,0.0,1.0,0.0,0.0,0.0,1.0,0.0,0.0,1.0,0.0,1.0,0.0,0.0,0.0,1.0,0.0,0.0,1
24.0,48.0,24.86,2113.0,0.0,0.0,1.0,0.0,99.85,1.0,0.0,0.0,1.0,0.0,1.0,0.0,1.0,0.0,0.0,3.0,0.0,1.0,1.0,1.0,21.0,1992.55,0.0,522.06,0.0,1.0,1.0,1.0,0.0,0.0,1.0,0.0,0.0,0.0,1.0,0.0,1.0,0.0,0.0,0.0,0.0,1.0,0.0,0
77.0,14.0,14.76,4503.0,0.0,0.0,1.0,1.0,84.9,1.0,0.0,7.0,1.0,1.0,1.0,1.0,1.0,0.0,1.0,3.0,1.0,0.0,0.0,0.0,69.0,5785.65,0.0,1018.44,0.0,0.0,1.0,1.0,0.0,0.0,0.0,1.0,0.0,0.0,1.0,0.0,1.0,0.0,0.0,0.0,0.0,1.0,0.0,0
56.0,12.0,47.18,4207.0,0.0,0.0,1.0,1.0,60.5,0.0,0.0,4.0,1.0,1.0,1.0,1.0,1.0,1.0,1.0,3.0,0.0,0.0,0.0,0.0,51.0,3145.15,0.0,2406.18,0.0,0.0,1.0,0.0,1.0,0.0,1.0,0.0,1.0,0.0,0.0,0.0,1.0,0.0,0.0,0.0,1.0,0.0,0.0,0
29.0,59.0,38.78,2754.0,0.0,1.0,1.0,0.0,106.65,1.0,0.0,0.0,1.0,1.0,1.0,0.0,1.0,1.0,0.0,3.0,0.0,0.0,0.0,1.0,17.0,1672.1,0.0,659.26,0.0,1.0,1.0,1.0,0.0,0.0,0.0,1.0,0.0,0.0,1.0,0.0,1.0,0.0,0.0,0.0,1.0,0.0,0.0,0
60.0,0.0,2.81,4432.0,1.0,0.0,0.0,1.0,24.25,1.0,2.0,4.0,0.0,0.0,0.0,1.0,1.0,0.0,1.0,4.0,0.0,0.0,0.0,0.0,43.0,1077.95,0.0,120.83,0.0,0.0,0.0,0.0,0.0,1.0,0.0,1.0,0.0,0.0,1.0,0.0,1.0,0.0,0.0,0.0,0.0,1.0,0.0,0
49.0,0.0,45.75,5940.0,0.0,0.0,0.0,1.0,20.25,0.0,0.0,10.0,0.0,0.0,0.0,1.0,1.0,0.0,1.0,5.0,0.0,0.0,0.0,0.0,42.0,835.5,0.0,1921.5,0.0,0.0,0.0,0.0,0.0,1.0,0.0,1.0,0.0,0.0,1.0,0.0,1.0,0.0,0.0,0.0,1.0,0.0,0.0,0
76.0,16.0,5.19,5514.0,0.0,1.0,1.0,0.0,101.05,1.0,0.0,0.0,0.0,0.0,1.0,0.0,1.0,0.0,0.0,3.0,1.0,1.0,0.0,1.0,56.0,5594.0,10.0,290.64,0.0,0.0,0.0,0.0,0.0,1.0,0.0,1.0,0.0,0.0,1.0,0.0,1.0,0.0,0.0,0.0,1.0,0.0,0.0,0
34.0,0.0,9.44,4745.0,0.0,0.0,0.0,0.0,19.25,0.0,0.0,0.0,0.0,0.0,1.0,0.0,1.0,0.0,0.0,3.0,0.0,0.0,0.0,0.0,1.0,19.25,0.0,9.44,0.0,0.0,0.0,1.0,0.0,0.0,1.0,0.0,0.0,0.0,1.0,0.0,0.0,0.0,0.0,1.0,1.0,0.0,0.0,0
39.0,15.0,14.07,3160.0,1.0,0.0,1.0,1.0,100.75,1.0,1.0,0.0,1.0,1.0,0.0,1.0,1.0,1.0,0.0,3.0,0.0,0.0,0.0,1.0,27.0,2793.55,0.0,379.89,0.0,0.0,1.0,1.0,0.0,0.0,0.0,1.0,0.0,0.0,1.0,0.0,1.0,0.0,0.0,0.0,1.0,0.0,0.0,0
35.0,30.0,48.85,5344.0,0.0,1.0,1.0,1.0,74.75,0.0,0.0,7.0,0.0,1.0,0.0,1.0,1.0,0.0,1.0,3.0,0.0,1.0,1.0,1.0,33.0,2453.3,0.0,1612.05,0.0,0.0,1.0,0.0,1.0,0.0,0.0,1.0,1.0,0.0,0.0,0.0,0.0,1.0,0.0,0.0,0.0,1.0,0.0,0
68.0,11.0,27.75,6117.0,0.0,1.0,1.0,1.0,105.95,1.0,0.0,1.0,0.0,0.0,1.0,1.0,1.0,1.0,1.0,2.0,1.0,1.0,0.0,1.0,66.0,6975.25,0.0,1831.5,0.0,0.0,1.0,0.0,1.0,0.0,1.0,0.0,0.0,0.0,1.0,0.0,1.0,0.0,0.0,0.0,0.0,1.0,0.0,1
51.0,11.0,7.99,3704.0,0.0,0.0,1.0,0.0,48.6,0.0,0.0,0.0,1.0,0.0,1.0,0.0,1.0,0.0,0.0,5.0,0.0,0.0,0.0,0.0,1.0,48.6,0.0,7.99,0.0,0.0,1.0,1.0,0.0,0.0,1.0,0.0,1.0,0.0,0.0,0.0,0.0,0.0,0.0,1.0,1.0,0.0,0.0,0
35.0,0.0,34.79,5890.0,0.0,0.0,0.0,0.0,19.1,0.0,0.0,0.0,0.0,0.0,1.0,0.0,1.0,0.0,0.0,2.0,0.0,0.0,0.0,0.0,1.0,19.1,0.0,34.79,0.0,0.0,0.0,1.0,0.0,0.0,1.0,0.0,0.0,0.0,1.0,0.0,1.0,0.0,0.0,0.0,0.0,1.0,0.0,1
30.0,59.0,34.47,2850.0,0.0,0.0,1.0,0.0,85.8,1.0,0.0,0.0,0.0,0.0,0.0,0.0,1.0,0.0,0.0,3.0,0.0,1.0,1.0,0.0,1.0,85.8,0.0,34.47,0.0,0.0,1.0,1.0,0.0,0.0,1.0,0.0,0.0,0.0,1.0,0.0,0.0,0.0,0.0,1.0,0.0,1.0,0.0,1
22.0,52.0,23.09,2568.0,0.0,1.0,1.0,1.0,100.05,1.0,0.0,2.0,0.0,0.0,1.0,1.0,1.0,0.0,1.0,3.0,0.0,1.0,1.0,1.0,34.0,3480.0,20.0,785.06,0.0,1.0,0.0,1.0,0.0,0.0,0.0,1.0,0.0,0.0,1.0,0.0,0.0,1.0,0.0,0.0,1.0,0.0,0.0,1
47.0,14.0,1.79,2251.0,0.0,0.0,1.0,0.0,73.85,0.0,0.0,0.0,1.0,0.0,1.0,0.0,1.0,0.0,0.0,3.0,0.0,0.0,0.0,0.0,19.0,1424.5,130.0,34.01,0.0,0.0,0.0,1.0,0.0,0.0,0.0,1.0,0.0,0.0,1.0,0.0,0.0,0.0,1.0,0.0,0.0,1.0,0.0,1
22.0,51.0,18.62,5870.0,0.0,0.0,1.0,0.0,50.3,0.0,0.0,0.0,1.0,0.0,1.0,0.0,1.0,0.0,0.0,5.0,0.0,0.0,0.0,0.0,2.0,92.75,0.0,37.24,0.0,1.0,1.0,1.0,0.0,0.0,0.0,1.0,0.0,1.0,0.0,0.0,0.0,0.0,0.0,1.0,0.0,1.0,0.0,0
32.0,57.0,11.31,4743.0,1.0,0.0,1.0,1.0,104.6,1.0,3.0,10.0,0.0,1.0,0.0,1.0,1.0,1.0,1.0,3.0,0.0,1.0,1.0,1.0,67.0,6885.75,0.0,757.77,0.0,0.0,1.0,0.0,0.0,1.0,0.0,1.0,0.0,0.0,1.0,0.0,1.0,0.0,0.0,0.0,1.0,0.0,0.0,0
26.0,71.0,41.9,4372.0,0.0,0.0,1.0,0.0,45.55,0.0,0.0,0.0,0.0,0.0,0.0,0.0,1.0,0.0,0.0,5.0,0.0,0.0,0.0,0.0,2.0,84.4,10.0,83.8,0.0,1.0,0.0,1.0,0.0,0.0,1.0,0.0,0.0,1.0,0.0,0.0,0.0,0.0,0.0,1.0,1.0,0.0,0.0,0
43.0,21.0,19.04,3262.0,0.0,1.0,1.0,0.0,102.5,0.0,0.0,0.0,0.0,1.0,1.0,0.0,1.0,1.0,0.0,3.0,0.0,1.0,1.0,1.0,48.0,4904.25,0.0,913.92,0.0,0.0,1.0,0.0,0.0,1.0,1.0,0.0,0.0,0.0,1.0,0.0,1.0,0.0,0.0,0.0,0.0,1.0,0.0,0
40.0,23.0,22.88,3847.0,0.0,0.0,1.0,0.0,77.65,0.0,0.0,0.0,0.0,0.0,1.0,0.0,1.0,0.0,0.0,2.0,0.0,0.0,0.0,1.0,9.0,714.15,0.0,205.92,0.0,0.0,1.0,1.0,0.0,0.0,1.0,0.0,0.0,0.0,1.0,0.0,1.0,0.0,0.0,0.0,1.0,0.0,0.0,1
55.0,20.0,39.6,4639.0,0.0,0.0,1.0,1.0,84.5,1.0,0.0,1.0,0.0,0.0,0.0,1.0,1.0,0.0,1.0,3.0,0.0,0.0,0.0,1.0,49.0,4254.85,0.0,1940.4,0.0,0.0,1.0,1.0,0.0,0.0,0.0,1.0,0.0,0.0,1.0,0.0,1.0,0.0,0.0,0.0,1.0,0.0,0.0,1
47.0,8.0,0.0,5369.0,0.0,0.0,1.0,0.0,29.35,0.0,0.0,0.0,0.0,1.0,0.0,0.0,0.0,0.0,0.0,4.0,0.0,0.0,0.0,0.0,8.0,216.45,10.0,0.0,0.0,0.0,0.0,1.0,0.0,0.0,0.0,1.0,1.0,0.0,0.0,0.0,0.0,0.0,0.0,1.0,0.0,1.0,0.0,0
36.0,28.0,30.55,2003.0,0.0,1.0,1.0,1.0,102.25,1.0,0.0,1.0,0.0,0.0,1.0,1.0,1.0,0.0,1.0,1.0,0.0,1.0,1.0,1.0,13.0,1359.0,0.0,397.15,0.0,0.0,1.0,1.0,0.0,0.0,0.0,1.0,0.0,0.0,1.0,0.0,1.0,0.0,0.0,0.0,0.0,1.0,0.0,1
58.0,6.0,21.11,4990.0,0.0,0.0,1.0,0.0,75.6,0.0,0.0,0.0,0.0,1.0,0.0,0.0,1.0,0.0,0.0,3.0,0.0,0.0,0.0,0.0,9.0,661.55,0.0,189.99,0.0,0.0,1.0,1.0,0.0,0.0,0.0,1.0,0.0,0.0,1.0,0.0,1.0,0.0,0.0,0.0,1.0,0.0,0.0,0
56.0,11.0,4.8,5633.0,0.0,0.0,1.0,0.0,74.35,0.0,0.0,0.0,1.0,0.0,1.0,0.0,1.0,0.0,0.0,3.0,0.0,0.0,0.0,0.0,1.0,74.35,0.0,4.8,0.0,0.0,1.0,1.0,0.0,0.0,0.0,1.0,0.0,0.0,1.0,0.0,1.0,0.0,0.0,0.0,1.0,0.0,0.0,1
68.0,28.0,0.0,2525.0,0.0,1.0,1.0,1.0,34.25,0.0,0.0,3.0,0.0,0.0,0.0,1.0,0.0,1.0,1.0,4.0,1.0,0.0,0.0,0.0,24.0,828.2,0.0,0.0,0.0,0.0,1.0,0.0,0.0,1.0,0.0,1.0,1.0,0.0,0.0,0.0,1.0,0.0,0.0,0.0,0.0,1.0,0.0,0
41.0,53.0,48.08,2622.0,1.0,0.0,1.0,1.0,89.65,1.0,3.0,4.0,1.0,0.0,1.0,1.0,1.0,0.0,1.0,3.0,0.0,0.0,0.0,1.0,35.0,3161.6,40.0,1682.8,0.0,0.0,0.0,1.0,0.0,0.0,0.0,1.0,0.0,0.0,1.0,0.0,1.0,0.0,0.0,0.0,1.0,0.0,0.0,0
28.0,0.0,42.49,5267.0,1.0,0.0,0.0,1.0,20.2,0.0,2.0,5.0,0.0,0.0,0.0,1.0,1.0,0.0,1.0,5.0,0.0,0.0,0.0,0.0,69.0,1412.65,0.0,2931.81,0.0,1.0,0.0,0.0,0.0,1.0,1.0,0.0,0.0,0.0,1.0,0.0,1.0,0.0,0.0,0.0,1.0,0.0,0.0,0
25.0,48.0,39.22,3185.0,0.0,0.0,1.0,0.0,50.45,0.0,0.0,0.0,1.0,0.0,0.0,0.0,1.0,0.0,0.0,5.0,0.0,0.0,0.0,0.0,14.0,765.45,140.0,549.08,0.0,1.0,0.0,1.0,0.0,0.0,1.0,0.0,0.0,1.0,0.0,0.0,0.0,0.0,1.0,0.0,1.0,0.0,0.0,0
63.0,2.0,17.73,4806.0,0.0,1.0,1.0,1.0,94.15,0.0,0.0,1.0,1.0,0.0,0.0,1.0,1.0,1.0,1.0,3.0,0.0,1.0,1.0,0.0,61.0,5731.85,0.0,1081.53,0.0,0.0,1.0,1.0,0.0,0.0,0.0,1.0,0.0,0.0,1.0,0.0,1.0,0.0,0.0,0.0,0.0,1.0,0.0,0
49.0,14.0,16.07,2538.0,0.0,1.0,1.0,0.0,99.7,1.0,0.0,0.0,1.0,1.0,1.0,0.0,1.0,0.0,0.0,1.0,0.0,1.0,1.0,0.0,12.0,1238.45,0.0,192.84,0.0,0.0,1.0,1.0,0.0,0.0,1.0,0.0,0.0,0.0,1.0,0.0,0.0,0.0,1.0,0.0,1.0,0.0,0.0,1
75.0,26.0,0.0,4972.0,0.0,1.0,1.0,0.0,43.3,0.0,0.0,0.0,1.0,0.0,1.0,0.0,0.0,0.0,0.0,3.0,1.0,1.0,0.0,0.0,1.0,43.3,0.0,0.0,0.0,0.0,1.0,1.0,0.0,0.0,0.0,1.0,0.0,1.0,0.0,0.0,0.0,0.0,0.0,1.0,1.0,0.0,0.0,1
26.0,52.0,23.06,5460.0,0.0,0.0,1.0,1.0,90.75,0.0,0.0,0.0,0.0,0.0,1.0,1.0,1.0,0.0,0.0,3.0,0.0,1.0,1.0,1.0,1.0,90.75,0.0,23.06,0.0,1.0,1.0,1.0,0.0,0.0,0.0,1.0,0.0,0.0,1.0,0.0,0.0,0.0,0.0,1.0,1.0,0.0,0.0,1
58.0,0.0,15.71,5039.0,0.0,0.0,0.0,0.0,19.5,0.0,0.0,0.0,0.0,0.0,0.0,0.0,1.0,0.0,0.0,3.0,0.0,0.0,0.0,0.0,10.0,225.85,0.0,157.1,0.0,0.0,0.0,0.0,1.0,0.0,0.0,1.0,0.0,0.0,1.0,0.0,1.0,0.0,0.0,0.0,0.0,1.0,0.0,0
46.0,11.0,24.9,4655.0,0.0,0.0,1.0,0.0,44.65,0.0,0.0,0.0,0.0,0.0,0.0,0.0,1.0,0.0,0.0,1.0,0.0,0.0,0.0,0.0,2.0,74.9,10.0,49.8,0.0,0.0,0.0,1.0,0.0,0.0,0.0,1.0,0.0,1.0,0.0,0.0,1.0,0.0,0.0,0.0,0.0,0.0,1.0,1
58.0,15.0,2.64,5039.0,0.0,0.0,1.0,0.0,64.5,1.0,0.0,0.0,0.0,1.0,1.0,0.0,1.0,0.0,0.0,3.0,0.0,1.0,1.0,0.0,30.0,1888.45,0.0,79.2,0.0,0.0,1.0,1.0,0.0,0.0,0.0,1.0,0.0,1.0,0.0,0.0,1.0,0.0,0.0,0.0,0.0,0.0,1.0,0
24.0,53.0,2.38,5922.0,0.0,0.0,1.0,1.0,49.55,0.0,0.0,6.0,1.0,0.0,1.0,1.0,1.0,0.0,1.0,5.0,0.0,0.0,0.0,0.0,8.0,393.45,0.0,19.04,0.0,1.0,1.0,1.0,0.0,0.0,0.0,1.0,0.0,1.0,0.0,0.0,0.0,0.0,0.0,1.0,1.0,0.0,0.0,0
56.0,18.0,36.74,2215.0,1.0,1.0,1.0,1.0,64.5,0.0,1.0,4.0,0.0,0.0,1.0,1.0,1.0,1.0,1.0,5.0,0.0,0.0,0.0,1.0,30.0,1985.15,0.0,1102.2,0.0,0.0,1.0,0.0,1.0,0.0,1.0,0.0,1.0,0.0,0.0,0.0,0.0,1.0,0.0,0.0,1.0,0.0,0.0,0
49.0,0.0,41.99,5336.0,0.0,0.0,0.0,0.0,19.8,0.0,0.0,0.0,0.0,0.0,0.0,0.0,1.0,0.0,0.0,5.0,0.0,0.0,0.0,0.0,37.0,813.3,0.0,1553.63,0.0,0.0,0.0,0.0,0.0,1.0,1.0,0.0,0.0,0.0,1.0,0.0,1.0,0.0,0.0,0.0,0.0,1.0,0.0,0
26.0,46.0,34.49,4109.0,0.0,0.0,1.0,0.0,85.2,1.0,0.0,0.0,0.0,0.0,1.0,0.0,1.0,0.0,0.0,3.0,0.0,0.0,1.0,1.0,5.0,474.8,0.0,172.45,0.0,1.0,1.0,1.0,0.0,0.0,1.0,0.0,0.0,0.0,1.0,0.0,0.0,0.0,0.0,1.0,1.0,0.0,0.0,1
73.0,26.0,26.95,4457.0,0.0,0.0,1.0,1.0,70.55,0.0,0.0,1.0,0.0,0.0,0.0,1.0,1.0,0.0,1.0,3.0,1.0,0.0,0.0,0.0,47.0,3309.25,0.0,1266.65,26.99,0.0,1.0,1.0,0.0,0.0,1.0,0.0,0.0,0.0,1.0,0.0,1.0,0.0,0.0,0.0,1.0,0.0,0.0,1
40.0,19.0,0.0,5122.0,0.0,1.0,1.0,0.0,58.75,0.0,0.0,0.0,1.0,1.0,1.0,0.0,0.0,0.0,0.0,4.0,0.0,1.0,1.0,1.0,52.0,3038.55,0.0,0.0,0.0,0.0,1.0,0.0,0.0,1.0,1.0,0.0,0.0,1.0,0.0,0.0,1.0,0.0,0.0,0.0,1.0,0.0,0.0,0
35.0,21.0,40.87,4118.0,0.0,0.0,1.0,0.0,44.75,0.0,0.0,0.0,0.0,0.0,0.0,0.0,1.0,0.0,0.0,5.0,0.0,0.0,0.0,0.0,1.0,44.75,0.0,40.87,0.0,0.0,1.0,1.0,0.0,0.0,1.0,0.0,1.0,0.0,0.0,0.0,1.0,0.0,0.0,0.0,0.0,1.0,0.0,0
30.0,85.0,48.16,4858.0,0.0,0.0,1.0,0.0,66.85,0.0,0.0,0.0,0.0,0.0,1.0,0.0,1.0,0.0,0.0,4.0,0.0,1.0,1.0,1.0,7.0,458.1,0.0,337.12,0.0,0.0,1.0,1.0,0.0,0.0,1.0,0.0,0.0,1.0,0.0,0.0,1.0,0.0,0.0,0.0,1.0,0.0,0.0,0
27.0,0.0,9.19,5728.0,0.0,0.0,0.0,0.0,20.05,0.0,0.0,0.0,0.0,0.0,1.0,0.0,1.0,0.0,0.0,5.0,0.0,0.0,0.0,0.0,14.0,299.3,0.0,128.66,0.0,1.0,0.0,1.0,0.0,0.0,0.0,1.0,0.0,0.0,1.0,0.0,1.0,0.0,0.0,0.0,1.0,0.0,0.0,0
23.0,0.0,27.96,4390.0,0.0,0.0,0.0,1.0,20.35,0.0,0.0,1.0,0.0,0.0,0.0,1.0,1.0,0.0,1.0,3.0,0.0,0.0,0.0,0.0,20.0,393.15,0.0,559.2,0.0,1.0,0.0,0.0,1.0,0.0,1.0,0.0,0.0,0.0,1.0,0.0,1.0,0.0,0.0,0.0,0.0,1.0,0.0,0
40.0,0.0,42.52,5597.0,0.0,0.0,0.0,0.0,20.65,0.0,0.0,0.0,0.0,0.0,0.0,0.0,1.0,0.0,0.0,4.0,0.0,0.0,0.0,0.0,5.0,93.55,0.0,212.6,0.0,0.0,0.0,1.0,0.0,0.0,0.0,1.0,0.0,0.0,1.0,0.0,0.0,0.0,0.0,1.0,1.0,0.0,0.0,0
50.0,0.0,15.04,5409.0,1.0,0.0,0.0,1.0,25.0,1.0,2.0,1.0,0.0,0.0,0.0,1.0,1.0,0.0,1.0,4.0,0.0,0.0,0.0,0.0,11.0,300.7,0.0,165.44,0.0,0.0,0.0,0.0,0.0,1.0,1.0,0.0,0.0,0.0,1.0,0.0,1.0,0.0,0.0,0.0,0.0,1.0,0.0,0
46.0,0.0,33.86,4277.0,0.0,0.0,0.0,0.0,18.9,0.0,0.0,0.0,0.0,0.0,1.0,0.0,1.0,0.0,0.0,5.0,0.0,0.0,0.0,0.0,20.0,347.65,0.0,677.2,0.0,0.0,0.0,1.0,0.0,0.0,1.0,0.0,0.0,0.0,1.0,0.0,0.0,0.0,1.0,0.0,0.0,1.0,0.0,0
65.0,11.0,34.23,4143.0,0.0,0.0,1.0,0.0,105.05,0.0,0.0,0.0,1.0,1.0,1.0,0.0,1.0,1.0,0.0,4.0,1.0,1.0,1.0,1.0,67.0,7171.7,0.0,2293.41,0.0,0.0,1.0,0.0,0.0,1.0,0.0,1.0,0.0,0.0,1.0,0.0,1.0,0.0,0.0,0.0,1.0,0.0,0.0,0
59.0,0.0,41.28,4099.0,0.0,0.0,0.0,0.0,19.75,0.0,0.0,0.0,0.0,0.0,0.0,0.0,1.0,0.0,0.0,5.0,0.0,0.0,0.0,0.0,1.0,19.75,0.0,41.28,0.0,0.0,0.0,1.0,0.0,0.0,1.0,0.0,0.0,0.0,1.0,0.0,1.0,0.0,0.0,0.0,0.0,1.0,0.0,0
33.0,19.0,30.87,5456.0,1.0,0.0,1.0,1.0,44.5,0.0,1.0,2.0,0.0,0.0,1.0,1.0,1.0,0.0,1.0,5.0,0.0,0.0,0.0,0.0,2.0,90.05,0.0,61.74,0.0,0.0,1.0,1.0,0.0,0.0,0.0,1.0,0.0,1.0,0.0,0.0,1.0,0.0,0.0,0.0,1.0,0.0,0.0,0
52.0,22.0,0.0,3030.0,0.0,0.0,1.0,0.0,30.5,0.0,0.0,0.0,0.0,0.0,0.0,0.0,0.0,1.0,0.0,4.0,0.0,0.0,0.0,0.0,4.0,118.4,0.0,0.0,0.0,0.0,1.0,1.0,0.0,0.0,0.0,1.0,1.0,0.0,0.0,0.0,1.0,0.0,0.0,0.0,1.0,0.0,0.0,0
53.0,4.0,34.41,5189.0,0.0,0.0,1.0,0.0,64.4,1.0,0.0,0.0,1.0,1.0,1.0,0.0,1.0,1.0,0.0,2.0,0.0,0.0,0.0,0.0,34.0,2088.75,0.0,1169.94,0.0,0.0,1.0,0.0,1.0,0.0,1.0,0.0,0.0,1.0,0.0,0.0,0.0,1.0,0.0,0.0,0.0,0.0,1.0,1
25.0,0.0,37.85,4166.0,0.0,0.0,0.0,1.0,20.8,0.0,0.0,1.0,0.0,0.0,0.0,1.0,1.0,0.0,1.0,3.0,0.0,0.0,0.0,0.0,53.0,1021.8,0.0,2006.05,0.0,1.0,0.0,0.0,1.0,0.0,1.0,0.0,0.0,0.0,1.0,0.0,1.0,0.0,0.0,0.0,1.0,0.0,0.0,1
59.0,3.0,36.24,2195.0,0.0,0.0,1.0,0.0,100.25,1.0,0.0,0.0,1.0,0.0,1.0,0.0,1.0,0.0,0.0,1.0,0.0,1.0,1.0,1.0,25.0,2387.75,0.0,906.0,0.0,0.0,1.0,1.0,0.0,0.0,1.0,0.0,0.0,0.0,1.0,0.0,1.0,0.0,0.0,0.0,1.0,0.0,0.0,1
26.0,30.0,5.6,4205.0,1.0,0.0,1.0,0.0,63.95,0.0,1.0,0.0,1.0,1.0,1.0,0.0,1.0,0.0,0.0,3.0,0.0,1.0,1.0,0.0,43.0,2737.05,0.0,240.8,0.0,1.0,1.0,1.0,0.0,0.0,1.0,0.0,1.0,0.0,0.0,0.0,1.0,0.0,0.0,0.0,1.0,0.0,0.0,0
64.0,13.0,42.29,3118.0,0.0,0.0,1.0,0.0,79.95,0.0,0.0,0.0,1.0,0.0,1.0,0.0,1.0,1.0,0.0,3.0,0.0,0.0,0.0,0.0,33.0,2684.85,0.0,1395.57,0.0,0.0,1.0,0.0,1.0,0.0,1.0,0.0,0.0,0.0,1.0,0.0,0.0,1.0,0.0,0.0,1.0,0.0,0.0,0
49.0,30.0,37.51,5379.0,0.0,0.0,1.0,0.0,69.05,0.0,0.0,0.0,0.0,0.0,1.0,0.0,1.0,0.0,0.0,3.0,0.0,0.0,0.0,0.0,26.0,1815.65,0.0,975.26,0.0,0.0,1.0,1.0,0.0,0.0,1.0,0.0,0.0,0.0,1.0,0.0,1.0,0.0,0.0,0.0,0.0,1.0,0.0,0
42.0,12.0,20.01,6090.0,1.0,1.0,1.0,1.0,115.1,1.0,1.0,3.0,1.0,1.0,0.0,1.0,1.0,1.0,1.0,3.0,0.0,1.0,1.0,1.0,61.0,7008.15,0.0,1220.61,0.0,0.0,1.0,0.0,0.0,1.0,1.0,0.0,0.0,0.0,1.0,0.0,1.0,0.0,0.0,0.0,0.0,1.0,0.0,0
52.0,6.0,34.73,4041.0,0.0,0.0,1.0,0.0,89.15,1.0,0.0,0.0,1.0,0.0,1.0,0.0,1.0,0.0,0.0,5.0,0.0,1.0,1.0,0.0,12.0,1057.55,70.0,416.76,0.0,0.0,0.0,1.0,0.0,0.0,1.0,0.0,0.0,0.0,1.0,0.0,0.0,0.0,1.0,0.0,1.0,0.0,0.0,0
62.0,25.0,46.79,5159.0,0.0,0.0,1.0,0.0,74.9,1.0,0.0,0.0,0.0,0.0,1.0,0.0,1.0,0.0,0.0,1.0,0.0,0.0,0.0,0.0,7.0,541.15,0.0,327.53,0.0,0.0,1.0,1.0,0.0,0.0,1.0,0.0,0.0,0.0,1.0,0.0,0.0,0.0,0.0,1.0,1.0,0.0,0.0,1
75.0,4.0,2.88,3369.0,0.0,1.0,1.0,1.0,94.25,1.0,0.0,1.0,1.0,0.0,1.0,1.0,1.0,0.0,1.0,1.0,1.0,1.0,0.0,0.0,34.0,3217.55,0.0,97.92,0.0,0.0,1.0,1.0,0.0,0.0,1.0,0.0,0.0,0.0,1.0,0.0,1.0,0.0,0.0,0.0,1.0,0.0,0.0,1
36.0,0.0,20.18,5606.0,0.0,0.0,0.0,0.0,19.15,0.0,0.0,0.0,0.0,0.0,0.0,0.0,1.0,0.0,0.0,5.0,0.0,0.0,0.0,0.0,27.0,501.35,0.0,544.86,0.0,0.0,0.0,0.0,1.0,0.0,1.0,0.0,0.0,0.0,1.0,0.0,1.0,0.0,0.0,0.0,0.0,1.0,0.0,0
42.0,0.0,20.11,3107.0,0.0,0.0,0.0,0.0,19.5,0.0,0.0,0.0,0.0,0.0,0.0,0.0,1.0,0.0,0.0,5.0,0.0,0.0,0.0,0.0,1.0,19.5,0.0,20.11,0.0,0.0,0.0,1.0,0.0,0.0,1.0,0.0,0.0,0.0,1.0,0.0,0.0,0.0,0.0,1.0,0.0,1.0,0.0,0
36.0,0.0,18.43,3594.0,1.0,0.0,0.0,0.0,20.2,0.0,3.0,0.0,0.0,0.0,0.0,0.0,1.0,0.0,0.0,3.0,0.0,0.0,0.0,0.0,3.0,50.6,0.0,55.29,0.0,0.0,0.0,1.0,0.0,0.0,0.0,1.0,0.0,0.0,1.0,0.0,1.0,0.0,0.0,0.0,1.0,0.0,0.0,0
49.0,28.0,48.45,5276.0,0.0,0.0,1.0,1.0,70.7,1.0,0.0,3.0,1.0,0.0,1.0,1.0,1.0,1.0,1.0,3.0,0.0,0.0,0.0,1.0,54.0,3770.0,0.0,2616.3,0.0,0.0,1.0,0.0,1.0,0.0,0.0,1.0,0.0,1.0,0.0,0.0,1.0,0.0,0.0,0.0,1.0,0.0,0.0,0
49.0,23.0,26.58,5251.0,0.0,0.0,1.0,1.0,80.15,0.0,0.0,0.0,0.0,1.0,1.0,1.0,1.0,1.0,0.0,3.0,0.0,0.0,0.0,0.0,2.0,194.55,0.0,53.16,0.0,0.0,1.0,1.0,0.0,0.0,1.0,0.0,0.0,0.0,1.0,0.0,0.0,0.0,0.0,1.0,1.0,0.0,0.0,0
34.0,10.0,30.77,5076.0,0.0,0.0,1.0,0.0,90.45,1.0,0.0,0.0,0.0,0.0,1.0,0.0,1.0,1.0,0.0,5.0,0.0,0.0,0.0,1.0,57.0,5229.8,70.0,1753.89,0.0,0.0,0.0,0.0,0.0,1.0,0.0,1.0,0.0,0.0,1.0,0.0,1.0,0.0,0.0,0.0,0.0,1.0,0.0,0
26.0,0.0,7.03,5472.0,1.0,0.0,0.0,1.0,25.75,1.0,3.0,7.0,0.0,0.0,0.0,1.0,1.0,0.0,1.0,4.0,0.0,0.0,0.0,0.0,31.0,755.6,0.0,217.93,0.0,1.0,0.0,0.0,0.0,1.0,0.0,1.0,0.0,0.0,1.0,0.0,1.0,0.0,0.0,0.0,0.0,1.0,0.0,0
70.0,22.0,0.0,4277.0,0.0,0.0,1.0,1.0,49.45,0.0,0.0,3.0,1.0,0.0,1.0,1.0,0.0,0.0,1.0,3.0,1.0,1.0,0.0,1.0,60.0,2907.55,40.0,0.0,0.0,0.0,0.0,0.0,0.0,1.0,1.0,0.0,0.0,1.0,0.0,0.0,1.0,0.0,0.0,0.0,0.0,1.0,0.0,0
38.0,20.0,27.89,2699.0,0.0,0.0,1.0,0.0,70.05,0.0,0.0,0.0,0.0,0.0,1.0,0.0,1.0,0.0,0.0,2.0,0.0,0.0,0.0,0.0,1.0,70.05,0.0,27.89,0.0,0.0,1.0,1.0,0.0,0.0,0.0,1.0,0.0,0.0,1.0,0.0,1.0,0.0,0.0,0.0,1.0,0.0,0.0,1
69.0,30.0,19.92,3415.0,0.0,1.0,1.0,0.0,69.1,1.0,0.0,0.0,0.0,0.0,1.0,0.0,1.0,1.0,0.0,3.0,1.0,0.0,0.0,1.0,30.0,2093.9,0.0,597.6,21.08,0.0,1.0,0.0,0.0,1.0,0.0,1.0,0.0,1.0,0.0,0.0,1.0,0.0,0.0,0.0,0.0,1.0,0.0,0
70.0,18.0,22.74,5061.0,0.0,1.0,1.0,1.0,104.85,1.0,0.0,8.0,0.0,1.0,1.0,1.0,1.0,0.0,1.0,3.0,1.0,1.0,1.0,1.0,62.0,6312.9,0.0,1409.88,0.0,0.0,1.0,0.0,1.0,0.0,1.0,0.0,0.0,0.0,1.0,0.0,1.0,0.0,0.0,0.0,1.0,0.0,0.0,0
47.0,21.0,0.0,3518.0,1.0,0.0,1.0,0.0,24.7,0.0,3.0,0.0,0.0,0.0,1.0,0.0,0.0,0.0,0.0,4.0,0.0,0.0,0.0,0.0,1.0,24.7,0.0,0.0,0.0,0.0,0.0,1.0,0.0,0.0,0.0,1.0,1.0,0.0,0.0,0.0,1.0,0.0,0.0,0.0,1.0,0.0,0.0,0
48.0,4.0,19.22,4968.0,0.0,1.0,1.0,1.0,102.5,1.0,0.0,8.0,1.0,0.0,0.0,1.0,1.0,0.0,1.0,5.0,0.0,1.0,1.0,1.0,60.0,6157.6,0.0,1153.2,0.0,0.0,1.0,0.0,1.0,0.0,0.0,1.0,0.0,0.0,1.0,0.0,1.0,0.0,0.0,0.0,1.0,0.0,0.0,0
55.0,27.0,29.03,6012.0,0.0,1.0,1.0,0.0,84.3,1.0,0.0,0.0,0.0,1.0,0.0,0.0,1.0,1.0,0.0,4.0,0.0,1.0,1.0,1.0,72.0,5997.1,0.0,2090.16,0.0,0.0,1.0,0.0,0.0,1.0,0.0,1.0,0.0,1.0,0.0,1.0,0.0,0.0,0.0,0.0,0.0,1.0,0.0,0
76.0,15.0,44.88,5651.0,0.0,1.0,1.0,0.0,90.85,1.0,0.0,0.0,0.0,0.0,1.0,0.0,1.0,0.0,0.0,2.0,1.0,1.0,0.0,0.0,49.0,4515.85,0.0,2199.12,0.0,0.0,1.0,1.0,0.0,0.0,1.0,0.0,0.0,0.0,1.0,0.0,1.0,0.0,0.0,0.0,0.0,1.0,0.0,1
32.0,18.0,49.26,4736.0,1.0,1.0,1.0,1.0,99.65,1.0,1.0,10.0,0.0,1.0,0.0,1.0,1.0,1.0,1.0,3.0,0.0,1.0,1.0,0.0,46.0,4630.2,0.0,2265.96,9.35,0.0,1.0,0.0,0.0,1.0,1.0,0.0,0.0,0.0,1.0,0.0,1.0,0.0,0.0,0.0,0.0,1.0,0.0,0
63.0,29.0,14.46,5730.0,1.0,1.0,1.0,1.0,108.65,0.0,1.0,1.0,1.0,1.0,1.0,1.0,1.0,1.0,1.0,4.0,0.0,1.0,1.0,1.0,72.0,7726.35,0.0,1041.12,0.0,0.0,1.0,0.0,0.0,1.0,1.0,0.0,0.0,0.0,1.0,0.0,1.0,0.0,0.0,0.0,1.0,0.0,0.0,0
62.0,19.0,0.0,4574.0,0.0,1.0,1.0,0.0,56.75,0.0,0.0,0.0,0.0,0.0,0.0,0.0,0.0,1.0,0.0,4.0,0.0,1.0,1.0,1.0,22.0,1304.85,0.0,0.0,0.0,0.0,1.0,0.0,0.0,1.0,0.0,1.0,0.0,1.0,0.0,0.0,1.0,0.0,0.0,0.0,1.0,0.0,0.0,0
57.0,11.0,31.13,4261.0,0.0,1.0,1.0,1.0,109.25,1.0,0.0,1.0,1.0,0.0,1.0,1.0,1.0,1.0,1.0,1.0,0.0,1.0,1.0,1.0,72.0,8109.8,0.0,2241.36,0.0,0.0,1.0,0.0,1.0,0.0,1.0,0.0,0.0,0.0,1.0,0.0,1.0,0.0,0.0,0.0,1.0,0.0,0.0,1
37.0,18.0,11.96,5953.0,0.0,0.0,1.0,0.0,89.05,1.0,0.0,0.0,0.0,0.0,1.0,0.0,1.0,1.0,0.0,3.0,0.0,1.0,1.0,0.0,16.0,1448.6,0.0,191.36,0.0,0.0,1.0,1.0,0.0,0.0,0.0,1.0,0.0,0.0,1.0,0.0,1.0,0.0,0.0,0.0,0.0,1.0,0.0,1
69.0,12.0,47.02,5309.0,0.0,1.0,1.0,1.0,96.35,1.0,0.0,3.0,1.0,1.0,1.0,1.0,1.0,1.0,1.0,4.0,1.0,0.0,0.0,0.0,71.0,6766.95,0.0,3338.42,0.0,0.0,1.0,0.0,0.0,1.0,1.0,0.0,0.0,0.0,1.0,0.0,1.0,0.0,0.0,0.0,0.0,1.0,0.0,0
38.0,9.0,41.83,5763.0,0.0,0.0,1.0,0.0,100.1,1.0,0.0,0.0,0.0,0.0,1.0,0.0,1.0,1.0,0.0,1.0,0.0,1.0,1.0,1.0,54.0,5440.9,0.0,2258.82,0.0,0.0,1.0,1.0,0.0,0.0,1.0,0.0,0.0,0.0,1.0,0.0,1.0,0.0,0.0,0.0,1.0,0.0,0.0,1
49.0,12.0,46.45,2683.0,1.0,1.0,1.0,1.0,112.95,1.0,1.0,8.0,0.0,1.0,1.0,1.0,1.0,1.0,1.0,3.0,0.0,1.0,1.0,1.0,16.0,1882.55,0.0,743.2,0.0,0.0,1.0,1.0,0.0,0.0,1.0,0.0,0.0,0.0,1.0,0.0,0.0,0.0,1.0,0.0,1.0,0.0,0.0,0
74.0,4.0,39.36,5362.0,0.0,0.0,1.0,0.0,99.95,1.0,0.0,0.0,1.0,0.0,1.0,0.0,1.0,0.0,0.0,3.0,1.0,1.0,0.0,1.0,31.0,3186.65,0.0,1220.16,0.0,0.0,1.0,1.0,0.0,0.0,1.0,0.0,0.0,0.0,1.0,0.0,1.0,0.0,0.0,0.0,1.0,0.0,0.0,1
27.0,51.0,13.11,3410.0,0.0,0.0,1.0,1.0,79.2,1.0,0.0,1.0,0.0,1.0,1.0,1.0,1.0,1.0,1.0,1.0,0.0,1.0,1.0,1.0,22.0,1742.75,0.0,288.42,0.0,1.0,1.0,1.0,0.0,0.0,1.0,0.0,0.0,1.0,0.0,0.0,1.0,0.0,0.0,0.0,1.0,0.0,0.0,1
51.0,18.0,48.02,3363.0,0.0,0.0,1.0,1.0,95.2,0.0,0.0,3.0,0.0,0.0,1.0,1.0,1.0,1.0,1.0,5.0,0.0,1.0,1.0,1.0,45.0,4285.8,50.0,2160.9,43.95,0.0,0.0,0.0,0.0,1.0,1.0,0.0,0.0,0.0,1.0,0.0,1.0,0.0,0.0,0.0,0.0,1.0,0.0,0
73.0,13.0,0.0,4002.0,0.0,1.0,1.0,0.0,30.4,0.0,0.0,0.0,0.0,0.0,1.0,0.0,0.0,0.0,0.0,1.0,1.0,0.0,0.0,0.0,2.0,78.65,0.0,0.0,0.0,0.0,1.0,1.0,0.0,0.0,1.0,0.0,0.0,1.0,0.0,0.0,1.0,0.0,0.0,0.0,1.0,0.0,0.0,1
74.0,25.0,31.17,5172.0,0.0,0.0,1.0,0.0,85.25,1.0,0.0,0.0,0.0,0.0,1.0,0.0,1.0,0.0,0.0,1.0,1.0,1.0,1.0,0.0,27.0,2287.25,0.0,841.59,0.0,0.0,1.0,1.0,0.0,0.0,1.0,0.0,0.0,0.0,1.0,0.0,1.0,0.0,0.0,0.0,1.0,0.0,0.0,1
64.0,26.0,0.0,4800.0,0.0,0.0,1.0,1.0,40.65,0.0,0.0,2.0,0.0,0.0,0.0,1.0,0.0,1.0,1.0,1.0,0.0,0.0,0.0,1.0,9.0,328.95,0.0,0.0,0.0,0.0,1.0,1.0,0.0,0.0,0.0,1.0,0.0,1.0,0.0,0.0,0.0,0.0,0.0,1.0,0.0,0.0,1.0,1
59.0,53.0,27.49,3853.0,1.0,1.0,1.0,1.0,92.55,1.0,3.0,3.0,0.0,0.0,1.0,1.0,1.0,0.0,1.0,3.0,0.0,1.0,1.0,0.0,43.0,4039.0,0.0,1182.07,0.0,0.0,1.0,1.0,0.0,0.0,1.0,0.0,0.0,0.0,1.0,0.0,1.0,0.0,0.0,0.0,1.0,0.0,0.0,0
51.0,21.0,1.69,4400.0,0.0,0.0,1.0,0.0,80.05,0.0,0.0,0.0,1.0,0.0,1.0,0.0,1.0,1.0,0.0,5.0,0.0,0.0,0.0,0.0,14.0,1112.3,0.0,23.66,0.0,0.0,1.0,1.0,0.0,0.0,1.0,0.0,0.0,0.0,1.0,0.0,0.0,0.0,1.0,0.0,0.0,1.0,0.0,0
24.0,0.0,26.12,3820.0,0.0,0.0,0.0,0.0,20.5,0.0,0.0,0.0,0.0,0.0,0.0,0.0,1.0,0.0,0.0,2.0,0.0,0.0,0.0,0.0,1.0,20.5,0.0,26.12,0.0,1.0,0.0,1.0,0.0,0.0,1.0,0.0,0.0,0.0,1.0,0.0,0.0,0.0,0.0,1.0,0.0,1.0,0.0,1
67.0,25.0,17.62,2491.0,0.0,0.0,1.0,0.0,75.4,0.0,0.0,0.0,0.0,1.0,1.0,0.0,1.0,0.0,0.0,4.0,1.0,0.0,0.0,0.0,23.0,1643.55,80.0,405.26,0.0,0.0,0.0,0.0,1.0,0.0,1.0,0.0,0.0,0.0,1.0,0.0,1.0,0.0,0.0,0.0,1.0,0.0,0.0,0
32.0,75.0,13.86,3718.0,1.0,1.0,1.0,1.0,74.55,1.0,3.0,5.0,0.0,0.0,1.0,1.0,1.0,0.0,1.0,5.0,0.0,1.0,1.0,1.0,40.0,3015.75,0.0,554.4,0.0,0.0,1.0,1.0,0.0,0.0,0.0,1.0,0.0,1.0,0.0,0.0,1.0,0.0,0.0,0.0,1.0,0.0,0.0,0
68.0,21.0,45.81,4880.0,0.0,0.0,1.0,0.0,85.7,1.0,0.0,0.0,0.0,0.0,1.0,0.0,1.0,0.0,0.0,1.0,1.0,0.0,0.0,1.0,1.0,85.7,0.0,45.81,0.0,0.0,1.0,1.0,0.0,0.0,1.0,0.0,0.0,0.0,1.0,0.0,1.0,0.0,0.0,0.0,1.0,0.0,0.0,1
21.0,0.0,29.33,4851.0,0.0,0.0,0.0,0.0,19.75,0.0,0.0,0.0,0.0,0.0,0.0,0.0,1.0,0.0,0.0,3.0,0.0,0.0,0.0,0.0,1.0,19.75,0.0,29.33,0.0,1.0,0.0,1.0,0.0,0.0,0.0,1.0,0.0,0.0,1.0,0.0,1.0,0.0,0.0,0.0,0.0,1.0,0.0,1
31.0,21.0,29.4,4640.0,0.0,1.0,1.0,1.0,106.8,1.0,0.0,3.0,1.0,0.0,1.0,1.0,1.0,0.0,1.0,3.0,0.0,1.0,1.0,1.0,51.0,5498.8,140.0,1499.4,0.0,0.0,0.0,0.0,1.0,0.0,0.0,1.0,0.0,0.0,1.0,0.0,1.0,0.0,0.0,0.0,1.0,0.0,0.0,0
59.0,0.0,25.54,4329.0,0.0,0.0,0.0,1.0,20.1,0.0,0.0,4.0,0.0,0.0,0.0,1.0,1.0,0.0,1.0,4.0,0.0,0.0,0.0,0.0,18.0,370.5,0.0,459.72,0.0,0.0,0.0,0.0,0.0,1.0,1.0,0.0,0.0,0.0,1.0,0.0,1.0,0.0,0.0,0.0,0.0,1.0,0.0,0
56.0,27.0,45.46,6148.0,0.0,0.0,1.0,0.0,98.7,1.0,0.0,0.0,1.0,0.0,0.0,0.0,1.0,0.0,0.0,3.0,0.0,1.0,1.0,1.0,49.0,4920.55,0.0,2227.54,0.0,0.0,1.0,1.0,0.0,0.0,0.0,1.0,0.0,0.0,1.0,0.0,1.0,0.0,0.0,0.0,1.0,0.0,0.0,0
19.0,0.0,5.7,4974.0,1.0,0.0,0.0,1.0,21.0,0.0,1.0,3.0,0.0,0.0,0.0,1.0,1.0,0.0,1.0,5.0,0.0,0.0,0.0,0.0,72.0,1493.75,0.0,410.4,0.0,1.0,0.0,0.0,0.0,1.0,0.0,1.0,0.0,0.0,1.0,1.0,0.0,0.0,0.0,0.0,1.0,0.0,0.0,0
73.0,25.0,0.0,6280.0,0.0,1.0,1.0,0.0,54.45,0.0,0.0,0.0,1.0,0.0,1.0,0.0,0.0,0.0,0.0,2.0,1.0,1.0,0.0,1.0,53.0,2854.55,0.0,0.0,20.16,0.0,1.0,1.0,0.0,0.0,0.0,1.0,0.0,1.0,0.0,0.0,1.0,0.0,0.0,0.0,1.0,0.0,0.0,1
31.0,11.0,26.71,3038.0,0.0,0.0,1.0,1.0,70.3,0.0,0.0,1.0,0.0,0.0,1.0,1.0,1.0,0.0,1.0,1.0,0.0,0.0,0.0,0.0,3.0,208.85,0.0,80.13,0.0,0.0,1.0,1.0,0.0,0.0,0.0,1.0,0.0,0.0,1.0,0.0,1.0,0.0,0.0,0.0,1.0,0.0,0.0,1
65.0,20.0,2.37,2403.0,0.0,1.0,1.0,0.0,110.0,1.0,0.0,0.0,1.0,1.0,1.0,0.0,1.0,0.0,0.0,1.0,1.0,1.0,1.0,1.0,46.0,4874.8,0.0,109.02,0.0,0.0,1.0,0.0,1.0,0.0,1.0,0.0,0.0,0.0,1.0,0.0,1.0,0.0,0.0,0.0,1.0,0.0,0.0,1
61.0,6.0,0.0,5656.0,0.0,0.0,1.0,1.0,51.25,0.0,0.0,2.0,1.0,1.0,1.0,1.0,0.0,1.0,1.0,3.0,0.0,0.0,0.0,1.0,43.0,2151.6,0.0,0.0,0.0,0.0,1.0,0.0,1.0,0.0,1.0,0.0,1.0,0.0,0.0,0.0,1.0,0.0,0.0,0.0,1.0,0.0,0.0,0
44.0,24.0,44.14,5962.0,1.0,1.0,1.0,0.0,59.8,0.0,1.0,0.0,0.0,0.0,1.0,0.0,1.0,0.0,0.0,4.0,0.0,0.0,0.0,1.0,14.0,824.85,0.0,617.96,0.0,0.0,1.0,1.0,0.0,0.0,1.0,0.0,0.0,1.0,0.0,0.0,0.0,0.0,1.0,0.0,0.0,1.0,0.0,0
52.0,27.0,27.59,5184.0,1.0,0.0,1.0,1.0,82.85,0.0,1.0,1.0,1.0,1.0,0.0,1.0,1.0,1.0,1.0,4.0,0.0,1.0,1.0,1.0,68.0,5776.45,0.0,1876.12,0.0,0.0,1.0,0.0,0.0,1.0,0.0,1.0,0.0,1.0,0.0,0.0,1.0,0.0,0.0,0.0,1.0,0.0,0.0,0
41.0,0.0,8.25,4848.0,0.0,0.0,0.0,1.0,19.6,0.0,0.0,0.0,0.0,0.0,0.0,1.0,1.0,0.0,0.0,3.0,0.0,0.0,0.0,0.0,52.0,1012.4,0.0,429.0,46.07,0.0,0.0,0.0,1.0,0.0,1.0,0.0,0.0,0.0,1.0,0.0,1.0,0.0,0.0,0.0,0.0,1.0,0.0,0
27.0,0.0,16.74,2333.0,1.0,0.0,0.0,1.0,18.8,0.0,1.0,6.0,0.0,0.0,0.0,1.0,1.0,0.0,1.0,5.0,0.0,0.0,0.0,0.0,13.0,251.25,0.0,217.62,0.0,1.0,0.0,1.0,0.0,0.0,1.0,0.0,0.0,0.0,1.0,0.0,0.0,0.0,1.0,0.0,0.0,1.0,0.0,0
69.0,7.0,15.16,3392.0,0.0,1.0,1.0,1.0,98.75,1.0,0.0,1.0,0.0,0.0,1.0,1.0,1.0,0.0,1.0,2.0,1.0,1.0,0.0,1.0,16.0,1587.55,0.0,242.56,0.0,0.0,1.0,1.0,0.0,0.0,0.0,1.0,0.0,0.0,1.0,0.0,1.0,0.0,0.0,0.0,1.0,0.0,0.0,1
67.0,14.0,38.79,5137.0,0.0,0.0,1.0,0.0,80.55,1.0,0.0,0.0,1.0,0.0,1.0,0.0,1.0,0.0,0.0,5.0,1.0,0.0,0.0,0.0,18.0,1411.65,0.0,698.22,0.0,0.0,1.0,1.0,0.0,0.0,0.0,1.0,0.0,0.0,1.0,0.0,1.0,0.0,0.0,0.0,0.0,1.0,0.0,0
33.0,20.0,43.14,6183.0,0.0,1.0,1.0,0.0,103.1,1.0,0.0,0.0,1.0,1.0,1.0,0.0,1.0,1.0,0.0,3.0,0.0,1.0,1.0,0.0,66.0,6595.0,0.0,2847.24,0.0,0.0,1.0,1.0,0.0,0.0,1.0,0.0,0.0,0.0,1.0,1.0,0.0,0.0,0.0,0.0,1.0,0.0,0.0,0
47.0,3.0,17.07,4592.0,0.0,0.0,1.0,0.0,61.15,1.0,0.0,0.0,1.0,1.0,0.0,0.0,1.0,0.0,0.0,4.0,0.0,0.0,0.0,0.0,1.0,61.15,0.0,17.07,0.0,0.0,1.0,1.0,0.0,0.0,0.0,1.0,0.0,1.0,0.0,0.0,0.0,0.0,0.0,1.0,1.0,0.0,0.0,0
55.0,2.0,12.78,4206.0,0.0,0.0,1.0,0.0,89.5,0.0,0.0,0.0,0.0,0.0,1.0,0.0,1.0,0.0,0.0,3.0,0.0,1.0,1.0,1.0,10.0,863.1,0.0,127.8,0.0,0.0,1.0,1.0,0.0,0.0,0.0,1.0,0.0,0.0,1.0,0.0,0.0,0.0,1.0,0.0,1.0,0.0,0.0,1
34.0,18.0,34.02,5540.0,0.0,1.0,1.0,1.0,80.0,1.0,0.0,9.0,1.0,1.0,0.0,1.0,1.0,1.0,1.0,3.0,0.0,1.0,1.0,0.0,63.0,5040.2,0.0,2143.26,0.0,0.0,1.0,0.0,1.0,0.0,0.0,1.0,0.0,1.0,0.0,0.0,1.0,0.0,0.0,0.0,0.0,1.0,0.0,0
21.0,0.0,5.1,5750.0,0.0,0.0,0.0,0.0,19.55,0.0,0.0,0.0,0.0,0.0,0.0,0.0,1.0,0.0,0.0,3.0,0.0,0.0,0.0,0.0,1.0,19.55,0.0,5.1,0.0,1.0,0.0,1.0,0.0,0.0,1.0,0.0,0.0,0.0,1.0,0.0,1.0,0.0,0.0,0.0,0.0,1.0,0.0,0
39.0,6.0,14.07,2187.0,0.0,0.0,1.0,0.0,85.7,1.0,0.0,0.0,0.0,0.0,1.0,0.0,1.0,0.0,0.0,2.0,0.0,1.0,1.0,0.0,2.0,169.8,0.0,28.14,0.0,0.0,1.0,1.0,0.0,0.0,1.0,0.0,0.0,0.0,1.0,0.0,1.0,0.0,0.0,0.0,1.0,0.0,0.0,1
58.0,0.0,38.84,2732.0,0.0,0.0,0.0,0.0,19.95,0.0,0.0,0.0,0.0,0.0,0.0,0.0,1.0,0.0,0.0,5.0,0.0,0.0,0.0,0.0,1.0,19.95,0.0,38.84,0.0,0.0,0.0,1.0,0.0,0.0,1.0,0.0,0.0,0.0,1.0,0.0,1.0,0.0,0.0,0.0,0.0,1.0,0.0,0
33.0,23.0,0.0,4571.0,0.0,0.0,1.0,0.0,36.25,0.0,0.0,0.0,1.0,0.0,0.0,0.0,0.0,1.0,0.0,3.0,0.0,0.0,0.0,0.0,10.0,374.0,0.0,0.0,0.0,0.0,1.0,1.0,0.0,0.0,1.0,0.0,0.0,1.0,0.0,0.0,1.0,0.0,0.0,0.0,1.0,0.0,0.0,0
37.0,52.0,8.39,5661.0,1.0,1.0,1.0,1.0,85.1,1.0,3.0,1.0,0.0,1.0,1.0,1.0,1.0,1.0,1.0,3.0,0.0,1.0,1.0,1.0,55.0,4657.95,0.0,461.45,0.0,0.0,1.0,0.0,0.0,1.0,1.0,0.0,0.0,1.0,0.0,0.0,1.0,0.0,0.0,0.0,1.0,0.0,0.0,0
37.0,9.0,11.35,5687.0,0.0,0.0,1.0,0.0,48.55,0.0,0.0,0.0,0.0,1.0,1.0,0.0,1.0,0.0,0.0,1.0,0.0,0.0,0.0,0.0,1.0,48.55,0.0,11.35,0.0,0.0,1.0,1.0,0.0,0.0,0.0,1.0,0.0,1.0,0.0,0.0,1.0,0.0,0.0,0.0,0.0,1.0,0.0,1
36.0,13.0,31.79,5586.0,0.0,1.0,1.0,1.0,103.05,1.0,0.0,4.0,1.0,1.0,1.0,1.0,1.0,1.0,1.0,4.0,0.0,0.0,0.0,1.0,57.0,5925.75,0.0,1812.03,0.0,0.0,1.0,1.0,0.0,0.0,0.0,1.0,0.0,0.0,1.0,0.0,1.0,0.0,0.0,0.0,1.0,0.0,0.0,0
42.0,5.0,43.8,5617.0,0.0,0.0,1.0,0.0,93.55,1.0,0.0,0.0,0.0,0.0,1.0,0.0,1.0,0.0,0.0,2.0,0.0,1.0,1.0,1.0,6.0,536.4,0.0,262.8,0.0,0.0,1.0,1.0,0.0,0.0,1.0,0.0,0.0,0.0,1.0,0.0,0.0,0.0,0.0,1.0,1.0,0.0,0.0,1
22.0,0.0,42.02,2858.0,0.0,0.0,0.0,0.0,20.6,0.0,0.0,0.0,0.0,0.0,0.0,0.0,1.0,0.0,0.0,4.0,0.0,0.0,0.0,0.0,35.0,754.0,0.0,1470.7,0.0,1.0,0.0,0.0,1.0,0.0,0.0,1.0,0.0,0.0,1.0,0.0,0.0,1.0,0.0,0.0,1.0,0.0,0.0,0
68.0,20.0,31.25,3123.0,0.0,0.0,1.0,1.0,101.0,1.0,0.0,8.0,1.0,0.0,1.0,1.0,1.0,0.0,1.0,1.0,1.0,1.0,0.0,1.0,43.0,4388.4,150.0,1343.75,0.0,0.0,0.0,1.0,0.0,0.0,0.0,1.0,0.0,0.0,1.0,0.0,1.0,0.0,0.0,0.0,1.0,0.0,0.0,1
21.0,73.0,36.05,4842.0,0.0,1.0,1.0,0.0,106.45,1.0,0.0,0.0,0.0,1.0,1.0,0.0,1.0,0.0,0.0,3.0,0.0,1.0,1.0,1.0,61.0,6300.15,0.0,2199.05,0.0,1.0,1.0,1.0,0.0,0.0,0.0,1.0,0.0,0.0,1.0,0.0,1.0,0.0,0.0,0.0,1.0,0.0,0.0,0
26.0,85.0,21.45,4908.0,0.0,1.0,1.0,0.0,104.5,1.0,0.0,0.0,1.0,1.0,0.0,0.0,1.0,1.0,0.0,4.0,0.0,0.0,0.0,1.0,63.0,6590.8,0.0,1351.35,0.0,1.0,1.0,0.0,1.0,0.0,0.0,1.0,0.0,0.0,1.0,0.0,1.0,0.0,0.0,0.0,0.0,1.0,0.0,0
75.0,15.0,41.2,3273.0,0.0,0.0,1.0,0.0,69.5,0.0,0.0,0.0,0.0,0.0,1.0,0.0,1.0,0.0,0.0,2.0,1.0,0.0,0.0,0.0,1.0,69.5,80.0,41.2,0.0,0.0,0.0,1.0,0.0,0.0,0.0,1.0,0.0,0.0,1.0,0.0,1.0,0.0,0.0,0.0,1.0,0.0,0.0,1
73.0,13.0,34.36,4241.0,0.0,0.0,1.0,0.0,99.65,1.0,0.0,0.0,1.0,0.0,1.0,0.0,1.0,0.0,0.0,4.0,1.0,1.0,0.0,1.0,71.0,6951.15,0.0,2439.56,3.33,0.0,1.0,0.0,0.0,1.0,1.0,0.0,0.0,0.0,1.0,1.0,0.0,0.0,0.0,0.0,0.0,1.0,0.0,0
29.0,48.0,41.08,5334.0,1.0,1.0,1.0,0.0,80.55,1.0,3.0,0.0,0.0,0.0,1.0,0.0,1.0,0.0,0.0,5.0,0.0,0.0,0.0,0.0,18.0,1406.65,0.0,739.44,0.0,1.0,1.0,1.0,0.0,0.0,0.0,1.0,0.0,0.0,1.0,0.0,0.0,0.0,1.0,0.0,0.0,1.0,0.0,0
60.0,8.0,40.66,4519.0,0.0,0.0,1.0,0.0,55.7,1.0,0.0,0.0,0.0,1.0,1.0,0.0,1.0,0.0,0.0,2.0,0.0,0.0,0.0,0.0,15.0,899.8,0.0,609.9,0.0,0.0,1.0,1.0,0.0,0.0,1.0,0.0,0.0,1.0,0.0,0.0,0.0,0.0,1.0,0.0,0.0,0.0,1.0,1
20.0,0.0,27.64,3756.0,0.0,0.0,0.0,0.0,25.05,1.0,0.0,0.0,0.0,0.0,0.0,0.0,1.0,0.0,0.0,5.0,0.0,0.0,0.0,0.0,42.0,949.85,0.0,1160.88,0.0,1.0,0.0,0.0,1.0,0.0,0.0,1.0,0.0,0.0,1.0,0.0,1.0,0.0,0.0,0.0,1.0,0.0,0.0,0
21.0,59.0,30.67,2425.0,1.0,0.0,1.0,1.0,59.7,1.0,1.0,6.0,0.0,0.0,0.0,1.0,1.0,0.0,1.0,5.0,0.0,1.0,1.0,0.0,31.0,1825.5,0.0,950.77,0.0,1.0,1.0,1.0,0.0,0.0,0.0,1.0,0.0,1.0,0.0,0.0,1.0,0.0,0.0,0.0,1.0,0.0,0.0,0
31.0,8.0,0.0,4476.0,0.0,0.0,1.0,0.0,34.7,0.0,0.0,0.0,0.0,0.0,1.0,0.0,0.0,0.0,0.0,3.0,0.0,0.0,0.0,1.0,1.0,34.7,0.0,0.0,0.0,0.0,1.0,1.0,0.0,0.0,1.0,0.0,0.0,1.0,0.0,0.0,0.0,0.0,0.0,1.0,1.0,0.0,0.0,1
48.0,23.0,22.97,4931.0,0.0,1.0,1.0,0.0,85.45,0.0,0.0,0.0,0.0,0.0,1.0,0.0,1.0,0.0,0.0,2.0,0.0,0.0,0.0,1.0,1.0,85.45,0.0,22.97,0.0,0.0,1.0,1.0,0.0,0.0,1.0,0.0,0.0,0.0,1.0,0.0,0.0,0.0,0.0,1.0,1.0,0.0,0.0,1
27.0,58.0,0.0,2915.0,0.0,0.0,1.0,1.0,30.2,0.0,0.0,1.0,1.0,0.0,0.0,1.0,0.0,0.0,1.0,1.0,0.0,0.0,0.0,0.0,1.0,30.2,0.0,0.0,0.0,1.0,1.0,1.0,0.0,0.0,0.0,1.0,0.0,1.0,0.0,0.0,1.0,0.0,0.0,0.0,1.0,0.0,0.0,1
49.0,28.0,12.97,4170.0,1.0,0.0,1.0,1.0,88.9,0.0,1.0,4.0,0.0,0.0,0.0,1.0,1.0,0.0,1.0,5.0,0.0,1.0,1.0,1.0,56.0,4968.0,0.0,726.32,0.0,0.0,1.0,0.0,1.0,0.0,1.0,0.0,0.0,0.0,1.0,0.0,1.0,0.0,0.0,0.0,1.0,0.0,0.0,0
76.0,9.0,0.0,5295.0,0.0,1.0,1.0,1.0,64.45,0.0,0.0,9.0,1.0,1.0,1.0,1.0,0.0,1.0,1.0,5.0,1.0,1.0,1.0,1.0,72.0,4641.1,0.0,0.0,0.0,0.0,1.0,0.0,0.0,1.0,0.0,1.0,0.0,1.0,0.0,0.0,1.0,0.0,0.0,0.0,0.0,1.0,0.0,0
73.0,30.0,1.34,4988.0,0.0,1.0,1.0,1.0,93.05,1.0,0.0,10.0,1.0,1.0,1.0,1.0,1.0,1.0,1.0,3.0,1.0,0.0,0.0,0.0,72.0,6735.05,0.0,96.48,0.0,0.0,1.0,0.0,0.0,1.0,0.0,1.0,0.0,0.0,1.0,1.0,0.0,0.0,0.0,0.0,1.0,0.0,0.0,0
36.0,0.0,7.76,4590.0,0.0,0.0,0.0,0.0,19.9,0.0,0.0,0.0,0.0,0.0,1.0,0.0,1.0,0.0,0.0,3.0,0.0,0.0,0.0,0.0,1.0,19.9,0.0,7.76,0.0,0.0,0.0,1.0,0.0,0.0,0.0,1.0,0.0,0.0,1.0,0.0,1.0,0.0,0.0,0.0,0.0,1.0,0.0,0
53.0,25.0,17.07,4954.0,1.0,0.0,1.0,1.0,53.85,1.0,2.0,10.0,1.0,0.0,1.0,1.0,1.0,0.0,1.0,4.0,0.0,0.0,0.0,0.0,64.0,3399.85,0.0,1092.48,0.0,0.0,1.0,0.0,1.0,0.0,1.0,0.0,0.0,1.0,0.0,0.0,1.0,0.0,0.0,0.0,1.0,0.0,0.0,0
63.0,0.0,29.1,4840.0,1.0,0.0,0.0,0.0,19.85,0.0,2.0,0.0,0.0,0.0,0.0,0.0,1.0,0.0,0.0,3.0,0.0,0.0,0.0,0.0,1.0,19.85,0.0,29.1,0.0,0.0,0.0,1.0,0.0,0.0,0.0,1.0,0.0,0.0,1.0,0.0,1.0,0.0,0.0,0.0,0.0,1.0,0.0,0
59.0,21.0,13.32,4741.0,1.0,0.0,1.0,1.0,64.75,0.0,1.0,1.0,0.0,0.0,1.0,1.0,1.0,0.0,1.0,3.0,0.0,1.0,1.0,1.0,13.0,877.35,0.0,173.16,0.0,0.0,1.0,0.0,1.0,0.0,0.0,1.0,0.0,1.0,0.0,0.0,1.0,0.0,0.0,0.0,1.0,0.0,0.0,0
56.0,0.0,43.83,4883.0,0.0,0.0,0.0,0.0,19.5,0.0,0.0,0.0,0.0,0.0,0.0,0.0,1.0,0.0,0.0,4.0,0.0,0.0,0.0,0.0,9.0,150.35,0.0,394.47,0.0,0.0,0.0,1.0,0.0,0.0,1.0,0.0,0.0,0.0,1.0,0.0,1.0,0.0,0.0,0.0,1.0,0.0,0.0,0
79.0,0.0,44.91,5644.0,0.0,0.0,0.0,1.0,24.7,1.0,0.0,5.0,0.0,0.0,0.0,1.0,1.0,0.0,1.0,4.0,1.0,0.0,0.0,0.0,45.0,1174.35,0.0,2020.95,0.0,0.0,0.0,0.0,1.0,0.0,0.0,1.0,0.0,0.0,1.0,0.0,1.0,0.0,0.0,0.0,0.0,1.0,0.0,0
77.0,21.0,33.57,5352.0,0.0,1.0,1.0,1.0,84.8,1.0,0.0,5.0,1.0,0.0,1.0,1.0,1.0,1.0,1.0,3.0,1.0,1.0,0.0,1.0,27.0,2309.55,0.0,906.39,0.0,0.0,1.0,0.0,1.0,0.0,0.0,1.0,0.0,1.0,0.0,0.0,1.0,0.0,0.0,0.0,1.0,0.0,0.0,0
53.0,0.0,2.32,3523.0,0.0,0.0,0.0,0.0,19.85,0.0,0.0,0.0,0.0,0.0,1.0,0.0,1.0,0.0,0.0,5.0,0.0,0.0,0.0,0.0,41.0,810.45,0.0,95.12,0.0,0.0,0.0,0.0,0.0,1.0,1.0,0.0,0.0,0.0,1.0,0.0,1.0,0.0,0.0,0.0,0.0,1.0,0.0,0
56.0,53.0,8.18,6136.0,1.0,0.0,1.0,1.0,95.4,1.0,6.0,6.0,0.0,0.0,1.0,1.0,1.0,0.0,1.0,5.0,0.0,1.0,1.0,1.0,49.0,4613.95,0.0,400.82,0.0,0.0,1.0,1.0,0.0,0.0,1.0,0.0,0.0,0.0,1.0,0.0,1.0,0.0,0.0,0.0,1.0,0.0,0.0,0
31.0,9.0,0.0,4909.0,0.0,0.0,1.0,0.0,24.45,0.0,0.0,0.0,0.0,0.0,1.0,0.0,0.0,0.0,0.0,1.0,0.0,0.0,0.0,0.0,4.0,86.6,0.0,0.0,0.0,0.0,1.0,1.0,0.0,0.0,1.0,0.0,0.0,1.0,0.0,0.0,0.0,0.0,0.0,1.0,1.0,0.0,0.0,1
57.0,19.0,18.84,4207.0,0.0,0.0,1.0,1.0,71.0,0.0,0.0,1.0,0.0,0.0,1.0,1.0,1.0,0.0,1.0,2.0,0.0,0.0,0.0,0.0,1.0,71.0,0.0,18.84,0.0,0.0,1.0,1.0,0.0,0.0,0.0,1.0,0.0,0.0,1.0,0.0,0.0,0.0,0.0,1.0,1.0,0.0,0.0,1
27.0,0.0,15.85,3948.0,1.0,0.0,0.0,1.0,19.55,0.0,3.0,9.0,0.0,0.0,1.0,1.0,1.0,0.0,1.0,4.0,0.0,0.0,0.0,0.0,28.0,543.8,0.0,443.8,0.0,1.0,0.0,1.0,0.0,0.0,1.0,0.0,0.0,0.0,1.0,0.0,1.0,0.0,0.0,0.0,1.0,0.0,0.0,0
61.0,24.0,13.28,5813.0,0.0,1.0,1.0,0.0,90.05,1.0,0.0,0.0,1.0,1.0,1.0,0.0,1.0,1.0,0.0,4.0,0.0,1.0,1.0,1.0,66.0,5965.95,0.0,876.48,0.0,0.0,1.0,0.0,0.0,1.0,1.0,0.0,0.0,1.0,0.0,0.0,1.0,0.0,0.0,0.0,0.0,1.0,0.0,0
61.0,14.0,0.0,5535.0,0.0,1.0,1.0,0.0,50.8,0.0,0.0,0.0,0.0,1.0,0.0,0.0,0.0,1.0,0.0,4.0,0.0,1.0,1.0,0.0,9.0,463.6,0.0,0.0,0.0,0.0,1.0,0.0,1.0,0.0,0.0,1.0,0.0,1.0,0.0,0.0,1.0,0.0,0.0,0.0,0.0,0.0,1.0,0
48.0,0.0,7.96,2723.0,0.0,0.0,0.0,0.0,26.35,1.0,0.0,0.0,0.0,0.0,1.0,0.0,1.0,0.0,0.0,3.0,0.0,0.0,0.0,0.0,15.0,378.6,0.0,119.4,0.0,0.0,0.0,1.0,0.0,0.0,0.0,1.0,0.0,0.0,1.0,0.0,1.0,0.0,0.0,0.0,1.0,0.0,0.0,0
68.0,4.0,26.11,5394.0,0.0,0.0,1.0,0.0,90.5,0.0,0.0,0.0,0.0,0.0,1.0,0.0,1.0,0.0,0.0,1.0,1.0,1.0,1.0,1.0,13.0,1201.15,140.0,339.43,29.84,0.0,0.0,1.0,0.0,0.0,0.0,1.0,0.0,0.0,1.0,0.0,1.0,0.0,0.0,0.0,1.0,0.0,0.0,1
35.0,11.0,13.73,4134.0,0.0,0.0,1.0,0.0,47.8,0.0,0.0,0.0,0.0,1.0,1.0,0.0,1.0,0.0,0.0,1.0,0.0,0.0,0.0,0.0,2.0,92.45,0.0,27.46,0.0,0.0,1.0,1.0,0.0,0.0,0.0,1.0,0.0,1.0,0.0,0.0,0.0,0.0,0.0,1.0,1.0,0.0,0.0,1
28.0,0.0,31.29,5848.0,0.0,0.0,0.0,1.0,20.5,0.0,0.0,9.0,0.0,0.0,1.0,1.0,1.0,0.0,1.0,5.0,0.0,0.0,0.0,0.0,60.0,1198.8,0.0,1877.4,0.0,1.0,0.0,0.0,0.0,1.0,0.0,1.0,0.0,0.0,1.0,0.0,1.0,0.0,0.0,0.0,1.0,0.0,0.0,0
19.0,73.0,0.0,3445.0,0.0,0.0,1.0,0.0,41.15,0.0,0.0,0.0,1.0,1.0,0.0,0.0,0.0,1.0,0.0,4.0,0.0,0.0,0.0,0.0,39.0,1700.9,0.0,0.0,0.0,1.0,1.0,0.0,1.0,0.0,1.0,0.0,0.0,1.0,0.0,0.0,0.0,1.0,0.0,0.0,1.0,0.0,0.0,0
23.0,69.0,0.0,4324.0,0.0,0.0,1.0,1.0,41.05,0.0,0.0,1.0,1.0,0.0,1.0,1.0,0.0,0.0,1.0,2.0,0.0,1.0,1.0,0.0,59.0,2452.7,0.0,0.0,0.0,1.0,1.0,1.0,0.0,0.0,0.0,1.0,0.0,1.0,0.0,0.0,1.0,0.0,0.0,0.0,1.0,0.0,0.0,1
32.0,28.0,20.52,2786.0,1.0,0.0,1.0,0.0,95.0,1.0,4.0,0.0,0.0,0.0,0.0,0.0,1.0,0.0,0.0,1.0,0.0,1.0,1.0,1.0,7.0,655.5,10.0,143.64,36.6,0.0,0.0,1.0,0.0,0.0,0.0,1.0,1.0,0.0,0.0,0.0,0.0,0.0,0.0,1.0,0.0,1.0,0.0,1
30.0,85.0,47.51,5948.0,0.0,0.0,1.0,0.0,75.5,1.0,0.0,0.0,0.0,0.0,1.0,0.0,1.0,0.0,0.0,2.0,0.0,0.0,0.0,0.0,3.0,220.6,0.0,142.53,0.0,0.0,1.0,1.0,0.0,0.0,1.0,0.0,0.0,0.0,1.0,0.0,0.0,0.0,0.0,1.0,1.0,0.0,0.0,1
23.0,51.0,43.01,5263.0,1.0,0.0,1.0,1.0,91.2,0.0,3.0,1.0,0.0,0.0,0.0,1.0,1.0,0.0,1.0,5.0,0.0,1.0,1.0,1.0,37.0,3247.55,0.0,1591.37,0.0,1.0,1.0,0.0,1.0,0.0,0.0,1.0,0.0,0.0,1.0,0.0,0.0,1.0,0.0,0.0,0.0,1.0,0.0,0
51.0,4.0,44.31,5213.0,0.0,1.0,1.0,0.0,115.1,1.0,0.0,0.0,1.0,1.0,1.0,0.0,1.0,1.0,0.0,3.0,0.0,1.0,1.0,1.0,64.0,7334.05,0.0,2835.84,0.0,0.0,1.0,0.0,0.0,1.0,1.0,0.0,0.0,0.0,1.0,0.0,1.0,0.0,0.0,0.0,1.0,0.0,0.0,0
56.0,6.0,26.04,5050.0,0.0,0.0,1.0,1.0,78.95,1.0,0.0,10.0,1.0,0.0,1.0,1.0,1.0,1.0,1.0,5.0,0.0,1.0,1.0,1.0,72.0,5730.15,0.0,1874.88,0.0,0.0,1.0,0.0,0.0,1.0,1.0,0.0,1.0,0.0,0.0,1.0,0.0,0.0,0.0,0.0,1.0,0.0,0.0,0
27.0,52.0,0.0,5575.0,0.0,0.0,1.0,1.0,49.8,0.0,0.0,1.0,1.0,0.0,1.0,1.0,0.0,0.0,1.0,5.0,0.0,1.0,1.0,1.0,17.0,836.35,0.0,0.0,0.0,1.0,1.0,1.0,0.0,0.0,0.0,1.0,0.0,1.0,0.0,0.0,1.0,0.0,0.0,0.0,0.0,1.0,0.0,0
50.0,29.0,42.22,2036.0,0.0,0.0,1.0,1.0,86.5,1.0,0.0,3.0,0.0,0.0,1.0,1.0,1.0,0.0,1.0,3.0,0.0,1.0,1.0,0.0,21.0,1808.7,0.0,886.62,0.0,0.0,1.0,1.0,0.0,0.0,1.0,0.0,0.0,0.0,1.0,0.0,0.0,0.0,1.0,0.0,1.0,0.0,0.0,1
20.0,0.0,8.04,4573.0,1.0,0.0,0.0,1.0,19.45,0.0,1.0,10.0,0.0,0.0,0.0,1.0,1.0,0.0,1.0,3.0,0.0,0.0,0.0,0.0,5.0,86.05,0.0,40.2,0.0,1.0,0.0,1.0,0.0,0.0,0.0,1.0,0.0,0.0,1.0,0.0,1.0,0.0,0.0,0.0,0.0,1.0,0.0,0
54.0,25.0,33.66,4768.0,0.0,1.0,1.0,1.0,103.65,1.0,0.0,4.0,1.0,0.0,1.0,1.0,1.0,0.0,1.0,5.0,0.0,1.0,1.0,1.0,55.0,5676.65,0.0,1851.3,0.0,0.0,1.0,1.0,0.0,0.0,1.0,0.0,0.0,0.0,1.0,0.0,1.0,0.0,0.0,0.0,0.0,1.0,0.0,0
58.0,0.0,19.1,2831.0,0.0,0.0,0.0,0.0,19.95,0.0,0.0,0.0,0.0,0.0,1.0,0.0,1.0,0.0,0.0,4.0,0.0,0.0,0.0,0.0,19.0,373.5,0.0,362.9,0.0,0.0,0.0,0.0,0.0,1.0,0.0,1.0,0.0,0.0,1.0,0.0,1.0,0.0,0.0,0.0,0.0,1.0,0.0,0
49.0,21.0,34.98,5687.0,0.0,1.0,1.0,0.0,90.95,0.0,0.0,0.0,1.0,0.0,1.0,0.0,1.0,0.0,0.0,5.0,0.0,1.0,1.0,0.0,17.0,1612.2,0.0,594.66,0.0,0.0,1.0,1.0,0.0,0.0,0.0,1.0,0.0,0.0,1.0,0.0,0.0,0.0,1.0,0.0,0.0,1.0,0.0,0
78.0,24.0,28.44,5521.0,0.0,1.0,1.0,0.0,53.5,0.0,0.0,0.0,0.0,0.0,1.0,0.0,1.0,1.0,0.0,4.0,1.0,0.0,0.0,0.0,57.0,3035.8,0.0,1621.08,0.0,0.0,1.0,0.0,1.0,0.0,0.0,1.0,0.0,1.0,0.0,0.0,1.0,0.0,0.0,0.0,1.0,0.0,0.0,0
66.0,22.0,32.37,6072.0,0.0,0.0,1.0,1.0,78.5,1.0,0.0,4.0,0.0,1.0,0.0,1.0,1.0,0.0,1.0,3.0,1.0,0.0,0.0,0.0,72.0,5602.25,0.0,2330.64,0.0,0.0,1.0,0.0,0.0,1.0,1.0,0.0,0.0,0.0,1.0,1.0,0.0,0.0,0.0,0.0,1.0,0.0,0.0,0
44.0,19.0,0.0,4369.0,1.0,0.0,1.0,0.0,33.6,0.0,1.0,0.0,1.0,0.0,0.0,0.0,0.0,1.0,0.0,5.0,0.0,0.0,0.0,0.0,1.0,33.6,50.0,0.0,0.0,0.0,0.0,1.0,0.0,0.0,0.0,1.0,1.0,0.0,0.0,0.0,0.0,0.0,0.0,1.0,0.0,1.0,0.0,0
24.0,0.0,41.02,3942.0,1.0,0.0,0.0,1.0,20.05,0.0,1.0,4.0,0.0,0.0,0.0,1.0,1.0,0.0,1.0,3.0,0.0,0.0,0.0,0.0,35.0,746.75,0.0,1435.7,0.0,1.0,0.0,0.0,1.0,0.0,0.0,1.0,0.0,0.0,1.0,0.0,0.0,1.0,0.0,0.0,1.0,0.0,0.0,0
52.0,10.0,24.57,3880.0,0.0,0.0,1.0,0.0,58.95,1.0,0.0,0.0,0.0,0.0,1.0,0.0,1.0,0.0,0.0,4.0,0.0,1.0,1.0,0.0,11.0,601.6,70.0,270.27,0.0,0.0,0.0,1.0,0.0,0.0,1.0,0.0,1.0,0.0,0.0,0.0,0.0,0.0,1.0,0.0,0.0,1.0,0.0,0
42.0,56.0,45.26,4734.0,1.0,1.0,1.0,1.0,79.9,1.0,3.0,1.0,1.0,1.0,0.0,1.0,1.0,1.0,1.0,1.0,0.0,1.0,1.0,0.0,41.0,3326.2,0.0,1855.66,0.0,0.0,1.0,1.0,0.0,0.0,1.0,0.0,1.0,0.0,0.0,0.0,1.0,0.0,0.0,0.0,0.0,1.0,0.0,1
43.0,23.0,26.13,3280.0,1.0,0.0,1.0,0.0,76.6,1.0,1.0,0.0,0.0,0.0,1.0,0.0,1.0,0.0,0.0,3.0,0.0,0.0,0.0,0.0,12.0,893.0,0.0,313.56,0.0,0.0,1.0,1.0,0.0,0.0,1.0,0.0,0.0,0.0,1.0,0.0,0.0,0.0,1.0,0.0,1.0,0.0,0.0,0
73.0,24.0,19.03,2230.0,0.0,0.0,1.0,0.0,95.05,1.0,0.0,0.0,0.0,0.0,1.0,0.0,1.0,0.0,0.0,1.0,1.0,1.0,1.0,1.0,13.0,1290.0,0.0,247.39,0.0,0.0,1.0,1.0,0.0,0.0,1.0,0.0,0.0,0.0,1.0,0.0,1.0,0.0,0.0,0.0,1.0,0.0,0.0,1
42.0,27.0,38.53,3972.0,0.0,1.0,1.0,1.0,78.8,0.0,0.0,1.0,0.0,1.0,1.0,1.0,1.0,1.0,1.0,4.0,0.0,1.0,1.0,1.0,43.0,3460.3,0.0,1656.79,24.9,0.0,1.0,0.0,0.0,1.0,1.0,0.0,0.0,1.0,0.0,0.0,1.0,0.0,0.0,0.0,1.0,0.0,0.0,0
63.0,0.0,34.79,3772.0,0.0,0.0,0.0,0.0,20.15,0.0,0.0,0.0,0.0,0.0,0.0,0.0,1.0,0.0,0.0,4.0,0.0,0.0,0.0,0.0,9.0,238.15,0.0,313.11,0.0,0.0,0.0,1.0,0.0,0.0,1.0,0.0,0.0,0.0,1.0,0.0,0.0,0.0,0.0,1.0,1.0,0.0,0.0,0
26.0,47.0,14.79,5034.0,0.0,1.0,1.0,1.0,110.0,1.0,0.0,4.0,1.0,0.0,1.0,1.0,1.0,1.0,1.0,2.0,0.0,1.0,1.0,1.0,68.0,7611.85,0.0,1005.72,0.0,1.0,1.0,0.0,0.0,1.0,0.0,1.0,0.0,0.0,1.0,1.0,0.0,0.0,0.0,0.0,1.0,0.0,0.0,1
43.0,22.0,15.6,5739.0,0.0,0.0,1.0,0.0,79.85,1.0,0.0,0.0,1.0,0.0,0.0,0.0,1.0,0.0,0.0,5.0,0.0,0.0,0.0,0.0,10.0,797.25,0.0,156.0,0.0,0.0,1.0,1.0,0.0,0.0,0.0,1.0,0.0,0.0,1.0,0.0,1.0,0.0,0.0,0.0,1.0,0.0,0.0,0
45.0,14.0,13.51,3903.0,0.0,0.0,1.0,0.0,46.0,0.0,0.0,0.0,0.0,0.0,0.0,0.0,1.0,0.0,0.0,4.0,0.0,0.0,0.0,0.0,10.0,492.1,0.0,135.1,0.0,0.0,1.0,1.0,0.0,0.0,0.0,1.0,0.0,1.0,0.0,0.0,0.0,0.0,1.0,0.0,0.0,1.0,0.0,0
23.0,59.0,14.14,6101.0,1.0,1.0,1.0,1.0,104.65,0.0,3.0,1.0,1.0,1.0,1.0,1.0,1.0,0.0,1.0,4.0,0.0,1.0,1.0,1.0,71.0,7288.4,0.0,1003.94,0.0,1.0,1.0,0.0,1.0,0.0,0.0,1.0,0.0,0.0,1.0,1.0,0.0,0.0,0.0,0.0,1.0,0.0,0.0,0
52.0,2.0,19.84,6358.0,0.0,0.0,1.0,1.0,90.65,1.0,0.0,1.0,1.0,0.0,1.0,1.0,1.0,0.0,1.0,5.0,0.0,1.0,1.0,0.0,65.0,5931.0,110.0,1289.6,0.0,0.0,0.0,1.0,0.0,0.0,0.0,1.0,0.0,0.0,1.0,0.0,1.0,0.0,0.0,0.0,1.0,0.0,0.0,0
30.0,0.0,18.07,6312.0,0.0,0.0,0.0,1.0,19.9,0.0,0.0,2.0,0.0,0.0,0.0,1.0,1.0,0.0,1.0,4.0,0.0,0.0,0.0,0.0,65.0,1292.6,0.0,1174.55,0.0,0.0,0.0,0.0,0.0,1.0,0.0,1.0,0.0,0.0,1.0,0.0,1.0,0.0,0.0,0.0,0.0,1.0,0.0,0
65.0,5.0,24.54,3041.0,0.0,0.0,1.0,1.0,85.25,1.0,0.0,1.0,0.0,0.0,1.0,1.0,1.0,0.0,1.0,2.0,1.0,1.0,1.0,0.0,36.0,3132.75,0.0,883.44,0.0,0.0,1.0,1.0,0.0,0.0,0.0,1.0,0.0,0.0,1.0,0.0,1.0,0.0,0.0,0.0,0.0,1.0,0.0,1
53.0,24.0,12.75,3975.0,0.0,0.0,1.0,0.0,94.2,1.0,0.0,0.0,0.0,0.0,1.0,0.0,1.0,0.0,0.0,3.0,0.0,1.0,1.0,1.0,12.0,1046.1,120.0,153.0,7.39,0.0,0.0,1.0,0.0,0.0,1.0,0.0,0.0,0.0,1.0,0.0,1.0,0.0,0.0,0.0,1.0,0.0,0.0,1
38.0,10.0,6.45,5785.0,0.0,1.0,1.0,1.0,107.95,1.0,0.0,1.0,1.0,0.0,1.0,1.0,1.0,1.0,1.0,2.0,0.0,1.0,1.0,1.0,49.0,5293.2,0.0,316.05,0.0,0.0,1.0,0.0,0.0,1.0,1.0,0.0,0.0,0.0,1.0,0.0,1.0,0.0,0.0,0.0,1.0,0.0,0.0,1
45.0,10.0,19.22,5007.0,0.0,0.0,1.0,0.0,95.5,1.0,0.0,0.0,0.0,0.0,1.0,0.0,1.0,0.0,0.0,2.0,0.0,1.0,1.0,1.0,9.0,829.1,0.0,172.98,0.0,0.0,1.0,1.0,0.0,0.0,0.0,1.0,0.0,0.0,1.0,0.0,1.0,0.0,0.0,0.0,1.0,0.0,0.0,1
33.0,24.0,30.06,6354.0,0.0,1.0,1.0,1.0,85.95,1.0,0.0,10.0,1.0,0.0,1.0,1.0,1.0,1.0,1.0,5.0,0.0,1.0,1.0,1.0,70.0,5931.75,0.0,2104.2,0.0,0.0,1.0,0.0,0.0,1.0,0.0,1.0,1.0,0.0,0.0,0.0,1.0,0.0,0.0,0.0,0.0,1.0,0.0,0
50.0,26.0,46.58,3624.0,0.0,0.0,1.0,0.0,50.25,0.0,0.0,0.0,0.0,0.0,0.0,0.0,1.0,1.0,0.0,1.0,0.0,0.0,0.0,0.0,12.0,593.75,120.0,558.96,0.0,0.0,0.0,1.0,0.0,0.0,0.0,1.0,0.0,1.0,0.0,0.0,1.0,0.0,0.0,0.0,1.0,0.0,0.0,1
26.0,52.0,0.0,4134.0,1.0,0.0,1.0,1.0,25.55,0.0,2.0,9.0,0.0,0.0,0.0,1.0,0.0,0.0,1.0,3.0,0.0,0.0,0.0,0.0,18.0,467.85,0.0,0.0,0.0,1.0,1.0,1.0,0.0,0.0,0.0,1.0,0.0,1.0,0.0,0.0,0.0,0.0,1.0,0.0,0.0,1.0,0.0,0
47.0,6.0,3.12,5238.0,0.0,1.0,1.0,1.0,79.3,1.0,0.0,1.0,0.0,0.0,1.0,1.0,1.0,1.0,1.0,5.0,0.0,1.0,1.0,1.0,31.0,2484.0,0.0,96.72,0.0,0.0,1.0,0.0,1.0,0.0,0.0,1.0,0.0,1.0,0.0,0.0,1.0,0.0,0.0,0.0,0.0,1.0,0.0,0
29.0,0.0,32.01,2158.0,0.0,0.0,0.0,0.0,19.85,0.0,0.0,0.0,0.0,0.0,0.0,0.0,1.0,0.0,0.0,1.0,0.0,0.0,0.0,0.0,3.0,64.55,0.0,96.03,0.0,1.0,0.0,1.0,0.0,0.0,0.0,1.0,0.0,0.0,1.0,0.0,0.0,0.0,0.0,1.0,0.0,0.0,1.0,1
71.0,5.0,4.59,2040.0,0.0,0.0,1.0,1.0,94.3,1.0,0.0,1.0,1.0,0.0,1.0,1.0,1.0,1.0,1.0,3.0,1.0,0.0,0.0,1.0,43.0,3953.15,0.0,197.37,0.0,0.0,1.0,0.0,1.0,0.0,0.0,1.0,0.0,0.0,1.0,0.0,1.0,0.0,0.0,0.0,1.0,0.0,0.0,0
66.0,24.0,22.9,5610.0,0.0,0.0,1.0,0.0,69.65,0.0,0.0,0.0,0.0,0.0,0.0,0.0,1.0,0.0,0.0,3.0,1.0,0.0,0.0,0.0,16.0,1043.3,0.0,366.4,0.0,0.0,1.0,0.0,0.0,1.0,0.0,1.0,0.0,0.0,1.0,0.0,0.0,0.0,1.0,0.0,1.0,0.0,0.0,0
44.0,51.0,33.01,5780.0,1.0,1.0,1.0,1.0,110.3,1.0,4.0,10.0,1.0,1.0,1.0,1.0,1.0,0.0,1.0,3.0,0.0,1.0,1.0,1.0,72.0,7966.9,0.0,2376.72,0.0,0.0,1.0,0.0,0.0,1.0,0.0,1.0,0.0,0.0,1.0,0.0,1.0,0.0,0.0,0.0,1.0,0.0,0.0,0
55.0,14.0,42.21,5812.0,0.0,1.0,1.0,1.0,103.85,1.0,0.0,6.0,1.0,0.0,1.0,1.0,1.0,0.0,1.0,2.0,0.0,1.0,1.0,1.0,50.0,5017.9,0.0,2110.5,0.0,0.0,1.0,1.0,0.0,0.0,0.0,1.0,0.0,0.0,1.0,0.0,1.0,0.0,0.0,0.0,1.0,0.0,0.0,1
43.0,0.0,23.18,2028.0,0.0,0.0,0.0,1.0,24.4,1.0,0.0,6.0,0.0,0.0,0.0,1.0,1.0,0.0,1.0,5.0,0.0,0.0,0.0,0.0,8.0,203.95,0.0,185.44,0.0,0.0,0.0,0.0,1.0,0.0,0.0,1.0,0.0,0.0,1.0,0.0,1.0,0.0,0.0,0.0,0.0,0.0,1.0,0
62.0,0.0,44.13,4122.0,1.0,0.0,0.0,1.0,19.7,0.0,3.0,5.0,0.0,0.0,0.0,1.0,1.0,0.0,1.0,3.0,0.0,0.0,0.0,0.0,6.0,94.45,0.0,264.78,0.0,0.0,0.0,0.0,1.0,0.0,1.0,0.0,0.0,0.0,1.0,0.0,1.0,0.0,0.0,0.0,0.0,1.0,0.0,0
21.0,48.0,34.95,6022.0,0.0,0.0,1.0,1.0,99.4,1.0,0.0,7.0,1.0,0.0,1.0,1.0,1.0,0.0,1.0,5.0,0.0,1.0,1.0,1.0,72.0,7285.7,0.0,2516.4,0.0,1.0,1.0,0.0,0.0,1.0,0.0,1.0,0.0,0.0,1.0,0.0,1.0,0.0,0.0,0.0,1.0,0.0,0.0,0
24.0,27.0,24.27,3103.0,1.0,0.0,1.0,1.0,46.3,0.0,3.0,7.0,0.0,0.0,0.0,1.0,1.0,0.0,1.0,5.0,0.0,0.0,0.0,0.0,15.0,639.45,0.0,364.05,0.0,1.0,1.0,1.0,0.0,0.0,1.0,0.0,1.0,0.0,0.0,0.0,0.0,0.0,1.0,0.0,1.0,0.0,0.0,0
35.0,14.0,11.5,4867.0,0.0,0.0,1.0,0.0,85.5,1.0,0.0,0.0,0.0,0.0,1.0,0.0,1.0,0.0,0.0,5.0,0.0,0.0,0.0,1.0,9.0,791.7,0.0,103.5,0.0,0.0,1.0,1.0,0.0,0.0,0.0,1.0,0.0,0.0,1.0,0.0,0.0,0.0,0.0,1.0,1.0,0.0,0.0,0
24.0,48.0,25.71,3360.0,0.0,1.0,1.0,0.0,71.4,1.0,0.0,0.0,1.0,0.0,1.0,0.0,1.0,0.0,0.0,5.0,0.0,1.0,1.0,0.0,16.0,1212.1,0.0,411.36,0.0,1.0,1.0,1.0,0.0,0.0,0.0,1.0,0.0,1.0,0.0,0.0,1.0,0.0,0.0,0.0,1.0,0.0,0.0,0
29.0,69.0,40.63,4384.0,0.0,0.0,1.0,1.0,65.15,1.0,0.0,2.0,1.0,1.0,0.0,1.0,1.0,1.0,1.0,3.0,0.0,0.0,1.0,0.0,71.0,4681.75,0.0,2884.73,4.7,1.0,1.0,0.0,0.0,1.0,0.0,1.0,0.0,1.0,0.0,1.0,0.0,0.0,0.0,0.0,1.0,0.0,0.0,0
68.0,22.0,8.88,2044.0,0.0,0.0,1.0,0.0,58.55,1.0,0.0,0.0,1.0,1.0,1.0,0.0,1.0,0.0,0.0,3.0,1.0,0.0,0.0,0.0,29.0,1718.95,0.0,257.52,33.1,0.0,1.0,0.0,0.0,1.0,1.0,0.0,0.0,1.0,0.0,0.0,0.0,1.0,0.0,0.0,1.0,0.0,0.0,0
46.0,3.0,0.0,2734.0,0.0,0.0,1.0,0.0,29.6,0.0,0.0,0.0,1.0,0.0,1.0,0.0,0.0,0.0,0.0,1.0,0.0,0.0,0.0,0.0,3.0,79.45,0.0,0.0,0.0,0.0,1.0,1.0,0.0,0.0,0.0,1.0,1.0,0.0,0.0,0.0,0.0,0.0,0.0,1.0,1.0,0.0,0.0,1
44.0,10.0,8.77,4773.0,0.0,0.0,1.0,0.0,44.15,0.0,0.0,0.0,0.0,0.0,1.0,0.0,1.0,0.0,0.0,1.0,0.0,0.0,0.0,0.0,1.0,44.15,0.0,8.77,0.0,0.0,1.0,1.0,0.0,0.0,0.0,1.0,0.0,1.0,0.0,0.0,1.0,0.0,0.0,0.0,0.0,1.0,0.0,1
26.0,69.0,47.47,4474.0,0.0,1.0,1.0,0.0,70.1,0.0,0.0,0.0,1.0,0.0,0.0,0.0,1.0,1.0,0.0,4.0,0.0,0.0,0.0,1.0,58.0,4048.95,0.0,2753.26,0.0,1.0,1.0,0.0,0.0,1.0,0.0,1.0,0.0,1.0,0.0,0.0,1.0,0.0,0.0,0.0,1.0,0.0,0.0,0
25.0,71.0,33.88,4495.0,0.0,1.0,1.0,0.0,116.2,1.0,0.0,0.0,1.0,1.0,0.0,0.0,1.0,1.0,0.0,2.0,0.0,1.0,1.0,1.0,67.0,7752.3,0.0,2269.96,0.0,1.0,1.0,0.0,0.0,1.0,0.0,1.0,0.0,0.0,1.0,1.0,0.0,0.0,0.0,0.0,0.0,1.0,0.0,1
33.0,11.0,5.92,2966.0,0.0,0.0,1.0,0.0,86.05,1.0,0.0,0.0,0.0,0.0,1.0,0.0,1.0,0.0,0.0,3.0,0.0,0.0,0.0,1.0,10.0,834.1,0.0,59.2,0.0,0.0,1.0,1.0,0.0,0.0,0.0,1.0,0.0,0.0,1.0,0.0,0.0,0.0,1.0,0.0,1.0,0.0,0.0,1
50.0,0.0,30.28,2692.0,0.0,0.0,0.0,0.0,19.05,0.0,0.0,0.0,0.0,0.0,0.0,0.0,1.0,0.0,0.0,5.0,0.0,0.0,0.0,0.0,25.0,461.3,0.0,757.0,0.0,0.0,0.0,1.0,0.0,0.0,1.0,0.0,0.0,0.0,1.0,0.0,0.0,1.0,0.0,0.0,0.0,0.0,1.0,0
53.0,0.0,4.03,5655.0,0.0,0.0,0.0,0.0,24.7,1.0,0.0,0.0,0.0,0.0,0.0,0.0,1.0,0.0,0.0,5.0,0.0,0.0,0.0,0.0,64.0,1642.75,0.0,257.92,0.0,0.0,0.0,0.0,1.0,0.0,1.0,0.0,0.0,0.0,1.0,0.0,1.0,0.0,0.0,0.0,0.0,0.0,1.0,0
61.0,24.0,16.87,5494.0,1.0,1.0,1.0,1.0,85.8,0.0,1.0,3.0,1.0,0.0,0.0,1.0,1.0,1.0,1.0,3.0,0.0,0.0,0.0,0.0,52.0,4433.3,0.0,877.24,0.0,0.0,1.0,1.0,0.0,0.0,1.0,0.0,0.0,0.0,1.0,0.0,1.0,0.0,0.0,0.0,1.0,0.0,0.0,0
75.0,29.0,0.0,2494.0,0.0,1.0,1.0,0.0,36.65,0.0,0.0,0.0,1.0,0.0,0.0,0.0,0.0,0.0,0.0,5.0,1.0,0.0,0.0,0.0,37.0,1315.0,0.0,0.0,0.0,0.0,1.0,0.0,0.0,1.0,0.0,1.0,0.0,1.0,0.0,0.0,0.0,1.0,0.0,0.0,1.0,0.0,0.0,0
35.0,0.0,37.66,5984.0,0.0,0.0,0.0,0.0,20.35,0.0,0.0,0.0,0.0,0.0,0.0,0.0,1.0,0.0,0.0,3.0,0.0,0.0,0.0,0.0,4.0,77.5,0.0,150.64,0.0,0.0,0.0,1.0,0.0,0.0,1.0,0.0,0.0,0.0,1.0,0.0,1.0,0.0,0.0,0.0,0.0,1.0,0.0,1
35.0,0.0,31.33,4467.0,0.0,0.0,0.0,0.0,26.05,1.0,0.0,0.0,0.0,0.0,0.0,0.0,1.0,0.0,0.0,5.0,0.0,0.0,0.0,0.0,70.0,1856.4,0.0,2193.1,0.0,0.0,0.0,0.0,1.0,0.0,1.0,0.0,0.0,0.0,1.0,0.0,1.0,0.0,0.0,0.0,0.0,1.0,0.0,0
80.0,5.0,28.64,5345.0,0.0,0.0,1.0,0.0,71.0,0.0,0.0,0.0,0.0,0.0,1.0,0.0,1.0,0.0,0.0,3.0,1.0,0.0,0.0,0.0,1.0,71.0,0.0,28.64,0.0,0.0,1.0,1.0,0.0,0.0,1.0,0.0,0.0,0.0,1.0,0.0,1.0,0.0,0.0,0.0,1.0,0.0,0.0,1
47.0,27.0,0.0,3000.0,0.0,1.0,1.0,0.0,49.15,0.0,0.0,0.0,0.0,0.0,0.0,0.0,0.0,0.0,0.0,3.0,0.0,1.0,1.0,1.0,13.0,649.4,0.0,0.0,0.0,0.0,1.0,1.0,0.0,0.0,1.0,0.0,0.0,1.0,0.0,0.0,0.0,0.0,1.0,0.0,1.0,0.0,0.0,0
36.0,22.0,23.5,5396.0,0.0,0.0,1.0,0.0,75.65,1.0,0.0,0.0,0.0,0.0,1.0,0.0,1.0,0.0,0.0,5.0,0.0,0.0,0.0,0.0,4.0,302.35,0.0,94.0,0.0,0.0,1.0,1.0,0.0,0.0,1.0,0.0,0.0,0.0,1.0,0.0,1.0,0.0,0.0,0.0,1.0,0.0,0.0,0
45.0,15.0,17.03,2478.0,0.0,1.0,1.0,1.0,69.55,1.0,0.0,3.0,0.0,0.0,1.0,1.0,1.0,1.0,1.0,4.0,0.0,1.0,1.0,0.0,48.0,3435.6,0.0,817.44,0.0,0.0,1.0,0.0,1.0,0.0,1.0,0.0,0.0,1.0,0.0,0.0,1.0,0.0,0.0,0.0,0.0,1.0,0.0,0
71.0,15.0,30.03,5910.0,0.0,1.0,1.0,1.0,79.4,1.0,0.0,1.0,1.0,1.0,0.0,1.0,1.0,1.0,1.0,1.0,1.0,0.0,0.0,1.0,66.0,5154.6,150.0,1981.98,0.0,0.0,0.0,0.0,0.0,1.0,0.0,1.0,0.0,1.0,0.0,0.0,1.0,0.0,0.0,0.0,0.0,1.0,0.0,1
42.0,0.0,1.91,5707.0,0.0,0.0,0.0,0.0,19.7,0.0,0.0,0.0,0.0,0.0,0.0,0.0,1.0,0.0,0.0,2.0,0.0,0.0,0.0,0.0,1.0,19.7,0.0,1.91,0.0,0.0,0.0,1.0,0.0,0.0,0.0,1.0,0.0,0.0,1.0,0.0,1.0,0.0,0.0,0.0,0.0,0.0,1.0,1
19.0,53.0,33.24,2547.0,0.0,0.0,1.0,1.0,50.3,0.0,0.0,7.0,0.0,1.0,1.0,1.0,1.0,0.0,1.0,3.0,0.0,0.0,0.0,0.0,7.0,355.1,0.0,232.68,0.0,1.0,1.0,1.0,0.0,0.0,1.0,0.0,0.0,1.0,0.0,0.0,1.0,0.0,0.0,0.0,1.0,0.0,0.0,0
64.0,25.0,21.52,4620.0,0.0,0.0,1.0,0.0,69.7,0.0,0.0,0.0,0.0,0.0,0.0,0.0,1.0,0.0,0.0,2.0,0.0,0.0,0.0,0.0,1.0,69.7,0.0,21.52,0.0,0.0,1.0,1.0,0.0,0.0,1.0,0.0,0.0,0.0,1.0,0.0,1.0,0.0,0.0,0.0,1.0,0.0,0.0,1
31.0,11.0,45.32,6444.0,1.0,1.0,1.0,1.0,110.9,1.0,1.0,5.0,1.0,0.0,0.0,1.0,1.0,1.0,1.0,4.0,0.0,1.0,1.0,1.0,72.0,7922.75,130.0,3263.04,0.0,0.0,0.0,0.0,0.0,1.0,0.0,1.0,0.0,0.0,1.0,1.0,0.0,0.0,0.0,0.0,0.0,1.0,0.0,0
57.0,0.0,13.89,5764.0,0.0,0.0,0.0,0.0,19.55,0.0,0.0,0.0,0.0,0.0,1.0,0.0,1.0,0.0,0.0,5.0,0.0,0.0,0.0,0.0,56.0,1080.55,0.0,777.84,0.0,0.0,0.0,0.0,0.0,1.0,1.0,0.0,0.0,0.0,1.0,0.0,1.0,0.0,0.0,0.0,1.0,0.0,0.0,0
60.0,2.0,15.2,5754.0,0.0,0.0,1.0,0.0,85.0,0.0,0.0,0.0,1.0,0.0,1.0,0.0,1.0,0.0,0.0,4.0,0.0,1.0,1.0,0.0,1.0,85.0,0.0,15.2,0.0,0.0,1.0,1.0,0.0,0.0,0.0,1.0,0.0,0.0,1.0,0.0,1.0,0.0,0.0,0.0,1.0,0.0,0.0,0
55.0,25.0,33.94,4818.0,0.0,1.0,1.0,0.0,59.45,1.0,0.0,0.0,0.0,0.0,0.0,0.0,1.0,1.0,0.0,4.0,0.0,0.0,0.0,0.0,27.0,1611.65,0.0,916.38,0.0,0.0,1.0,1.0,0.0,0.0,0.0,1.0,1.0,0.0,0.0,0.0,1.0,0.0,0.0,0.0,1.0,0.0,0.0,0
28.0,0.0,8.74,3646.0,0.0,0.0,0.0,1.0,20.75,0.0,0.0,8.0,0.0,0.0,0.0,1.0,1.0,0.0,1.0,4.0,0.0,0.0,0.0,0.0,17.0,418.25,0.0,148.58,0.0,1.0,0.0,0.0,1.0,0.0,1.0,0.0,0.0,0.0,1.0,0.0,0.0,0.0,1.0,0.0,0.0,1.0,0.0,0
20.0,73.0,35.55,6460.0,0.0,0.0,1.0,0.0,95.3,0.0,0.0,0.0,0.0,0.0,1.0,0.0,1.0,1.0,0.0,4.0,0.0,1.0,1.0,1.0,58.0,5817.7,0.0,2061.9,0.0,1.0,1.0,1.0,0.0,0.0,1.0,0.0,0.0,0.0,1.0,0.0,1.0,0.0,0.0,0.0,1.0,0.0,0.0,0
44.0,0.0,47.19,4476.0,0.0,0.0,0.0,0.0,20.75,0.0,0.0,0.0,0.0,0.0,0.0,0.0,1.0,0.0,0.0,5.0,0.0,0.0,0.0,0.0,7.0,141.1,0.0,330.33,0.0,0.0,0.0,1.0,0.0,0.0,0.0,1.0,0.0,0.0,1.0,0.0,0.0,0.0,0.0,1.0,0.0,0.0,1.0,0
25.0,52.0,39.85,2926.0,0.0,1.0,1.0,0.0,61.65,0.0,0.0,0.0,0.0,0.0,0.0,0.0,1.0,0.0,0.0,4.0,0.0,1.0,1.0,0.0,21.0,1393.6,0.0,836.85,0.0,1.0,1.0,1.0,0.0,0.0,0.0,1.0,0.0,1.0,0.0,0.0,0.0,0.0,1.0,0.0,0.0,1.0,0.0,0
54.0,29.0,18.26,2500.0,0.0,0.0,1.0,0.0,86.05,0.0,0.0,0.0,0.0,1.0,1.0,0.0,1.0,0.0,0.0,4.0,0.0,1.0,1.0,0.0,3.0,244.85,0.0,54.78,0.0,0.0,1.0,1.0,0.0,0.0,0.0,1.0,0.0,0.0,1.0,0.0,0.0,0.0,0.0,1.0,0.0,1.0,0.0,0
44.0,23.0,34.62,4766.0,0.0,1.0,1.0,1.0,101.05,1.0,0.0,1.0,0.0,0.0,1.0,1.0,1.0,0.0,1.0,1.0,0.0,1.0,1.0,1.0,24.0,2391.8,0.0,830.88,0.0,0.0,1.0,1.0,0.0,0.0,0.0,1.0,0.0,0.0,1.0,0.0,1.0,0.0,0.0,0.0,1.0,0.0,0.0,1
51.0,0.0,31.06,3985.0,0.0,0.0,0.0,1.0,20.0,0.0,0.0,3.0,0.0,0.0,0.0,1.0,1.0,0.0,1.0,3.0,0.0,0.0,0.0,0.0,3.0,49.65,0.0,93.18,0.0,0.0,0.0,1.0,0.0,0.0,0.0,1.0,0.0,0.0,1.0,0.0,1.0,0.0,0.0,0.0,1.0,0.0,0.0,0
46.0,14.0,10.23,6034.0,0.0,0.0,1.0,1.0,59.8,0.0,0.0,7.0,0.0,0.0,1.0,1.0,1.0,1.0,1.0,5.0,0.0,0.0,0.0,1.0,65.0,3808.2,0.0,664.95,0.0,0.0,1.0,0.0,0.0,1.0,1.0,0.0,1.0,0.0,0.0,0.0,1.0,0.0,0.0,0.0,0.0,1.0,0.0,0
49.0,0.0,30.31,4670.0,1.0,0.0,0.0,1.0,19.55,0.0,1.0,10.0,0.0,0.0,0.0,1.0,1.0,0.0,1.0,5.0,0.0,0.0,0.0,0.0,53.0,1007.9,0.0,1606.43,0.0,0.0,0.0,0.0,1.0,0.0,1.0,0.0,0.0,0.0,1.0,0.0,1.0,0.0,0.0,0.0,1.0,0.0,0.0,0
21.0,26.0,25.69,5264.0,1.0,0.0,1.0,1.0,73.85,1.0,1.0,9.0,1.0,1.0,0.0,1.0,1.0,1.0,1.0,3.0,0.0,0.0,0.0,1.0,45.0,3371.0,0.0,1156.05,0.0,1.0,1.0,0.0,0.0,1.0,0.0,1.0,0.0,1.0,0.0,0.0,1.0,0.0,0.0,0.0,0.0,1.0,0.0,0
19.0,59.0,0.0,2515.0,0.0,0.0,1.0,0.0,24.3,0.0,0.0,0.0,0.0,0.0,0.0,0.0,0.0,0.0,0.0,4.0,0.0,0.0,0.0,0.0,2.0,38.45,0.0,0.0,0.0,1.0,1.0,1.0,0.0,0.0,0.0,1.0,0.0,1.0,0.0,0.0,0.0,0.0,0.0,1.0,0.0,0.0,1.0,0
27.0,0.0,25.54,5939.0,1.0,0.0,0.0,1.0,25.6,1.0,2.0,1.0,0.0,0.0,1.0,1.0,1.0,0.0,1.0,5.0,0.0,0.0,0.0,0.0,23.0,514.75,0.0,587.42,0.0,1.0,0.0,0.0,0.0,1.0,1.0,0.0,0.0,0.0,1.0,0.0,1.0,0.0,0.0,0.0,0.0,1.0,0.0,0
55.0,18.0,1.39,3835.0,0.0,0.0,1.0,1.0,60.0,0.0,0.0,5.0,0.0,0.0,0.0,1.0,1.0,1.0,1.0,4.0,0.0,0.0,0.0,1.0,23.0,1347.15,0.0,31.97,0.0,0.0,1.0,0.0,1.0,0.0,1.0,0.0,0.0,1.0,0.0,0.0,0.0,0.0,1.0,0.0,1.0,0.0,0.0,0
63.0,9.0,7.26,5613.0,0.0,1.0,1.0,0.0,76.35,0.0,0.0,0.0,0.0,0.0,0.0,0.0,1.0,0.0,0.0,2.0,0.0,0.0,0.0,0.0,1.0,76.35,0.0,7.26,0.0,0.0,1.0,1.0,0.0,0.0,1.0,0.0,1.0,0.0,0.0,0.0,1.0,0.0,0.0,0.0,1.0,0.0,0.0,1
48.0,8.0,45.59,2545.0,0.0,0.0,1.0,0.0,87.05,1.0,0.0,0.0,0.0,0.0,1.0,0.0,1.0,0.0,0.0,1.0,0.0,0.0,0.0,1.0,8.0,762.1,0.0,364.72,0.0,0.0,1.0,1.0,0.0,0.0,1.0,0.0,0.0,0.0,1.0,0.0,0.0,0.0,0.0,1.0,1.0,0.0,0.0,1
35.0,0.0,5.74,3438.0,0.0,0.0,0.0,0.0,19.7,0.0,0.0,0.0,0.0,0.0,1.0,0.0,1.0,0.0,0.0,1.0,0.0,0.0,0.0,0.0,16.0,342.4,0.0,91.84,0.0,0.0,0.0,1.0,0.0,0.0,0.0,1.0,0.0,0.0,1.0,0.0,0.0,0.0,1.0,0.0,0.0,1.0,0.0,1
32.0,19.0,24.16,5192.0,1.0,1.0,1.0,1.0,87.9,0.0,1.0,1.0,0.0,1.0,1.0,1.0,1.0,0.0,1.0,4.0,0.0,0.0,0.0,1.0,18.0,1500.5,0.0,434.88,0.0,0.0,1.0,1.0,0.0,0.0,0.0,1.0,0.0,0.0,1.0,0.0,0.0,0.0,1.0,0.0,0.0,0.0,1.0,0
43.0,20.0,11.72,4958.0,0.0,1.0,1.0,1.0,90.55,1.0,0.0,6.0,1.0,0.0,1.0,1.0,1.0,1.0,1.0,5.0,0.0,0.0,0.0,0.0,66.0,6130.95,0.0,773.52,0.0,0.0,1.0,0.0,1.0,0.0,1.0,0.0,0.0,0.0,1.0,1.0,0.0,0.0,0.0,0.0,1.0,0.0,0.0,0
53.0,0.0,38.51,5046.0,1.0,0.0,0.0,1.0,21.0,0.0,3.0,8.0,0.0,0.0,0.0,1.0,1.0,0.0,1.0,3.0,0.0,0.0,0.0,0.0,55.0,1210.3,0.0,2118.05,0.0,0.0,0.0,0.0,0.0,1.0,1.0,0.0,0.0,0.0,1.0,0.0,1.0,0.0,0.0,0.0,0.0,1.0,0.0,0
71.0,14.0,49.85,4512.0,0.0,0.0,1.0,1.0,100.05,1.0,0.0,6.0,0.0,0.0,1.0,1.0,1.0,1.0,1.0,2.0,1.0,1.0,0.0,1.0,66.0,6871.9,0.0,3290.1,0.0,0.0,1.0,1.0,0.0,0.0,0.0,1.0,0.0,0.0,1.0,0.0,1.0,0.0,0.0,0.0,0.0,1.0,0.0,1
62.0,0.0,3.57,5390.0,1.0,0.0,0.0,1.0,19.5,0.0,2.0,8.0,0.0,0.0,0.0,1.0,1.0,0.0,1.0,4.0,0.0,0.0,0.0,0.0,4.0,96.85,0.0,14.28,0.0,0.0,0.0,0.0,0.0,1.0,0.0,1.0,0.0,0.0,1.0,0.0,1.0,0.0,0.0,0.0,0.0,1.0,0.0,0
51.0,0.0,18.62,2836.0,1.0,0.0,0.0,1.0,20.15,0.0,3.0,1.0,0.0,0.0,0.0,1.0,1.0,0.0,1.0,5.0,0.0,0.0,0.0,0.0,10.0,220.8,0.0,186.2,0.0,0.0,0.0,0.0,0.0,1.0,1.0,0.0,0.0,0.0,1.0,0.0,1.0,0.0,0.0,0.0,0.0,1.0,0.0,0
19.0,73.0,41.91,5234.0,0.0,1.0,1.0,0.0,109.9,0.0,0.0,0.0,1.0,1.0,1.0,0.0,1.0,1.0,0.0,4.0,0.0,1.0,1.0,1.0,72.0,7624.2,0.0,3017.52,0.0,1.0,1.0,0.0,0.0,1.0,1.0,0.0,0.0,0.0,1.0,0.0,1.0,0.0,0.0,0.0,1.0,0.0,0.0,0
53.0,0.0,31.76,3864.0,0.0,0.0,0.0,1.0,19.35,0.0,0.0,0.0,0.0,0.0,0.0,1.0,1.0,0.0,0.0,1.0,0.0,0.0,0.0,0.0,5.0,126.05,0.0,158.8,0.0,0.0,0.0,1.0,0.0,0.0,0.0,1.0,0.0,0.0,1.0,0.0,0.0,0.0,0.0,1.0,0.0,0.0,1.0,1
49.0,18.0,12.57,3922.0,1.0,1.0,1.0,1.0,111.8,1.0,2.0,10.0,1.0,1.0,0.0,1.0,1.0,1.0,1.0,3.0,0.0,1.0,1.0,1.0,48.0,5443.65,0.0,603.36,0.0,0.0,1.0,0.0,0.0,1.0,0.0,1.0,0.0,0.0,1.0,0.0,1.0,0.0,0.0,0.0,0.0,1.0,0.0,0
73.0,27.0,10.19,3444.0,0.0,0.0,1.0,1.0,104.3,1.0,0.0,5.0,0.0,1.0,1.0,1.0,1.0,1.0,1.0,1.0,1.0,1.0,0.0,1.0,27.0,2867.75,0.0,275.13,0.0,0.0,1.0,1.0,0.0,0.0,1.0,0.0,0.0,0.0,1.0,0.0,0.0,1.0,0.0,0.0,1.0,0.0,0.0,1
24.0,59.0,31.86,3135.0,1.0,0.0,1.0,1.0,56.3,0.0,1.0,10.0,1.0,0.0,0.0,1.0,1.0,1.0,1.0,5.0,0.0,0.0,0.0,0.0,8.0,401.5,30.0,254.88,0.0,1.0,0.0,1.0,0.0,0.0,1.0,0.0,1.0,0.0,0.0,0.0,1.0,0.0,0.0,0.0,1.0,0.0,0.0,0
77.0,16.0,37.4,5691.0,0.0,0.0,1.0,0.0,95.4,1.0,0.0,0.0,0.0,0.0,1.0,0.0,1.0,0.0,0.0,4.0,1.0,1.0,0.0,1.0,21.0,2025.1,0.0,785.4,0.0,0.0,1.0,1.0,0.0,0.0,1.0,0.0,0.0,0.0,1.0,0.0,1.0,0.0,0.0,0.0,1.0,0.0,0.0,0
30.0,30.0,28.58,5007.0,0.0,1.0,1.0,1.0,90.55,1.0,0.0,2.0,1.0,1.0,0.0,1.0,1.0,1.0,1.0,4.0,0.0,1.0,1.0,1.0,71.0,6404.0,0.0,2029.18,0.0,0.0,1.0,0.0,0.0,1.0,0.0,1.0,1.0,0.0,0.0,1.0,0.0,0.0,0.0,0.0,1.0,0.0,0.0,0
52.0,15.0,37.8,5615.0,0.0,1.0,1.0,1.0,94.7,0.0,0.0,7.0,0.0,0.0,1.0,1.0,1.0,0.0,1.0,2.0,0.0,1.0,1.0,1.0,22.0,1914.9,0.0,831.6,0.0,0.0,1.0,1.0,0.0,0.0,0.0,1.0,0.0,0.0,1.0,0.0,1.0,0.0,0.0,0.0,0.0,1.0,0.0,1
66.0,18.0,8.72,3558.0,0.0,1.0,1.0,0.0,79.35,1.0,0.0,0.0,0.0,0.0,1.0,0.0,1.0,0.0,0.0,5.0,1.0,0.0,0.0,0.0,23.0,1835.3,0.0,200.56,15.41,0.0,1.0,0.0,0.0,1.0,1.0,0.0,0.0,0.0,1.0,0.0,1.0,0.0,0.0,0.0,0.0,1.0,0.0,0
79.0,18.0,3.04,2715.0,0.0,1.0,1.0,0.0,73.0,0.0,0.0,0.0,0.0,0.0,1.0,0.0,1.0,1.0,0.0,4.0,1.0,1.0,0.0,1.0,35.0,2471.25,0.0,106.4,0.0,0.0,1.0,0.0,1.0,0.0,0.0,1.0,0.0,1.0,0.0,0.0,1.0,0.0,0.0,0.0,1.0,0.0,0.0,0
53.0,0.0,26.03,4669.0,0.0,0.0,0.0,1.0,19.6,0.0,0.0,7.0,0.0,0.0,0.0,1.0,1.0,0.0,1.0,5.0,0.0,0.0,0.0,0.0,34.0,678.8,0.0,885.02,0.0,0.0,0.0,0.0,1.0,0.0,0.0,1.0,0.0,0.0,1.0,0.0,1.0,0.0,0.0,0.0,0.0,1.0,0.0,0
38.0,9.0,12.16,5928.0,0.0,1.0,1.0,1.0,81.25,0.0,0.0,4.0,0.0,1.0,0.0,1.0,1.0,1.0,1.0,3.0,0.0,1.0,1.0,1.0,7.0,580.1,0.0,85.12,47.36,0.0,1.0,1.0,0.0,0.0,1.0,0.0,0.0,1.0,0.0,0.0,1.0,0.0,0.0,0.0,1.0,0.0,0.0,0
32.0,3.0,25.48,4332.0,0.0,1.0,1.0,1.0,98.2,1.0,0.0,1.0,0.0,1.0,1.0,1.0,1.0,1.0,1.0,3.0,0.0,0.0,0.0,1.0,72.0,7015.9,0.0,1834.56,0.0,0.0,1.0,0.0,0.0,1.0,1.0,0.0,0.0,0.0,1.0,0.0,1.0,0.0,0.0,0.0,1.0,0.0,0.0,0
30.0,27.0,3.69,4422.0,0.0,1.0,1.0,0.0,75.35,0.0,0.0,0.0,0.0,0.0,1.0,0.0,1.0,1.0,0.0,3.0,0.0,1.0,1.0,1.0,29.0,2243.9,0.0,107.01,2.24,0.0,1.0,0.0,1.0,0.0,0.0,1.0,1.0,0.0,0.0,0.0,1.0,0.0,0.0,0.0,1.0,0.0,0.0,0
22.0,59.0,0.0,5717.0,0.0,1.0,1.0,1.0,60.25,0.0,0.0,7.0,0.0,1.0,0.0,1.0,0.0,1.0,1.0,3.0,0.0,1.0,1.0,1.0,69.0,4055.5,120.0,0.0,0.0,1.0,0.0,0.0,0.0,1.0,0.0,1.0,0.0,1.0,0.0,0.0,1.0,0.0,0.0,0.0,1.0,0.0,0.0,0
25.0,51.0,42.81,6483.0,0.0,0.0,1.0,1.0,85.6,1.0,0.0,9.0,0.0,0.0,1.0,1.0,1.0,0.0,1.0,4.0,0.0,0.0,0.0,1.0,56.0,4902.8,0.0,2397.36,0.0,1.0,1.0,1.0,0.0,0.0,1.0,0.0,0.0,0.0,1.0,0.0,1.0,0.0,0.0,0.0,1.0,0.0,0.0,0
80.0,30.0,31.91,4322.0,0.0,0.0,1.0,0.0,79.6,0.0,0.0,0.0,0.0,0.0,1.0,0.0,1.0,0.0,0.0,3.0,1.0,1.0,0.0,0.0,2.0,195.05,0.0,63.82,0.0,0.0,1.0,1.0,0.0,0.0,1.0,0.0,1.0,0.0,0.0,0.0,0.0,0.0,0.0,1.0,1.0,0.0,0.0,1
30.0,59.0,46.88,3520.0,0.0,0.0,1.0,0.0,75.9,1.0,0.0,0.0,0.0,0.0,1.0,0.0,1.0,0.0,0.0,2.0,0.0,0.0,0.0,0.0,5.0,357.75,0.0,234.4,0.0,0.0,1.0,1.0,0.0,0.0,0.0,1.0,0.0,0.0,1.0,0.0,1.0,0.0,0.0,0.0,1.0,0.0,0.0,1
43.0,0.0,24.65,2360.0,1.0,0.0,0.0,1.0,20.1,0.0,1.0,3.0,0.0,0.0,1.0,1.0,1.0,0.0,1.0,3.0,0.0,0.0,0.0,0.0,12.0,232.4,0.0,295.8,0.0,0.0,0.0,1.0,0.0,0.0,1.0,0.0,0.0,0.0,1.0,0.0,1.0,0.0,0.0,0.0,0.0,1.0,0.0,0
59.0,53.0,44.61,5341.0,1.0,1.0,1.0,1.0,87.55,1.0,3.0,1.0,1.0,1.0,1.0,1.0,1.0,1.0,1.0,4.0,0.0,1.0,1.0,1.0,72.0,6463.15,0.0,3211.92,0.0,0.0,1.0,0.0,0.0,1.0,0.0,1.0,0.0,1.0,0.0,0.0,1.0,0.0,0.0,0.0,1.0,0.0,0.0,0
52.0,17.0,27.87,4318.0,1.0,0.0,1.0,1.0,69.05,0.0,2.0,3.0,0.0,0.0,1.0,1.0,1.0,0.0,1.0,3.0,0.0,0.0,0.0,0.0,55.0,3842.6,0.0,1532.85,0.0,0.0,1.0,0.0,0.0,1.0,1.0,0.0,0.0,0.0,1.0,0.0,1.0,0.0,0.0,0.0,0.0,1.0,0.0,0
73.0,14.0,8.3,4887.0,0.0,1.0,1.0,1.0,110.55,1.0,0.0,2.0,0.0,1.0,1.0,1.0,1.0,1.0,1.0,3.0,1.0,1.0,0.0,1.0,69.0,7610.1,0.0,572.7,0.0,0.0,1.0,0.0,1.0,0.0,0.0,1.0,0.0,0.0,1.0,0.0,1.0,0.0,0.0,0.0,0.0,0.0,1.0,0
27.0,85.0,29.67,4380.0,1.0,0.0,1.0,1.0,85.5,1.0,1.0,1.0,1.0,1.0,1.0,1.0,1.0,0.0,1.0,3.0,0.0,0.0,0.0,0.0,68.0,5696.6,0.0,2017.56,0.0,1.0,1.0,0.0,1.0,0.0,0.0,1.0,0.0,0.0,1.0,0.0,1.0,0.0,0.0,0.0,1.0,0.0,0.0,0
49.0,28.0,15.15,5404.0,0.0,1.0,1.0,1.0,99.4,1.0,0.0,1.0,0.0,1.0,0.0,1.0,1.0,1.0,1.0,4.0,0.0,0.0,0.0,1.0,61.0,5943.65,0.0,924.15,0.0,0.0,1.0,1.0,0.0,0.0,0.0,1.0,0.0,0.0,1.0,0.0,1.0,0.0,0.0,0.0,1.0,0.0,0.0,0
53.0,12.0,0.0,5360.0,0.0,0.0,1.0,1.0,46.35,0.0,0.0,1.0,0.0,0.0,0.0,1.0,0.0,0.0,1.0,3.0,0.0,1.0,1.0,1.0,14.0,667.7,0.0,0.0,0.0,0.0,1.0,1.0,0.0,0.0,0.0,1.0,0.0,1.0,0.0,0.0,0.0,0.0,1.0,0.0,1.0,0.0,0.0,1
47.0,4.0,0.0,5268.0,0.0,1.0,1.0,0.0,35.2,0.0,0.0,0.0,0.0,1.0,1.0,0.0,0.0,0.0,0.0,3.0,0.0,0.0,0.0,0.0,43.0,1463.7,0.0,0.0,0.0,0.0,1.0,0.0,1.0,0.0,0.0,1.0,1.0,0.0,0.0,0.0,1.0,0.0,0.0,0.0,0.0,1.0,0.0,0
61.0,24.0,27.62,6092.0,0.0,0.0,1.0,0.0,69.9,0.0,0.0,0.0,1.0,1.0,1.0,0.0,1.0,1.0,0.0,4.0,0.0,0.0,0.0,1.0,54.0,3883.3,0.0,1491.48,0.0,0.0,1.0,1.0,0.0,0.0,0.0,1.0,1.0,0.0,0.0,0.0,1.0,0.0,0.0,0.0,0.0,1.0,0.0,0
38.0,2.0,15.62,3757.0,0.0,0.0,1.0,0.0,45.15,0.0,0.0,0.0,0.0,0.0,0.0,0.0,1.0,0.0,0.0,1.0,0.0,0.0,0.0,0.0,9.0,416.45,0.0,140.58,0.0,0.0,1.0,1.0,0.0,0.0,1.0,0.0,0.0,1.0,0.0,0.0,1.0,0.0,0.0,0.0,1.0,0.0,0.0,1
25.0,59.0,48.86,3391.0,0.0,0.0,1.0,0.0,80.2,0.0,0.0,0.0,0.0,0.0,0.0,0.0,1.0,0.0,0.0,3.0,0.0,0.0,0.0,1.0,5.0,384.25,0.0,244.3,0.0,1.0,1.0,1.0,0.0,0.0,1.0,0.0,0.0,0.0,1.0,0.0,0.0,0.0,0.0,1.0,1.0,0.0,0.0,0
76.0,19.0,30.16,4485.0,1.0,1.0,1.0,1.0,86.7,0.0,2.0,5.0,1.0,1.0,1.0,1.0,1.0,0.0,1.0,3.0,1.0,0.0,0.0,0.0,71.0,6179.35,0.0,2141.36,0.0,0.0,1.0,0.0,1.0,0.0,0.0,1.0,0.0,0.0,1.0,1.0,0.0,0.0,0.0,0.0,1.0,0.0,0.0,0
43.0,10.0,42.34,4131.0,0.0,0.0,1.0,0.0,45.15,0.0,0.0,0.0,0.0,0.0,0.0,0.0,1.0,0.0,0.0,3.0,0.0,0.0,0.0,0.0,1.0,45.15,0.0,42.34,0.0,0.0,1.0,1.0,0.0,0.0,1.0,0.0,0.0,1.0,0.0,0.0,1.0,0.0,0.0,0.0,0.0,1.0,0.0,0
37.0,4.0,13.01,2294.0,0.0,0.0,1.0,0.0,55.4,0.0,0.0,0.0,0.0,0.0,1.0,0.0,1.0,0.0,0.0,1.0,0.0,1.0,1.0,0.0,1.0,55.4,0.0,13.01,0.0,0.0,1.0,1.0,0.0,0.0,1.0,0.0,1.0,0.0,0.0,0.0,0.0,0.0,0.0,1.0,1.0,0.0,0.0,1
23.0,42.0,0.0,5455.0,0.0,0.0,1.0,0.0,40.35,0.0,0.0,0.0,0.0,0.0,1.0,0.0,0.0,1.0,0.0,4.0,0.0,1.0,1.0,0.0,30.0,1187.05,0.0,0.0,0.0,1.0,1.0,0.0,1.0,0.0,1.0,0.0,1.0,0.0,0.0,0.0,1.0,0.0,0.0,0.0,0.0,1.0,0.0,0
63.0,11.0,34.0,4673.0,0.0,0.0,1.0,0.0,75.2,0.0,0.0,0.0,0.0,1.0,1.0,0.0,1.0,0.0,0.0,1.0,0.0,0.0,0.0,0.0,43.0,3198.6,0.0,1462.0,0.0,0.0,1.0,1.0,0.0,0.0,0.0,1.0,0.0,0.0,1.0,0.0,1.0,0.0,0.0,0.0,1.0,0.0,0.0,1
79.0,0.0,25.57,3136.0,0.0,0.0,0.0,1.0,25.7,1.0,0.0,8.0,0.0,0.0,0.0,1.0,1.0,0.0,1.0,4.0,1.0,0.0,0.0,0.0,28.0,734.6,0.0,715.96,0.0,0.0,0.0,1.0,0.0,0.0,1.0,0.0,0.0,0.0,1.0,0.0,1.0,0.0,0.0,0.0,0.0,0.0,1.0,0
28.0,0.0,10.98,5394.0,0.0,0.0,0.0,0.0,20.2,0.0,0.0,0.0,0.0,0.0,1.0,0.0,1.0,0.0,0.0,1.0,0.0,0.0,0.0,0.0,1.0,20.2,0.0,10.98,0.0,1.0,0.0,1.0,0.0,0.0,0.0,1.0,0.0,0.0,1.0,0.0,0.0,0.0,0.0,1.0,1.0,0.0,0.0,1
50.0,23.0,47.91,5001.0,1.0,1.0,1.0,1.0,89.05,1.0,1.0,4.0,1.0,1.0,1.0,1.0,1.0,1.0,1.0,3.0,0.0,1.0,1.0,1.0,68.0,6185.8,0.0,3257.88,0.0,0.0,1.0,0.0,0.0,1.0,1.0,0.0,0.0,1.0,0.0,1.0,0.0,0.0,0.0,0.0,1.0,0.0,0.0,0
56.0,5.0,3.13,4815.0,0.0,0.0,1.0,0.0,79.95,0.0,0.0,0.0,0.0,0.0,1.0,0.0,1.0,0.0,0.0,3.0,0.0,0.0,0.0,1.0,1.0,79.95,0.0,3.13,0.0,0.0,1.0,1.0,0.0,0.0,0.0,1.0,0.0,0.0,1.0,0.0,0.0,0.0,0.0,1.0,1.0,0.0,0.0,1
50.0,21.0,8.44,3128.0,1.0,1.0,1.0,1.0,69.5,0.0,1.0,1.0,1.0,0.0,1.0,1.0,1.0,1.0,1.0,4.0,0.0,1.0,1.0,0.0,15.0,1071.4,0.0,126.6,0.0,0.0,1.0,1.0,0.0,0.0,0.0,1.0,1.0,0.0,0.0,0.0,1.0,0.0,0.0,0.0,0.0,1.0,0.0,0
57.0,5.0,22.48,2119.0,0.0,0.0,1.0,0.0,79.65,0.0,0.0,0.0,0.0,0.0,1.0,0.0,1.0,0.0,0.0,3.0,0.0,0.0,0.0,1.0,1.0,79.65,0.0,22.48,0.0,0.0,1.0,1.0,0.0,0.0,1.0,0.0,0.0,0.0,1.0,0.0,1.0,0.0,0.0,0.0,1.0,0.0,0.0,1
50.0,29.0,15.94,5958.0,1.0,0.0,1.0,1.0,83.65,1.0,2.0,1.0,1.0,0.0,1.0,1.0,1.0,1.0,1.0,4.0,0.0,0.0,0.0,0.0,68.0,5733.4,0.0,1083.92,46.99,0.0,1.0,0.0,1.0,0.0,1.0,0.0,0.0,0.0,1.0,1.0,0.0,0.0,0.0,0.0,1.0,0.0,0.0,0
26.0,46.0,15.41,3278.0,0.0,0.0,1.0,1.0,72.8,1.0,0.0,10.0,0.0,1.0,1.0,1.0,1.0,1.0,1.0,5.0,0.0,0.0,0.0,1.0,32.0,2333.05,0.0,493.12,0.0,1.0,1.0,0.0,1.0,0.0,0.0,1.0,0.0,1.0,0.0,0.0,1.0,0.0,0.0,0.0,0.0,1.0,0.0,0
71.0,2.0,5.87,3061.0,0.0,0.0,1.0,0.0,99.0,1.0,0.0,0.0,1.0,0.0,1.0,0.0,1.0,0.0,0.0,4.0,1.0,1.0,0.0,1.0,48.0,4744.35,0.0,281.76,0.0,0.0,1.0,0.0,1.0,0.0,0.0,1.0,0.0,0.0,1.0,0.0,1.0,0.0,0.0,0.0,1.0,0.0,0.0,0
45.0,18.0,3.94,2764.0,0.0,0.0,1.0,0.0,51.8,0.0,0.0,0.0,1.0,0.0,1.0,0.0,1.0,0.0,0.0,4.0,0.0,0.0,0.0,0.0,20.0,1023.85,0.0,78.8,0.0,0.0,1.0,1.0,0.0,0.0,0.0,1.0,0.0,1.0,0.0,0.0,0.0,0.0,1.0,0.0,0.0,1.0,0.0,0
64.0,12.0,0.0,3044.0,1.0,0.0,1.0,0.0,34.05,0.0,2.0,0.0,0.0,1.0,0.0,0.0,0.0,1.0,0.0,3.0,0.0,0.0,0.0,0.0,33.0,1113.95,0.0,0.0,0.0,0.0,1.0,0.0,1.0,0.0,0.0,1.0,1.0,0.0,0.0,0.0,1.0,0.0,0.0,0.0,0.0,1.0,0.0,0
58.0,29.0,8.35,4323.0,0.0,0.0,1.0,0.0,60.95,0.0,0.0,0.0,0.0,0.0,1.0,0.0,1.0,1.0,0.0,3.0,0.0,1.0,1.0,0.0,10.0,629.55,0.0,83.5,0.0,0.0,1.0,1.0,0.0,0.0,1.0,0.0,1.0,0.0,0.0,0.0,1.0,0.0,0.0,0.0,0.0,1.0,0.0,0
56.0,30.0,40.47,5207.0,0.0,0.0,1.0,1.0,74.8,0.0,0.0,1.0,0.0,1.0,1.0,1.0,1.0,1.0,1.0,1.0,0.0,1.0,1.0,1.0,65.0,4820.15,0.0,2630.55,0.0,0.0,1.0,0.0,0.0,1.0,0.0,1.0,0.0,1.0,0.0,0.0,1.0,0.0,0.0,0.0,1.0,0.0,0.0,1
53.0,7.0,0.0,3615.0,0.0,0.0,1.0,0.0,30.6,0.0,0.0,0.0,1.0,0.0,1.0,0.0,0.0,0.0,0.0,2.0,0.0,0.0,0.0,0.0,29.0,856.35,0.0,0.0,0.0,0.0,1.0,1.0,0.0,0.0,1.0,0.0,0.0,1.0,0.0,0.0,1.0,0.0,0.0,0.0,1.0,0.0,0.0,1
73.0,19.0,0.0,4694.0,0.0,0.0,1.0,0.0,25.2,0.0,0.0,0.0,0.0,0.0,1.0,0.0,0.0,0.0,0.0,3.0,1.0,0.0,0.0,0.0,4.0,102.5,0.0,0.0,0.0,0.0,1.0,1.0,0.0,0.0,0.0,1.0,0.0,1.0,0.0,0.0,0.0,0.0,0.0,1.0,1.0,0.0,0.0,1
30.0,42.0,0.0,6041.0,0.0,1.0,1.0,1.0,54.55,0.0,0.0,1.0,0.0,0.0,1.0,1.0,0.0,1.0,1.0,1.0,0.0,1.0,1.0,1.0,55.0,2978.3,50.0,0.0,0.0,0.0,0.0,1.0,0.0,0.0,0.0,1.0,0.0,1.0,0.0,0.0,1.0,0.0,0.0,0.0,1.0,0.0,0.0,1
45.0,19.0,17.26,3778.0,0.0,0.0,1.0,0.0,100.4,1.0,0.0,0.0,0.0,1.0,1.0,0.0,1.0,0.0,0.0,3.0,0.0,1.0,1.0,1.0,30.0,2936.25,0.0,517.8,0.0,0.0,1.0,1.0,0.0,0.0,0.0,1.0,0.0,0.0,1.0,0.0,0.0,1.0,0.0,0.0,1.0,0.0,0.0,0
30.0,69.0,40.25,4510.0,0.0,1.0,1.0,0.0,94.9,1.0,0.0,0.0,0.0,1.0,0.0,0.0,1.0,0.0,0.0,4.0,0.0,0.0,0.0,1.0,47.0,4615.25,0.0,1891.75,0.0,0.0,1.0,0.0,1.0,0.0,1.0,0.0,0.0,0.0,1.0,0.0,1.0,0.0,0.0,0.0,0.0,1.0,0.0,0
51.0,11.0,10.21,3111.0,1.0,1.0,1.0,1.0,81.3,1.0,2.0,9.0,1.0,1.0,0.0,1.0,1.0,1.0,1.0,3.0,0.0,0.0,0.0,1.0,45.0,3541.1,0.0,459.45,0.0,0.0,1.0,1.0,0.0,0.0,1.0,0.0,0.0,1.0,0.0,0.0,1.0,0.0,0.0,0.0,0.0,1.0,0.0,0
37.0,0.0,10.13,4878.0,1.0,0.0,0.0,1.0,20.55,0.0,3.0,10.0,0.0,0.0,0.0,1.0,1.0,0.0,1.0,4.0,0.0,0.0,0.0,0.0,50.0,1070.25,0.0,506.5,0.0,0.0,0.0,0.0,0.0,1.0,1.0,0.0,0.0,0.0,1.0,0.0,1.0,0.0,0.0,0.0,0.0,1.0,0.0,0
39.0,19.0,18.74,5584.0,1.0,0.0,1.0,1.0,95.1,1.0,2.0,8.0,1.0,1.0,1.0,1.0,1.0,0.0,1.0,3.0,0.0,0.0,0.0,1.0,72.0,6843.15,0.0,1349.28,0.0,0.0,1.0,0.0,0.0,1.0,1.0,0.0,0.0,0.0,1.0,0.0,1.0,0.0,0.0,0.0,1.0,0.0,0.0,0
24.0,47.0,9.97,4999.0,0.0,0.0,1.0,0.0,95.7,1.0,0.0,0.0,1.0,0.0,0.0,0.0,1.0,1.0,0.0,5.0,0.0,1.0,1.0,0.0,15.0,1451.1,0.0,149.55,0.0,1.0,1.0,1.0,0.0,0.0,0.0,1.0,0.0,0.0,1.0,0.0,1.0,0.0,0.0,0.0,1.0,0.0,0.0,0
24.0,73.0,41.21,4259.0,0.0,1.0,1.0,1.0,110.65,1.0,0.0,5.0,1.0,1.0,1.0,1.0,1.0,0.0,1.0,4.0,0.0,1.0,1.0,1.0,72.0,8065.65,0.0,2967.12,0.0,1.0,1.0,0.0,0.0,1.0,1.0,0.0,0.0,0.0,1.0,1.0,0.0,0.0,0.0,0.0,0.0,1.0,0.0,0
24.0,27.0,37.97,6082.0,1.0,1.0,1.0,1.0,114.35,1.0,3.0,7.0,1.0,1.0,1.0,1.0,1.0,1.0,1.0,4.0,0.0,1.0,1.0,1.0,69.0,7665.8,10.0,2619.93,0.0,1.0,0.0,0.0,0.0,1.0,0.0,1.0,0.0,0.0,1.0,1.0,0.0,0.0,0.0,0.0,1.0,0.0,0.0,0
27.0,0.0,3.41,5432.0,1.0,0.0,0.0,1.0,19.85,0.0,1.0,1.0,0.0,0.0,0.0,1.0,1.0,0.0,1.0,4.0,0.0,0.0,0.0,0.0,52.0,1070.5,0.0,177.32,0.0,1.0,0.0,0.0,0.0,1.0,1.0,0.0,0.0,0.0,1.0,0.0,1.0,0.0,0.0,0.0,0.0,0.0,1.0,0
74.0,22.0,45.25,4981.0,0.0,0.0,1.0,1.0,85.6,1.0,0.0,1.0,0.0,0.0,1.0,1.0,1.0,0.0,1.0,1.0,1.0,1.0,0.0,0.0,15.0,1345.55,0.0,678.75,0.0,0.0,1.0,1.0,0.0,0.0,0.0,1.0,1.0,0.0,0.0,0.0,1.0,0.0,0.0,0.0,1.0,0.0,0.0,1
20.0,52.0,21.72,3108.0,0.0,0.0,1.0,0.0,79.6,0.0,0.0,0.0,0.0,0.0,1.0,0.0,1.0,0.0,0.0,2.0,0.0,1.0,1.0,0.0,1.0,79.6,0.0,21.72,0.0,1.0,1.0,1.0,0.0,0.0,1.0,0.0,0.0,0.0,1.0,0.0,0.0,0.0,0.0,1.0,1.0,0.0,0.0,1
50.0,57.0,1.53,2775.0,1.0,0.0,1.0,1.0,89.7,0.0,3.0,5.0,1.0,0.0,1.0,1.0,1.0,1.0,1.0,4.0,0.0,0.0,0.0,1.0,35.0,3165.6,0.0,53.55,0.0,0.0,1.0,0.0,1.0,0.0,0.0,1.0,0.0,0.0,1.0,0.0,0.0,1.0,0.0,0.0,1.0,0.0,0.0,0
57.0,53.0,30.41,4275.0,1.0,0.0,1.0,1.0,105.25,1.0,3.0,1.0,1.0,1.0,1.0,1.0,1.0,0.0,1.0,3.0,0.0,1.0,1.0,1.0,48.0,4997.5,0.0,1459.68,1.66,0.0,1.0,1.0,0.0,0.0,1.0,0.0,0.0,0.0,1.0,0.0,1.0,0.0,0.0,0.0,0.0,1.0,0.0,0
25.0,58.0,48.48,5026.0,0.0,1.0,1.0,1.0,73.75,0.0,0.0,5.0,0.0,0.0,1.0,1.0,1.0,0.0,1.0,1.0,0.0,0.0,1.0,0.0,4.0,325.45,0.0,193.92,0.0,1.0,1.0,1.0,0.0,0.0,1.0,0.0,0.0,0.0,1.0,0.0,1.0,0.0,0.0,0.0,1.0,0.0,0.0,1
62.0,26.0,35.9,2404.0,0.0,0.0,1.0,1.0,83.75,1.0,0.0,1.0,0.0,0.0,1.0,1.0,1.0,0.0,1.0,3.0,0.0,0.0,0.0,1.0,26.0,2070.6,0.0,933.4,0.0,0.0,1.0,1.0,0.0,0.0,0.0,1.0,1.0,0.0,0.0,0.0,0.0,1.0,0.0,0.0,1.0,0.0,0.0,1
25.0,51.0,22.77,5698.0,0.0,0.0,1.0,0.0,55.15,0.0,0.0,0.0,0.0,0.0,0.0,0.0,1.0,0.0,0.0,2.0,0.0,0.0,1.0,1.0,3.0,159.15,0.0,68.31,0.0,1.0,1.0,1.0,0.0,0.0,0.0,1.0,0.0,1.0,0.0,0.0,0.0,0.0,0.0,1.0,0.0,1.0,0.0,1
61.0,27.0,0.0,6347.0,0.0,1.0,1.0,1.0,47.85,0.0,0.0,5.0,0.0,1.0,0.0,1.0,0.0,1.0,1.0,1.0,0.0,1.0,1.0,0.0,64.0,3147.5,0.0,0.0,0.0,0.0,1.0,0.0,0.0,1.0,1.0,0.0,0.0,1.0,0.0,0.0,1.0,0.0,0.0,0.0,1.0,0.0,0.0,1
47.0,53.0,16.22,2950.0,1.0,1.0,1.0,1.0,75.7,0.0,3.0,8.0,1.0,1.0,1.0,1.0,1.0,1.0,1.0,3.0,0.0,0.0,0.0,1.0,7.0,554.05,0.0,113.54,0.0,0.0,1.0,1.0,0.0,0.0,1.0,0.0,0.0,1.0,0.0,0.0,1.0,0.0,0.0,0.0,1.0,0.0,0.0,0
36.0,8.0,6.86,5091.0,0.0,0.0,1.0,0.0,53.9,0.0,0.0,0.0,1.0,0.0,1.0,0.0,1.0,1.0,0.0,3.0,0.0,0.0,0.0,0.0,16.0,834.15,40.0,109.76,0.0,0.0,0.0,1.0,0.0,0.0,1.0,0.0,0.0,1.0,0.0,0.0,0.0,0.0,1.0,0.0,0.0,1.0,0.0,1
46.0,28.0,4.7,6307.0,0.0,0.0,1.0,1.0,84.95,1.0,0.0,1.0,1.0,1.0,1.0,1.0,1.0,1.0,1.0,4.0,0.0,1.0,1.0,1.0,62.0,5150.55,0.0,291.4,4.68,0.0,1.0,0.0,0.0,1.0,1.0,0.0,1.0,0.0,0.0,0.0,1.0,0.0,0.0,0.0,1.0,0.0,0.0,0
66.0,22.0,26.22,5527.0,0.0,1.0,1.0,0.0,55.8,0.0,0.0,0.0,0.0,1.0,1.0,0.0,1.0,0.0,0.0,1.0,1.0,0.0,0.0,0.0,1.0,55.8,0.0,26.22,0.0,0.0,1.0,1.0,0.0,0.0,1.0,0.0,1.0,0.0,0.0,0.0,0.0,0.0,0.0,1.0,1.0,0.0,0.0,1
41.0,8.0,38.82,3997.0,0.0,1.0,1.0,1.0,70.55,1.0,0.0,7.0,1.0,0.0,1.0,1.0,1.0,0.0,1.0,4.0,0.0,1.0,1.0,0.0,48.0,3420.5,0.0,1863.36,0.0,0.0,1.0,0.0,1.0,0.0,0.0,1.0,1.0,0.0,0.0,0.0,1.0,0.0,0.0,0.0,0.0,1.0,0.0,0
43.0,17.0,15.73,4305.0,1.0,1.0,1.0,1.0,99.0,1.0,2.0,4.0,1.0,1.0,1.0,1.0,1.0,0.0,1.0,3.0,0.0,0.0,0.0,1.0,71.0,7061.65,0.0,1116.83,0.0,0.0,1.0,0.0,0.0,1.0,1.0,0.0,0.0,0.0,1.0,1.0,0.0,0.0,0.0,0.0,0.0,1.0,0.0,0
26.0,85.0,23.63,5654.0,0.0,0.0,1.0,0.0,60.1,1.0,0.0,0.0,1.0,0.0,0.0,0.0,1.0,1.0,0.0,1.0,0.0,0.0,0.0,0.0,1.0,60.1,0.0,23.63,0.0,1.0,1.0,1.0,0.0,0.0,0.0,1.0,1.0,0.0,0.0,0.0,0.0,0.0,0.0,1.0,0.0,0.0,1.0,1
42.0,23.0,20.07,5903.0,0.0,1.0,1.0,0.0,108.95,1.0,0.0,0.0,0.0,1.0,1.0,0.0,1.0,1.0,0.0,3.0,0.0,1.0,1.0,1.0,35.0,4025.5,0.0,702.45,0.0,0.0,1.0,0.0,0.0,1.0,0.0,1.0,0.0,0.0,1.0,0.0,1.0,0.0,0.0,0.0,1.0,0.0,0.0,0
30.0,51.0,7.41,4870.0,0.0,1.0,1.0,0.0,60.25,0.0,0.0,0.0,0.0,1.0,1.0,0.0,1.0,1.0,0.0,4.0,0.0,0.0,0.0,0.0,21.0,1258.35,0.0,155.61,0.0,0.0,1.0,0.0,1.0,0.0,1.0,0.0,0.0,1.0,0.0,0.0,1.0,0.0,0.0,0.0,1.0,0.0,0.0,0
65.0,26.0,33.25,4687.0,0.0,1.0,1.0,1.0,105.65,1.0,0.0,1.0,1.0,0.0,1.0,1.0,1.0,0.0,1.0,3.0,1.0,1.0,1.0,1.0,39.0,4284.8,0.0,1296.75,0.0,0.0,1.0,1.0,0.0,0.0,0.0,1.0,0.0,0.0,1.0,0.0,1.0,0.0,0.0,0.0,1.0,0.0,0.0,1
47.0,26.0,32.74,3809.0,0.0,0.0,1.0,0.0,55.0,0.0,0.0,0.0,0.0,0.0,1.0,0.0,1.0,0.0,0.0,1.0,0.0,0.0,0.0,1.0,1.0,55.0,0.0,32.74,0.0,0.0,1.0,1.0,0.0,0.0,1.0,0.0,0.0,1.0,0.0,0.0,1.0,0.0,0.0,0.0,0.0,1.0,0.0,1
59.0,15.0,42.08,5461.0,0.0,1.0,1.0,1.0,110.7,1.0,0.0,9.0,0.0,1.0,1.0,1.0,1.0,1.0,1.0,3.0,0.0,1.0,1.0,1.0,38.0,4428.6,0.0,1599.04,0.0,0.0,1.0,0.0,1.0,0.0,0.0,1.0,0.0,0.0,1.0,0.0,0.0,1.0,0.0,0.0,1.0,0.0,0.0,0
75.0,28.0,9.67,5030.0,0.0,1.0,1.0,0.0,106.15,1.0,0.0,0.0,1.0,0.0,1.0,0.0,1.0,0.0,0.0,1.0,1.0,1.0,0.0,1.0,28.0,3152.5,0.0,270.76,0.0,0.0,1.0,1.0,0.0,0.0,1.0,0.0,0.0,0.0,1.0,0.0,0.0,1.0,0.0,0.0,1.0,0.0,0.0,1
47.0,14.0,22.71,5709.0,0.0,0.0,1.0,0.0,79.8,1.0,0.0,0.0,0.0,1.0,1.0,0.0,1.0,0.0,0.0,4.0,0.0,0.0,0.0,0.0,58.0,4526.85,0.0,1317.18,0.0,0.0,1.0,1.0,0.0,0.0,1.0,0.0,0.0,0.0,1.0,0.0,1.0,0.0,0.0,0.0,1.0,0.0,0.0,0
51.0,0.0,20.6,4368.0,1.0,0.0,0.0,1.0,21.1,0.0,3.0,9.0,0.0,0.0,1.0,1.0,1.0,0.0,1.0,5.0,0.0,0.0,0.0,0.0,24.0,490.65,0.0,494.4,0.0,0.0,0.0,0.0,0.0,1.0,1.0,0.0,0.0,0.0,1.0,0.0,0.0,1.0,0.0,0.0,0.0,1.0,0.0,0
60.0,26.0,42.04,2761.0,0.0,0.0,1.0,1.0,54.15,0.0,0.0,1.0,1.0,0.0,1.0,1.0,1.0,1.0,1.0,2.0,0.0,0.0,0.0,0.0,45.0,2319.8,0.0,1891.8,0.0,0.0,1.0,0.0,1.0,0.0,1.0,0.0,1.0,0.0,0.0,0.0,1.0,0.0,0.0,0.0,0.0,1.0,0.0,1
39.0,17.0,0.0,5281.0,1.0,0.0,1.0,1.0,50.9,0.0,2.0,2.0,0.0,1.0,0.0,1.0,0.0,0.0,1.0,4.0,0.0,1.0,1.0,1.0,67.0,3281.65,0.0,0.0,0.0,0.0,1.0,0.0,0.0,1.0,0.0,1.0,0.0,1.0,0.0,1.0,0.0,0.0,0.0,0.0,0.0,1.0,0.0,0
28.0,42.0,21.8,4750.0,0.0,0.0,1.0,0.0,74.25,1.0,0.0,0.0,0.0,0.0,1.0,0.0,1.0,0.0,0.0,1.0,0.0,0.0,0.0,0.0,1.0,74.25,0.0,21.8,0.0,1.0,1.0,1.0,0.0,0.0,0.0,1.0,0.0,0.0,1.0,0.0,1.0,0.0,0.0,0.0,0.0,0.0,1.0,1
35.0,76.0,48.04,6399.0,1.0,0.0,1.0,1.0,94.15,1.0,3.0,1.0,1.0,1.0,0.0,1.0,1.0,0.0,1.0,4.0,0.0,0.0,0.0,1.0,60.0,5811.8,0.0,2882.4,0.0,0.0,1.0,0.0,1.0,0.0,1.0,0.0,0.0,0.0,1.0,0.0,1.0,0.0,0.0,0.0,1.0,0.0,0.0,0
42.0,0.0,21.59,4939.0,0.0,0.0,0.0,0.0,20.15,0.0,0.0,0.0,0.0,0.0,1.0,0.0,1.0,0.0,0.0,3.0,0.0,0.0,0.0,0.0,1.0,20.15,0.0,21.59,0.0,0.0,0.0,1.0,0.0,0.0,1.0,0.0,0.0,0.0,1.0,0.0,0.0,0.0,0.0,1.0,0.0,0.0,1.0,1
38.0,26.0,0.0,3958.0,0.0,0.0,1.0,0.0,35.55,0.0,0.0,0.0,0.0,0.0,1.0,0.0,0.0,0.0,0.0,1.0,0.0,1.0,1.0,0.0,1.0,35.55,0.0,0.0,0.0,0.0,1.0,1.0,0.0,0.0,0.0,1.0,0.0,1.0,0.0,0.0,1.0,0.0,0.0,0.0,1.0,0.0,0.0,1
42.0,17.0,35.96,3740.0,0.0,0.0,1.0,1.0,50.3,0.0,0.0,4.0,0.0,0.0,1.0,1.0,1.0,1.0,1.0,3.0,0.0,0.0,0.0,0.0,18.0,908.75,0.0,647.28,0.0,0.0,1.0,1.0,0.0,0.0,1.0,0.0,0.0,1.0,0.0,0.0,0.0,0.0,1.0,0.0,0.0,1.0,0.0,0
30.0,48.0,29.14,5807.0,1.0,0.0,1.0,1.0,71.35,0.0,2.0,4.0,1.0,1.0,1.0,1.0,1.0,1.0,1.0,4.0,0.0,1.0,1.0,0.0,40.0,2847.2,0.0,1165.6,0.0,0.0,1.0,1.0,0.0,0.0,1.0,0.0,0.0,1.0,0.0,0.0,1.0,0.0,0.0,0.0,0.0,1.0,0.0,0
46.0,20.0,36.52,4033.0,0.0,0.0,1.0,0.0,76.4,0.0,0.0,0.0,0.0,1.0,0.0,0.0,1.0,0.0,0.0,4.0,0.0,0.0,0.0,0.0,11.0,838.7,0.0,401.72,0.0,0.0,1.0,1.0,0.0,0.0,1.0,0.0,0.0,0.0,1.0,0.0,1.0,0.0,0.0,0.0,1.0,0.0,0.0,0
39.0,13.0,20.14,4933.0,0.0,1.0,1.0,0.0,66.15,1.0,0.0,0.0,1.0,1.0,1.0,0.0,1.0,0.0,0.0,4.0,0.0,0.0,0.0,0.0,38.0,2522.4,0.0,765.32,0.0,0.0,1.0,1.0,0.0,0.0,1.0,0.0,0.0,1.0,0.0,0.0,1.0,0.0,0.0,0.0,1.0,0.0,0.0,0
39.0,29.0,44.55,5004.0,0.0,1.0,1.0,1.0,89.4,1.0,0.0,6.0,1.0,1.0,1.0,1.0,1.0,1.0,1.0,3.0,0.0,1.0,1.0,1.0,63.0,5597.65,0.0,2806.65,0.0,0.0,1.0,0.0,0.0,1.0,0.0,1.0,0.0,1.0,0.0,0.0,1.0,0.0,0.0,0.0,0.0,1.0,0.0,0
66.0,30.0,27.0,5831.0,0.0,1.0,1.0,0.0,55.65,1.0,0.0,0.0,0.0,0.0,0.0,0.0,1.0,0.0,0.0,4.0,1.0,0.0,0.0,0.0,42.0,2421.75,0.0,1134.0,0.0,0.0,1.0,1.0,0.0,0.0,1.0,0.0,1.0,0.0,0.0,0.0,1.0,0.0,0.0,0.0,1.0,0.0,0.0,0
38.0,27.0,42.46,4996.0,0.0,0.0,1.0,0.0,89.55,0.0,0.0,0.0,0.0,0.0,1.0,0.0,1.0,0.0,0.0,2.0,0.0,1.0,1.0,1.0,1.0,89.55,0.0,42.46,0.0,0.0,1.0,1.0,0.0,0.0,0.0,1.0,1.0,0.0,0.0,0.0,0.0,0.0,0.0,1.0,1.0,0.0,0.0,1
76.0,8.0,45.67,3906.0,0.0,1.0,1.0,1.0,110.85,1.0,0.0,6.0,1.0,0.0,1.0,1.0,1.0,1.0,1.0,4.0,1.0,1.0,0.0,1.0,28.0,3204.4,0.0,1278.76,0.0,0.0,1.0,0.0,1.0,0.0,1.0,0.0,0.0,0.0,1.0,0.0,0.0,1.0,0.0,0.0,1.0,0.0,0.0,0
21.0,41.0,8.71,6322.0,0.0,1.0,1.0,0.0,85.25,1.0,0.0,0.0,0.0,1.0,1.0,0.0,1.0,1.0,0.0,4.0,0.0,1.0,1.0,1.0,67.0,5714.2,0.0,583.57,1.31,1.0,1.0,0.0,0.0,1.0,1.0,0.0,0.0,1.0,0.0,1.0,0.0,0.0,0.0,0.0,0.0,0.0,1.0,0
60.0,0.0,26.98,5374.0,0.0,0.0,0.0,1.0,26.0,1.0,0.0,8.0,0.0,0.0,1.0,1.0,1.0,0.0,1.0,4.0,0.0,0.0,0.0,0.0,72.0,1776.0,0.0,1942.56,0.0,0.0,0.0,0.0,0.0,1.0,1.0,0.0,0.0,0.0,1.0,1.0,0.0,0.0,0.0,0.0,0.0,1.0,0.0,0
55.0,29.0,0.0,3891.0,0.0,0.0,1.0,1.0,25.15,0.0,0.0,1.0,0.0,0.0,1.0,1.0,0.0,0.0,1.0,4.0,0.0,0.0,0.0,0.0,4.0,99.95,0.0,0.0,0.0,0.0,1.0,1.0,0.0,0.0,1.0,0.0,0.0,1.0,0.0,0.0,1.0,0.0,0.0,0.0,1.0,0.0,0.0,0
25.0,0.0,18.63,3960.0,1.0,0.0,0.0,1.0,20.15,0.0,2.0,7.0,0.0,0.0,1.0,1.0,1.0,0.0,1.0,3.0,0.0,0.0,0.0,0.0,1.0,20.15,0.0,18.63,0.0,1.0,0.0,1.0,0.0,0.0,0.0,1.0,0.0,0.0,1.0,0.0,0.0,0.0,0.0,1.0,1.0,0.0,0.0,0
53.0,19.0,3.3,4103.0,1.0,1.0,1.0,1.0,109.4,1.0,2.0,7.0,0.0,1.0,1.0,1.0,1.0,1.0,1.0,3.0,0.0,1.0,1.0,1.0,67.0,7281.6,0.0,221.1,38.34,0.0,1.0,0.0,1.0,0.0,1.0,0.0,0.0,0.0,1.0,0.0,1.0,0.0,0.0,0.0,1.0,0.0,0.0,0
42.0,19.0,22.03,2457.0,0.0,0.0,1.0,1.0,70.1,0.0,0.0,1.0,0.0,0.0,1.0,1.0,1.0,0.0,1.0,2.0,0.0,0.0,0.0,0.0,10.0,659.65,0.0,220.3,34.69,0.0,1.0,1.0,0.0,0.0,0.0,1.0,0.0,0.0,1.0,0.0,1.0,0.0,0.0,0.0,1.0,0.0,0.0,1
63.0,0.0,37.95,4934.0,0.0,0.0,0.0,0.0,19.75,0.0,0.0,0.0,0.0,0.0,0.0,0.0,1.0,0.0,0.0,4.0,0.0,0.0,0.0,0.0,50.0,989.05,0.0,1897.5,0.0,0.0,0.0,0.0,1.0,0.0,1.0,0.0,0.0,0.0,1.0,0.0,1.0,0.0,0.0,0.0,1.0,0.0,0.0,0
48.0,0.0,46.86,4298.0,0.0,0.0,0.0,1.0,19.6,0.0,0.0,1.0,0.0,0.0,0.0,1.0,1.0,0.0,1.0,3.0,0.0,0.0,0.0,0.0,16.0,314.45,0.0,749.76,26.83,0.0,0.0,1.0,0.0,0.0,1.0,0.0,0.0,0.0,1.0,0.0,1.0,0.0,0.0,0.0,0.0,1.0,0.0,0
42.0,0.0,25.53,2017.0,0.0,0.0,0.0,0.0,25.7,1.0,0.0,0.0,0.0,0.0,1.0,0.0,1.0,0.0,0.0,4.0,0.0,0.0,0.0,0.0,43.0,1188.2,0.0,1097.79,0.0,0.0,0.0,0.0,0.0,1.0,1.0,0.0,0.0,0.0,1.0,0.0,1.0,0.0,0.0,0.0,0.0,1.0,0.0,0
39.0,0.0,6.75,4118.0,0.0,0.0,0.0,0.0,25.45,1.0,0.0,0.0,0.0,0.0,0.0,0.0,1.0,0.0,0.0,4.0,0.0,0.0,0.0,0.0,72.0,1866.45,0.0,486.0,0.0,0.0,0.0,0.0,0.0,1.0,1.0,0.0,0.0,0.0,1.0,1.0,0.0,0.0,0.0,0.0,0.0,1.0,0.0,0
35.0,16.0,24.35,6468.0,0.0,0.0,1.0,0.0,92.3,1.0,0.0,0.0,1.0,1.0,1.0,0.0,1.0,0.0,0.0,4.0,0.0,1.0,1.0,0.0,62.0,5731.45,0.0,1509.7,0.0,0.0,1.0,0.0,1.0,0.0,0.0,1.0,0.0,0.0,1.0,0.0,1.0,0.0,0.0,0.0,1.0,0.0,0.0,0
66.0,0.0,30.72,4329.0,0.0,0.0,0.0,1.0,23.95,1.0,0.0,7.0,0.0,0.0,0.0,1.0,1.0,0.0,1.0,3.0,1.0,0.0,0.0,0.0,71.0,1756.2,0.0,2181.12,0.0,0.0,0.0,0.0,0.0,1.0,0.0,1.0,0.0,0.0,1.0,1.0,0.0,0.0,0.0,0.0,1.0,0.0,0.0,0
31.0,0.0,43.68,5137.0,1.0,0.0,0.0,1.0,19.8,0.0,1.0,1.0,0.0,0.0,0.0,1.0,1.0,0.0,1.0,4.0,0.0,0.0,0.0,0.0,37.0,677.05,0.0,1616.16,29.21,0.0,0.0,0.0,1.0,0.0,0.0,1.0,0.0,0.0,1.0,0.0,1.0,0.0,0.0,0.0,0.0,1.0,0.0,0
40.0,75.0,33.67,5952.0,1.0,0.0,1.0,1.0,84.8,1.0,3.0,9.0,1.0,0.0,1.0,1.0,1.0,1.0,1.0,3.0,0.0,0.0,0.0,0.0,71.0,6152.4,0.0,2390.57,0.0,0.0,1.0,0.0,0.0,1.0,0.0,1.0,0.0,0.0,1.0,0.0,1.0,0.0,0.0,0.0,1.0,0.0,0.0,0
56.0,24.0,0.0,3106.0,1.0,1.0,1.0,0.0,30.1,0.0,2.0,0.0,0.0,0.0,0.0,0.0,0.0,0.0,0.0,3.0,0.0,0.0,0.0,0.0,39.0,1131.3,150.0,0.0,0.0,0.0,0.0,1.0,0.0,0.0,1.0,0.0,0.0,1.0,0.0,0.0,1.0,0.0,0.0,0.0,0.0,1.0,0.0,1
63.0,0.0,4.76,3595.0,0.0,0.0,0.0,0.0,20.55,0.0,0.0,0.0,0.0,0.0,1.0,0.0,1.0,0.0,0.0,3.0,0.0,0.0,0.0,0.0,10.0,187.35,0.0,47.6,0.0,0.0,0.0,1.0,0.0,0.0,1.0,0.0,0.0,0.0,1.0,0.0,1.0,0.0,0.0,0.0,0.0,0.0,1.0,0
54.0,0.0,1.41,5508.0,0.0,0.0,0.0,0.0,23.5,1.0,0.0,0.0,0.0,0.0,0.0,0.0,1.0,0.0,0.0,4.0,0.0,0.0,0.0,0.0,7.0,173.0,0.0,9.87,0.0,0.0,0.0,1.0,0.0,0.0,0.0,1.0,0.0,0.0,1.0,0.0,0.0,0.0,0.0,1.0,0.0,1.0,0.0,0
31.0,24.0,8.51,4461.0,1.0,1.0,1.0,1.0,90.45,1.0,3.0,7.0,1.0,0.0,0.0,1.0,1.0,1.0,1.0,3.0,0.0,0.0,0.0,0.0,72.0,6565.85,0.0,612.72,0.0,0.0,1.0,0.0,0.0,1.0,0.0,1.0,0.0,0.0,1.0,1.0,0.0,0.0,0.0,0.0,1.0,0.0,0.0,0
51.0,21.0,12.27,5447.0,0.0,1.0,1.0,0.0,80.6,1.0,0.0,0.0,1.0,1.0,0.0,0.0,1.0,1.0,0.0,4.0,0.0,1.0,1.0,0.0,71.0,5708.2,0.0,871.17,0.0,0.0,1.0,0.0,0.0,1.0,0.0,1.0,0.0,1.0,0.0,0.0,1.0,0.0,0.0,0.0,1.0,0.0,0.0,0
21.0,71.0,14.6,4415.0,1.0,0.0,1.0,0.0,74.4,1.0,2.0,0.0,0.0,0.0,1.0,0.0,1.0,0.0,0.0,1.0,0.0,0.0,1.0,0.0,3.0,229.55,0.0,43.8,8.74,1.0,1.0,1.0,0.0,0.0,0.0,1.0,0.0,0.0,1.0,0.0,0.0,0.0,0.0,1.0,1.0,0.0,0.0,1
68.0,28.0,21.57,3685.0,0.0,1.0,1.0,0.0,88.55,1.0,0.0,0.0,0.0,0.0,1.0,0.0,1.0,0.0,0.0,1.0,1.0,1.0,1.0,0.0,2.0,179.25,0.0,43.14,0.0,0.0,1.0,1.0,0.0,0.0,1.0,0.0,0.0,0.0,1.0,0.0,1.0,0.0,0.0,0.0,1.0,0.0,0.0,1
32.0,18.0,42.55,4741.0,0.0,0.0,1.0,0.0,78.1,0.0,0.0,0.0,0.0,0.0,0.0,0.0,1.0,0.0,0.0,3.0,0.0,1.0,1.0,0.0,12.0,947.3,0.0,510.6,0.0,0.0,1.0,1.0,0.0,0.0,1.0,0.0,0.0,0.0,1.0,0.0,0.0,0.0,1.0,0.0,1.0,0.0,0.0,1
67.0,10.0,43.19,4537.0,0.0,1.0,1.0,0.0,81.35,1.0,0.0,0.0,1.0,1.0,0.0,0.0,1.0,1.0,0.0,4.0,1.0,1.0,1.0,0.0,49.0,4060.9,0.0,2116.31,0.0,0.0,1.0,0.0,0.0,1.0,0.0,1.0,1.0,0.0,0.0,0.0,1.0,0.0,0.0,0.0,0.0,1.0,0.0,0
55.0,8.0,9.04,2499.0,0.0,1.0,1.0,0.0,55.8,0.0,0.0,0.0,1.0,0.0,0.0,0.0,1.0,0.0,0.0,3.0,0.0,0.0,0.0,0.0,23.0,1327.85,0.0,207.92,0.0,0.0,1.0,0.0,1.0,0.0,1.0,0.0,0.0,1.0,0.0,0.0,0.0,0.0,1.0,0.0,1.0,0.0,0.0,0
44.0,21.0,27.24,2131.0,1.0,0.0,1.0,1.0,61.45,0.0,1.0,4.0,0.0,0.0,0.0,1.0,1.0,1.0,1.0,2.0,0.0,1.0,1.0,0.0,4.0,229.55,0.0,108.96,0.0,0.0,1.0,1.0,0.0,0.0,0.0,1.0,0.0,1.0,0.0,0.0,1.0,0.0,0.0,0.0,0.0,1.0,0.0,1
72.0,11.0,16.94,2420.0,0.0,1.0,1.0,0.0,88.3,1.0,0.0,0.0,0.0,0.0,0.0,0.0,1.0,0.0,0.0,3.0,1.0,1.0,0.0,0.0,27.0,2467.75,0.0,457.38,0.0,0.0,1.0,1.0,0.0,0.0,1.0,0.0,0.0,0.0,1.0,0.0,1.0,0.0,0.0,0.0,0.0,1.0,0.0,1
76.0,19.0,38.85,5269.0,0.0,1.0,1.0,0.0,101.4,1.0,0.0,0.0,0.0,0.0,1.0,0.0,1.0,0.0,0.0,4.0,1.0,1.0,0.0,1.0,67.0,6841.05,0.0,2602.95,0.0,0.0,1.0,0.0,0.0,1.0,0.0,1.0,0.0,0.0,1.0,0.0,1.0,0.0,0.0,0.0,0.0,1.0,0.0,0
79.0,24.0,48.02,4828.0,0.0,0.0,1.0,1.0,101.5,1.0,0.0,1.0,0.0,0.0,1.0,1.0,1.0,1.0,1.0,5.0,1.0,1.0,0.0,1.0,30.0,2917.65,0.0,1440.6,0.0,0.0,1.0,1.0,0.0,0.0,0.0,1.0,0.0,0.0,1.0,0.0,0.0,1.0,0.0,0.0,1.0,0.0,0.0,0
31.0,24.0,37.99,5680.0,0.0,0.0,1.0,0.0,105.35,1.0,0.0,0.0,0.0,1.0,1.0,0.0,1.0,1.0,0.0,3.0,0.0,1.0,1.0,1.0,56.0,5794.45,0.0,2127.44,0.0,0.0,1.0,1.0,0.0,0.0,0.0,1.0,0.0,0.0,1.0,0.0,1.0,0.0,0.0,0.0,0.0,1.0,0.0,0
52.0,0.0,25.86,6186.0,1.0,0.0,0.0,1.0,20.5,0.0,2.0,10.0,0.0,0.0,0.0,1.0,1.0,0.0,1.0,4.0,0.0,0.0,0.0,0.0,58.0,1191.4,0.0,1499.88,36.92,0.0,0.0,0.0,0.0,1.0,1.0,0.0,0.0,0.0,1.0,0.0,1.0,0.0,0.0,0.0,0.0,1.0,0.0,0
24.0,0.0,11.35,4785.0,0.0,0.0,0.0,1.0,20.15,0.0,0.0,1.0,0.0,0.0,0.0,1.0,1.0,0.0,1.0,3.0,0.0,0.0,0.0,0.0,8.0,156.25,0.0,90.8,0.0,1.0,0.0,1.0,0.0,0.0,1.0,0.0,0.0,0.0,1.0,0.0,1.0,0.0,0.0,0.0,1.0,0.0,0.0,1
27.0,46.0,43.06,4669.0,0.0,0.0,1.0,0.0,79.9,0.0,0.0,0.0,0.0,0.0,1.0,0.0,1.0,0.0,0.0,1.0,0.0,1.0,1.0,0.0,4.0,324.3,0.0,172.24,0.0,1.0,1.0,1.0,0.0,0.0,0.0,1.0,0.0,0.0,1.0,0.0,0.0,0.0,0.0,1.0,1.0,0.0,0.0,1
65.0,26.0,16.04,3856.0,0.0,1.0,1.0,0.0,69.1,1.0,0.0,0.0,0.0,0.0,1.0,0.0,1.0,1.0,0.0,3.0,1.0,1.0,1.0,0.0,46.0,3255.35,0.0,737.84,0.0,0.0,1.0,0.0,1.0,0.0,1.0,0.0,0.0,1.0,0.0,0.0,1.0,0.0,0.0,0.0,0.0,1.0,0.0,0
32.0,25.0,0.0,5534.0,0.0,1.0,1.0,0.0,41.35,0.0,0.0,0.0,0.0,1.0,0.0,0.0,0.0,1.0,0.0,3.0,0.0,0.0,0.0,0.0,3.0,107.25,0.0,0.0,0.0,0.0,1.0,1.0,0.0,0.0,0.0,1.0,1.0,0.0,0.0,0.0,1.0,0.0,0.0,0.0,0.0,1.0,0.0,0
61.0,21.0,23.02,5898.0,1.0,1.0,1.0,1.0,59.8,1.0,3.0,9.0,1.0,0.0,1.0,1.0,1.0,0.0,1.0,5.0,0.0,0.0,0.0,0.0,54.0,3246.45,0.0,1243.08,0.0,0.0,1.0,0.0,0.0,1.0,1.0,0.0,1.0,0.0,0.0,0.0,1.0,0.0,0.0,0.0,1.0,0.0,0.0,0
27.0,59.0,1.63,2172.0,0.0,0.0,1.0,0.0,84.3,0.0,0.0,0.0,1.0,0.0,0.0,0.0,1.0,0.0,0.0,1.0,0.0,0.0,0.0,1.0,1.0,84.3,10.0,1.63,0.0,1.0,0.0,1.0,0.0,0.0,1.0,0.0,0.0,0.0,1.0,0.0,1.0,0.0,0.0,0.0,1.0,0.0,0.0,1
64.0,0.0,20.96,6444.0,1.0,0.0,0.0,1.0,20.05,0.0,1.0,5.0,0.0,0.0,0.0,1.0,1.0,0.0,1.0,5.0,0.0,0.0,0.0,0.0,62.0,1263.9,0.0,1299.52,0.0,0.0,0.0,0.0,0.0,1.0,0.0,1.0,0.0,0.0,1.0,0.0,1.0,0.0,0.0,0.0,0.0,1.0,0.0,0
20.0,71.0,10.7,4105.0,0.0,1.0,1.0,0.0,105.9,1.0,0.0,0.0,1.0,0.0,1.0,0.0,1.0,0.0,0.0,2.0,0.0,1.0,1.0,1.0,60.0,6396.45,0.0,642.0,0.0,1.0,1.0,1.0,0.0,0.0,1.0,0.0,0.0,0.0,1.0,0.0,1.0,0.0,0.0,0.0,1.0,0.0,0.0,1
62.0,0.0,10.32,4116.0,0.0,0.0,0.0,0.0,18.7,0.0,0.0,0.0,0.0,0.0,0.0,0.0,1.0,0.0,0.0,5.0,0.0,0.0,0.0,0.0,53.0,1005.7,0.0,546.96,0.0,0.0,0.0,0.0,0.0,1.0,1.0,0.0,0.0,0.0,1.0,0.0,1.0,0.0,0.0,0.0,0.0,0.0,1.0,0
62.0,29.0,37.49,3982.0,0.0,1.0,1.0,1.0,78.95,1.0,0.0,0.0,0.0,0.0,1.0,1.0,1.0,0.0,0.0,3.0,0.0,0.0,0.0,0.0,37.0,2839.65,0.0,1387.13,0.0,0.0,1.0,1.0,0.0,0.0,1.0,0.0,0.0,0.0,1.0,0.0,1.0,0.0,0.0,0.0,0.0,1.0,0.0,1
46.0,24.0,26.44,5667.0,0.0,0.0,1.0,0.0,69.75,0.0,0.0,0.0,0.0,0.0,0.0,0.0,1.0,0.0,0.0,1.0,0.0,0.0,0.0,0.0,2.0,144.55,0.0,52.88,0.0,0.0,1.0,1.0,0.0,0.0,1.0,0.0,0.0,0.0,1.0,0.0,1.0,0.0,0.0,0.0,1.0,0.0,0.0,1
27.0,26.0,22.08,3048.0,0.0,1.0,1.0,0.0,59.65,0.0,0.0,0.0,1.0,1.0,0.0,0.0,1.0,0.0,0.0,3.0,0.0,0.0,0.0,0.0,42.0,2536.55,0.0,927.36,0.0,1.0,1.0,1.0,0.0,0.0,1.0,0.0,1.0,0.0,0.0,0.0,1.0,0.0,0.0,0.0,1.0,0.0,0.0,0
46.0,26.0,0.0,5063.0,1.0,1.0,1.0,1.0,61.45,0.0,3.0,8.0,1.0,0.0,1.0,1.0,0.0,1.0,1.0,3.0,0.0,1.0,1.0,1.0,61.0,3751.15,0.0,0.0,0.0,0.0,1.0,0.0,0.0,1.0,1.0,0.0,0.0,1.0,0.0,0.0,1.0,0.0,0.0,0.0,1.0,0.0,0.0,0
72.0,5.0,2.97,2469.0,0.0,0.0,1.0,0.0,70.05,0.0,0.0,0.0,0.0,0.0,1.0,0.0,1.0,0.0,0.0,3.0,1.0,0.0,0.0,0.0,1.0,70.05,0.0,2.97,0.0,0.0,1.0,0.0,0.0,1.0,0.0,1.0,0.0,0.0,1.0,0.0,0.0,0.0,0.0,1.0,1.0,0.0,0.0,0
48.0,0.0,22.49,5741.0,0.0,0.0,0.0,1.0,25.9,1.0,0.0,4.0,0.0,0.0,1.0,1.0,1.0,0.0,1.0,4.0,0.0,0.0,0.0,0.0,45.0,1216.6,0.0,1012.05,0.0,0.0,0.0,0.0,1.0,0.0,1.0,0.0,0.0,0.0,1.0,0.0,1.0,0.0,0.0,0.0,0.0,1.0,0.0,0
40.0,20.0,19.01,5775.0,0.0,1.0,1.0,0.0,109.85,1.0,0.0,0.0,1.0,0.0,1.0,0.0,1.0,1.0,0.0,5.0,0.0,1.0,1.0,1.0,63.0,7002.95,0.0,1197.63,0.0,0.0,1.0,1.0,0.0,0.0,1.0,0.0,0.0,0.0,1.0,0.0,1.0,0.0,0.0,0.0,0.0,1.0,0.0,0
57.0,29.0,10.3,4107.0,0.0,0.0,1.0,0.0,89.8,0.0,0.0,0.0,0.0,0.0,1.0,0.0,1.0,0.0,0.0,1.0,0.0,1.0,1.0,1.0,14.0,1129.1,0.0,144.2,0.0,0.0,1.0,1.0,0.0,0.0,1.0,0.0,0.0,0.0,1.0,0.0,0.0,0.0,1.0,0.0,0.0,1.0,0.0,1
45.0,19.0,20.53,5926.0,0.0,1.0,1.0,1.0,99.75,1.0,0.0,9.0,1.0,0.0,1.0,1.0,1.0,1.0,1.0,4.0,0.0,1.0,1.0,0.0,56.0,5608.4,0.0,1149.68,0.0,0.0,1.0,0.0,1.0,0.0,1.0,0.0,0.0,0.0,1.0,0.0,1.0,0.0,0.0,0.0,0.0,1.0,0.0,0
78.0,12.0,17.23,3621.0,0.0,0.0,1.0,0.0,79.4,0.0,0.0,0.0,0.0,0.0,1.0,0.0,1.0,0.0,0.0,1.0,1.0,1.0,0.0,0.0,15.0,1156.1,0.0,258.45,0.0,0.0,1.0,1.0,0.0,0.0,0.0,1.0,0.0,0.0,1.0,0.0,1.0,0.0,0.0,0.0,1.0,0.0,0.0,1
33.0,0.0,4.15,4993.0,1.0,0.0,0.0,1.0,25.45,1.0,2.0,0.0,0.0,0.0,0.0,1.0,1.0,0.0,0.0,3.0,0.0,0.0,0.0,0.0,71.0,1813.35,0.0,294.65,0.0,0.0,0.0,0.0,0.0,1.0,1.0,0.0,0.0,0.0,1.0,1.0,0.0,0.0,0.0,0.0,1.0,0.0,0.0,0
70.0,19.0,46.38,2099.0,0.0,0.0,1.0,0.0,75.65,1.0,0.0,0.0,0.0,0.0,0.0,0.0,1.0,0.0,0.0,3.0,1.0,0.0,0.0,0.0,15.0,1146.65,0.0,695.7,0.0,0.0,1.0,1.0,0.0,0.0,0.0,1.0,0.0,0.0,1.0,0.0,0.0,0.0,1.0,0.0,1.0,0.0,0.0,1
61.0,18.0,49.26,4512.0,0.0,0.0,1.0,1.0,105.4,1.0,0.0,8.0,1.0,0.0,1.0,1.0,1.0,1.0,1.0,3.0,0.0,1.0,1.0,1.0,64.0,6794.75,0.0,3152.64,32.24,0.0,1.0,0.0,0.0,1.0,1.0,0.0,0.0,0.0,1.0,0.0,1.0,0.0,0.0,0.0,1.0,0.0,0.0,0
38.0,5.0,45.59,5684.0,0.0,0.0,1.0,0.0,43.95,0.0,0.0,0.0,0.0,0.0,0.0,0.0,1.0,0.0,0.0,5.0,0.0,0.0,0.0,0.0,1.0,43.95,0.0,45.59,0.0,0.0,1.0,1.0,0.0,0.0,1.0,0.0,0.0,1.0,0.0,0.0,1.0,0.0,0.0,0.0,0.0,1.0,0.0,0
32.0,16.0,12.19,5106.0,0.0,0.0,1.0,1.0,99.65,1.0,0.0,0.0,0.0,1.0,1.0,1.0,1.0,0.0,0.0,4.0,0.0,1.0,1.0,1.0,57.0,5497.05,0.0,694.83,0.0,0.0,1.0,1.0,0.0,0.0,1.0,0.0,0.0,0.0,1.0,0.0,1.0,0.0,0.0,0.0,1.0,0.0,0.0,0
33.0,10.0,33.82,5870.0,1.0,1.0,1.0,1.0,105.05,1.0,2.0,2.0,0.0,0.0,1.0,1.0,1.0,1.0,1.0,5.0,0.0,1.0,1.0,1.0,58.0,6004.85,0.0,1961.56,0.0,0.0,1.0,0.0,1.0,0.0,0.0,1.0,0.0,0.0,1.0,0.0,1.0,0.0,0.0,0.0,1.0,0.0,0.0,0
46.0,4.0,0.0,5489.0,0.0,0.0,1.0,0.0,44.55,0.0,0.0,0.0,0.0,1.0,1.0,0.0,0.0,1.0,0.0,3.0,0.0,1.0,1.0,0.0,8.0,343.45,0.0,0.0,0.0,0.0,1.0,0.0,0.0,1.0,0.0,1.0,1.0,0.0,0.0,0.0,1.0,0.0,0.0,0.0,0.0,0.0,1.0,0
41.0,18.0,30.66,4154.0,0.0,1.0,1.0,0.0,84.4,0.0,0.0,0.0,0.0,1.0,0.0,0.0,1.0,1.0,0.0,3.0,0.0,0.0,0.0,0.0,54.0,4484.05,0.0,1655.64,0.0,0.0,1.0,0.0,1.0,0.0,0.0,1.0,0.0,0.0,1.0,0.0,1.0,0.0,0.0,0.0,1.0,0.0,0.0,0
47.0,4.0,41.38,4226.0,0.0,0.0,1.0,0.0,71.0,1.0,0.0,0.0,0.0,0.0,1.0,0.0,1.0,0.0,0.0,5.0,0.0,1.0,1.0,1.0,29.0,2080.1,0.0,1200.02,0.0,0.0,1.0,0.0,1.0,0.0,1.0,0.0,0.0,1.0,0.0,0.0,1.0,0.0,0.0,0.0,0.0,1.0,0.0,0
35.0,0.0,32.54,5535.0,0.0,0.0,0.0,0.0,20.15,0.0,0.0,0.0,0.0,0.0,0.0,0.0,1.0,0.0,0.0,4.0,0.0,0.0,0.0,0.0,4.0,84.5,0.0,130.16,0.0,0.0,0.0,1.0,0.0,0.0,1.0,0.0,0.0,0.0,1.0,0.0,0.0,0.0,0.0,1.0,0.0,1.0,0.0,0
19.0,73.0,0.0,2562.0,1.0,0.0,1.0,1.0,35.5,0.0,3.0,7.0,1.0,0.0,0.0,1.0,0.0,1.0,1.0,4.0,0.0,0.0,0.0,0.0,12.0,432.25,0.0,0.0,0.0,1.0,1.0,1.0,0.0,0.0,0.0,1.0,0.0,1.0,0.0,0.0,0.0,0.0,1.0,0.0,0.0,0.0,1.0,0
71.0,26.0,7.86,4138.0,0.0,1.0,1.0,1.0,107.35,1.0,0.0,7.0,1.0,0.0,1.0,1.0,1.0,1.0,1.0,4.0,1.0,1.0,0.0,1.0,66.0,7051.95,0.0,518.76,39.18,0.0,1.0,0.0,1.0,0.0,0.0,1.0,0.0,0.0,1.0,0.0,1.0,0.0,0.0,0.0,1.0,0.0,0.0,0
49.0,4.0,17.76,6370.0,0.0,0.0,1.0,0.0,108.0,1.0,0.0,0.0,1.0,1.0,1.0,0.0,1.0,1.0,0.0,3.0,0.0,1.0,1.0,1.0,54.0,5760.65,0.0,959.04,0.0,0.0,1.0,0.0,0.0,1.0,0.0,1.0,0.0,0.0,1.0,0.0,1.0,0.0,0.0,0.0,0.0,1.0,0.0,0
77.0,25.0,30.11,4140.0,0.0,0.0,1.0,0.0,69.35,0.0,0.0,0.0,0.0,0.0,0.0,0.0,1.0,0.0,0.0,3.0,1.0,0.0,0.0,0.0,4.0,261.65,0.0,120.44,0.0,0.0,1.0,0.0,0.0,1.0,0.0,1.0,0.0,0.0,1.0,0.0,1.0,0.0,0.0,0.0,1.0,0.0,0.0,0
34.0,9.0,21.85,3519.0,0.0,0.0,1.0,1.0,54.95,0.0,0.0,9.0,0.0,1.0,1.0,1.0,1.0,1.0,1.0,3.0,0.0,0.0,0.0,0.0,10.0,568.85,0.0,218.5,0.0,0.0,1.0,1.0,0.0,0.0,0.0,1.0,0.0,1.0,0.0,0.0,0.0,0.0,1.0,0.0,0.0,1.0,0.0,0
25.0,59.0,14.19,2412.0,0.0,0.0,1.0,0.0,69.6,0.0,0.0,0.0,0.0,0.0,1.0,0.0,1.0,0.0,0.0,1.0,0.0,0.0,1.0,0.0,1.0,69.6,0.0,14.19,0.0,1.0,1.0,1.0,0.0,0.0,1.0,0.0,0.0,0.0,1.0,0.0,1.0,0.0,0.0,0.0,1.0,0.0,0.0,1
72.0,6.0,0.0,4272.0,0.0,0.0,1.0,0.0,55.8,0.0,0.0,0.0,1.0,1.0,1.0,0.0,0.0,0.0,0.0,1.0,1.0,1.0,1.0,1.0,40.0,2109.35,80.0,0.0,0.0,0.0,0.0,1.0,0.0,0.0,1.0,0.0,1.0,0.0,0.0,0.0,1.0,0.0,0.0,0.0,1.0,0.0,0.0,1
30.0,27.0,36.52,2264.0,0.0,1.0,1.0,0.0,85.3,1.0,0.0,0.0,1.0,0.0,1.0,0.0,1.0,0.0,0.0,1.0,0.0,0.0,0.0,0.0,5.0,424.15,0.0,182.6,0.0,0.0,1.0,1.0,0.0,0.0,0.0,1.0,0.0,0.0,1.0,0.0,1.0,0.0,0.0,0.0,1.0,0.0,0.0,1
25.0,59.0,20.79,4054.0,1.0,0.0,1.0,1.0,97.75,1.0,3.0,1.0,1.0,1.0,1.0,1.0,1.0,1.0,1.0,3.0,0.0,1.0,1.0,0.0,72.0,6991.6,0.0,1496.88,0.0,1.0,1.0,0.0,0.0,1.0,0.0,1.0,0.0,0.0,1.0,0.0,1.0,0.0,0.0,0.0,0.0,1.0,0.0,0
65.0,9.0,24.96,3021.0,0.0,1.0,1.0,0.0,75.5,0.0,0.0,0.0,0.0,0.0,0.0,0.0,1.0,0.0,0.0,3.0,1.0,0.0,0.0,0.0,9.0,637.4,0.0,224.64,0.0,0.0,1.0,0.0,0.0,1.0,1.0,0.0,0.0,0.0,1.0,0.0,1.0,0.0,0.0,0.0,0.0,1.0,0.0,0
57.0,25.0,23.29,5425.0,0.0,1.0,1.0,1.0,68.3,0.0,0.0,9.0,1.0,0.0,1.0,1.0,1.0,1.0,1.0,5.0,0.0,1.0,1.0,0.0,64.0,4378.8,0.0,1490.56,0.0,0.0,1.0,0.0,0.0,1.0,1.0,0.0,0.0,1.0,0.0,0.0,1.0,0.0,0.0,0.0,0.0,1.0,0.0,0
41.0,8.0,34.88,5641.0,0.0,0.0,1.0,0.0,94.7,1.0,0.0,0.0,0.0,0.0,1.0,0.0,1.0,0.0,0.0,1.0,0.0,1.0,1.0,1.0,25.0,2362.1,0.0,872.0,0.0,0.0,1.0,1.0,0.0,0.0,0.0,1.0,0.0,0.0,1.0,0.0,1.0,0.0,0.0,0.0,1.0,0.0,0.0,1
64.0,6.0,0.0,5924.0,0.0,1.0,1.0,0.0,40.2,0.0,0.0,0.0,0.0,0.0,1.0,0.0,0.0,0.0,0.0,5.0,0.0,1.0,1.0,0.0,37.0,1478.85,0.0,0.0,0.0,0.0,1.0,1.0,0.0,0.0,1.0,0.0,1.0,0.0,0.0,0.0,0.0,1.0,0.0,0.0,0.0,1.0,0.0,0
77.0,15.0,0.0,4628.0,0.0,0.0,1.0,0.0,25.25,0.0,0.0,0.0,0.0,0.0,0.0,0.0,0.0,0.0,0.0,2.0,1.0,0.0,0.0,0.0,1.0,25.25,0.0,0.0,0.0,0.0,1.0,1.0,0.0,0.0,1.0,0.0,0.0,1.0,0.0,0.0,0.0,0.0,0.0,1.0,1.0,0.0,0.0,1
22.0,73.0,14.58,5094.0,0.0,0.0,1.0,0.0,53.5,0.0,0.0,0.0,0.0,0.0,1.0,0.0,1.0,0.0,0.0,1.0,0.0,0.0,0.0,1.0,1.0,53.5,0.0,14.58,0.0,1.0,1.0,1.0,0.0,0.0,0.0,1.0,0.0,1.0,0.0,0.0,1.0,0.0,0.0,0.0,0.0,0.0,1.0,1
23.0,0.0,10.97,5409.0,0.0,0.0,0.0,0.0,19.5,0.0,0.0,0.0,0.0,0.0,1.0,0.0,1.0,0.0,0.0,3.0,0.0,0.0,0.0,0.0,20.0,413.0,0.0,219.4,0.0,1.0,0.0,1.0,0.0,0.0,1.0,0.0,0.0,0.0,1.0,0.0,0.0,0.0,1.0,0.0,1.0,0.0,0.0,0
65.0,0.0,29.88,2269.0,0.0,0.0,0.0,0.0,19.3,0.0,0.0,0.0,0.0,0.0,0.0,0.0,1.0,0.0,0.0,5.0,1.0,0.0,0.0,0.0,26.0,504.2,0.0,776.88,9.49,0.0,0.0,0.0,1.0,0.0,0.0,1.0,0.0,0.0,1.0,0.0,0.0,1.0,0.0,0.0,0.0,1.0,0.0,0
45.0,16.0,22.22,6174.0,0.0,0.0,1.0,1.0,61.35,0.0,0.0,5.0,1.0,1.0,1.0,1.0,1.0,1.0,1.0,3.0,0.0,0.0,0.0,0.0,60.0,3766.2,0.0,1333.2,0.0,0.0,1.0,0.0,0.0,1.0,0.0,1.0,0.0,1.0,0.0,0.0,1.0,0.0,0.0,0.0,0.0,1.0,0.0,0
51.0,28.0,45.66,5367.0,0.0,0.0,1.0,0.0,69.9,0.0,0.0,0.0,0.0,0.0,1.0,0.0,1.0,0.0,0.0,3.0,0.0,0.0,0.0,0.0,1.0,69.9,0.0,45.66,0.0,0.0,1.0,1.0,0.0,0.0,0.0,1.0,0.0,0.0,1.0,0.0,0.0,0.0,0.0,1.0,1.0,0.0,0.0,1
75.0,22.0,16.05,3669.0,0.0,0.0,1.0,1.0,70.1,0.0,0.0,1.0,0.0,0.0,1.0,1.0,1.0,0.0,1.0,2.0,1.0,0.0,0.0,0.0,7.0,467.55,0.0,112.35,20.23,0.0,1.0,1.0,0.0,0.0,0.0,1.0,0.0,0.0,1.0,0.0,1.0,0.0,0.0,0.0,0.0,1.0,0.0,1
21.0,73.0,32.08,3700.0,0.0,0.0,1.0,1.0,44.7,0.0,0.0,1.0,0.0,0.0,0.0,1.0,1.0,0.0,1.0,3.0,0.0,0.0,1.0,0.0,1.0,44.7,0.0,32.08,0.0,1.0,1.0,1.0,0.0,0.0,0.0,1.0,0.0,1.0,0.0,0.0,1.0,0.0,0.0,0.0,0.0,1.0,0.0,1
62.0,8.0,46.49,5831.0,0.0,0.0,1.0,0.0,61.55,0.0,0.0,0.0,0.0,0.0,1.0,0.0,1.0,1.0,0.0,3.0,0.0,0.0,0.0,1.0,19.0,1093.2,0.0,883.31,0.0,0.0,1.0,1.0,0.0,0.0,0.0,1.0,1.0,0.0,0.0,0.0,0.0,0.0,1.0,0.0,0.0,1.0,0.0,0
49.0,28.0,19.68,4928.0,0.0,1.0,1.0,0.0,92.15,1.0,0.0,0.0,0.0,0.0,1.0,0.0,1.0,0.0,0.0,4.0,0.0,0.0,0.0,1.0,66.0,6056.9,0.0,1298.88,0.0,0.0,1.0,0.0,1.0,0.0,1.0,0.0,0.0,0.0,1.0,1.0,0.0,0.0,0.0,0.0,1.0,0.0,0.0,0
39.0,17.0,32.73,4634.0,1.0,0.0,1.0,1.0,75.1,0.0,1.0,7.0,0.0,1.0,0.0,1.0,1.0,0.0,1.0,4.0,0.0,0.0,0.0,0.0,15.0,1151.55,0.0,490.95,0.0,0.0,1.0,1.0,0.0,0.0,0.0,1.0,0.0,0.0,1.0,0.0,1.0,0.0,0.0,0.0,0.0,0.0,1.0,0
45.0,0.0,26.25,5755.0,0.0,0.0,0.0,0.0,20.1,0.0,0.0,0.0,0.0,0.0,0.0,0.0,1.0,0.0,0.0,5.0,0.0,0.0,0.0,0.0,54.0,1079.45,0.0,1417.5,0.0,0.0,0.0,0.0,0.0,1.0,1.0,0.0,0.0,0.0,1.0,0.0,1.0,0.0,0.0,0.0,0.0,1.0,0.0,0
21.0,73.0,11.01,3648.0,1.0,1.0,1.0,1.0,88.6,1.0,1.0,6.0,1.0,0.0,0.0,1.0,1.0,1.0,1.0,3.0,0.0,0.0,1.0,0.0,33.0,2888.7,0.0,363.33,0.0,1.0,1.0,1.0,0.0,0.0,1.0,0.0,0.0,0.0,1.0,0.0,0.0,1.0,0.0,0.0,0.0,1.0,0.0,0
43.0,0.0,17.64,3848.0,0.0,0.0,0.0,0.0,20.15,0.0,0.0,0.0,0.0,0.0,1.0,0.0,1.0,0.0,0.0,5.0,0.0,0.0,0.0,0.0,25.0,536.35,0.0,441.0,0.0,0.0,0.0,1.0,0.0,0.0,0.0,1.0,0.0,0.0,1.0,0.0,0.0,1.0,0.0,0.0,0.0,0.0,1.0,0
33.0,25.0,18.75,2061.0,0.0,0.0,1.0,0.0,86.55,1.0,0.0,0.0,0.0,0.0,1.0,0.0,1.0,0.0,0.0,5.0,0.0,1.0,1.0,0.0,12.0,1066.9,110.0,225.0,0.0,0.0,0.0,1.0,0.0,0.0,1.0,0.0,0.0,0.0,1.0,0.0,0.0,0.0,1.0,0.0,1.0,0.0,0.0,0
54.0,20.0,0.0,5028.0,0.0,0.0,1.0,0.0,45.4,0.0,0.0,0.0,0.0,0.0,1.0,0.0,0.0,0.0,0.0,1.0,0.0,1.0,1.0,1.0,9.0,418.8,20.0,0.0,0.0,0.0,0.0,1.0,0.0,0.0,0.0,1.0,1.0,0.0,0.0,0.0,1.0,0.0,0.0,0.0,1.0,0.0,0.0,1
74.0,18.0,32.9,6084.0,1.0,1.0,1.0,1.0,75.15,1.0,2.0,3.0,1.0,1.0,1.0,1.0,1.0,0.0,1.0,4.0,1.0,1.0,1.0,0.0,50.0,3822.45,0.0,1645.0,0.0,0.0,1.0,0.0,0.0,1.0,0.0,1.0,0.0,1.0,0.0,0.0,1.0,0.0,0.0,0.0,1.0,0.0,0.0,0
62.0,8.0,5.56,3712.0,0.0,0.0,1.0,1.0,49.9,1.0,0.0,4.0,0.0,0.0,0.0,1.0,1.0,0.0,1.0,4.0,0.0,0.0,0.0,0.0,30.0,1441.95,100.0,166.8,0.0,0.0,0.0,1.0,0.0,0.0,0.0,1.0,0.0,1.0,0.0,0.0,1.0,0.0,0.0,0.0,1.0,0.0,0.0,0
37.0,10.0,45.57,4965.0,0.0,1.0,1.0,1.0,82.65,1.0,0.0,8.0,1.0,0.0,1.0,1.0,1.0,0.0,1.0,5.0,0.0,0.0,0.0,0.0,14.0,1185.0,0.0,637.98,0.0,0.0,1.0,1.0,0.0,0.0,0.0,1.0,0.0,0.0,1.0,0.0,0.0,0.0,1.0,0.0,1.0,0.0,0.0,0
55.0,0.0,3.09,4277.0,1.0,0.0,0.0,1.0,20.15,0.0,1.0,1.0,0.0,0.0,1.0,1.0,1.0,0.0,1.0,2.0,0.0,0.0,0.0,0.0,1.0,20.15,0.0,3.09,0.0,0.0,0.0,1.0,0.0,0.0,1.0,0.0,0.0,0.0,1.0,0.0,0.0,0.0,0.0,1.0,0.0,1.0,0.0,1
31.0,10.0,37.76,2928.0,0.0,0.0,1.0,0.0,70.0,0.0,0.0,0.0,0.0,0.0,0.0,0.0,1.0,0.0,0.0,3.0,0.0,0.0,0.0,0.0,2.0,153.05,0.0,75.52,0.0,0.0,1.0,1.0,0.0,0.0,1.0,0.0,0.0,0.0,1.0,0.0,0.0,0.0,0.0,1.0,1.0,0.0,0.0,1
30.0,0.0,8.21,5409.0,0.0,0.0,0.0,1.0,24.25,1.0,0.0,1.0,0.0,0.0,1.0,1.0,1.0,0.0,1.0,5.0,0.0,0.0,0.0,0.0,71.0,1732.95,0.0,582.91,0.0,0.0,0.0,0.0,0.0,1.0,1.0,0.0,0.0,0.0,1.0,0.0,1.0,0.0,0.0,0.0,0.0,1.0,0.0,0
61.0,0.0,40.81,3000.0,1.0,0.0,0.0,1.0,20.25,0.0,2.0,5.0,0.0,0.0,0.0,1.0,1.0,0.0,1.0,4.0,0.0,0.0,0.0,0.0,24.0,439.75,0.0,979.44,0.0,0.0,0.0,0.0,1.0,0.0,0.0,1.0,0.0,0.0,1.0,0.0,0.0,1.0,0.0,0.0,0.0,0.0,1.0,0
29.0,59.0,30.58,5038.0,1.0,1.0,1.0,0.0,111.15,0.0,3.0,0.0,1.0,1.0,1.0,0.0,1.0,1.0,0.0,5.0,0.0,1.0,1.0,1.0,41.0,4507.15,0.0,1253.78,0.0,1.0,1.0,0.0,0.0,1.0,0.0,1.0,0.0,0.0,1.0,0.0,1.0,0.0,0.0,0.0,1.0,0.0,0.0,0
62.0,11.0,22.57,5949.0,0.0,1.0,1.0,1.0,78.9,1.0,0.0,1.0,0.0,0.0,1.0,1.0,1.0,0.0,1.0,3.0,0.0,0.0,0.0,0.0,32.0,2447.95,0.0,722.24,0.0,0.0,1.0,1.0,0.0,0.0,0.0,1.0,0.0,0.0,1.0,0.0,0.0,1.0,0.0,0.0,1.0,0.0,0.0,1
32.0,21.0,6.19,5036.0,1.0,1.0,1.0,1.0,82.05,0.0,3.0,5.0,1.0,0.0,0.0,1.0,1.0,0.0,1.0,3.0,0.0,0.0,0.0,0.0,30.0,2570.2,120.0,185.7,0.0,0.0,0.0,1.0,0.0,0.0,0.0,1.0,0.0,0.0,1.0,0.0,0.0,1.0,0.0,0.0,1.0,0.0,0.0,0
39.0,14.0,12.46,3980.0,0.0,0.0,1.0,0.0,45.35,0.0,0.0,0.0,0.0,0.0,0.0,0.0,1.0,0.0,0.0,4.0,0.0,0.0,0.0,0.0,1.0,45.35,0.0,12.46,0.0,0.0,1.0,1.0,0.0,0.0,1.0,0.0,0.0,1.0,0.0,0.0,1.0,0.0,0.0,0.0,0.0,1.0,0.0,0
61.0,16.0,6.28,6221.0,1.0,1.0,1.0,1.0,85.0,0.0,1.0,7.0,1.0,1.0,1.0,1.0,1.0,1.0,1.0,3.0,0.0,1.0,1.0,1.0,68.0,5607.75,130.0,427.04,0.0,0.0,0.0,0.0,0.0,1.0,1.0,0.0,0.0,1.0,0.0,0.0,1.0,0.0,0.0,0.0,0.0,1.0,0.0,0
33.0,17.0,7.42,5899.0,0.0,1.0,1.0,0.0,53.8,0.0,0.0,0.0,0.0,0.0,0.0,0.0,1.0,1.0,0.0,5.0,0.0,0.0,0.0,0.0,11.0,651.55,0.0,81.62,0.0,0.0,1.0,0.0,1.0,0.0,1.0,0.0,0.0,1.0,0.0,0.0,0.0,0.0,1.0,0.0,1.0,0.0,0.0,0
58.0,19.0,1.1,3334.0,0.0,0.0,1.0,0.0,64.4,1.0,0.0,0.0,0.0,0.0,1.0,0.0,1.0,1.0,0.0,4.0,0.0,0.0,0.0,1.0,4.0,253.0,0.0,4.4,0.0,0.0,1.0,1.0,0.0,0.0,1.0,0.0,1.0,0.0,0.0,0.0,1.0,0.0,0.0,0.0,0.0,1.0,0.0,0
80.0,15.0,22.95,4040.0,0.0,1.0,1.0,1.0,104.35,1.0,0.0,2.0,1.0,0.0,1.0,1.0,1.0,0.0,1.0,4.0,1.0,1.0,1.0,1.0,60.0,6339.45,0.0,1377.0,41.23,0.0,1.0,0.0,1.0,0.0,0.0,1.0,0.0,0.0,1.0,0.0,1.0,0.0,0.0,0.0,1.0,0.0,0.0,0
79.0,23.0,5.42,2064.0,0.0,0.0,1.0,1.0,70.05,0.0,0.0,1.0,0.0,0.0,0.0,1.0,1.0,0.0,1.0,4.0,1.0,0.0,0.0,0.0,5.0,302.6,0.0,27.1,0.0,0.0,1.0,0.0,1.0,0.0,1.0,0.0,0.0,0.0,1.0,0.0,0.0,0.0,0.0,1.0,1.0,0.0,0.0,0
54.0,0.0,27.93,4801.0,0.0,0.0,0.0,1.0,19.55,0.0,0.0,3.0,0.0,0.0,1.0,1.0,1.0,0.0,1.0,3.0,0.0,0.0,0.0,0.0,58.0,1108.8,0.0,1619.94,0.0,0.0,0.0,0.0,1.0,0.0,0.0,1.0,0.0,0.0,1.0,0.0,1.0,0.0,0.0,0.0,1.0,0.0,0.0,0
25.0,27.0,19.41,2725.0,0.0,0.0,1.0,0.0,55.3,0.0,0.0,0.0,1.0,1.0,1.0,0.0,1.0,0.0,0.0,4.0,0.0,0.0,0.0,0.0,30.0,1530.6,0.0,582.3,0.0,1.0,1.0,1.0,0.0,0.0,1.0,0.0,1.0,0.0,0.0,0.0,1.0,0.0,0.0,0.0,1.0,0.0,0.0,0
68.0,21.0,10.53,5525.0,0.0,0.0,1.0,0.0,48.2,0.0,0.0,0.0,0.0,1.0,1.0,0.0,1.0,0.0,0.0,3.0,1.0,0.0,0.0,0.0,7.0,340.35,0.0,73.71,0.0,0.0,1.0,0.0,0.0,1.0,1.0,0.0,0.0,1.0,0.0,0.0,0.0,0.0,0.0,1.0,1.0,0.0,0.0,0
42.0,0.0,13.93,3875.0,0.0,0.0,0.0,0.0,19.8,0.0,0.0,0.0,0.0,0.0,0.0,0.0,1.0,0.0,0.0,3.0,0.0,0.0,0.0,0.0,25.0,475.2,0.0,348.25,0.0,0.0,0.0,0.0,0.0,1.0,1.0,0.0,0.0,0.0,1.0,0.0,0.0,1.0,0.0,0.0,0.0,1.0,0.0,0
21.0,52.0,33.25,4111.0,0.0,1.0,1.0,1.0,90.95,0.0,0.0,1.0,1.0,0.0,0.0,1.0,1.0,0.0,1.0,3.0,0.0,0.0,1.0,1.0,60.0,5453.4,0.0,1995.0,0.0,1.0,1.0,0.0,1.0,0.0,0.0,1.0,0.0,0.0,1.0,0.0,1.0,0.0,0.0,0.0,1.0,0.0,0.0,1
30.0,71.0,42.4,5364.0,0.0,1.0,1.0,0.0,107.75,1.0,0.0,0.0,1.0,1.0,1.0,0.0,1.0,0.0,0.0,3.0,0.0,1.0,1.0,1.0,61.0,6521.9,0.0,2586.4,0.0,0.0,1.0,0.0,1.0,0.0,0.0,1.0,0.0,0.0,1.0,0.0,1.0,0.0,0.0,0.0,1.0,0.0,0.0,0
59.0,53.0,18.99,4173.0,1.0,1.0,1.0,1.0,61.3,0.0,3.0,7.0,1.0,1.0,1.0,1.0,1.0,0.0,1.0,3.0,0.0,0.0,0.0,0.0,56.0,3346.8,0.0,1063.44,0.0,0.0,1.0,0.0,0.0,1.0,1.0,0.0,1.0,0.0,0.0,0.0,1.0,0.0,0.0,0.0,0.0,1.0,0.0,0
40.0,57.0,39.52,4024.0,1.0,1.0,1.0,1.0,104.1,1.0,3.0,0.0,0.0,0.0,1.0,1.0,1.0,1.0,0.0,4.0,0.0,1.0,1.0,1.0,65.0,6700.05,0.0,2568.8,0.0,0.0,1.0,0.0,0.0,1.0,0.0,1.0,0.0,0.0,1.0,0.0,1.0,0.0,0.0,0.0,1.0,0.0,0.0,0
62.0,23.0,0.0,2469.0,0.0,0.0,1.0,0.0,44.8,0.0,0.0,0.0,1.0,1.0,1.0,0.0,0.0,0.0,0.0,3.0,0.0,0.0,0.0,1.0,48.0,2104.55,0.0,0.0,0.0,0.0,1.0,1.0,0.0,0.0,1.0,0.0,1.0,0.0,0.0,0.0,1.0,0.0,0.0,0.0,1.0,0.0,0.0,0
41.0,14.0,36.05,4427.0,1.0,1.0,1.0,1.0,105.25,1.0,2.0,5.0,0.0,1.0,0.0,1.0,1.0,0.0,1.0,3.0,0.0,1.0,1.0,1.0,72.0,7609.75,0.0,2595.6,0.0,0.0,1.0,0.0,0.0,1.0,0.0,1.0,0.0,0.0,1.0,1.0,0.0,0.0,0.0,0.0,1.0,0.0,0.0,0
78.0,10.0,27.79,6423.0,0.0,1.0,1.0,1.0,105.0,1.0,0.0,1.0,1.0,0.0,0.0,1.0,1.0,0.0,1.0,5.0,1.0,1.0,0.0,1.0,72.0,7578.05,0.0,2000.88,0.0,0.0,1.0,0.0,1.0,0.0,1.0,0.0,0.0,0.0,1.0,1.0,0.0,0.0,0.0,0.0,0.0,1.0,0.0,0
37.0,23.0,20.45,5075.0,0.0,1.0,1.0,0.0,67.4,0.0,0.0,0.0,1.0,1.0,0.0,0.0,1.0,1.0,0.0,3.0,0.0,0.0,0.0,0.0,49.0,3306.85,0.0,1002.05,0.0,0.0,1.0,0.0,0.0,1.0,1.0,0.0,1.0,0.0,0.0,0.0,1.0,0.0,0.0,0.0,1.0,0.0,0.0,0
27.0,47.0,17.58,5548.0,0.0,0.0,1.0,1.0,94.4,1.0,0.0,1.0,1.0,1.0,1.0,1.0,1.0,0.0,1.0,4.0,0.0,1.0,1.0,0.0,50.0,4914.9,0.0,879.0,0.0,1.0,1.0,1.0,0.0,0.0,0.0,1.0,0.0,0.0,1.0,0.0,1.0,0.0,0.0,0.0,0.0,1.0,0.0,0
26.0,0.0,45.87,5919.0,1.0,0.0,0.0,0.0,19.95,0.0,3.0,0.0,0.0,0.0,0.0,0.0,1.0,0.0,0.0,4.0,0.0,0.0,0.0,0.0,8.0,170.9,0.0,366.96,0.0,1.0,0.0,1.0,0.0,0.0,1.0,0.0,0.0,0.0,1.0,0.0,1.0,0.0,0.0,0.0,0.0,0.0,1.0,0
62.0,53.0,32.38,4551.0,1.0,0.0,1.0,1.0,97.55,1.0,3.0,8.0,1.0,1.0,1.0,1.0,1.0,0.0,1.0,4.0,0.0,0.0,0.0,1.0,70.0,6669.05,0.0,2266.6,0.0,0.0,1.0,1.0,0.0,0.0,0.0,1.0,0.0,0.0,1.0,0.0,1.0,0.0,0.0,0.0,0.0,1.0,0.0,0
23.0,71.0,0.0,2240.0,0.0,1.0,1.0,0.0,47.95,0.0,0.0,0.0,0.0,0.0,1.0,0.0,0.0,0.0,0.0,1.0,0.0,1.0,1.0,1.0,6.0,305.1,0.0,0.0,0.0,1.0,1.0,1.0,0.0,0.0,1.0,0.0,0.0,1.0,0.0,0.0,0.0,0.0,0.0,1.0,1.0,0.0,0.0,1
62.0,13.0,34.57,4676.0,0.0,0.0,1.0,1.0,109.65,1.0,0.0,4.0,1.0,1.0,1.0,1.0,1.0,1.0,1.0,3.0,0.0,1.0,1.0,1.0,50.0,5405.8,0.0,1728.5,0.0,0.0,1.0,1.0,0.0,0.0,1.0,0.0,0.0,0.0,1.0,0.0,1.0,0.0,0.0,0.0,1.0,0.0,0.0,0
79.0,0.0,4.99,4309.0,0.0,0.0,0.0,0.0,20.05,0.0,0.0,0.0,0.0,0.0,1.0,0.0,1.0,0.0,0.0,4.0,1.0,0.0,0.0,0.0,64.0,1198.05,0.0,319.36,0.0,0.0,0.0,0.0,0.0,1.0,0.0,1.0,0.0,0.0,1.0,0.0,1.0,0.0,0.0,0.0,1.0,0.0,0.0,0
62.0,18.0,38.78,5614.0,1.0,0.0,1.0,1.0,54.65,0.0,1.0,1.0,1.0,1.0,0.0,1.0,1.0,0.0,1.0,3.0,0.0,0.0,0.0,0.0,8.0,482.25,0.0,310.24,0.0,0.0,1.0,1.0,0.0,0.0,1.0,0.0,0.0,1.0,0.0,0.0,0.0,0.0,0.0,1.0,0.0,1.0,0.0,0
47.0,12.0,49.49,5168.0,1.0,0.0,1.0,1.0,81.05,0.0,2.0,4.0,1.0,1.0,0.0,1.0,1.0,0.0,1.0,3.0,0.0,0.0,0.0,0.0,64.0,5135.35,0.0,3167.36,0.0,0.0,1.0,1.0,0.0,0.0,0.0,1.0,0.0,0.0,1.0,0.0,1.0,0.0,0.0,0.0,1.0,0.0,0.0,0
49.0,26.0,20.37,4582.0,0.0,1.0,1.0,1.0,108.75,1.0,0.0,10.0,1.0,0.0,1.0,1.0,1.0,1.0,1.0,5.0,0.0,1.0,1.0,1.0,63.0,6871.7,0.0,1283.31,0.0,0.0,1.0,1.0,0.0,0.0,1.0,0.0,0.0,0.0,1.0,0.0,1.0,0.0,0.0,0.0,1.0,0.0,0.0,0
50.0,13.0,45.97,5283.0,0.0,0.0,1.0,1.0,69.0,1.0,0.0,6.0,1.0,0.0,1.0,1.0,1.0,1.0,1.0,3.0,0.0,0.0,0.0,1.0,35.0,2441.7,0.0,1608.95,0.0,0.0,1.0,0.0,1.0,0.0,0.0,1.0,0.0,1.0,0.0,0.0,0.0,1.0,0.0,0.0,1.0,0.0,0.0,0
49.0,2.0,38.88,4260.0,0.0,1.0,1.0,0.0,70.15,0.0,0.0,0.0,1.0,0.0,1.0,0.0,1.0,1.0,0.0,3.0,0.0,0.0,0.0,1.0,60.0,4224.7,0.0,2332.8,0.0,0.0,1.0,0.0,1.0,0.0,1.0,0.0,0.0,1.0,0.0,0.0,1.0,0.0,0.0,0.0,0.0,1.0,0.0,0
26.0,71.0,3.27,5554.0,0.0,0.0,1.0,0.0,64.75,0.0,0.0,0.0,0.0,0.0,1.0,0.0,1.0,0.0,0.0,1.0,0.0,1.0,1.0,1.0,37.0,2345.2,0.0,120.99,0.0,1.0,1.0,1.0,0.0,0.0,1.0,0.0,1.0,0.0,0.0,0.0,0.0,1.0,0.0,0.0,1.0,0.0,0.0,1
35.0,53.0,22.83,5394.0,1.0,1.0,1.0,1.0,85.45,0.0,3.0,9.0,1.0,1.0,0.0,1.0,1.0,1.0,1.0,3.0,0.0,1.0,1.0,1.0,71.0,6029.9,0.0,1620.93,0.0,0.0,1.0,0.0,0.0,1.0,0.0,1.0,0.0,1.0,0.0,1.0,0.0,0.0,0.0,0.0,1.0,0.0,0.0,0
27.0,58.0,37.57,2629.0,0.0,0.0,1.0,0.0,55.0,0.0,0.0,0.0,0.0,0.0,1.0,0.0,1.0,0.0,0.0,5.0,0.0,1.0,1.0,0.0,6.0,340.4,0.0,225.42,0.0,1.0,1.0,1.0,0.0,0.0,1.0,0.0,1.0,0.0,0.0,0.0,1.0,0.0,0.0,0.0,1.0,0.0,0.0,0
43.0,18.0,42.16,4171.0,0.0,1.0,1.0,1.0,75.4,0.0,0.0,7.0,1.0,0.0,1.0,1.0,1.0,0.0,1.0,3.0,0.0,1.0,1.0,1.0,72.0,5480.25,0.0,3035.52,0.0,0.0,1.0,0.0,0.0,1.0,0.0,1.0,1.0,0.0,0.0,0.0,1.0,0.0,0.0,0.0,1.0,0.0,0.0,0
23.0,52.0,32.5,2989.0,0.0,0.0,1.0,0.0,68.7,1.0,0.0,0.0,1.0,0.0,1.0,0.0,1.0,1.0,0.0,3.0,0.0,0.0,0.0,1.0,20.0,1416.2,0.0,650.0,0.0,1.0,1.0,0.0,1.0,0.0,0.0,1.0,0.0,1.0,0.0,0.0,1.0,0.0,0.0,0.0,1.0,0.0,0.0,0
38.0,24.0,49.08,4010.0,0.0,0.0,1.0,1.0,79.7,1.0,0.0,1.0,1.0,1.0,1.0,1.0,1.0,0.0,1.0,3.0,0.0,1.0,1.0,1.0,63.0,4786.15,30.0,3092.04,0.0,0.0,0.0,0.0,1.0,0.0,1.0,0.0,1.0,0.0,0.0,0.0,1.0,0.0,0.0,0.0,0.0,1.0,0.0,0
35.0,6.0,0.0,3215.0,0.0,0.0,1.0,0.0,34.0,0.0,0.0,0.0,1.0,0.0,0.0,0.0,0.0,1.0,0.0,3.0,0.0,0.0,0.0,0.0,12.0,442.45,0.0,0.0,0.0,0.0,1.0,1.0,0.0,0.0,0.0,1.0,1.0,0.0,0.0,0.0,0.0,0.0,1.0,0.0,0.0,1.0,0.0,0
43.0,12.0,31.31,4770.0,0.0,1.0,1.0,0.0,91.25,0.0,0.0,0.0,0.0,1.0,0.0,0.0,1.0,0.0,0.0,3.0,0.0,0.0,0.0,1.0,52.0,4738.3,0.0,1628.12,0.0,0.0,1.0,0.0,1.0,0.0,0.0,1.0,0.0,0.0,1.0,0.0,1.0,0.0,0.0,0.0,1.0,0.0,0.0,0
40.0,23.0,12.63,4515.0,0.0,0.0,1.0,0.0,59.75,1.0,0.0,0.0,1.0,1.0,0.0,0.0,1.0,0.0,0.0,3.0,0.0,0.0,0.0,0.0,72.0,4265.0,0.0,909.36,0.0,0.0,1.0,0.0,0.0,1.0,1.0,0.0,0.0,1.0,0.0,0.0,1.0,0.0,0.0,0.0,1.0,0.0,0.0,0
63.0,2.0,27.04,4145.0,0.0,1.0,1.0,0.0,69.5,1.0,0.0,0.0,0.0,0.0,0.0,0.0,1.0,1.0,0.0,5.0,0.0,1.0,1.0,0.0,50.0,3418.2,0.0,1352.0,5.73,0.0,1.0,0.0,0.0,1.0,0.0,1.0,0.0,1.0,0.0,0.0,1.0,0.0,0.0,0.0,1.0,0.0,0.0,0
53.0,20.0,43.48,4302.0,0.0,1.0,1.0,1.0,80.8,1.0,0.0,1.0,1.0,1.0,1.0,1.0,1.0,1.0,1.0,4.0,0.0,1.0,1.0,0.0,61.0,4860.85,0.0,2652.28,17.17,0.0,1.0,0.0,0.0,1.0,0.0,1.0,0.0,1.0,0.0,0.0,1.0,0.0,0.0,0.0,1.0,0.0,0.0,0
34.0,14.0,17.57,5353.0,0.0,0.0,1.0,1.0,77.5,1.0,0.0,1.0,1.0,1.0,0.0,1.0,1.0,1.0,1.0,2.0,0.0,0.0,0.0,1.0,21.0,1625.0,80.0,368.97,18.39,0.0,0.0,0.0,1.0,0.0,0.0,1.0,1.0,0.0,0.0,0.0,0.0,0.0,1.0,0.0,0.0,0.0,1.0,1
24.0,41.0,22.07,4164.0,0.0,0.0,1.0,0.0,50.55,0.0,0.0,0.0,0.0,1.0,1.0,0.0,1.0,0.0,0.0,4.0,0.0,0.0,0.0,0.0,4.0,235.65,0.0,88.28,0.0,1.0,1.0,1.0,0.0,0.0,1.0,0.0,0.0,1.0,0.0,0.0,1.0,0.0,0.0,0.0,1.0,0.0,0.0,0
30.0,0.0,5.84,4484.0,1.0,0.0,0.0,1.0,20.45,0.0,1.0,3.0,0.0,0.0,0.0,1.0,1.0,0.0,1.0,4.0,0.0,0.0,0.0,0.0,7.0,150.75,0.0,40.88,0.0,0.0,0.0,1.0,0.0,0.0,1.0,0.0,0.0,0.0,1.0,0.0,0.0,0.0,0.0,1.0,0.0,1.0,0.0,0
49.0,0.0,48.03,4137.0,0.0,0.0,0.0,1.0,19.25,0.0,0.0,0.0,0.0,0.0,0.0,1.0,1.0,0.0,0.0,3.0,0.0,0.0,0.0,0.0,20.0,375.25,0.0,960.6,0.0,0.0,0.0,1.0,0.0,0.0,1.0,0.0,0.0,0.0,1.0,0.0,0.0,0.0,1.0,0.0,1.0,0.0,0.0,0
22.0,76.0,38.83,2939.0,0.0,1.0,1.0,1.0,94.2,0.0,0.0,1.0,0.0,0.0,1.0,1.0,1.0,0.0,1.0,1.0,0.0,1.0,1.0,1.0,8.0,777.3,0.0,310.64,0.0,1.0,1.0,1.0,0.0,0.0,1.0,0.0,0.0,0.0,1.0,0.0,0.0,0.0,0.0,1.0,1.0,0.0,0.0,1
42.0,28.0,18.47,6499.0,0.0,1.0,1.0,0.0,85.35,1.0,0.0,0.0,0.0,1.0,1.0,0.0,1.0,1.0,0.0,3.0,0.0,1.0,1.0,1.0,69.0,5897.4,0.0,1274.43,0.0,0.0,1.0,0.0,0.0,1.0,1.0,0.0,0.0,1.0,0.0,1.0,0.0,0.0,0.0,0.0,0.0,1.0,0.0,0
65.0,22.0,28.64,5193.0,1.0,0.0,1.0,1.0,75.2,1.0,1.0,8.0,0.0,0.0,1.0,1.0,1.0,0.0,1.0,5.0,1.0,0.0,0.0,0.0,11.0,775.3,0.0,315.04,0.0,0.0,1.0,0.0,1.0,0.0,0.0,1.0,0.0,0.0,1.0,0.0,1.0,0.0,0.0,0.0,0.0,1.0,0.0,0
27.0,52.0,29.69,4662.0,0.0,0.0,1.0,0.0,46.05,0.0,0.0,0.0,0.0,0.0,0.0,0.0,1.0,0.0,0.0,3.0,0.0,0.0,1.0,0.0,2.0,80.35,10.0,59.38,0.0,1.0,0.0,1.0,0.0,0.0,0.0,1.0,1.0,0.0,0.0,0.0,0.0,0.0,0.0,1.0,1.0,0.0,0.0,1
43.0,20.0,36.55,4454.0,0.0,1.0,1.0,1.0,96.6,1.0,0.0,5.0,1.0,1.0,0.0,1.0,1.0,1.0,1.0,3.0,0.0,0.0,0.0,0.0,66.0,6424.25,0.0,2412.3,0.0,0.0,1.0,0.0,0.0,1.0,0.0,1.0,0.0,0.0,1.0,0.0,1.0,0.0,0.0,0.0,0.0,1.0,0.0,0
31.0,0.0,23.43,4626.0,0.0,0.0,0.0,0.0,20.8,0.0,0.0,0.0,0.0,0.0,1.0,0.0,1.0,0.0,0.0,5.0,0.0,0.0,0.0,0.0,72.0,1521.2,0.0,1686.96,0.0,0.0,0.0,0.0,0.0,1.0,0.0,1.0,0.0,0.0,1.0,1.0,0.0,0.0,0.0,0.0,0.0,1.0,0.0,0
33.0,16.0,36.94,2757.0,1.0,0.0,1.0,1.0,101.5,0.0,1.0,1.0,1.0,0.0,1.0,1.0,1.0,1.0,1.0,3.0,0.0,1.0,1.0,1.0,9.0,906.85,0.0,332.46,0.0,0.0,1.0,1.0,0.0,0.0,0.0,1.0,0.0,0.0,1.0,0.0,1.0,0.0,0.0,0.0,1.0,0.0,0.0,0
38.0,14.0,15.84,2845.0,0.0,1.0,1.0,0.0,61.4,0.0,0.0,0.0,1.0,1.0,0.0,0.0,1.0,0.0,0.0,3.0,0.0,0.0,0.0,0.0,7.0,438.9,0.0,110.88,0.0,0.0,1.0,1.0,0.0,0.0,1.0,0.0,0.0,1.0,0.0,0.0,1.0,0.0,0.0,0.0,1.0,0.0,0.0,0
45.0,24.0,32.31,4366.0,0.0,1.0,1.0,0.0,68.25,0.0,0.0,0.0,0.0,1.0,1.0,0.0,1.0,1.0,0.0,3.0,0.0,1.0,1.0,0.0,9.0,576.95,0.0,290.79,0.0,0.0,1.0,1.0,0.0,0.0,0.0,1.0,1.0,0.0,0.0,0.0,0.0,0.0,0.0,1.0,1.0,0.0,0.0,0
46.0,19.0,0.0,5790.0,0.0,1.0,1.0,1.0,59.85,0.0,0.0,1.0,0.0,1.0,0.0,1.0,0.0,1.0,1.0,5.0,0.0,1.0,1.0,1.0,60.0,3590.2,0.0,0.0,0.0,0.0,1.0,0.0,0.0,1.0,1.0,0.0,0.0,1.0,0.0,0.0,1.0,0.0,0.0,0.0,0.0,1.0,0.0,0
38.0,13.0,35.75,3286.0,0.0,1.0,1.0,0.0,65.0,1.0,0.0,0.0,0.0,1.0,1.0,0.0,1.0,1.0,0.0,3.0,0.0,0.0,0.0,0.0,47.0,2879.9,0.0,1680.25,0.0,0.0,0.0,0.0,0.0,1.0,1.0,0.0,0.0,1.0,0.0,0.0,1.0,0.0,0.0,0.0,0.0,1.0,0.0,0
28.0,85.0,29.24,4231.0,0.0,0.0,1.0,0.0,74.15,1.0,0.0,0.0,0.0,0.0,1.0,0.0,1.0,0.0,0.0,1.0,0.0,0.0,1.0,0.0,10.0,811.8,0.0,292.4,0.0,1.0,1.0,1.0,0.0,0.0,0.0,1.0,0.0,0.0,1.0,0.0,0.0,0.0,1.0,0.0,0.0,1.0,0.0,1
53.0,13.0,3.66,4262.0,0.0,1.0,1.0,0.0,69.65,1.0,0.0,0.0,1.0,1.0,0.0,0.0,1.0,1.0,0.0,5.0,0.0,0.0,0.0,0.0,72.0,4908.25,0.0,263.52,0.0,0.0,1.0,0.0,0.0,1.0,0.0,1.0,0.0,1.0,0.0,1.0,0.0,0.0,0.0,0.0,1.0,0.0,0.0,0
51.0,22.0,0.0,2875.0,0.0,0.0,1.0,0.0,50.35,0.0,0.0,0.0,1.0,0.0,1.0,0.0,0.0,0.0,0.0,3.0,0.0,1.0,1.0,1.0,22.0,1098.85,0.0,0.0,0.0,0.0,1.0,1.0,0.0,0.0,1.0,0.0,1.0,0.0,0.0,0.0,1.0,0.0,0.0,0.0,1.0,0.0,0.0,0
19.0,26.0,19.88,5596.0,0.0,1.0,1.0,1.0,101.75,1.0,0.0,0.0,0.0,0.0,1.0,1.0,1.0,0.0,0.0,3.0,0.0,1.0,1.0,1.0,70.0,7069.3,0.0,1391.6,0.0,1.0,1.0,0.0,1.0,0.0,1.0,0.0,0.0,0.0,1.0,0.0,1.0,0.0,0.0,0.0,1.0,0.0,0.0,0
30.0,69.0,28.7,5258.0,0.0,0.0,1.0,0.0,69.65,0.0,0.0,0.0,0.0,0.0,1.0,0.0,1.0,0.0,0.0,1.0,0.0,0.0,0.0,0.0,1.0,69.65,0.0,28.7,0.0,0.0,1.0,1.0,0.0,0.0,0.0,1.0,0.0,0.0,1.0,0.0,0.0,0.0,0.0,1.0,1.0,0.0,0.0,1
25.0,46.0,16.05,4592.0,0.0,1.0,1.0,1.0,83.7,0.0,0.0,9.0,1.0,1.0,1.0,1.0,1.0,1.0,1.0,3.0,0.0,1.0,1.0,1.0,72.0,6096.9,0.0,1155.6,0.0,1.0,1.0,0.0,0.0,1.0,1.0,0.0,1.0,0.0,0.0,0.0,1.0,0.0,0.0,0.0,1.0,0.0,0.0,0
31.0,0.0,47.19,2606.0,0.0,0.0,0.0,0.0,20.45,0.0,0.0,0.0,0.0,0.0,1.0,0.0,1.0,0.0,0.0,5.0,0.0,0.0,0.0,0.0,2.0,42.45,0.0,94.38,0.0,0.0,0.0,1.0,0.0,0.0,1.0,0.0,0.0,0.0,1.0,0.0,1.0,0.0,0.0,0.0,0.0,0.0,1.0,0
44.0,2.0,24.76,3068.0,0.0,0.0,1.0,0.0,96.0,0.0,0.0,0.0,0.0,0.0,1.0,0.0,1.0,1.0,0.0,1.0,0.0,1.0,1.0,1.0,24.0,2122.45,0.0,594.24,0.0,0.0,1.0,1.0,0.0,0.0,0.0,1.0,0.0,0.0,1.0,0.0,1.0,0.0,0.0,0.0,1.0,0.0,0.0,1
51.0,15.0,37.69,2832.0,0.0,1.0,1.0,0.0,104.5,1.0,0.0,0.0,1.0,0.0,1.0,0.0,1.0,0.0,0.0,1.0,0.0,1.0,1.0,1.0,40.0,4036.85,0.0,1507.6,0.0,0.0,1.0,1.0,0.0,0.0,0.0,1.0,0.0,0.0,1.0,0.0,1.0,0.0,0.0,0.0,0.0,1.0,0.0,1
