Age,Monthly Charge,Tenure Months,Avg Monthly Watch Hours,Days Since Last Login,Profile Count,Devices Registered,Support Tickets,Gender_Female,Gender_Male,Subscription Type_Basic,Subscription Type_Premium,Subscription Type_Standard,Churn
21.0,15.49,51.0,70.6,28.0,1.0,1.0,1.0,0.0,1.0,0.0,0.0,1.0,0
63.0,9.99,40.0,53.1,15.0,4.0,4.0,0.0,0.0,1.0,1.0,0.0,0.0,0
36.0,22.99,20.0,26.5,46.0,1.0,1.0,0.0,0.0,1.0,0.0,1.0,0.0,0
18.0,22.99,34.0,27.3,4.0,2.0,4.0,0.0,0.0,1.0,0.0,1.0,0.0,0
63.0,22.99,19.0,60.2,2.0,4.0,1.0,1.0,1.0,0.0,0.0,1.0,0.0,0
24.0,15.49,22.0,33.7,50.0,1.0,1.0,1.0,1.0,0.0,0.0,0.0,1.0,0
27.0,9.99,51.0,53.6,64.0,3.0,5.0,1.0,1.0,0.0,1.0,0.0,0.0,0
52.0,22.99,16.0,36.0,13.0,4.0,4.0,0.0,0.0,1.0,0.0,1.0,0.0,0
47.0,9.99,40.0,35.3,8.0,5.0,3.0,1.0,0.0,1.0,1.0,0.0,0.0,0
36.0,15.49,21.0,73.6,17.0,4.0,5.0,0.0,1.0,0.0,0.0,0.0,1.0,0
42.0,15.49,39.0,86.4,43.0,5.0,5.0,2.0,1.0,0.0,0.0,0.0,1.0,0
39.0,9.99,54.0,28.6,1.0,4.0,3.0,2.0,1.0,0.0,1.0,0.0,0.0,0
69.0,9.99,10.0,35.5,1.0,5.0,2.0,0.0,1.0,0.0,1.0,0.0,0.0,0
56.0,9.99,56.0,27.6,12.0,2.0,3.0,1.0,1.0,0.0,1.0,0.0,0.0,0
28.0,22.99,58.0,79.4,4.0,4.0,1.0,1.0,0.0,1.0,0.0,1.0,0.0,0
47.0,9.99,25.0,21.0,16.0,4.0,5.0,0.0,1.0,0.0,1.0,0.0,0.0,0
41.0,15.49,9.0,55.7,3.0,4.0,5.0,1.0,1.0,0.0,0.0,0.0,1.0,0
58.0,9.99,31.0,48.1,8.0,2.0,2.0,0.0,0.0,1.0,1.0,0.0,0.0,0
35.0,22.99,11.0,52.8,53.0,5.0,2.0,0.0,1.0,0.0,0.0,1.0,0.0,0
57.0,9.99,39.0,21.9,18.0,2.0,4.0,0.0,0.0,1.0,1.0,0.0,0.0,1
31.0,15.49,58.0,66.1,3.0,4.0,4.0,1.0,1.0,0.0,0.0,0.0,1.0,0
62.0,9.99,7.0,25.0,2.0,2.0,1.0,0.0,0.0,1.0,1.0,0.0,0.0,0
34.0,15.49,45.0,47.7,21.0,4.0,1.0,1.0,1.0,0.0,0.0,0.0,1.0,0
67.0,15.49,2.0,21.1,3.0,5.0,3.0,0.0,0.0,1.0,0.0,0.0,1.0,1
30.0,15.49,12.0,84.8,3.0,1.0,3.0,0.0,0.0,1.0,0.0,0.0,1.0,0
48.0,22.99,14.0,42.9,0.0,5.0,4.0,0.0,1.0,0.0,0.0,1.0,0.0,0
21.0,9.99,36.0,35.3,15.0,2.0,3.0,0.0,0.0,1.0,1.0,0.0,0.0,1
60.0,22.99,16.0,36.2,3.0,2.0,5.0,0.0,0.0,1.0,0.0,1.0,0.0,0
61.0,9.99,2.0,38.7,5.0,1.0,1.0,0.0,1.0,0.0,1.0,0.0,0.0,0
50.0,15.49,56.0,95.0,57.0,3.0,5.0,0.0,1.0,0.0,0.0,0.0,1.0,0
48.0,9.99,38.0,23.5,53.0,3.0,5.0,0.0,0.0,1.0,1.0,0.0,0.0,1
63.0,22.99,19.0,12.4,0.0,5.0,3.0,0.0,0.0,1.0,0.0,1.0,0.0,0
69.0,9.99,5.0,68.2,2.0,1.0,5.0,0.0,1.0,0.0,1.0,0.0,0.0,0
46.0,9.99,41.0,8.1,3.0,1.0,4.0,0.0,0.0,1.0,1.0,0.0,0.0,0
40.0,9.99,33.0,80.9,16.0,3.0,3.0,1.0,0.0,1.0,1.0,0.0,0.0,0
49.0,9.99,8.0,39.8,9.0,3.0,2.0,0.0,0.0,1.0,1.0,0.0,0.0,1
27.0,15.49,37.0,39.5,6.0,4.0,3.0,0.0,1.0,0.0,0.0,0.0,1.0,0
43.0,15.49,28.0,37.3,8.0,4.0,5.0,1.0,0.0,1.0,0.0,0.0,1.0,0
34.0,15.49,7.0,41.1,5.0,1.0,3.0,0.0,1.0,0.0,0.0,0.0,1.0,0
18.0,15.49,18.0,16.0,4.0,4.0,5.0,0.0,1.0,0.0,0.0,0.0,1.0,0
21.0,9.99,36.0,82.6,3.0,1.0,3.0,0.0,0.0,1.0,1.0,0.0,0.0,0
58.0,15.49,6.0,91.2,5.0,1.0,3.0,3.0,0.0,1.0,0.0,0.0,1.0,0
44.0,22.99,33.0,1.0,12.0,4.0,2.0,1.0,0.0,1.0,0.0,1.0,0.0,0
64.0,9.99,7.0,106.0,23.0,1.0,1.0,3.0,0.0,1.0,1.0,0.0,0.0,0
27.0,9.99,2.0,41.2,5.0,5.0,4.0,1.0,1.0,0.0,1.0,0.0,0.0,0
48.0,22.99,36.0,36.3,18.0,5.0,3.0,0.0,0.0,1.0,0.0,1.0,0.0,0
54.0,15.49,48.0,88.1,2.0,4.0,1.0,1.0,0.0,1.0,0.0,0.0,1.0,0
37.0,15.49,19.0,53.2,6.0,4.0,3.0,0.0,0.0,1.0,0.0,0.0,1.0,0
54.0,22.99,20.0,81.6,2.0,3.0,4.0,1.0,1.0,0.0,0.0,1.0,0.0,0
51.0,15.49,39.0,54.9,25.0,2.0,5.0,0.0,0.0,1.0,0.0,0.0,1.0,0
53.0,9.99,42.0,51.9,1.0,3.0,1.0,0.0,1.0,0.0,1.0,0.0,0.0,0
26.0,9.99,29.0,79.6,3.0,5.0,1.0,0.0,0.0,1.0,1.0,0.0,0.0,0
61.0,9.99,16.0,67.1,6.0,1.0,1.0,1.0,1.0,0.0,1.0,0.0,0.0,0
48.0,9.99,40.0,104.8,13.0,4.0,5.0,1.0,1.0,0.0,1.0,0.0,0.0,0
28.0,9.99,4.0,16.0,6.0,3.0,1.0,1.0,1.0,0.0,1.0,0.0,0.0,1
60.0,15.49,31.0,30.4,1.0,1.0,3.0,0.0,0.0,1.0,0.0,0.0,1.0,0
28.0,15.49,23.0,51.8,13.0,5.0,2.0,1.0,1.0,0.0,0.0,0.0,1.0,0
42.0,15.49,2.0,55.5,0.0,1.0,3.0,1.0,0.0,1.0,0.0,0.0,1.0,0
48.0,22.99,35.0,45.2,2.0,5.0,2.0,1.0,0.0,1.0,0.0,1.0,0.0,0
50.0,22.99,4.0,20.2,3.0,4.0,5.0,0.0,0.0,1.0,0.0,1.0,0.0,0
55.0,22.99,22.0,3.0,29.0,1.0,2.0,0.0,1.0,0.0,0.0,1.0,0.0,1
36.0,9.99,47.0,35.0,12.0,3.0,1.0,0.0,0.0,1.0,1.0,0.0,0.0,0
19.0,9.99,31.0,73.6,28.0,2.0,2.0,2.0,1.0,0.0,1.0,0.0,0.0,0
29.0,15.49,47.0,60.1,2.0,2.0,1.0,1.0,0.0,1.0,0.0,0.0,1.0,0
19.0,9.99,34.0,29.5,22.0,1.0,3.0,0.0,0.0,1.0,1.0,0.0,0.0,0
63.0,15.49,24.0,64.7,6.0,2.0,1.0,2.0,0.0,1.0,0.0,0.0,1.0,0
48.0,22.99,23.0,6.3,6.0,3.0,5.0,0.0,0.0,1.0,0.0,1.0,0.0,1
22.0,9.99,21.0,62.7,16.0,3.0,2.0,0.0,0.0,1.0,1.0,0.0,0.0,0
61.0,22.99,27.0,61.2,11.0,1.0,2.0,0.0,1.0,0.0,0.0,1.0,0.0,0
38.0,15.49,28.0,26.5,5.0,4.0,2.0,1.0,0.0,1.0,0.0,0.0,1.0,0
48.0,15.49,17.0,75.3,4.0,2.0,3.0,1.0,0.0,1.0,0.0,0.0,1.0,0
34.0,15.49,22.0,34.7,7.0,1.0,4.0,0.0,0.0,1.0,0.0,0.0,1.0,0
65.0,22.99,35.0,53.6,11.0,1.0,1.0,0.0,1.0,0.0,0.0,1.0,0.0,0
66.0,15.49,31.0,46.5,25.0,5.0,4.0,0.0,1.0,0.0,0.0,0.0,1.0,1
48.0,9.99,39.0,32.6,21.0,2.0,4.0,1.0,1.0,0.0,1.0,0.0,0.0,0
34.0,22.99,37.0,35.7,24.0,3.0,2.0,0.0,1.0,0.0,0.0,1.0,0.0,0
20.0,15.49,50.0,26.7,0.0,4.0,3.0,0.0,1.0,0.0,0.0,0.0,1.0,0
68.0,15.49,18.0,4.7,0.0,2.0,1.0,0.0,1.0,0.0,0.0,0.0,1.0,0
64.0,9.99,21.0,21.2,0.0,5.0,2.0,0.0,1.0,0.0,1.0,0.0,0.0,0
49.0,15.49,59.0,70.8,16.0,4.0,3.0,1.0,0.0,1.0,0.0,0.0,1.0,0
38.0,15.49,26.0,50.6,17.0,1.0,3.0,1.0,1.0,0.0,0.0,0.0,1.0,0
18.0,15.49,10.0,49.3,9.0,4.0,4.0,1.0,1.0,0.0,0.0,0.0,1.0,0
38.0,15.49,30.0,84.2,8.0,3.0,2.0,0.0,1.0,0.0,0.0,0.0,1.0,0
19.0,15.49,43.0,49.1,21.0,3.0,2.0,0.0,0.0,1.0,0.0,0.0,1.0,0
55.0,22.99,12.0,76.3,9.0,1.0,3.0,3.0,1.0,0.0,0.0,1.0,0.0,0
21.0,15.49,3.0,57.2,5.0,2.0,2.0,0.0,0.0,1.0,0.0,0.0,1.0,0
34.0,15.49,14.0,31.3,1.0,5.0,5.0,1.0,1.0,0.0,0.0,0.0,1.0,0
68.0,9.99,45.0,68.5,13.0,3.0,1.0,0.0,0.0,1.0,1.0,0.0,0.0,0
43.0,22.99,54.0,75.3,0.0,4.0,4.0,0.0,0.0,1.0,0.0,1.0,0.0,0
28.0,22.99,34.0,65.8,12.0,4.0,3.0,1.0,0.0,1.0,0.0,1.0,0.0,0
47.0,15.49,45.0,63.0,6.0,1.0,3.0,2.0,1.0,0.0,0.0,0.0,1.0,0
23.0,9.99,21.0,44.7,2.0,1.0,2.0,0.0,0.0,1.0,1.0,0.0,0.0,0
53.0,9.99,7.0,1.0,10.0,4.0,3.0,0.0,1.0,0.0,1.0,0.0,0.0,0
66.0,15.49,6.0,53.4,4.0,5.0,5.0,1.0,1.0,0.0,0.0,0.0,1.0,0
55.0,9.99,56.0,34.3,8.0,4.0,1.0,2.0,0.0,1.0,1.0,0.0,0.0,0
52.0,22.99,18.0,80.9,22.0,5.0,2.0,0.0,1.0,0.0,0.0,1.0,0.0,0
21.0,9.99,32.0,35.4,5.0,5.0,5.0,1.0,0.0,1.0,1.0,0.0,0.0,0
44.0,9.99,26.0,57.6,9.0,5.0,3.0,0.0,1.0,0.0,1.0,0.0,0.0,0
58.0,22.99,18.0,69.5,1.0,1.0,4.0,0.0,1.0,0.0,0.0,1.0,0.0,0
26.0,9.99,32.0,43.1,3.0,5.0,3.0,0.0,0.0,1.0,1.0,0.0,0.0,0
49.0,9.99,46.0,56.7,6.0,3.0,5.0,0.0,0.0,1.0,1.0,0.0,0.0,0
23.0,9.99,25.0,72.6,3.0,3.0,3.0,1.0,1.0,0.0,1.0,0.0,0.0,0
62.0,22.99,34.0,25.5,1.0,1.0,1.0,1.0,1.0,0.0,0.0,1.0,0.0,0
31.0,22.99,16.0,1.0,9.0,3.0,2.0,0.0,0.0,1.0,0.0,1.0,0.0,0
52.0,22.99,34.0,59.2,24.0,2.0,4.0,1.0,0.0,1.0,0.0,1.0,0.0,0
19.0,9.99,34.0,71.5,18.0,2.0,2.0,1.0,0.0,1.0,1.0,0.0,0.0,0
36.0,15.49,43.0,45.5,27.0,3.0,1.0,1.0,0.0,1.0,0.0,0.0,1.0,0
31.0,9.99,50.0,75.8,5.0,5.0,2.0,2.0,0.0,1.0,1.0,0.0,0.0,0
69.0,9.99,29.0,48.0,5.0,1.0,4.0,0.0,0.0,1.0,1.0,0.0,0.0,0
35.0,15.49,11.0,33.2,10.0,3.0,1.0,0.0,0.0,1.0,0.0,0.0,1.0,0
24.0,9.99,14.0,103.8,11.0,2.0,5.0,1.0,0.0,1.0,1.0,0.0,0.0,0
38.0,22.99,58.0,45.9,9.0,4.0,2.0,0.0,1.0,0.0,0.0,1.0,0.0,0
30.0,15.49,9.0,83.0,11.0,1.0,4.0,0.0,1.0,0.0,0.0,0.0,1.0,0
25.0,15.49,44.0,23.1,32.0,4.0,4.0,1.0,0.0,1.0,0.0,0.0,1.0,0
68.0,15.49,20.0,46.3,3.0,2.0,4.0,0.0,0.0,1.0,0.0,0.0,1.0,0
53.0,15.49,49.0,45.7,37.0,4.0,4.0,1.0,0.0,1.0,0.0,0.0,1.0,0
62.0,9.99,57.0,75.9,6.0,3.0,3.0,1.0,1.0,0.0,1.0,0.0,0.0,0
26.0,22.99,24.0,64.1,2.0,5.0,4.0,1.0,1.0,0.0,0.0,1.0,0.0,0
61.0,9.99,12.0,37.6,4.0,2.0,4.0,0.0,0.0,1.0,1.0,0.0,0.0,0
56.0,15.49,49.0,73.6,23.0,4.0,1.0,0.0,1.0,0.0,0.0,0.0,1.0,0
60.0,15.49,12.0,64.6,7.0,1.0,2.0,0.0,0.0,1.0,0.0,0.0,1.0,0
55.0,15.49,8.0,71.2,1.0,2.0,2.0,1.0,0.0,1.0,0.0,0.0,1.0,0
37.0,9.99,25.0,50.3,1.0,2.0,3.0,0.0,1.0,0.0,1.0,0.0,0.0,0
41.0,9.99,48.0,37.3,13.0,4.0,4.0,0.0,1.0,0.0,1.0,0.0,0.0,0
51.0,9.99,58.0,17.0,16.0,2.0,4.0,1.0,0.0,1.0,1.0,0.0,0.0,0
61.0,15.49,52.0,15.9,17.0,3.0,2.0,1.0,1.0,0.0,0.0,0.0,1.0,1
58.0,15.49,19.0,44.9,2.0,3.0,4.0,0.0,1.0,0.0,0.0,0.0,1.0,0
20.0,15.49,1.0,85.7,27.0,4.0,2.0,1.0,1.0,0.0,0.0,0.0,1.0,0
37.0,9.99,27.0,44.9,17.0,5.0,4.0,0.0,0.0,1.0,1.0,0.0,0.0,0
45.0,22.99,33.0,32.3,1.0,5.0,3.0,1.0,1.0,0.0,0.0,1.0,0.0,0
39.0,22.99,12.0,41.1,19.0,4.0,4.0,1.0,1.0,0.0,0.0,1.0,0.0,0
39.0,22.99,34.0,101.1,4.0,1.0,4.0,0.0,0.0,1.0,0.0,1.0,0.0,0
33.0,9.99,46.0,40.6,13.0,2.0,4.0,0.0,1.0,0.0,1.0,0.0,0.0,0
24.0,9.99,28.0,39.3,14.0,3.0,5.0,1.0,0.0,1.0,1.0,0.0,0.0,0
42.0,15.49,58.0,25.9,7.0,3.0,3.0,2.0,0.0,1.0,0.0,0.0,1.0,0
38.0,9.99,37.0,37.9,10.0,2.0,2.0,1.0,1.0,0.0,1.0,0.0,0.0,0
31.0,9.99,36.0,67.8,9.0,4.0,4.0,0.0,1.0,0.0,1.0,0.0,0.0,0
44.0,9.99,12.0,62.3,27.0,3.0,5.0,2.0,1.0,0.0,1.0,0.0,0.0,0
66.0,9.99,50.0,29.8,4.0,5.0,1.0,0.0,1.0,0.0,1.0,0.0,0.0,0
28.0,22.99,4.0,15.3,3.0,3.0,3.0,1.0,0.0,1.0,0.0,1.0,0.0,0
62.0,9.99,56.0,34.3,6.0,1.0,1.0,0.0,0.0,1.0,1.0,0.0,0.0,0
25.0,9.99,48.0,55.9,7.0,4.0,3.0,0.0,0.0,1.0,1.0,0.0,0.0,0
31.0,22.99,57.0,32.0,7.0,1.0,4.0,0.0,1.0,0.0,0.0,1.0,0.0,0
36.0,15.49,35.0,60.8,11.0,2.0,1.0,0.0,1.0,0.0,0.0,0.0,1.0,0
40.0,9.99,43.0,30.9,12.0,4.0,2.0,1.0,0.0,1.0,1.0,0.0,0.0,0
38.0,22.99,24.0,40.4,9.0,1.0,2.0,0.0,1.0,0.0,0.0,1.0,0.0,0
62.0,15.49,47.0,47.1,5.0,1.0,3.0,0.0,1.0,0.0,0.0,0.0,1.0,0
34.0,9.99,29.0,33.6,16.0,2.0,5.0,2.0,0.0,1.0,1.0,0.0,0.0,0
67.0,15.49,13.0,74.5,10.0,5.0,5.0,0.0,1.0,0.0,0.0,0.0,1.0,0
26.0,9.99,6.0,32.4,0.0,3.0,5.0,0.0,1.0,0.0,1.0,0.0,0.0,0
55.0,15.49,25.0,48.9,5.0,1.0,1.0,0.0,0.0,1.0,0.0,0.0,1.0,0
62.0,22.99,54.0,53.7,6.0,3.0,5.0,0.0,0.0,1.0,0.0,1.0,0.0,0
18.0,15.49,3.0,40.2,4.0,4.0,1.0,0.0,0.0,1.0,0.0,0.0,1.0,0
44.0,9.99,45.0,71.0,7.0,5.0,3.0,0.0,0.0,1.0,1.0,0.0,0.0,0
54.0,9.99,48.0,36.0,11.0,3.0,2.0,0.0,0.0,1.0,1.0,0.0,0.0,0
33.0,15.49,41.0,60.0,6.0,4.0,5.0,0.0,0.0,1.0,0.0,0.0,1.0,0
36.0,15.49,2.0,34.9,14.0,2.0,2.0,2.0,0.0,1.0,0.0,0.0,1.0,0
23.0,9.99,53.0,40.9,46.0,4.0,1.0,1.0,1.0,0.0,1.0,0.0,0.0,0
64.0,9.99,56.0,24.6,12.0,3.0,1.0,0.0,0.0,1.0,1.0,0.0,0.0,0
38.0,15.49,4.0,43.1,3.0,4.0,4.0,0.0,0.0,1.0,0.0,0.0,1.0,0
60.0,22.99,41.0,22.5,7.0,1.0,2.0,0.0,1.0,0.0,0.0,1.0,0.0,0
22.0,9.99,38.0,46.1,14.0,1.0,1.0,1.0,0.0,1.0,1.0,0.0,0.0,1
36.0,9.99,24.0,35.4,6.0,1.0,4.0,0.0,1.0,0.0,1.0,0.0,0.0,0
51.0,15.49,33.0,33.4,0.0,1.0,3.0,1.0,0.0,1.0,0.0,0.0,1.0,0
48.0,15.49,25.0,58.0,27.0,4.0,4.0,2.0,0.0,1.0,0.0,0.0,1.0,1
65.0,22.99,18.0,60.8,4.0,1.0,2.0,0.0,0.0,1.0,0.0,1.0,0.0,0
28.0,9.99,10.0,63.8,23.0,2.0,3.0,0.0,1.0,0.0,1.0,0.0,0.0,0
27.0,9.99,45.0,40.7,0.0,1.0,2.0,0.0,0.0,1.0,1.0,0.0,0.0,0
33.0,9.99,38.0,34.6,3.0,3.0,1.0,0.0,1.0,0.0,1.0,0.0,0.0,0
59.0,15.49,43.0,60.9,2.0,3.0,2.0,1.0,1.0,0.0,0.0,0.0,1.0,0
59.0,15.49,21.0,1.0,5.0,3.0,3.0,2.0,1.0,0.0,0.0,0.0,1.0,0
38.0,9.99,47.0,50.7,15.0,5.0,2.0,0.0,0.0,1.0,1.0,0.0,0.0,0
19.0,15.49,1.0,65.7,23.0,4.0,1.0,1.0,1.0,0.0,0.0,0.0,1.0,1
42.0,15.49,22.0,56.1,0.0,5.0,3.0,1.0,0.0,1.0,0.0,0.0,1.0,0
46.0,15.49,4.0,61.9,13.0,5.0,3.0,0.0,0.0,1.0,0.0,0.0,1.0,0
69.0,15.49,9.0,26.9,4.0,2.0,1.0,1.0,1.0,0.0,0.0,0.0,1.0,0
47.0,15.49,43.0,14.2,12.0,3.0,2.0,0.0,1.0,0.0,0.0,0.0,1.0,0
34.0,9.99,22.0,38.0,6.0,1.0,1.0,1.0,1.0,0.0,1.0,0.0,0.0,0
63.0,15.49,48.0,34.4,3.0,5.0,2.0,0.0,1.0,0.0,0.0,0.0,1.0,0
68.0,15.49,37.0,4.8,40.0,5.0,4.0,1.0,0.0,1.0,0.0,0.0,1.0,1
37.0,22.99,19.0,62.6,1.0,2.0,5.0,1.0,0.0,1.0,0.0,1.0,0.0,0
55.0,15.49,35.0,34.7,7.0,4.0,5.0,0.0,1.0,0.0,0.0,0.0,1.0,0
28.0,15.49,46.0,47.4,28.0,4.0,3.0,0.0,0.0,1.0,0.0,0.0,1.0,0
36.0,22.99,51.0,41.5,14.0,1.0,5.0,0.0,0.0,1.0,0.0,1.0,0.0,0
27.0,9.99,27.0,20.2,2.0,1.0,1.0,2.0,0.0,1.0,1.0,0.0,0.0,1
65.0,15.49,11.0,37.2,11.0,5.0,5.0,0.0,0.0,1.0,0.0,0.0,1.0,0
47.0,9.99,42.0,20.6,33.0,4.0,2.0,1.0,1.0,0.0,1.0,0.0,0.0,1
53.0,9.99,19.0,39.4,22.0,1.0,4.0,1.0,1.0,0.0,1.0,0.0,0.0,1
24.0,15.49,13.0,86.9,16.0,1.0,1.0,0.0,1.0,0.0,0.0,0.0,1.0,0
67.0,9.99,15.0,32.2,25.0,2.0,5.0,0.0,0.0,1.0,1.0,0.0,0.0,0
29.0,9.99,49.0,30.8,43.0,5.0,2.0,1.0,0.0,1.0,1.0,0.0,0.0,1
24.0,22.99,37.0,85.8,3.0,4.0,4.0,0.0,0.0,1.0,0.0,1.0,0.0,0
32.0,9.99,29.0,70.4,0.0,2.0,2.0,0.0,0.0,1.0,1.0,0.0,0.0,0
24.0,22.99,56.0,71.4,0.0,5.0,5.0,0.0,0.0,1.0,0.0,1.0,0.0,0
31.0,15.49,47.0,53.8,0.0,4.0,5.0,0.0,0.0,1.0,0.0,0.0,1.0,0
57.0,22.99,52.0,59.4,27.0,3.0,5.0,1.0,0.0,1.0,0.0,1.0,0.0,0
41.0,22.99,22.0,1.0,15.0,3.0,2.0,1.0,0.0,1.0,0.0,1.0,0.0,0
42.0,9.99,22.0,43.2,1.0,1.0,2.0,1.0,0.0,1.0,1.0,0.0,0.0,0
62.0,9.99,13.0,64.1,14.0,3.0,2.0,2.0,0.0,1.0,1.0,0.0,0.0,0
42.0,15.49,23.0,74.0,7.0,3.0,5.0,0.0,1.0,0.0,0.0,0.0,1.0,0
68.0,9.99,28.0,42.6,19.0,4.0,4.0,0.0,0.0,1.0,1.0,0.0,0.0,0
49.0,22.99,56.0,38.3,9.0,3.0,3.0,0.0,1.0,0.0,0.0,1.0,0.0,0
46.0,22.99,42.0,39.1,2.0,3.0,5.0,2.0,1.0,0.0,0.0,1.0,0.0,0
32.0,15.49,21.0,15.6,42.0,5.0,1.0,1.0,1.0,0.0,0.0,0.0,1.0,1
61.0,9.99,5.0,44.8,3.0,4.0,2.0,3.0,1.0,0.0,1.0,0.0,0.0,1
42.0,15.49,6.0,28.1,0.0,1.0,3.0,0.0,0.0,1.0,0.0,0.0,1.0,0
40.0,9.99,27.0,54.2,1.0,3.0,4.0,1.0,1.0,0.0,1.0,0.0,0.0,0
60.0,15.49,40.0,17.6,20.0,5.0,3.0,0.0,1.0,0.0,0.0,0.0,1.0,0
36.0,15.49,52.0,22.3,15.0,5.0,5.0,1.0,1.0,0.0,0.0,0.0,1.0,0
35.0,15.49,16.0,36.1,5.0,1.0,3.0,1.0,1.0,0.0,0.0,0.0,1.0,0
24.0,22.99,45.0,53.4,17.0,1.0,5.0,0.0,1.0,0.0,0.0,1.0,0.0,0
23.0,15.49,6.0,31.1,7.0,5.0,3.0,0.0,1.0,0.0,0.0,0.0,1.0,0
63.0,9.99,55.0,43.5,15.0,4.0,5.0,1.0,1.0,0.0,1.0,0.0,0.0,0
56.0,22.99,1.0,77.1,2.0,1.0,2.0,1.0,1.0,0.0,0.0,1.0,0.0,0
53.0,15.49,6.0,32.1,7.0,2.0,3.0,1.0,0.0,1.0,0.0,0.0,1.0,0
65.0,15.49,33.0,69.1,0.0,2.0,5.0,0.0,0.0,1.0,0.0,0.0,1.0,0
22.0,22.99,30.0,87.9,3.0,2.0,4.0,0.0,1.0,0.0,0.0,1.0,0.0,0
39.0,9.99,6.0,1.0,1.0,1.0,4.0,1.0,1.0,0.0,1.0,0.0,0.0,1
54.0,22.99,39.0,1.0,27.0,1.0,4.0,3.0,1.0,0.0,0.0,1.0,0.0,1
46.0,15.49,31.0,76.8,10.0,3.0,1.0,0.0,0.0,1.0,0.0,0.0,1.0,0
67.0,15.49,35.0,62.0,18.0,5.0,4.0,2.0,1.0,0.0,0.0,0.0,1.0,0
64.0,15.49,54.0,72.2,2.0,3.0,3.0,1.0,1.0,0.0,0.0,0.0,1.0,0
56.0,9.99,5.0,74.9,2.0,1.0,4.0,0.0,1.0,0.0,1.0,0.0,0.0,0
42.0,15.49,15.0,24.4,3.0,3.0,2.0,0.0,1.0,0.0,0.0,0.0,1.0,0
55.0,15.49,49.0,5.7,0.0,2.0,2.0,2.0,0.0,1.0,0.0,0.0,1.0,0
56.0,15.49,7.0,24.3,0.0,4.0,2.0,0.0,0.0,1.0,0.0,0.0,1.0,0
60.0,15.49,33.0,60.3,3.0,3.0,4.0,0.0,0.0,1.0,0.0,0.0,1.0,0
22.0,9.99,53.0,41.3,9.0,5.0,4.0,1.0,1.0,0.0,1.0,0.0,0.0,0
56.0,15.49,14.0,31.4,2.0,3.0,4.0,1.0,0.0,1.0,0.0,0.0,1.0,1
23.0,22.99,37.0,26.4,3.0,1.0,5.0,0.0,1.0,0.0,0.0,1.0,0.0,0
40.0,9.99,23.0,56.0,70.0,3.0,4.0,1.0,1.0,0.0,1.0,0.0,0.0,1
65.0,15.49,36.0,52.2,10.0,1.0,3.0,1.0,1.0,0.0,0.0,0.0,1.0,0
43.0,22.99,50.0,66.7,56.0,3.0,4.0,3.0,1.0,0.0,0.0,1.0,0.0,1
61.0,9.99,56.0,30.2,1.0,5.0,3.0,0.0,0.0,1.0,1.0,0.0,0.0,0
58.0,15.49,12.0,33.7,14.0,3.0,3.0,1.0,0.0,1.0,0.0,0.0,1.0,0
53.0,9.99,40.0,51.7,22.0,5.0,2.0,0.0,1.0,0.0,1.0,0.0,0.0,0
23.0,15.49,54.0,43.4,2.0,2.0,2.0,0.0,0.0,1.0,0.0,0.0,1.0,0
24.0,9.99,20.0,1.0,51.0,2.0,5.0,2.0,0.0,1.0,1.0,0.0,0.0,1
42.0,9.99,8.0,68.4,39.0,3.0,1.0,0.0,0.0,1.0,1.0,0.0,0.0,0
21.0,15.49,22.0,1.0,19.0,3.0,2.0,1.0,0.0,1.0,0.0,0.0,1.0,1
27.0,15.49,9.0,22.9,7.0,4.0,5.0,0.0,1.0,0.0,0.0,0.0,1.0,0
26.0,22.99,11.0,54.8,27.0,1.0,4.0,0.0,0.0,1.0,0.0,1.0,0.0,0
22.0,9.99,28.0,1.0,6.0,2.0,3.0,2.0,1.0,0.0,1.0,0.0,0.0,1
39.0,22.99,39.0,52.4,12.0,4.0,1.0,1.0,1.0,0.0,0.0,1.0,0.0,0
59.0,22.99,40.0,47.7,7.0,1.0,5.0,0.0,0.0,1.0,0.0,1.0,0.0,0
69.0,22.99,50.0,27.5,3.0,1.0,2.0,2.0,1.0,0.0,0.0,1.0,0.0,0
33.0,9.99,28.0,58.9,30.0,1.0,2.0,1.0,0.0,1.0,1.0,0.0,0.0,0
31.0,9.99,1.0,7.2,10.0,2.0,2.0,3.0,1.0,0.0,1.0,0.0,0.0,1
31.0,15.49,38.0,45.2,0.0,1.0,4.0,0.0,0.0,1.0,0.0,0.0,1.0,0
19.0,9.99,5.0,1.0,2.0,2.0,1.0,0.0,0.0,1.0,1.0,0.0,0.0,0
35.0,22.99,12.0,22.2,1.0,5.0,2.0,0.0,0.0,1.0,0.0,1.0,0.0,0
62.0,22.99,47.0,65.4,49.0,1.0,4.0,3.0,0.0,1.0,0.0,1.0,0.0,1
40.0,22.99,31.0,54.9,14.0,2.0,4.0,0.0,1.0,0.0,0.0,1.0,0.0,0
36.0,15.49,31.0,68.8,2.0,1.0,2.0,0.0,1.0,0.0,0.0,0.0,1.0,0
53.0,9.99,45.0,6.3,14.0,3.0,4.0,1.0,1.0,0.0,1.0,0.0,0.0,0
36.0,15.49,4.0,58.3,1.0,2.0,3.0,0.0,1.0,0.0,0.0,0.0,1.0,0
19.0,15.49,19.0,61.2,4.0,3.0,3.0,0.0,0.0,1.0,0.0,0.0,1.0,0
35.0,15.49,21.0,25.7,43.0,1.0,1.0,0.0,0.0,1.0,0.0,0.0,1.0,1
33.0,22.99,42.0,33.2,36.0,3.0,2.0,1.0,1.0,0.0,0.0,1.0,0.0,1
46.0,22.99,29.0,65.9,5.0,1.0,4.0,2.0,1.0,0.0,0.0,1.0,0.0,0
51.0,9.99,13.0,68.9,16.0,4.0,3.0,0.0,1.0,0.0,1.0,0.0,0.0,0
46.0,15.49,34.0,39.8,16.0,5.0,5.0,3.0,0.0,1.0,0.0,0.0,1.0,0
54.0,15.49,40.0,81.1,12.0,2.0,2.0,1.0,0.0,1.0,0.0,0.0,1.0,0
43.0,22.99,43.0,69.7,11.0,4.0,1.0,1.0,1.0,0.0,0.0,1.0,0.0,0
18.0,9.99,27.0,60.1,3.0,1.0,5.0,0.0,1.0,0.0,1.0,0.0,0.0,0
62.0,9.99,33.0,81.8,1.0,1.0,5.0,2.0,0.0,1.0,1.0,0.0,0.0,0
54.0,22.99,30.0,34.6,2.0,2.0,1.0,1.0,0.0,1.0,0.0,1.0,0.0,0
60.0,9.99,10.0,39.3,8.0,2.0,5.0,0.0,1.0,0.0,1.0,0.0,0.0,0
67.0,15.49,49.0,31.2,12.0,4.0,4.0,0.0,1.0,0.0,0.0,0.0,1.0,0
47.0,15.49,25.0,58.2,21.0,2.0,1.0,0.0,0.0,1.0,0.0,0.0,1.0,0
22.0,22.99,53.0,56.9,11.0,3.0,2.0,1.0,0.0,1.0,0.0,1.0,0.0,0
52.0,15.49,39.0,95.1,0.0,3.0,5.0,0.0,0.0,1.0,0.0,0.0,1.0,0
22.0,15.49,35.0,39.0,11.0,1.0,5.0,1.0,0.0,1.0,0.0,0.0,1.0,0
27.0,15.49,53.0,72.1,22.0,3.0,3.0,0.0,0.0,1.0,0.0,0.0,1.0,0
41.0,9.99,55.0,33.9,5.0,5.0,5.0,1.0,0.0,1.0,1.0,0.0,0.0,0
27.0,15.49,15.0,16.6,0.0,5.0,1.0,1.0,1.0,0.0,0.0,0.0,1.0,0
69.0,22.99,49.0,69.7,25.0,1.0,4.0,0.0,0.0,1.0,0.0,1.0,0.0,0
22.0,9.99,41.0,35.7,7.0,4.0,1.0,0.0,0.0,1.0,1.0,0.0,0.0,0
23.0,15.49,56.0,18.0,1.0,3.0,3.0,0.0,1.0,0.0,0.0,0.0,1.0,0
51.0,9.99,26.0,40.4,0.0,3.0,5.0,0.0,0.0,1.0,1.0,0.0,0.0,0
23.0,15.49,26.0,6.5,39.0,4.0,2.0,2.0,1.0,0.0,0.0,0.0,1.0,1
49.0,15.49,59.0,57.4,2.0,5.0,2.0,1.0,1.0,0.0,0.0,0.0,1.0,0
67.0,9.99,25.0,27.9,13.0,3.0,2.0,0.0,0.0,1.0,1.0,0.0,0.0,0
48.0,9.99,10.0,13.7,19.0,5.0,2.0,0.0,1.0,0.0,1.0,0.0,0.0,1
37.0,15.49,44.0,4.9,21.0,1.0,2.0,0.0,0.0,1.0,0.0,0.0,1.0,0
44.0,22.99,35.0,66.5,23.0,2.0,2.0,3.0,1.0,0.0,0.0,1.0,0.0,0
38.0,9.99,45.0,48.3,1.0,5.0,5.0,0.0,0.0,1.0,1.0,0.0,0.0,0
43.0,9.99,52.0,30.6,22.0,4.0,1.0,1.0,0.0,1.0,1.0,0.0,0.0,1
47.0,9.99,32.0,33.8,35.0,5.0,3.0,0.0,1.0,0.0,1.0,0.0,0.0,0
52.0,9.99,13.0,69.6,3.0,3.0,1.0,1.0,0.0,1.0,1.0,0.0,0.0,0
55.0,9.99,20.0,44.0,15.0,4.0,1.0,0.0,1.0,0.0,1.0,0.0,0.0,0
36.0,9.99,38.0,30.9,12.0,3.0,5.0,1.0,1.0,0.0,1.0,0.0,0.0,0
24.0,9.99,20.0,69.0,22.0,1.0,1.0,0.0,0.0,1.0,1.0,0.0,0.0,0
64.0,15.49,12.0,52.8,21.0,3.0,1.0,1.0,1.0,0.0,0.0,0.0,1.0,0
43.0,22.99,20.0,20.7,3.0,1.0,5.0,0.0,1.0,0.0,0.0,1.0,0.0,0
41.0,15.49,17.0,48.6,7.0,1.0,3.0,1.0,1.0,0.0,0.0,0.0,1.0,0
66.0,15.49,20.0,28.6,11.0,4.0,4.0,0.0,0.0,1.0,0.0,0.0,1.0,0
33.0,9.99,40.0,63.7,29.0,2.0,2.0,0.0,1.0,0.0,1.0,0.0,0.0,0
35.0,15.49,22.0,36.5,10.0,4.0,1.0,1.0,1.0,0.0,0.0,0.0,1.0,0
50.0,9.99,5.0,32.1,12.0,3.0,4.0,1.0,0.0,1.0,1.0,0.0,0.0,0
61.0,9.99,58.0,21.0,16.0,1.0,4.0,0.0,0.0,1.0,1.0,0.0,0.0,0
55.0,9.99,50.0,10.8,6.0,2.0,2.0,1.0,1.0,0.0,1.0,0.0,0.0,0
26.0,15.49,10.0,87.8,26.0,4.0,1.0,0.0,0.0,1.0,0.0,0.0,1.0,0
40.0,15.49,12.0,44.2,19.0,4.0,5.0,0.0,0.0,1.0,0.0,0.0,1.0,0
38.0,9.99,27.0,63.9,12.0,2.0,5.0,0.0,0.0,1.0,1.0,0.0,0.0,0
57.0,9.99,59.0,76.8,12.0,2.0,5.0,0.0,0.0,1.0,1.0,0.0,0.0,0
57.0,15.49,5.0,6.5,5.0,1.0,5.0,0.0,1.0,0.0,0.0,0.0,1.0,0
54.0,15.49,47.0,74.3,5.0,2.0,3.0,1.0,0.0,1.0,0.0,0.0,1.0,0
47.0,15.49,12.0,9.3,18.0,1.0,4.0,1.0,0.0,1.0,0.0,0.0,1.0,1
27.0,15.49,59.0,42.4,20.0,5.0,3.0,1.0,0.0,1.0,0.0,0.0,1.0,0
29.0,15.49,31.0,62.3,28.0,4.0,2.0,0.0,1.0,0.0,0.0,0.0,1.0,0
50.0,15.49,40.0,76.6,19.0,1.0,5.0,0.0,0.0,1.0,0.0,0.0,1.0,0
40.0,15.49,54.0,14.1,10.0,3.0,1.0,1.0,0.0,1.0,0.0,0.0,1.0,0
28.0,9.99,50.0,34.9,29.0,2.0,4.0,0.0,0.0,1.0,1.0,0.0,0.0,0
36.0,9.99,19.0,48.1,4.0,3.0,1.0,1.0,1.0,0.0,1.0,0.0,0.0,0
34.0,15.49,42.0,27.4,11.0,5.0,3.0,0.0,1.0,0.0,0.0,0.0,1.0,0
69.0,9.99,33.0,56.4,25.0,4.0,1.0,0.0,0.0,1.0,1.0,0.0,0.0,0
69.0,15.49,20.0,22.2,2.0,2.0,2.0,0.0,0.0,1.0,0.0,0.0,1.0,0
34.0,22.99,8.0,20.8,1.0,3.0,1.0,2.0,0.0,1.0,0.0,1.0,0.0,1
27.0,15.49,47.0,38.6,26.0,5.0,1.0,1.0,0.0,1.0,0.0,0.0,1.0,1
28.0,15.49,28.0,52.5,0.0,4.0,2.0,0.0,1.0,0.0,0.0,0.0,1.0,0
47.0,15.49,56.0,71.9,19.0,3.0,2.0,0.0,1.0,0.0,0.0,0.0,1.0,0
44.0,9.99,21.0,22.7,1.0,1.0,5.0,1.0,1.0,0.0,1.0,0.0,0.0,1
58.0,15.49,53.0,26.5,18.0,3.0,3.0,0.0,1.0,0.0,0.0,0.0,1.0,0
62.0,22.99,12.0,78.4,32.0,5.0,4.0,0.0,1.0,0.0,0.0,1.0,0.0,0
68.0,15.49,58.0,68.9,17.0,2.0,1.0,3.0,0.0,1.0,0.0,0.0,1.0,0
28.0,15.49,53.0,40.2,9.0,2.0,3.0,2.0,1.0,0.0,0.0,0.0,1.0,0
30.0,9.99,31.0,42.7,5.0,5.0,5.0,1.0,1.0,0.0,1.0,0.0,0.0,0
54.0,9.99,11.0,42.7,5.0,4.0,1.0,2.0,1.0,0.0,1.0,0.0,0.0,0
47.0,15.49,1.0,46.6,0.0,4.0,4.0,0.0,0.0,1.0,0.0,0.0,1.0,0
18.0,22.99,15.0,41.7,25.0,3.0,2.0,1.0,0.0,1.0,0.0,1.0,0.0,1
48.0,15.49,47.0,52.8,16.0,3.0,1.0,0.0,0.0,1.0,0.0,0.0,1.0,0
52.0,15.49,35.0,52.8,2.0,4.0,3.0,0.0,0.0,1.0,0.0,0.0,1.0,0
61.0,15.49,20.0,60.9,8.0,5.0,1.0,0.0,0.0,1.0,0.0,0.0,1.0,0
43.0,15.49,39.0,63.5,53.0,4.0,4.0,0.0,0.0,1.0,0.0,0.0,1.0,0
66.0,9.99,18.0,44.5,2.0,4.0,5.0,0.0,1.0,0.0,1.0,0.0,0.0,0
64.0,15.49,4.0,2.9,30.0,2.0,2.0,0.0,1.0,0.0,0.0,0.0,1.0,1
55.0,15.49,3.0,33.6,2.0,5.0,2.0,2.0,1.0,0.0,0.0,0.0,1.0,1
47.0,22.99,46.0,46.0,16.0,2.0,2.0,0.0,0.0,1.0,0.0,1.0,0.0,0
47.0,9.99,41.0,35.9,2.0,2.0,4.0,1.0,0.0,1.0,1.0,0.0,0.0,0
40.0,22.99,30.0,22.3,12.0,5.0,5.0,0.0,0.0,1.0,0.0,1.0,0.0,0
45.0,9.99,45.0,15.6,7.0,1.0,2.0,1.0,1.0,0.0,1.0,0.0,0.0,0
60.0,15.49,11.0,53.1,13.0,2.0,4.0,0.0,0.0,1.0,0.0,0.0,1.0,0
29.0,22.99,44.0,33.5,18.0,1.0,5.0,1.0,1.0,0.0,0.0,1.0,0.0,0
61.0,15.49,24.0,59.8,0.0,3.0,1.0,1.0,1.0,0.0,0.0,0.0,1.0,0
24.0,15.49,43.0,56.6,9.0,3.0,4.0,2.0,1.0,0.0,0.0,0.0,1.0,0
31.0,15.49,46.0,50.9,2.0,5.0,4.0,0.0,0.0,1.0,0.0,0.0,1.0,0
22.0,22.99,3.0,30.3,2.0,5.0,3.0,3.0,1.0,0.0,0.0,1.0,0.0,1
32.0,15.49,25.0,45.4,10.0,5.0,5.0,1.0,1.0,0.0,0.0,0.0,1.0,0
29.0,22.99,18.0,45.4,7.0,2.0,1.0,1.0,0.0,1.0,0.0,1.0,0.0,0
60.0,22.99,52.0,49.2,8.0,5.0,5.0,2.0,0.0,1.0,0.0,1.0,0.0,0
23.0,15.49,28.0,58.8,3.0,1.0,4.0,0.0,1.0,0.0,0.0,0.0,1.0,0
35.0,15.49,8.0,1.0,3.0,2.0,3.0,0.0,1.0,0.0,0.0,0.0,1.0,1
36.0,22.99,40.0,60.8,39.0,3.0,4.0,1.0,0.0,1.0,0.0,1.0,0.0,0
29.0,15.49,13.0,41.9,2.0,1.0,2.0,1.0,1.0,0.0,0.0,0.0,1.0,0
56.0,22.99,54.0,42.4,5.0,1.0,3.0,1.0,0.0,1.0,0.0,1.0,0.0,0
40.0,9.99,13.0,65.7,3.0,2.0,2.0,0.0,0.0,1.0,1.0,0.0,0.0,0
57.0,22.99,37.0,45.0,0.0,1.0,3.0,2.0,1.0,0.0,0.0,1.0,0.0,0
51.0,22.99,4.0,58.7,0.0,2.0,1.0,0.0,1.0,0.0,0.0,1.0,0.0,0
50.0,9.99,21.0,32.6,23.0,2.0,5.0,0.0,0.0,1.0,1.0,0.0,0.0,0
47.0,15.49,20.0,42.9,3.0,5.0,3.0,1.0,1.0,0.0,0.0,0.0,1.0,0
57.0,9.99,55.0,28.2,16.0,2.0,4.0,1.0,1.0,0.0,1.0,0.0,0.0,0
31.0,15.49,46.0,95.1,0.0,3.0,4.0,0.0,1.0,0.0,0.0,0.0,1.0,0
40.0,22.99,32.0,35.5,0.0,4.0,2.0,0.0,0.0,1.0,0.0,1.0,0.0,0
37.0,15.49,42.0,60.9,46.0,1.0,3.0,2.0,0.0,1.0,0.0,0.0,1.0,1
69.0,9.99,35.0,102.7,5.0,4.0,3.0,0.0,0.0,1.0,1.0,0.0,0.0,0
51.0,15.49,28.0,53.9,5.0,5.0,4.0,0.0,0.0,1.0,0.0,0.0,1.0,0
28.0,22.99,39.0,52.1,3.0,5.0,3.0,0.0,1.0,0.0,0.0,1.0,0.0,0
39.0,15.49,53.0,82.9,7.0,2.0,5.0,2.0,1.0,0.0,0.0,0.0,1.0,0
51.0,9.99,41.0,73.2,19.0,5.0,5.0,0.0,0.0,1.0,1.0,0.0,0.0,0
58.0,9.99,21.0,4.3,1.0,2.0,4.0,0.0,1.0,0.0,1.0,0.0,0.0,0
64.0,9.99,19.0,69.5,9.0,4.0,5.0,0.0,1.0,0.0,1.0,0.0,0.0,0
18.0,15.49,36.0,3.4,9.0,5.0,1.0,3.0,0.0,1.0,0.0,0.0,1.0,1
19.0,9.99,44.0,46.0,7.0,4.0,3.0,0.0,0.0,1.0,1.0,0.0,0.0,0
30.0,9.99,59.0,34.0,41.0,1.0,2.0,3.0,0.0,1.0,1.0,0.0,0.0,1
27.0,9.99,45.0,47.2,6.0,2.0,5.0,2.0,1.0,0.0,1.0,0.0,0.0,0
37.0,15.49,55.0,25.3,16.0,4.0,5.0,0.0,0.0,1.0,0.0,0.0,1.0,0
68.0,15.49,35.0,57.6,11.0,1.0,4.0,1.0,0.0,1.0,0.0,0.0,1.0,0
33.0,9.99,59.0,31.9,17.0,5.0,1.0,1.0,1.0,0.0,1.0,0.0,0.0,0
35.0,9.99,29.0,36.3,1.0,3.0,3.0,0.0,1.0,0.0,1.0,0.0,0.0,0
19.0,22.99,47.0,1.0,3.0,4.0,5.0,0.0,1.0,0.0,0.0,1.0,0.0,0
24.0,9.99,47.0,59.8,16.0,3.0,2.0,0.0,0.0,1.0,1.0,0.0,0.0,0
63.0,22.99,50.0,55.7,4.0,5.0,2.0,1.0,0.0,1.0,0.0,1.0,0.0,0
21.0,9.99,59.0,39.5,5.0,3.0,1.0,0.0,1.0,0.0,1.0,0.0,0.0,0
52.0,15.49,52.0,41.6,13.0,2.0,2.0,0.0,1.0,0.0,0.0,0.0,1.0,0
61.0,15.49,45.0,21.3,14.0,4.0,3.0,0.0,0.0,1.0,0.0,0.0,1.0,0
49.0,22.99,22.0,23.3,15.0,4.0,5.0,0.0,0.0,1.0,0.0,1.0,0.0,0
43.0,9.99,36.0,14.6,43.0,5.0,1.0,0.0,1.0,0.0,1.0,0.0,0.0,1
50.0,9.99,28.0,43.6,42.0,5.0,3.0,0.0,0.0,1.0,1.0,0.0,0.0,0
56.0,22.99,3.0,68.8,11.0,3.0,4.0,0.0,1.0,0.0,0.0,1.0,0.0,0
63.0,22.99,10.0,44.7,8.0,3.0,4.0,0.0,0.0,1.0,0.0,1.0,0.0,0
37.0,9.99,6.0,65.4,11.0,2.0,5.0,1.0,1.0,0.0,1.0,0.0,0.0,0
48.0,15.49,11.0,17.5,0.0,5.0,5.0,0.0,1.0,0.0,0.0,0.0,1.0,0
19.0,22.99,42.0,19.2,18.0,3.0,5.0,0.0,0.0,1.0,0.0,1.0,0.0,0
31.0,9.99,2.0,1.0,8.0,1.0,1.0,1.0,0.0,1.0,1.0,0.0,0.0,0
35.0,9.99,4.0,11.0,4.0,1.0,3.0,1.0,0.0,1.0,1.0,0.0,0.0,0
32.0,15.49,3.0,63.9,3.0,5.0,4.0,2.0,1.0,0.0,0.0,0.0,1.0,0
28.0,9.99,57.0,49.6,3.0,1.0,1.0,2.0,0.0,1.0,1.0,0.0,0.0,0
26.0,9.99,1.0,53.2,28.0,2.0,5.0,1.0,0.0,1.0,1.0,0.0,0.0,0
35.0,9.99,12.0,32.2,12.0,2.0,3.0,2.0,0.0,1.0,1.0,0.0,0.0,1
21.0,15.49,26.0,54.5,5.0,1.0,5.0,0.0,1.0,0.0,0.0,0.0,1.0,0
19.0,15.49,36.0,58.4,83.0,2.0,1.0,0.0,0.0,1.0,0.0,0.0,1.0,1
26.0,9.99,14.0,65.3,8.0,2.0,5.0,1.0,1.0,0.0,1.0,0.0,0.0,0
48.0,15.49,31.0,83.9,5.0,5.0,1.0,1.0,0.0,1.0,0.0,0.0,1.0,0
56.0,9.99,45.0,28.1,5.0,4.0,4.0,0.0,1.0,0.0,1.0,0.0,0.0,0
20.0,9.99,23.0,40.3,9.0,1.0,4.0,0.0,0.0,1.0,1.0,0.0,0.0,0
56.0,9.99,20.0,24.8,29.0,2.0,5.0,1.0,0.0,1.0,1.0,0.0,0.0,0
57.0,22.99,52.0,19.3,0.0,2.0,5.0,2.0,0.0,1.0,0.0,1.0,0.0,0
65.0,9.99,26.0,1.0,10.0,5.0,5.0,0.0,0.0,1.0,1.0,0.0,0.0,0
51.0,9.99,23.0,17.1,11.0,5.0,5.0,0.0,1.0,0.0,1.0,0.0,0.0,0
63.0,15.49,27.0,51.7,5.0,5.0,2.0,1.0,0.0,1.0,0.0,0.0,1.0,0
66.0,9.99,20.0,1.0,7.0,2.0,5.0,0.0,1.0,0.0,1.0,0.0,0.0,0
60.0,22.99,41.0,67.5,1.0,3.0,5.0,1.0,1.0,0.0,0.0,1.0,0.0,0
35.0,9.99,48.0,53.7,7.0,5.0,4.0,1.0,0.0,1.0,1.0,0.0,0.0,0
50.0,22.99,16.0,14.9,15.0,5.0,3.0,3.0,1.0,0.0,0.0,1.0,0.0,1
44.0,9.99,59.0,78.1,34.0,3.0,3.0,1.0,1.0,0.0,1.0,0.0,0.0,0
53.0,22.99,14.0,68.1,3.0,5.0,4.0,0.0,1.0,0.0,0.0,1.0,0.0,0
38.0,22.99,39.0,32.2,12.0,1.0,5.0,0.0,0.0,1.0,0.0,1.0,0.0,0
60.0,15.49,32.0,84.8,0.0,4.0,1.0,0.0,1.0,0.0,0.0,0.0,1.0,0
46.0,9.99,23.0,33.7,19.0,3.0,1.0,0.0,1.0,0.0,1.0,0.0,0.0,0
64.0,9.99,12.0,4.2,9.0,4.0,3.0,0.0,1.0,0.0,1.0,0.0,0.0,1
61.0,15.49,59.0,40.5,0.0,4.0,5.0,0.0,1.0,0.0,0.0,0.0,1.0,0
19.0,9.99,27.0,55.4,7.0,5.0,1.0,0.0,1.0,0.0,1.0,0.0,0.0,0
58.0,22.99,27.0,39.0,5.0,4.0,1.0,2.0,0.0,1.0,0.0,1.0,0.0,0
30.0,9.99,32.0,37.1,12.0,1.0,3.0,0.0,0.0,1.0,1.0,0.0,0.0,0
53.0,9.99,59.0,57.2,37.0,3.0,1.0,1.0,0.0,1.0,1.0,0.0,0.0,0
32.0,9.99,43.0,84.0,32.0,5.0,3.0,0.0,1.0,0.0,1.0,0.0,0.0,0
26.0,9.99,10.0,30.6,13.0,1.0,2.0,0.0,1.0,0.0,1.0,0.0,0.0,0
30.0,15.49,6.0,59.3,17.0,5.0,4.0,1.0,0.0,1.0,0.0,0.0,1.0,0
39.0,15.49,50.0,32.8,3.0,4.0,2.0,0.0,0.0,1.0,0.0,0.0,1.0,0
22.0,15.49,54.0,45.7,17.0,4.0,3.0,0.0,0.0,1.0,0.0,0.0,1.0,0
32.0,9.99,54.0,117.7,1.0,1.0,4.0,1.0,1.0,0.0,1.0,0.0,0.0,0
25.0,9.99,25.0,29.5,3.0,4.0,2.0,0.0,0.0,1.0,1.0,0.0,0.0,0
49.0,22.99,28.0,41.2,17.0,4.0,4.0,1.0,0.0,1.0,0.0,1.0,0.0,0
27.0,22.99,49.0,79.1,18.0,2.0,4.0,0.0,1.0,0.0,0.0,1.0,0.0,0
61.0,9.99,7.0,56.4,0.0,4.0,4.0,1.0,1.0,0.0,1.0,0.0,0.0,0
23.0,22.99,27.0,1.0,10.0,2.0,5.0,2.0,0.0,1.0,0.0,1.0,0.0,1
47.0,9.99,4.0,31.8,0.0,2.0,3.0,1.0,1.0,0.0,1.0,0.0,0.0,0
30.0,15.49,42.0,22.4,4.0,3.0,3.0,0.0,1.0,0.0,0.0,0.0,1.0,0
22.0,22.99,55.0,58.4,4.0,1.0,3.0,0.0,1.0,0.0,0.0,1.0,0.0,0
30.0,9.99,53.0,63.8,16.0,2.0,1.0,0.0,1.0,0.0,1.0,0.0,0.0,0
64.0,15.49,17.0,50.4,36.0,4.0,3.0,0.0,1.0,0.0,0.0,0.0,1.0,1
63.0,9.99,11.0,63.5,28.0,1.0,4.0,1.0,1.0,0.0,1.0,0.0,0.0,0
29.0,9.99,15.0,69.8,6.0,4.0,3.0,0.0,1.0,0.0,1.0,0.0,0.0,0
52.0,15.49,17.0,15.2,14.0,4.0,1.0,1.0,1.0,0.0,0.0,0.0,1.0,0
24.0,15.49,58.0,60.1,17.0,5.0,3.0,1.0,1.0,0.0,0.0,0.0,1.0,0
37.0,15.49,32.0,1.0,4.0,4.0,2.0,0.0,1.0,0.0,0.0,0.0,1.0,0
22.0,9.99,31.0,34.1,22.0,2.0,1.0,0.0,0.0,1.0,1.0,0.0,0.0,0
62.0,9.99,19.0,43.9,0.0,4.0,3.0,0.0,0.0,1.0,1.0,0.0,0.0,0
18.0,15.49,11.0,57.1,10.0,1.0,2.0,0.0,1.0,0.0,0.0,0.0,1.0,0
34.0,15.49,34.0,53.0,2.0,2.0,3.0,0.0,1.0,0.0,0.0,0.0,1.0,0
23.0,22.99,51.0,59.5,12.0,2.0,5.0,2.0,0.0,1.0,0.0,1.0,0.0,0
68.0,9.99,46.0,46.3,5.0,3.0,3.0,0.0,1.0,0.0,1.0,0.0,0.0,0
54.0,15.49,8.0,51.6,4.0,1.0,4.0,0.0,1.0,0.0,0.0,0.0,1.0,0
38.0,9.99,22.0,60.7,1.0,4.0,1.0,1.0,1.0,0.0,1.0,0.0,0.0,0
38.0,15.49,8.0,64.2,0.0,3.0,2.0,0.0,1.0,0.0,0.0,0.0,1.0,0
31.0,15.49,9.0,14.4,4.0,2.0,3.0,1.0,1.0,0.0,0.0,0.0,1.0,1
64.0,9.99,34.0,1.0,2.0,1.0,2.0,1.0,1.0,0.0,1.0,0.0,0.0,0
50.0,22.99,31.0,27.7,12.0,2.0,1.0,0.0,0.0,1.0,0.0,1.0,0.0,0
62.0,15.49,14.0,2.6,8.0,2.0,2.0,1.0,1.0,0.0,0.0,0.0,1.0,0
61.0,9.99,22.0,53.0,5.0,2.0,4.0,0.0,1.0,0.0,1.0,0.0,0.0,0
55.0,15.49,10.0,7.1,1.0,1.0,3.0,2.0,0.0,1.0,0.0,0.0,1.0,1
28.0,9.99,4.0,53.2,9.0,3.0,3.0,1.0,0.0,1.0,1.0,0.0,0.0,0
19.0,9.99,35.0,65.4,18.0,3.0,2.0,1.0,1.0,0.0,1.0,0.0,0.0,0
64.0,15.49,46.0,89.1,27.0,1.0,1.0,0.0,1.0,0.0,0.0,0.0,1.0,0
37.0,15.49,50.0,1.0,2.0,4.0,1.0,1.0,0.0,1.0,0.0,0.0,1.0,0
51.0,15.49,16.0,1.0,8.0,1.0,5.0,0.0,1.0,0.0,0.0,0.0,1.0,0
37.0,22.99,56.0,77.9,8.0,1.0,1.0,0.0,1.0,0.0,0.0,1.0,0.0,0
30.0,15.49,56.0,50.3,3.0,3.0,3.0,2.0,1.0,0.0,0.0,0.0,1.0,0
51.0,9.99,14.0,48.5,2.0,5.0,4.0,1.0,1.0,0.0,1.0,0.0,0.0,0
41.0,15.49,32.0,27.0,16.0,3.0,5.0,1.0,1.0,0.0,0.0,0.0,1.0,0
36.0,9.99,46.0,1.0,14.0,2.0,5.0,0.0,0.0,1.0,1.0,0.0,0.0,0
19.0,9.99,49.0,76.0,10.0,1.0,5.0,0.0,1.0,0.0,1.0,0.0,0.0,0
48.0,9.99,50.0,24.8,0.0,2.0,2.0,1.0,1.0,0.0,1.0,0.0,0.0,0
31.0,9.99,42.0,1.0,5.0,1.0,4.0,0.0,1.0,0.0,1.0,0.0,0.0,0
19.0,15.49,55.0,47.6,7.0,4.0,4.0,0.0,1.0,0.0,0.0,0.0,1.0,0
42.0,9.99,49.0,4.2,8.0,2.0,1.0,0.0,1.0,0.0,1.0,0.0,0.0,0
38.0,15.49,37.0,53.3,16.0,2.0,4.0,0.0,0.0,1.0,0.0,0.0,1.0,0
36.0,15.49,1.0,45.4,16.0,3.0,3.0,1.0,1.0,0.0,0.0,0.0,1.0,0
61.0,9.99,22.0,72.7,14.0,2.0,1.0,1.0,1.0,0.0,1.0,0.0,0.0,0
34.0,15.49,29.0,53.2,7.0,3.0,5.0,2.0,1.0,0.0,0.0,0.0,1.0,0
20.0,9.99,27.0,64.2,3.0,3.0,4.0,0.0,0.0,1.0,1.0,0.0,0.0,0
37.0,15.49,4.0,34.7,10.0,4.0,3.0,1.0,0.0,1.0,0.0,0.0,1.0,1
31.0,9.99,14.0,60.8,9.0,4.0,1.0,2.0,0.0,1.0,1.0,0.0,0.0,0
49.0,9.99,38.0,61.7,22.0,2.0,3.0,0.0,1.0,0.0,1.0,0.0,0.0,0
24.0,9.99,19.0,83.4,7.0,3.0,4.0,2.0,1.0,0.0,1.0,0.0,0.0,0
39.0,9.99,30.0,64.8,14.0,3.0,2.0,2.0,1.0,0.0,1.0,0.0,0.0,0
37.0,9.99,27.0,14.2,1.0,3.0,5.0,0.0,1.0,0.0,1.0,0.0,0.0,0
54.0,9.99,1.0,29.5,26.0,2.0,5.0,0.0,1.0,0.0,1.0,0.0,0.0,1
37.0,9.99,32.0,45.5,3.0,5.0,5.0,1.0,0.0,1.0,1.0,0.0,0.0,0
32.0,9.99,11.0,32.8,5.0,5.0,5.0,2.0,1.0,0.0,1.0,0.0,0.0,0
58.0,15.49,12.0,57.5,25.0,5.0,4.0,1.0,1.0,0.0,0.0,0.0,1.0,0
29.0,15.49,39.0,87.5,33.0,5.0,4.0,1.0,1.0,0.0,0.0,0.0,1.0,0
58.0,15.49,10.0,40.1,0.0,4.0,5.0,1.0,1.0,0.0,0.0,0.0,1.0,0
25.0,15.49,41.0,60.1,16.0,5.0,4.0,0.0,1.0,0.0,0.0,0.0,1.0,0
33.0,9.99,31.0,51.1,4.0,3.0,4.0,1.0,0.0,1.0,1.0,0.0,0.0,0
65.0,9.99,54.0,71.0,82.0,2.0,5.0,1.0,0.0,1.0,1.0,0.0,0.0,1
55.0,15.49,36.0,4.7,7.0,3.0,2.0,0.0,0.0,1.0,0.0,0.0,1.0,0
64.0,22.99,59.0,1.0,13.0,3.0,2.0,0.0,0.0,1.0,0.0,1.0,0.0,0
39.0,9.99,10.0,63.0,3.0,5.0,5.0,1.0,0.0,1.0,1.0,0.0,0.0,0
44.0,15.49,21.0,109.7,26.0,2.0,1.0,1.0,0.0,1.0,0.0,0.0,1.0,0
67.0,15.49,33.0,23.9,18.0,2.0,4.0,0.0,1.0,0.0,0.0,0.0,1.0,0
48.0,9.99,58.0,68.4,14.0,5.0,5.0,0.0,0.0,1.0,1.0,0.0,0.0,0
43.0,9.99,20.0,42.7,0.0,4.0,5.0,2.0,1.0,0.0,1.0,0.0,0.0,0
54.0,22.99,1.0,45.8,9.0,3.0,4.0,1.0,0.0,1.0,0.0,1.0,0.0,0
45.0,15.49,55.0,69.6,4.0,3.0,5.0,1.0,0.0,1.0,0.0,0.0,1.0,0
50.0,9.99,1.0,28.1,3.0,4.0,5.0,0.0,1.0,0.0,1.0,0.0,0.0,0
69.0,15.49,58.0,39.0,21.0,5.0,1.0,0.0,0.0,1.0,0.0,0.0,1.0,0
49.0,22.99,3.0,84.4,23.0,4.0,5.0,1.0,1.0,0.0,0.0,1.0,0.0,0
45.0,15.49,42.0,31.4,34.0,4.0,3.0,0.0,1.0,0.0,0.0,0.0,1.0,0
63.0,9.99,6.0,1.0,8.0,4.0,4.0,1.0,0.0,1.0,1.0,0.0,0.0,1
62.0,22.99,2.0,87.0,7.0,4.0,5.0,1.0,1.0,0.0,0.0,1.0,0.0,0
38.0,22.99,10.0,70.1,11.0,5.0,2.0,2.0,1.0,0.0,0.0,1.0,0.0,1
37.0,15.49,28.0,57.2,2.0,5.0,2.0,1.0,0.0,1.0,0.0,0.0,1.0,0
21.0,15.49,25.0,30.9,15.0,1.0,2.0,1.0,1.0,0.0,0.0,0.0,1.0,0
47.0,9.99,23.0,42.1,2.0,5.0,5.0,2.0,1.0,0.0,1.0,0.0,0.0,0
64.0,9.99,27.0,78.3,20.0,5.0,5.0,2.0,1.0,0.0,1.0,0.0,0.0,0
46.0,9.99,3.0,48.1,5.0,4.0,3.0,1.0,1.0,0.0,1.0,0.0,0.0,0
23.0,15.49,20.0,60.6,2.0,2.0,4.0,1.0,0.0,1.0,0.0,0.0,1.0,0
31.0,15.49,47.0,45.0,24.0,1.0,5.0,0.0,0.0,1.0,0.0,0.0,1.0,0
66.0,15.49,21.0,24.8,6.0,3.0,2.0,1.0,0.0,1.0,0.0,0.0,1.0,0
44.0,15.49,34.0,37.6,18.0,3.0,2.0,1.0,0.0,1.0,0.0,0.0,1.0,0
34.0,22.99,25.0,63.4,1.0,5.0,1.0,1.0,0.0,1.0,0.0,1.0,0.0,0
29.0,9.99,27.0,66.0,0.0,3.0,1.0,1.0,0.0,1.0,1.0,0.0,0.0,0
26.0,22.99,5.0,83.5,19.0,5.0,2.0,1.0,1.0,0.0,0.0,1.0,0.0,0
30.0,9.99,32.0,36.2,35.0,1.0,3.0,1.0,1.0,0.0,1.0,0.0,0.0,1
57.0,15.49,51.0,110.9,11.0,3.0,2.0,1.0,1.0,0.0,0.0,0.0,1.0,0
32.0,15.49,16.0,39.1,3.0,1.0,3.0,1.0,0.0,1.0,0.0,0.0,1.0,0
45.0,9.99,35.0,65.4,5.0,5.0,4.0,2.0,0.0,1.0,1.0,0.0,0.0,0
30.0,15.49,1.0,56.7,1.0,5.0,3.0,0.0,0.0,1.0,0.0,0.0,1.0,0
34.0,15.49,7.0,59.8,3.0,5.0,3.0,2.0,1.0,0.0,0.0,0.0,1.0,0
20.0,15.49,48.0,57.0,8.0,2.0,2.0,0.0,0.0,1.0,0.0,0.0,1.0,0
55.0,15.49,13.0,59.3,8.0,2.0,3.0,1.0,0.0,1.0,0.0,0.0,1.0,0
23.0,9.99,14.0,28.3,16.0,2.0,3.0,0.0,0.0,1.0,1.0,0.0,0.0,0
32.0,15.49,11.0,45.5,3.0,2.0,5.0,0.0,0.0,1.0,0.0,0.0,1.0,0
28.0,9.99,32.0,39.4,0.0,1.0,4.0,0.0,1.0,0.0,1.0,0.0,0.0,0
23.0,15.49,14.0,48.4,68.0,1.0,3.0,3.0,0.0,1.0,0.0,0.0,1.0,1
38.0,22.99,40.0,54.0,6.0,1.0,3.0,0.0,1.0,0.0,0.0,1.0,0.0,0
36.0,22.99,57.0,30.6,7.0,4.0,4.0,1.0,0.0,1.0,0.0,1.0,0.0,0
36.0,22.99,48.0,47.7,3.0,1.0,3.0,1.0,0.0,1.0,0.0,1.0,0.0,0
45.0,9.99,3.0,82.4,21.0,5.0,5.0,0.0,0.0,1.0,1.0,0.0,0.0,0
68.0,22.99,50.0,29.0,3.0,4.0,3.0,2.0,0.0,1.0,0.0,1.0,0.0,0
50.0,9.99,22.0,25.5,4.0,2.0,1.0,3.0,0.0,1.0,1.0,0.0,0.0,0
53.0,9.99,14.0,63.6,1.0,3.0,2.0,0.0,0.0,1.0,1.0,0.0,0.0,0
45.0,15.49,1.0,1.0,0.0,3.0,1.0,2.0,1.0,0.0,0.0,0.0,1.0,1
36.0,22.99,6.0,28.6,5.0,5.0,5.0,1.0,0.0,1.0,0.0,1.0,0.0,0
21.0,15.49,51.0,37.7,23.0,2.0,4.0,1.0,0.0,1.0,0.0,0.0,1.0,0
38.0,22.99,45.0,96.0,9.0,4.0,3.0,1.0,0.0,1.0,0.0,1.0,0.0,0
24.0,9.99,53.0,2.7,5.0,3.0,5.0,0.0,1.0,0.0,1.0,0.0,0.0,0
49.0,15.49,44.0,61.9,2.0,2.0,5.0,2.0,0.0,1.0,0.0,0.0,1.0,0
40.0,15.49,57.0,20.3,2.0,2.0,5.0,0.0,0.0,1.0,0.0,0.0,1.0,0
19.0,15.49,38.0,59.3,90.0,5.0,2.0,0.0,0.0,1.0,0.0,0.0,1.0,1
56.0,22.99,51.0,48.9,5.0,4.0,3.0,1.0,0.0,1.0,0.0,1.0,0.0,0
28.0,9.99,50.0,54.4,4.0,2.0,4.0,1.0,1.0,0.0,1.0,0.0,0.0,0
61.0,9.99,4.0,29.9,0.0,4.0,5.0,1.0,1.0,0.0,1.0,0.0,0.0,0
49.0,15.49,52.0,34.9,19.0,2.0,4.0,2.0,1.0,0.0,0.0,0.0,1.0,0
45.0,9.99,9.0,30.4,13.0,3.0,2.0,0.0,1.0,0.0,1.0,0.0,0.0,0
69.0,9.99,7.0,67.2,8.0,1.0,1.0,0.0,0.0,1.0,1.0,0.0,0.0,0
69.0,15.49,13.0,59.0,16.0,1.0,5.0,2.0,0.0,1.0,0.0,0.0,1.0,1
53.0,22.99,48.0,28.0,0.0,3.0,3.0,2.0,0.0,1.0,0.0,1.0,0.0,0
57.0,9.99,48.0,72.0,58.0,5.0,5.0,0.0,0.0,1.0,1.0,0.0,0.0,0
55.0,15.49,53.0,1.0,1.0,3.0,1.0,0.0,1.0,0.0,0.0,0.0,1.0,0
65.0,15.49,43.0,11.0,8.0,4.0,5.0,0.0,0.0,1.0,0.0,0.0,1.0,0
55.0,9.99,21.0,56.3,13.0,5.0,4.0,1.0,0.0,1.0,1.0,0.0,0.0,0
67.0,15.49,24.0,57.1,8.0,2.0,3.0,1.0,0.0,1.0,0.0,0.0,1.0,0
53.0,15.49,41.0,74.0,17.0,4.0,1.0,0.0,0.0,1.0,0.0,0.0,1.0,0
26.0,15.49,31.0,21.3,6.0,3.0,5.0,2.0,1.0,0.0,0.0,0.0,1.0,0
23.0,22.99,46.0,40.9,3.0,1.0,3.0,1.0,0.0,1.0,0.0,1.0,0.0,0
62.0,9.99,8.0,39.3,0.0,2.0,2.0,1.0,1.0,0.0,1.0,0.0,0.0,0
60.0,15.49,7.0,34.2,25.0,3.0,1.0,0.0,0.0,1.0,0.0,0.0,1.0,0
61.0,15.49,23.0,83.6,0.0,2.0,4.0,2.0,1.0,0.0,0.0,0.0,1.0,0
57.0,15.49,6.0,23.5,35.0,3.0,2.0,0.0,1.0,0.0,0.0,0.0,1.0,1
56.0,22.99,21.0,1.0,6.0,4.0,1.0,0.0,1.0,0.0,0.0,1.0,0.0,0
38.0,9.99,21.0,36.8,33.0,4.0,3.0,1.0,1.0,0.0,1.0,0.0,0.0,0
19.0,9.99,42.0,72.9,14.0,1.0,2.0,0.0,0.0,1.0,1.0,0.0,0.0,0
43.0,9.99,36.0,80.1,11.0,2.0,3.0,0.0,1.0,0.0,1.0,0.0,0.0,0
52.0,9.99,18.0,53.2,2.0,5.0,3.0,0.0,1.0,0.0,1.0,0.0,0.0,0
49.0,9.99,45.0,1.0,14.0,3.0,5.0,1.0,0.0,1.0,1.0,0.0,0.0,1
50.0,15.49,56.0,20.5,29.0,3.0,1.0,0.0,0.0,1.0,0.0,0.0,1.0,0
48.0,9.99,8.0,57.3,26.0,5.0,2.0,0.0,1.0,0.0,1.0,0.0,0.0,0
41.0,22.99,43.0,76.7,14.0,5.0,1.0,0.0,0.0,1.0,0.0,1.0,0.0,0
23.0,15.49,58.0,7.9,13.0,1.0,1.0,0.0,1.0,0.0,0.0,0.0,1.0,1
66.0,9.99,38.0,76.8,6.0,3.0,3.0,0.0,1.0,0.0,1.0,0.0,0.0,0
68.0,15.49,48.0,58.1,2.0,3.0,1.0,0.0,0.0,1.0,0.0,0.0,1.0,0
27.0,9.99,24.0,83.2,29.0,4.0,4.0,0.0,0.0,1.0,1.0,0.0,0.0,0
33.0,22.99,15.0,57.2,11.0,2.0,5.0,0.0,0.0,1.0,0.0,1.0,0.0,0
28.0,15.49,13.0,58.2,3.0,3.0,5.0,0.0,0.0,1.0,0.0,0.0,1.0,0
37.0,9.99,16.0,33.6,3.0,1.0,5.0,1.0,0.0,1.0,1.0,0.0,0.0,1
20.0,22.99,9.0,111.1,0.0,2.0,4.0,0.0,1.0,0.0,0.0,1.0,0.0,0
20.0,9.99,5.0,49.0,6.0,2.0,1.0,0.0,1.0,0.0,1.0,0.0,0.0,0
36.0,15.49,30.0,29.3,12.0,5.0,5.0,2.0,0.0,1.0,0.0,0.0,1.0,0
23.0,15.49,10.0,43.3,9.0,1.0,4.0,0.0,0.0,1.0,0.0,0.0,1.0,0
39.0,22.99,45.0,42.2,27.0,5.0,4.0,0.0,1.0,0.0,0.0,1.0,0.0,0
52.0,15.49,39.0,71.2,2.0,2.0,1.0,2.0,0.0,1.0,0.0,0.0,1.0,0
38.0,9.99,46.0,20.5,2.0,4.0,1.0,1.0,0.0,1.0,1.0,0.0,0.0,0
55.0,15.49,12.0,65.7,0.0,5.0,3.0,0.0,1.0,0.0,0.0,0.0,1.0,0
47.0,9.99,53.0,26.2,0.0,3.0,4.0,2.0,0.0,1.0,1.0,0.0,0.0,0
49.0,9.99,24.0,78.6,8.0,1.0,4.0,0.0,1.0,0.0,1.0,0.0,0.0,0
58.0,9.99,55.0,37.2,6.0,5.0,1.0,2.0,0.0,1.0,1.0,0.0,0.0,0
51.0,9.99,27.0,57.1,8.0,3.0,1.0,0.0,1.0,0.0,1.0,0.0,0.0,0
69.0,15.49,19.0,1.0,3.0,2.0,4.0,0.0,1.0,0.0,0.0,0.0,1.0,0
50.0,15.49,12.0,40.8,2.0,1.0,3.0,0.0,1.0,0.0,0.0,0.0,1.0,0
68.0,9.99,28.0,89.7,11.0,5.0,5.0,0.0,0.0,1.0,1.0,0.0,0.0,0
48.0,15.49,3.0,55.9,3.0,3.0,1.0,0.0,1.0,0.0,0.0,0.0,1.0,0
26.0,15.49,13.0,82.8,2.0,1.0,5.0,1.0,0.0,1.0,0.0,0.0,1.0,0
62.0,9.99,6.0,38.6,10.0,4.0,4.0,3.0,0.0,1.0,1.0,0.0,0.0,1
26.0,9.99,8.0,52.0,0.0,5.0,5.0,0.0,1.0,0.0,1.0,0.0,0.0,0
53.0,15.49,54.0,50.1,1.0,2.0,1.0,1.0,0.0,1.0,0.0,0.0,1.0,0
37.0,9.99,1.0,53.8,38.0,5.0,5.0,3.0,1.0,0.0,1.0,0.0,0.0,1
23.0,15.49,45.0,55.3,11.0,5.0,1.0,0.0,0.0,1.0,0.0,0.0,1.0,0
56.0,15.49,59.0,57.7,6.0,1.0,2.0,2.0,0.0,1.0,0.0,0.0,1.0,0
22.0,9.99,59.0,3.5,0.0,2.0,1.0,5.0,1.0,0.0,1.0,0.0,0.0,1
37.0,9.99,25.0,12.7,9.0,4.0,3.0,0.0,1.0,0.0,1.0,0.0,0.0,0
28.0,15.49,15.0,26.0,2.0,4.0,1.0,0.0,1.0,0.0,0.0,0.0,1.0,0
42.0,9.99,21.0,44.4,11.0,2.0,1.0,0.0,1.0,0.0,1.0,0.0,0.0,0
32.0,15.49,26.0,28.0,11.0,1.0,1.0,0.0,0.0,1.0,0.0,0.0,1.0,0
60.0,9.99,50.0,34.5,46.0,4.0,1.0,0.0,1.0,0.0,1.0,0.0,0.0,1
35.0,15.49,22.0,31.0,13.0,1.0,5.0,2.0,1.0,0.0,0.0,0.0,1.0,0
59.0,9.99,9.0,13.9,21.0,1.0,5.0,0.0,0.0,1.0,1.0,0.0,0.0,0
21.0,9.99,32.0,99.5,5.0,4.0,3.0,0.0,0.0,1.0,1.0,0.0,0.0,0
62.0,9.99,21.0,40.7,3.0,2.0,4.0,1.0,1.0,0.0,1.0,0.0,0.0,0
61.0,15.49,47.0,75.3,3.0,3.0,3.0,0.0,0.0,1.0,0.0,0.0,1.0,0
34.0,9.99,38.0,1.0,24.0,4.0,3.0,1.0,1.0,0.0,1.0,0.0,0.0,0
60.0,9.99,25.0,54.0,7.0,1.0,3.0,0.0,1.0,0.0,1.0,0.0,0.0,0
56.0,15.49,13.0,32.7,34.0,3.0,3.0,3.0,1.0,0.0,0.0,0.0,1.0,1
28.0,15.49,21.0,26.2,14.0,5.0,3.0,0.0,1.0,0.0,0.0,0.0,1.0,0
67.0,22.99,21.0,51.4,0.0,5.0,5.0,3.0,0.0,1.0,0.0,1.0,0.0,0
47.0,22.99,16.0,78.2,3.0,3.0,3.0,0.0,0.0,1.0,0.0,1.0,0.0,0
66.0,15.49,44.0,47.2,4.0,1.0,3.0,0.0,1.0,0.0,0.0,0.0,1.0,0
42.0,15.49,56.0,47.3,8.0,5.0,4.0,1.0,0.0,1.0,0.0,0.0,1.0,0
20.0,9.99,35.0,53.6,1.0,2.0,3.0,0.0,1.0,0.0,1.0,0.0,0.0,0
51.0,9.99,47.0,43.6,7.0,3.0,2.0,0.0,0.0,1.0,1.0,0.0,0.0,0
52.0,15.49,17.0,24.6,6.0,4.0,2.0,1.0,0.0,1.0,0.0,0.0,1.0,0
26.0,22.99,17.0,39.6,27.0,2.0,5.0,1.0,0.0,1.0,0.0,1.0,0.0,1
47.0,9.99,42.0,54.3,27.0,5.0,3.0,2.0,0.0,1.0,1.0,0.0,0.0,1
64.0,22.99,15.0,104.8,3.0,2.0,5.0,2.0,0.0,1.0,0.0,1.0,0.0,0
20.0,15.49,24.0,37.7,15.0,1.0,4.0,0.0,0.0,1.0,0.0,0.0,1.0,0
35.0,9.99,31.0,72.5,15.0,5.0,5.0,1.0,0.0,1.0,1.0,0.0,0.0,0
30.0,9.99,37.0,62.0,12.0,3.0,4.0,0.0,1.0,0.0,1.0,0.0,0.0,0
39.0,15.49,55.0,40.8,24.0,3.0,5.0,0.0,1.0,0.0,0.0,0.0,1.0,0
34.0,9.99,22.0,37.8,2.0,1.0,1.0,1.0,1.0,0.0,1.0,0.0,0.0,0
42.0,9.99,53.0,1.0,12.0,3.0,2.0,1.0,1.0,0.0,1.0,0.0,0.0,0
42.0,15.49,1.0,52.1,10.0,2.0,1.0,1.0,1.0,0.0,0.0,0.0,1.0,0
69.0,15.49,30.0,25.1,9.0,5.0,5.0,2.0,1.0,0.0,0.0,0.0,1.0,1
31.0,15.49,40.0,43.1,3.0,2.0,5.0,0.0,1.0,0.0,0.0,0.0,1.0,0
59.0,9.99,29.0,20.6,10.0,4.0,1.0,0.0,1.0,0.0,1.0,0.0,0.0,0
41.0,9.99,22.0,51.6,3.0,5.0,4.0,1.0,0.0,1.0,1.0,0.0,0.0,0
64.0,9.99,47.0,24.5,33.0,3.0,5.0,1.0,1.0,0.0,1.0,0.0,0.0,1
20.0,15.49,57.0,44.8,3.0,2.0,4.0,0.0,1.0,0.0,0.0,0.0,1.0,0
34.0,9.99,45.0,57.7,6.0,4.0,1.0,0.0,1.0,0.0,1.0,0.0,0.0,0
35.0,9.99,51.0,21.3,7.0,4.0,5.0,0.0,1.0,0.0,1.0,0.0,0.0,0
43.0,9.99,57.0,61.0,16.0,2.0,5.0,1.0,0.0,1.0,1.0,0.0,0.0,0
29.0,15.49,16.0,55.7,10.0,1.0,4.0,0.0,0.0,1.0,0.0,0.0,1.0,0
58.0,22.99,32.0,34.7,17.0,2.0,2.0,0.0,0.0,1.0,0.0,1.0,0.0,0
69.0,15.49,4.0,6.4,65.0,5.0,3.0,0.0,1.0,0.0,0.0,0.0,1.0,1
30.0,9.99,22.0,11.3,10.0,3.0,5.0,1.0,0.0,1.0,1.0,0.0,0.0,1
19.0,9.99,26.0,55.8,8.0,3.0,2.0,0.0,0.0,1.0,1.0,0.0,0.0,0
59.0,22.99,47.0,41.1,2.0,4.0,2.0,2.0,1.0,0.0,0.0,1.0,0.0,0
27.0,22.99,50.0,36.6,11.0,5.0,5.0,0.0,1.0,0.0,0.0,1.0,0.0,0
65.0,9.99,1.0,60.7,3.0,5.0,1.0,1.0,1.0,0.0,1.0,0.0,0.0,0
66.0,9.99,33.0,36.6,7.0,4.0,4.0,0.0,0.0,1.0,1.0,0.0,0.0,0
64.0,15.49,2.0,38.8,10.0,4.0,5.0,0.0,1.0,0.0,0.0,0.0,1.0,0
66.0,9.99,5.0,52.9,1.0,3.0,1.0,0.0,1.0,0.0,1.0,0.0,0.0,0
51.0,22.99,18.0,41.4,7.0,2.0,4.0,0.0,1.0,0.0,0.0,1.0,0.0,0
49.0,15.49,21.0,25.0,14.0,2.0,1.0,0.0,1.0,0.0,0.0,0.0,1.0,1
27.0,22.99,39.0,46.5,7.0,2.0,1.0,1.0,0.0,1.0,0.0,1.0,0.0,0
50.0,9.99,30.0,66.7,12.0,5.0,3.0,0.0,1.0,0.0,1.0,0.0,0.0,0
62.0,15.49,44.0,63.3,17.0,3.0,4.0,1.0,1.0,0.0,0.0,0.0,1.0,0
29.0,9.99,37.0,62.9,13.0,5.0,5.0,0.0,1.0,0.0,1.0,0.0,0.0,0
23.0,22.99,14.0,66.1,11.0,5.0,1.0,1.0,0.0,1.0,0.0,1.0,0.0,0
63.0,15.49,2.0,1.0,2.0,1.0,5.0,2.0,1.0,0.0,0.0,0.0,1.0,1
31.0,15.49,21.0,28.1,2.0,2.0,3.0,0.0,0.0,1.0,0.0,0.0,1.0,0
43.0,15.49,44.0,5.4,24.0,2.0,1.0,0.0,0.0,1.0,0.0,0.0,1.0,1
51.0,22.99,6.0,43.6,1.0,1.0,5.0,1.0,0.0,1.0,0.0,1.0,0.0,0
23.0,22.99,47.0,71.0,4.0,1.0,3.0,0.0,0.0,1.0,0.0,1.0,0.0,0
62.0,9.99,6.0,60.0,22.0,1.0,5.0,1.0,1.0,0.0,1.0,0.0,0.0,0
34.0,9.99,37.0,25.1,1.0,3.0,1.0,1.0,0.0,1.0,1.0,0.0,0.0,0
65.0,15.49,49.0,37.3,1.0,2.0,3.0,0.0,1.0,0.0,0.0,0.0,1.0,0
55.0,15.49,6.0,54.8,0.0,3.0,2.0,3.0,0.0,1.0,0.0,0.0,1.0,0
54.0,15.49,49.0,20.5,26.0,5.0,2.0,0.0,1.0,0.0,0.0,0.0,1.0,0
58.0,15.49,33.0,46.3,0.0,5.0,2.0,0.0,0.0,1.0,0.0,0.0,1.0,0
65.0,9.99,4.0,44.4,20.0,1.0,2.0,0.0,1.0,0.0,1.0,0.0,0.0,0
68.0,22.99,15.0,27.8,31.0,1.0,3.0,2.0,1.0,0.0,0.0,1.0,0.0,1
28.0,15.49,49.0,1.0,2.0,5.0,1.0,0.0,0.0,1.0,0.0,0.0,1.0,0
36.0,15.49,53.0,7.4,35.0,1.0,5.0,0.0,1.0,0.0,0.0,0.0,1.0,0
27.0,9.99,58.0,1.0,6.0,2.0,5.0,0.0,0.0,1.0,1.0,0.0,0.0,0
23.0,22.99,18.0,61.0,39.0,3.0,4.0,1.0,1.0,0.0,0.0,1.0,0.0,0
53.0,9.99,26.0,46.5,14.0,3.0,2.0,1.0,1.0,0.0,1.0,0.0,0.0,0
35.0,22.99,24.0,18.8,8.0,5.0,3.0,0.0,0.0,1.0,0.0,1.0,0.0,0
39.0,22.99,59.0,50.9,46.0,2.0,5.0,0.0,1.0,0.0,0.0,1.0,0.0,0
45.0,15.49,25.0,31.1,3.0,3.0,5.0,2.0,1.0,0.0,0.0,0.0,1.0,0
65.0,15.49,47.0,99.0,20.0,3.0,3.0,1.0,0.0,1.0,0.0,0.0,1.0,0
56.0,9.99,16.0,28.4,25.0,1.0,2.0,1.0,0.0,1.0,1.0,0.0,0.0,1
61.0,9.99,22.0,26.5,4.0,3.0,5.0,1.0,0.0,1.0,1.0,0.0,0.0,0
34.0,22.99,50.0,55.4,0.0,2.0,1.0,0.0,1.0,0.0,0.0,1.0,0.0,0
37.0,22.99,15.0,59.8,28.0,1.0,3.0,2.0,1.0,0.0,0.0,1.0,0.0,0
29.0,9.99,19.0,71.5,21.0,5.0,4.0,0.0,1.0,0.0,1.0,0.0,0.0,0
33.0,9.99,52.0,24.2,8.0,1.0,1.0,1.0,1.0,0.0,1.0,0.0,0.0,0
64.0,9.99,52.0,51.0,16.0,1.0,1.0,1.0,0.0,1.0,1.0,0.0,0.0,0
40.0,15.49,33.0,21.5,1.0,3.0,2.0,0.0,1.0,0.0,0.0,0.0,1.0,0
46.0,9.99,43.0,58.5,23.0,1.0,4.0,1.0,1.0,0.0,1.0,0.0,0.0,0
22.0,9.99,46.0,92.4,11.0,5.0,1.0,0.0,0.0,1.0,1.0,0.0,0.0,0
68.0,15.49,6.0,39.3,9.0,5.0,3.0,2.0,0.0,1.0,0.0,0.0,1.0,0
64.0,9.99,37.0,33.0,0.0,2.0,5.0,2.0,1.0,0.0,1.0,0.0,0.0,0
65.0,9.99,10.0,47.8,26.0,3.0,4.0,0.0,1.0,0.0,1.0,0.0,0.0,1
43.0,9.99,29.0,36.2,49.0,3.0,3.0,2.0,0.0,1.0,1.0,0.0,0.0,1
20.0,9.99,10.0,39.3,13.0,1.0,3.0,0.0,1.0,0.0,1.0,0.0,0.0,0
46.0,15.49,20.0,1.0,9.0,5.0,1.0,0.0,0.0,1.0,0.0,0.0,1.0,0
41.0,9.99,28.0,52.7,0.0,4.0,2.0,1.0,1.0,0.0,1.0,0.0,0.0,0
44.0,9.99,45.0,58.6,0.0,5.0,4.0,1.0,1.0,0.0,1.0,0.0,0.0,0
31.0,22.99,25.0,79.8,9.0,4.0,2.0,3.0,1.0,0.0,0.0,1.0,0.0,0
27.0,15.49,46.0,54.6,7.0,4.0,5.0,1.0,1.0,0.0,0.0,0.0,1.0,0
66.0,22.99,5.0,27.4,13.0,2.0,4.0,0.0,0.0,1.0,0.0,1.0,0.0,0
49.0,22.99,36.0,89.3,17.0,2.0,4.0,0.0,0.0,1.0,0.0,1.0,0.0,0
43.0,15.49,11.0,73.9,0.0,5.0,2.0,1.0,0.0,1.0,0.0,0.0,1.0,0
53.0,15.49,34.0,70.9,19.0,2.0,4.0,0.0,0.0,1.0,0.0,0.0,1.0,0
39.0,9.99,5.0,29.2,8.0,5.0,4.0,0.0,1.0,0.0,1.0,0.0,0.0,0
67.0,9.99,11.0,30.7,10.0,1.0,4.0,1.0,0.0,1.0,1.0,0.0,0.0,1
67.0,22.99,40.0,17.9,7.0,1.0,2.0,1.0,1.0,0.0,0.0,1.0,0.0,0
22.0,9.99,13.0,36.7,8.0,1.0,4.0,0.0,1.0,0.0,1.0,0.0,0.0,0
64.0,15.49,35.0,35.8,9.0,5.0,3.0,0.0,0.0,1.0,0.0,0.0,1.0,0
51.0,9.99,30.0,18.1,4.0,2.0,2.0,1.0,0.0,1.0,1.0,0.0,0.0,0
51.0,9.99,22.0,34.5,18.0,5.0,4.0,0.0,1.0,0.0,1.0,0.0,0.0,0
36.0,15.49,29.0,31.2,5.0,1.0,1.0,1.0,0.0,1.0,0.0,0.0,1.0,0
23.0,15.49,16.0,32.8,0.0,3.0,2.0,2.0,0.0,1.0,0.0,0.0,1.0,0
67.0,22.99,4.0,39.6,18.0,5.0,2.0,1.0,0.0,1.0,0.0,1.0,0.0,1
39.0,9.99,58.0,1.0,3.0,2.0,2.0,0.0,0.0,1.0,1.0,0.0,0.0,0
19.0,9.99,7.0,62.4,25.0,2.0,2.0,0.0,0.0,1.0,1.0,0.0,0.0,0
36.0,15.49,59.0,26.5,5.0,2.0,5.0,1.0,0.0,1.0,0.0,0.0,1.0,0
21.0,9.99,49.0,75.1,13.0,4.0,1.0,0.0,1.0,0.0,1.0,0.0,0.0,0
56.0,15.49,47.0,77.2,24.0,3.0,2.0,2.0,0.0,1.0,0.0,0.0,1.0,0
45.0,15.49,37.0,40.0,4.0,1.0,3.0,1.0,1.0,0.0,0.0,0.0,1.0,0
59.0,9.99,13.0,70.1,6.0,3.0,3.0,0.0,0.0,1.0,1.0,0.0,0.0,0
21.0,22.99,45.0,99.6,7.0,2.0,4.0,1.0,1.0,0.0,0.0,1.0,0.0,0
51.0,15.49,45.0,51.1,4.0,3.0,1.0,1.0,0.0,1.0,0.0,0.0,1.0,0
64.0,9.99,17.0,63.3,3.0,1.0,1.0,1.0,0.0,1.0,1.0,0.0,0.0,0
34.0,9.99,5.0,39.0,3.0,1.0,2.0,0.0,1.0,0.0,1.0,0.0,0.0,0
63.0,15.49,15.0,63.6,7.0,4.0,2.0,2.0,1.0,0.0,0.0,0.0,1.0,0
28.0,15.49,24.0,5.7,15.0,1.0,3.0,0.0,0.0,1.0,0.0,0.0,1.0,0
22.0,9.99,30.0,68.2,46.0,1.0,2.0,1.0,0.0,1.0,1.0,0.0,0.0,1
50.0,15.49,18.0,18.4,21.0,5.0,4.0,0.0,1.0,0.0,0.0,0.0,1.0,0
29.0,9.99,30.0,40.7,3.0,2.0,2.0,0.0,1.0,0.0,1.0,0.0,0.0,0
67.0,15.49,33.0,11.1,3.0,1.0,4.0,0.0,0.0,1.0,0.0,0.0,1.0,1
35.0,15.49,15.0,15.9,10.0,3.0,1.0,0.0,0.0,1.0,0.0,0.0,1.0,0
64.0,22.99,52.0,52.4,11.0,2.0,4.0,1.0,0.0,1.0,0.0,1.0,0.0,0
51.0,9.99,24.0,46.3,5.0,2.0,2.0,1.0,1.0,0.0,1.0,0.0,0.0,0
54.0,9.99,23.0,15.0,4.0,1.0,2.0,0.0,0.0,1.0,1.0,0.0,0.0,0
41.0,9.99,13.0,14.9,4.0,5.0,4.0,1.0,0.0,1.0,1.0,0.0,0.0,1
33.0,9.99,57.0,83.2,11.0,1.0,4.0,1.0,0.0,1.0,1.0,0.0,0.0,0
68.0,22.99,4.0,23.8,2.0,2.0,5.0,1.0,0.0,1.0,0.0,1.0,0.0,1
25.0,22.99,50.0,66.4,20.0,5.0,4.0,1.0,0.0,1.0,0.0,1.0,0.0,0
51.0,15.49,4.0,32.8,3.0,5.0,1.0,1.0,0.0,1.0,0.0,0.0,1.0,0
61.0,15.49,46.0,74.7,4.0,3.0,4.0,1.0,1.0,0.0,0.0,0.0,1.0,0
68.0,9.99,11.0,63.8,19.0,2.0,1.0,0.0,1.0,0.0,1.0,0.0,0.0,0
32.0,9.99,52.0,38.3,3.0,2.0,4.0,0.0,0.0,1.0,1.0,0.0,0.0,0
27.0,15.49,59.0,100.8,13.0,2.0,5.0,2.0,0.0,1.0,0.0,0.0,1.0,0
59.0,15.49,19.0,28.2,18.0,1.0,2.0,0.0,1.0,0.0,0.0,0.0,1.0,0
62.0,9.99,41.0,41.6,16.0,2.0,5.0,0.0,0.0,1.0,1.0,0.0,0.0,0
27.0,22.99,39.0,40.0,11.0,3.0,1.0,0.0,1.0,0.0,0.0,1.0,0.0,0
62.0,9.99,6.0,29.9,3.0,4.0,1.0,0.0,1.0,0.0,1.0,0.0,0.0,0
62.0,9.99,52.0,55.1,7.0,2.0,3.0,1.0,1.0,0.0,1.0,0.0,0.0,0
18.0,9.99,33.0,43.7,9.0,3.0,5.0,1.0,0.0,1.0,1.0,0.0,0.0,0
45.0,9.99,51.0,69.6,15.0,5.0,2.0,1.0,0.0,1.0,1.0,0.0,0.0,0
35.0,15.49,15.0,49.8,39.0,3.0,2.0,0.0,0.0,1.0,0.0,0.0,1.0,0
20.0,9.99,10.0,98.9,7.0,1.0,3.0,1.0,0.0,1.0,1.0,0.0,0.0,0
34.0,9.99,34.0,77.6,1.0,3.0,5.0,0.0,1.0,0.0,1.0,0.0,0.0,0
18.0,15.49,40.0,36.5,0.0,2.0,3.0,0.0,1.0,0.0,0.0,0.0,1.0,0
42.0,15.49,49.0,57.5,20.0,3.0,4.0,0.0,1.0,0.0,0.0,0.0,1.0,0
30.0,22.99,17.0,49.7,1.0,5.0,1.0,0.0,0.0,1.0,0.0,1.0,0.0,0
58.0,15.49,24.0,42.2,5.0,2.0,4.0,1.0,0.0,1.0,0.0,0.0,1.0,0
41.0,22.99,26.0,48.4,6.0,5.0,4.0,0.0,1.0,0.0,0.0,1.0,0.0,0
40.0,9.99,2.0,58.9,4.0,3.0,1.0,0.0,0.0,1.0,1.0,0.0,0.0,0
29.0,15.49,47.0,29.3,8.0,3.0,3.0,1.0,0.0,1.0,0.0,0.0,1.0,0
60.0,15.49,38.0,87.7,6.0,5.0,5.0,1.0,1.0,0.0,0.0,0.0,1.0,0
31.0,15.49,9.0,26.4,24.0,5.0,5.0,1.0,0.0,1.0,0.0,0.0,1.0,1
21.0,9.99,37.0,71.3,12.0,3.0,3.0,0.0,1.0,0.0,1.0,0.0,0.0,0
29.0,9.99,17.0,41.5,1.0,3.0,5.0,0.0,1.0,0.0,1.0,0.0,0.0,0
35.0,9.99,33.0,68.2,1.0,3.0,3.0,1.0,0.0,1.0,1.0,0.0,0.0,0
63.0,9.99,6.0,47.8,9.0,1.0,5.0,0.0,1.0,0.0,1.0,0.0,0.0,0
63.0,9.99,4.0,84.5,16.0,1.0,2.0,0.0,0.0,1.0,1.0,0.0,0.0,0
65.0,15.49,17.0,63.2,7.0,5.0,1.0,0.0,0.0,1.0,0.0,0.0,1.0,0
41.0,15.49,53.0,54.3,2.0,2.0,3.0,0.0,0.0,1.0,0.0,0.0,1.0,0
63.0,9.99,27.0,48.7,4.0,4.0,3.0,1.0,0.0,1.0,1.0,0.0,0.0,0
23.0,9.99,1.0,62.6,43.0,2.0,5.0,0.0,1.0,0.0,1.0,0.0,0.0,0
37.0,15.49,40.0,79.1,1.0,3.0,5.0,0.0,1.0,0.0,0.0,0.0,1.0,0
43.0,15.49,41.0,73.8,39.0,5.0,3.0,0.0,1.0,0.0,0.0,0.0,1.0,0
45.0,15.49,2.0,49.9,3.0,4.0,2.0,0.0,0.0,1.0,0.0,0.0,1.0,0
57.0,22.99,53.0,74.2,27.0,4.0,1.0,1.0,0.0,1.0,0.0,1.0,0.0,0
65.0,15.49,29.0,91.9,7.0,3.0,4.0,0.0,1.0,0.0,0.0,0.0,1.0,0
20.0,22.99,34.0,90.9,5.0,3.0,5.0,1.0,1.0,0.0,0.0,1.0,0.0,0
41.0,15.49,36.0,8.8,1.0,3.0,2.0,0.0,1.0,0.0,0.0,0.0,1.0,0
39.0,15.49,27.0,58.5,10.0,2.0,3.0,2.0,1.0,0.0,0.0,0.0,1.0,0
20.0,15.49,10.0,37.0,2.0,5.0,4.0,0.0,0.0,1.0,0.0,0.0,1.0,0
25.0,9.99,48.0,22.4,1.0,5.0,3.0,0.0,1.0,0.0,1.0,0.0,0.0,0
30.0,15.49,34.0,12.9,7.0,5.0,1.0,1.0,0.0,1.0,0.0,0.0,1.0,0
62.0,15.49,33.0,40.3,4.0,1.0,4.0,1.0,1.0,0.0,0.0,0.0,1.0,0
45.0,15.49,42.0,56.4,1.0,1.0,4.0,1.0,0.0,1.0,0.0,0.0,1.0,0
54.0,9.99,19.0,35.1,13.0,5.0,1.0,1.0,1.0,0.0,1.0,0.0,0.0,0
34.0,9.99,47.0,37.3,2.0,5.0,5.0,0.0,0.0,1.0,1.0,0.0,0.0,0
55.0,9.99,56.0,68.2,6.0,4.0,1.0,0.0,0.0,1.0,1.0,0.0,0.0,0
50.0,9.99,45.0,1.0,2.0,5.0,4.0,1.0,0.0,1.0,1.0,0.0,0.0,1
21.0,9.99,47.0,75.6,19.0,4.0,2.0,0.0,1.0,0.0,1.0,0.0,0.0,0
42.0,9.99,33.0,33.6,34.0,1.0,1.0,0.0,1.0,0.0,1.0,0.0,0.0,1
26.0,15.49,20.0,39.8,1.0,4.0,1.0,0.0,0.0,1.0,0.0,0.0,1.0,0
60.0,9.99,19.0,103.6,6.0,3.0,5.0,0.0,0.0,1.0,1.0,0.0,0.0,0
54.0,15.49,48.0,56.7,3.0,2.0,1.0,0.0,0.0,1.0,0.0,0.0,1.0,0
40.0,15.49,19.0,36.7,1.0,4.0,2.0,0.0,1.0,0.0,0.0,0.0,1.0,0
41.0,9.99,30.0,38.4,9.0,2.0,2.0,0.0,1.0,0.0,1.0,0.0,0.0,0
47.0,9.99,32.0,26.5,6.0,1.0,5.0,0.0,0.0,1.0,1.0,0.0,0.0,0
46.0,9.99,30.0,1.0,3.0,4.0,5.0,0.0,1.0,0.0,1.0,0.0,0.0,1
21.0,9.99,57.0,80.8,8.0,4.0,3.0,1.0,1.0,0.0,1.0,0.0,0.0,0
26.0,22.99,14.0,55.1,5.0,3.0,2.0,2.0,0.0,1.0,0.0,1.0,0.0,0
54.0,22.99,38.0,12.5,6.0,1.0,4.0,1.0,1.0,0.0,0.0,1.0,0.0,0
43.0,15.49,25.0,51.0,26.0,1.0,3.0,1.0,1.0,0.0,0.0,0.0,1.0,0
62.0,9.99,49.0,35.9,41.0,4.0,3.0,0.0,1.0,0.0,1.0,0.0,0.0,0
64.0,9.99,58.0,21.1,14.0,2.0,1.0,1.0,0.0,1.0,1.0,0.0,0.0,0
47.0,15.49,48.0,71.0,5.0,5.0,4.0,0.0,0.0,1.0,0.0,0.0,1.0,0
59.0,9.99,5.0,63.9,0.0,4.0,3.0,0.0,0.0,1.0,1.0,0.0,0.0,0
60.0,9.99,39.0,5.1,56.0,2.0,2.0,0.0,1.0,0.0,1.0,0.0,0.0,1
24.0,9.99,47.0,36.8,14.0,5.0,5.0,1.0,1.0,0.0,1.0,0.0,0.0,0
69.0,22.99,52.0,61.6,27.0,2.0,1.0,1.0,1.0,0.0,0.0,1.0,0.0,0
43.0,9.99,35.0,59.7,10.0,5.0,1.0,1.0,1.0,0.0,1.0,0.0,0.0,0
27.0,9.99,13.0,42.3,3.0,4.0,5.0,3.0,1.0,0.0,1.0,0.0,0.0,1
40.0,22.99,51.0,82.1,7.0,4.0,3.0,0.0,1.0,0.0,0.0,1.0,0.0,0
53.0,9.99,11.0,31.2,8.0,4.0,4.0,0.0,0.0,1.0,1.0,0.0,0.0,0
31.0,15.49,54.0,38.8,12.0,5.0,5.0,0.0,1.0,0.0,0.0,0.0,1.0,0
43.0,9.99,34.0,61.0,1.0,2.0,1.0,1.0,1.0,0.0,1.0,0.0,0.0,0
50.0,9.99,16.0,25.5,2.0,4.0,5.0,0.0,0.0,1.0,1.0,0.0,0.0,0
51.0,15.49,57.0,34.9,1.0,2.0,2.0,0.0,0.0,1.0,0.0,0.0,1.0,0
21.0,15.49,19.0,9.9,10.0,2.0,5.0,0.0,0.0,1.0,0.0,0.0,1.0,0
23.0,15.49,26.0,12.1,18.0,5.0,5.0,0.0,1.0,0.0,0.0,0.0,1.0,0
59.0,9.99,28.0,63.5,11.0,5.0,3.0,1.0,0.0,1.0,1.0,0.0,0.0,0
30.0,15.49,5.0,15.9,8.0,2.0,2.0,0.0,1.0,0.0,0.0,0.0,1.0,0
49.0,9.99,7.0,28.8,18.0,2.0,2.0,0.0,0.0,1.0,1.0,0.0,0.0,1
26.0,15.49,28.0,25.3,10.0,1.0,2.0,0.0,0.0,1.0,0.0,0.0,1.0,0
23.0,9.99,13.0,47.0,10.0,2.0,1.0,0.0,0.0,1.0,1.0,0.0,0.0,0
19.0,22.99,54.0,48.7,4.0,5.0,5.0,0.0,1.0,0.0,0.0,1.0,0.0,0
69.0,15.49,59.0,40.8,25.0,2.0,5.0,0.0,1.0,0.0,0.0,0.0,1.0,0
52.0,15.49,26.0,41.6,1.0,5.0,3.0,5.0,0.0,1.0,0.0,0.0,1.0,1
69.0,22.99,55.0,9.8,50.0,2.0,2.0,3.0,1.0,0.0,0.0,1.0,0.0,1
59.0,22.99,18.0,18.0,0.0,4.0,2.0,1.0,1.0,0.0,0.0,1.0,0.0,0
26.0,22.99,48.0,55.2,1.0,2.0,3.0,1.0,1.0,0.0,0.0,1.0,0.0,0
62.0,9.99,36.0,32.1,7.0,2.0,5.0,0.0,1.0,0.0,1.0,0.0,0.0,0
48.0,15.49,38.0,49.8,2.0,3.0,4.0,1.0,0.0,1.0,0.0,0.0,1.0,0
54.0,15.49,36.0,21.3,5.0,3.0,2.0,2.0,1.0,0.0,0.0,0.0,1.0,0
31.0,9.99,5.0,28.0,27.0,3.0,4.0,0.0,0.0,1.0,1.0,0.0,0.0,0
64.0,15.49,44.0,49.5,4.0,5.0,4.0,1.0,1.0,0.0,0.0,0.0,1.0,0
46.0,9.99,40.0,29.7,18.0,2.0,3.0,0.0,0.0,1.0,1.0,0.0,0.0,0
45.0,22.99,1.0,45.1,5.0,1.0,1.0,0.0,0.0,1.0,0.0,1.0,0.0,0
38.0,15.49,18.0,75.3,5.0,5.0,2.0,1.0,1.0,0.0,0.0,0.0,1.0,0
58.0,9.99,2.0,47.6,10.0,5.0,3.0,0.0,1.0,0.0,1.0,0.0,0.0,0
56.0,9.99,13.0,55.1,8.0,4.0,3.0,2.0,0.0,1.0,1.0,0.0,0.0,0
43.0,22.99,6.0,16.2,34.0,3.0,5.0,0.0,0.0,1.0,0.0,1.0,0.0,0
31.0,15.49,47.0,36.3,0.0,1.0,1.0,1.0,1.0,0.0,0.0,0.0,1.0,0
24.0,9.99,19.0,76.5,10.0,5.0,3.0,1.0,1.0,0.0,1.0,0.0,0.0,0
54.0,9.99,43.0,78.9,25.0,2.0,3.0,0.0,1.0,0.0,1.0,0.0,0.0,0
67.0,15.49,51.0,101.9,14.0,1.0,4.0,0.0,0.0,1.0,0.0,0.0,1.0,0
59.0,9.99,17.0,23.0,5.0,3.0,5.0,1.0,1.0,0.0,1.0,0.0,0.0,0
49.0,22.99,13.0,60.7,15.0,2.0,2.0,0.0,0.0,1.0,0.0,1.0,0.0,0
64.0,22.99,51.0,97.9,11.0,4.0,5.0,3.0,1.0,0.0,0.0,1.0,0.0,0
55.0,15.49,19.0,55.7,8.0,3.0,2.0,1.0,1.0,0.0,0.0,0.0,1.0,0
49.0,9.99,41.0,41.1,1.0,4.0,1.0,1.0,1.0,0.0,1.0,0.0,0.0,0
52.0,9.99,51.0,11.3,4.0,3.0,3.0,4.0,1.0,0.0,1.0,0.0,0.0,1
43.0,15.49,58.0,40.7,0.0,2.0,5.0,1.0,0.0,1.0,0.0,0.0,1.0,0
49.0,22.99,18.0,65.4,4.0,2.0,5.0,0.0,0.0,1.0,0.0,1.0,0.0,0
45.0,15.49,24.0,58.6,29.0,2.0,3.0,0.0,0.0,1.0,0.0,0.0,1.0,1
63.0,9.99,50.0,43.4,1.0,4.0,4.0,0.0,1.0,0.0,1.0,0.0,0.0,0
34.0,15.49,27.0,52.1,5.0,2.0,4.0,0.0,1.0,0.0,0.0,0.0,1.0,0
66.0,9.99,9.0,55.0,4.0,4.0,5.0,0.0,1.0,0.0,1.0,0.0,0.0,0
52.0,15.49,40.0,6.9,7.0,5.0,3.0,0.0,1.0,0.0,0.0,0.0,1.0,0
67.0,9.99,49.0,77.0,11.0,5.0,1.0,1.0,1.0,0.0,1.0,0.0,0.0,0
36.0,15.49,5.0,5.9,26.0,4.0,3.0,1.0,1.0,0.0,0.0,0.0,1.0,1
60.0,9.99,24.0,60.4,4.0,3.0,4.0,0.0,1.0,0.0,1.0,0.0,0.0,0
53.0,9.99,17.0,39.3,0.0,4.0,2.0,1.0,1.0,0.0,1.0,0.0,0.0,0
55.0,9.99,24.0,74.7,38.0,2.0,3.0,0.0,0.0,1.0,1.0,0.0,0.0,0
59.0,9.99,27.0,57.9,35.0,2.0,2.0,0.0,0.0,1.0,1.0,0.0,0.0,0
49.0,15.49,8.0,91.6,42.0,5.0,4.0,0.0,1.0,0.0,0.0,0.0,1.0,0
65.0,9.99,27.0,57.3,5.0,4.0,2.0,2.0,0.0,1.0,1.0,0.0,0.0,0
58.0,9.99,40.0,59.3,8.0,1.0,1.0,0.0,1.0,0.0,1.0,0.0,0.0,0
44.0,9.99,47.0,54.7,19.0,2.0,4.0,1.0,0.0,1.0,1.0,0.0,0.0,0
27.0,9.99,32.0,37.6,14.0,4.0,3.0,1.0,1.0,0.0,1.0,0.0,0.0,0
25.0,15.49,54.0,76.2,36.0,5.0,5.0,1.0,1.0,0.0,0.0,0.0,1.0,0
40.0,15.49,24.0,28.5,0.0,1.0,4.0,0.0,0.0,1.0,0.0,0.0,1.0,0
21.0,15.49,43.0,26.6,5.0,1.0,1.0,0.0,0.0,1.0,0.0,0.0,1.0,0
45.0,15.49,58.0,84.8,39.0,3.0,1.0,0.0,0.0,1.0,0.0,0.0,1.0,0
44.0,9.99,43.0,41.2,5.0,4.0,3.0,2.0,0.0,1.0,1.0,0.0,0.0,0
22.0,22.99,8.0,62.7,14.0,3.0,2.0,2.0,1.0,0.0,0.0,1.0,0.0,0
21.0,15.49,21.0,30.5,5.0,5.0,3.0,0.0,1.0,0.0,0.0,0.0,1.0,0
47.0,15.49,32.0,76.0,5.0,1.0,5.0,0.0,0.0,1.0,0.0,0.0,1.0,0
59.0,22.99,13.0,57.8,11.0,2.0,1.0,1.0,0.0,1.0,0.0,1.0,0.0,0
65.0,15.49,25.0,53.5,7.0,3.0,4.0,0.0,1.0,0.0,0.0,0.0,1.0,0
56.0,22.99,46.0,62.7,2.0,1.0,5.0,0.0,1.0,0.0,0.0,1.0,0.0,0
32.0,9.99,59.0,66.2,12.0,4.0,2.0,0.0,0.0,1.0,1.0,0.0,0.0,0
68.0,15.49,40.0,28.8,1.0,3.0,5.0,0.0,0.0,1.0,0.0,0.0,1.0,0
34.0,9.99,55.0,38.9,47.0,4.0,2.0,2.0,1.0,0.0,1.0,0.0,0.0,1
63.0,15.49,7.0,27.0,2.0,4.0,4.0,0.0,0.0,1.0,0.0,0.0,1.0,0
64.0,9.99,24.0,61.5,9.0,4.0,1.0,0.0,0.0,1.0,1.0,0.0,0.0,0
32.0,15.49,26.0,57.3,2.0,2.0,2.0,0.0,1.0,0.0,0.0,0.0,1.0,0
48.0,15.49,16.0,73.0,6.0,3.0,2.0,1.0,0.0,1.0,0.0,0.0,1.0,0
25.0,22.99,24.0,54.2,14.0,1.0,3.0,1.0,0.0,1.0,0.0,1.0,0.0,0
26.0,9.99,2.0,34.0,17.0,4.0,1.0,1.0,0.0,1.0,1.0,0.0,0.0,1
66.0,9.99,31.0,57.0,58.0,4.0,4.0,0.0,0.0,1.0,1.0,0.0,0.0,1
29.0,15.49,18.0,1.0,2.0,5.0,1.0,0.0,0.0,1.0,0.0,0.0,1.0,0
56.0,22.99,54.0,68.9,4.0,2.0,3.0,1.0,1.0,0.0,0.0,1.0,0.0,0
63.0,15.49,26.0,46.3,28.0,4.0,5.0,1.0,0.0,1.0,0.0,0.0,1.0,0
26.0,15.49,24.0,58.9,8.0,1.0,2.0,0.0,1.0,0.0,0.0,0.0,1.0,0
45.0,15.49,30.0,41.4,1.0,5.0,4.0,0.0,0.0,1.0,0.0,0.0,1.0,0
43.0,15.49,28.0,59.9,11.0,3.0,4.0,2.0,0.0,1.0,0.0,0.0,1.0,0
48.0,9.99,9.0,35.4,22.0,4.0,3.0,0.0,1.0,0.0,1.0,0.0,0.0,0
58.0,22.99,34.0,39.0,3.0,4.0,1.0,0.0,1.0,0.0,0.0,1.0,0.0,0
38.0,15.49,11.0,40.8,5.0,2.0,2.0,1.0,1.0,0.0,0.0,0.0,1.0,0
34.0,9.99,49.0,1.0,12.0,2.0,1.0,0.0,0.0,1.0,1.0,0.0,0.0,0
51.0,9.99,54.0,5.1,14.0,4.0,3.0,2.0,1.0,0.0,1.0,0.0,0.0,1
51.0,15.49,37.0,34.8,6.0,1.0,5.0,0.0,0.0,1.0,0.0,0.0,1.0,0
19.0,9.99,35.0,49.1,4.0,5.0,2.0,0.0,0.0,1.0,1.0,0.0,0.0,0
39.0,15.49,58.0,50.2,26.0,1.0,5.0,0.0,0.0,1.0,0.0,0.0,1.0,0
31.0,22.99,11.0,58.1,6.0,3.0,5.0,0.0,1.0,0.0,0.0,1.0,0.0,0
25.0,9.99,49.0,52.6,24.0,3.0,2.0,0.0,1.0,0.0,1.0,0.0,0.0,0
57.0,15.49,18.0,23.0,22.0,4.0,4.0,0.0,1.0,0.0,0.0,0.0,1.0,0
19.0,15.49,14.0,50.9,0.0,2.0,1.0,0.0,1.0,0.0,0.0,0.0,1.0,0
68.0,22.99,39.0,60.0,19.0,1.0,2.0,0.0,0.0,1.0,0.0,1.0,0.0,0
58.0,15.49,52.0,11.2,18.0,2.0,4.0,2.0,1.0,0.0,0.0,0.0,1.0,0
39.0,9.99,19.0,71.4,5.0,1.0,1.0,0.0,0.0,1.0,1.0,0.0,0.0,0
28.0,22.99,1.0,24.4,21.0,2.0,3.0,0.0,1.0,0.0,0.0,1.0,0.0,1
60.0,9.99,35.0,36.6,15.0,3.0,2.0,0.0,1.0,0.0,1.0,0.0,0.0,0
51.0,9.99,41.0,42.0,3.0,4.0,3.0,0.0,1.0,0.0,1.0,0.0,0.0,0
18.0,9.99,22.0,71.2,0.0,5.0,3.0,2.0,1.0,0.0,1.0,0.0,0.0,0
38.0,9.99,8.0,58.4,4.0,5.0,2.0,0.0,1.0,0.0,1.0,0.0,0.0,0
50.0,9.99,40.0,31.2,13.0,4.0,3.0,3.0,0.0,1.0,1.0,0.0,0.0,0
43.0,15.49,24.0,11.7,3.0,1.0,1.0,0.0,1.0,0.0,0.0,0.0,1.0,0
55.0,22.99,34.0,50.0,6.0,5.0,1.0,1.0,1.0,0.0,0.0,1.0,0.0,0
42.0,22.99,45.0,75.3,45.0,2.0,3.0,0.0,0.0,1.0,0.0,1.0,0.0,0
33.0,15.49,41.0,70.4,26.0,1.0,4.0,0.0,0.0,1.0,0.0,0.0,1.0,0
65.0,22.99,45.0,35.7,10.0,1.0,3.0,1.0,1.0,0.0,0.0,1.0,0.0,0
18.0,22.99,32.0,62.7,3.0,2.0,3.0,0.0,0.0,1.0,0.0,1.0,0.0,0
38.0,22.99,58.0,15.4,29.0,5.0,5.0,2.0,1.0,0.0,0.0,1.0,0.0,1
19.0,15.49,5.0,60.5,0.0,1.0,1.0,1.0,1.0,0.0,0.0,0.0,1.0,0
57.0,15.49,34.0,16.9,19.0,3.0,4.0,1.0,0.0,1.0,0.0,0.0,1.0,0
29.0,15.49,10.0,50.1,44.0,4.0,4.0,0.0,1.0,0.0,0.0,0.0,1.0,0
67.0,9.99,57.0,70.0,6.0,2.0,2.0,1.0,0.0,1.0,1.0,0.0,0.0,0
63.0,15.49,34.0,38.0,24.0,5.0,5.0,0.0,0.0,1.0,0.0,0.0,1.0,0
47.0,9.99,50.0,72.6,4.0,2.0,1.0,1.0,1.0,0.0,1.0,0.0,0.0,0
47.0,9.99,47.0,36.7,6.0,4.0,5.0,1.0,1.0,0.0,1.0,0.0,0.0,0
34.0,9.99,58.0,25.4,13.0,4.0,3.0,0.0,1.0,0.0,1.0,0.0,0.0,0
40.0,9.99,21.0,31.5,7.0,4.0,1.0,2.0,0.0,1.0,1.0,0.0,0.0,0
68.0,22.99,27.0,39.0,41.0,3.0,1.0,1.0,1.0,0.0,0.0,1.0,0.0,1
52.0,22.99,42.0,29.0,0.0,3.0,3.0,0.0,0.0,1.0,0.0,1.0,0.0,0
61.0,15.49,46.0,39.6,8.0,2.0,1.0,1.0,1.0,0.0,0.0,0.0,1.0,0
19.0,9.99,10.0,1.0,1.0,1.0,3.0,0.0,0.0,1.0,1.0,0.0,0.0,0
69.0,9.99,18.0,81.7,3.0,2.0,3.0,0.0,0.0,1.0,1.0,0.0,0.0,0
52.0,9.99,52.0,38.2,6.0,4.0,5.0,1.0,1.0,0.0,1.0,0.0,0.0,0
35.0,15.49,54.0,50.9,16.0,5.0,1.0,1.0,1.0,0.0,0.0,0.0,1.0,0
28.0,22.99,20.0,54.1,5.0,5.0,3.0,2.0,1.0,0.0,0.0,1.0,0.0,0
32.0,15.49,44.0,35.9,8.0,1.0,5.0,3.0,1.0,0.0,0.0,0.0,1.0,0
24.0,22.99,58.0,40.7,3.0,3.0,3.0,1.0,0.0,1.0,0.0,1.0,0.0,0
20.0,15.49,10.0,54.5,4.0,2.0,1.0,1.0,1.0,0.0,0.0,0.0,1.0,0
63.0,9.99,2.0,11.5,7.0,5.0,2.0,0.0,1.0,0.0,1.0,0.0,0.0,0
65.0,15.49,49.0,32.0,8.0,4.0,1.0,2.0,1.0,0.0,0.0,0.0,1.0,0
25.0,15.49,22.0,43.2,13.0,4.0,1.0,0.0,0.0,1.0,0.0,0.0,1.0,0
43.0,22.99,1.0,30.2,42.0,1.0,4.0,1.0,1.0,0.0,0.0,1.0,0.0,1
42.0,9.99,13.0,44.5,24.0,3.0,4.0,0.0,1.0,0.0,1.0,0.0,0.0,0
38.0,9.99,53.0,36.3,5.0,4.0,3.0,2.0,1.0,0.0,1.0,0.0,0.0,0
26.0,9.99,3.0,39.1,1.0,2.0,3.0,0.0,1.0,0.0,1.0,0.0,0.0,0
46.0,22.99,35.0,59.4,20.0,1.0,3.0,1.0,1.0,0.0,0.0,1.0,0.0,0
47.0,15.49,35.0,37.2,7.0,3.0,3.0,0.0,1.0,0.0,0.0,0.0,1.0,0
53.0,15.49,50.0,29.4,2.0,3.0,3.0,0.0,0.0,1.0,0.0,0.0,1.0,0
62.0,15.49,30.0,18.1,7.0,1.0,4.0,0.0,0.0,1.0,0.0,0.0,1.0,0
43.0,9.99,24.0,62.2,1.0,4.0,4.0,0.0,1.0,0.0,1.0,0.0,0.0,0
38.0,9.99,25.0,76.7,7.0,4.0,2.0,1.0,0.0,1.0,1.0,0.0,0.0,0
37.0,15.49,58.0,70.2,29.0,4.0,2.0,0.0,0.0,1.0,0.0,0.0,1.0,0
32.0,9.99,55.0,25.2,8.0,4.0,4.0,1.0,0.0,1.0,1.0,0.0,0.0,0
47.0,9.99,31.0,22.1,6.0,4.0,5.0,3.0,1.0,0.0,1.0,0.0,0.0,0
25.0,15.49,25.0,37.7,5.0,1.0,2.0,0.0,1.0,0.0,0.0,0.0,1.0,0
22.0,9.99,50.0,39.7,11.0,5.0,4.0,1.0,0.0,1.0,1.0,0.0,0.0,0
20.0,15.49,45.0,29.8,17.0,2.0,5.0,0.0,1.0,0.0,0.0,0.0,1.0,0
57.0,15.49,43.0,41.9,3.0,1.0,1.0,2.0,0.0,1.0,0.0,0.0,1.0,0
39.0,9.99,53.0,26.9,1.0,5.0,3.0,2.0,0.0,1.0,1.0,0.0,0.0,0
65.0,9.99,41.0,71.7,16.0,3.0,2.0,0.0,0.0,1.0,1.0,0.0,0.0,0
29.0,15.49,9.0,1.0,6.0,4.0,1.0,1.0,1.0,0.0,0.0,0.0,1.0,0
45.0,15.49,3.0,40.4,20.0,1.0,4.0,2.0,1.0,0.0,0.0,0.0,1.0,1
41.0,9.99,27.0,50.2,43.0,3.0,1.0,0.0,0.0,1.0,1.0,0.0,0.0,0
45.0,22.99,28.0,23.2,0.0,4.0,2.0,0.0,1.0,0.0,0.0,1.0,0.0,0
63.0,22.99,19.0,34.5,5.0,5.0,5.0,0.0,1.0,0.0,0.0,1.0,0.0,0
63.0,9.99,39.0,15.7,7.0,1.0,1.0,0.0,0.0,1.0,1.0,0.0,0.0,0
20.0,9.99,4.0,23.1,11.0,5.0,3.0,0.0,0.0,1.0,1.0,0.0,0.0,0
45.0,15.49,58.0,38.7,3.0,4.0,2.0,2.0,1.0,0.0,0.0,0.0,1.0,0
20.0,15.49,6.0,31.9,0.0,4.0,5.0,1.0,1.0,0.0,0.0,0.0,1.0,0
26.0,15.49,21.0,74.5,5.0,3.0,3.0,0.0,1.0,0.0,0.0,0.0,1.0,0
37.0,15.49,57.0,76.8,6.0,1.0,2.0,1.0,0.0,1.0,0.0,0.0,1.0,0
45.0,15.49,38.0,66.5,10.0,1.0,2.0,1.0,0.0,1.0,0.0,0.0,1.0,0
25.0,15.49,44.0,63.8,23.0,1.0,5.0,1.0,1.0,0.0,0.0,0.0,1.0,0
40.0,15.49,42.0,43.3,16.0,3.0,5.0,2.0,0.0,1.0,0.0,0.0,1.0,0
61.0,15.49,18.0,28.8,10.0,1.0,4.0,1.0,0.0,1.0,0.0,0.0,1.0,0
65.0,22.99,40.0,32.9,11.0,3.0,1.0,0.0,1.0,0.0,0.0,1.0,0.0,0
24.0,9.99,6.0,69.1,0.0,2.0,4.0,1.0,1.0,0.0,1.0,0.0,0.0,0
23.0,15.49,37.0,28.3,0.0,2.0,2.0,1.0,0.0,1.0,0.0,0.0,1.0,0
35.0,15.49,57.0,89.1,24.0,2.0,4.0,0.0,0.0,1.0,0.0,0.0,1.0,0
69.0,15.49,58.0,43.8,3.0,2.0,5.0,0.0,0.0,1.0,0.0,0.0,1.0,0
26.0,9.99,54.0,43.4,15.0,3.0,4.0,0.0,1.0,0.0,1.0,0.0,0.0,0
27.0,15.49,52.0,36.3,0.0,3.0,5.0,3.0,1.0,0.0,0.0,0.0,1.0,0
40.0,9.99,25.0,40.7,6.0,3.0,2.0,1.0,1.0,0.0,1.0,0.0,0.0,0
37.0,9.99,54.0,1.0,14.0,3.0,1.0,1.0,1.0,0.0,1.0,0.0,0.0,0
52.0,15.49,53.0,48.5,38.0,2.0,3.0,1.0,0.0,1.0,0.0,0.0,1.0,0
46.0,22.99,35.0,46.8,9.0,5.0,5.0,3.0,1.0,0.0,0.0,1.0,0.0,1
23.0,15.49,33.0,107.8,45.0,5.0,5.0,1.0,0.0,1.0,0.0,0.0,1.0,0
30.0,9.99,30.0,50.7,2.0,1.0,3.0,0.0,1.0,0.0,1.0,0.0,0.0,0
22.0,15.49,56.0,13.6,7.0,3.0,3.0,0.0,1.0,0.0,0.0,0.0,1.0,0
53.0,9.99,58.0,43.1,46.0,3.0,5.0,0.0,0.0,1.0,1.0,0.0,0.0,0
18.0,9.99,19.0,51.8,9.0,4.0,2.0,0.0,0.0,1.0,1.0,0.0,0.0,0
29.0,15.49,59.0,90.6,0.0,2.0,4.0,2.0,0.0,1.0,0.0,0.0,1.0,0
47.0,9.99,42.0,51.0,1.0,2.0,5.0,2.0,0.0,1.0,1.0,0.0,0.0,0
40.0,22.99,48.0,19.9,11.0,1.0,5.0,0.0,0.0,1.0,0.0,1.0,0.0,0
33.0,15.49,37.0,40.8,16.0,3.0,4.0,1.0,1.0,0.0,0.0,0.0,1.0,0
60.0,9.99,14.0,69.2,0.0,1.0,4.0,1.0,0.0,1.0,1.0,0.0,0.0,0
25.0,15.49,51.0,6.6,28.0,4.0,5.0,0.0,1.0,0.0,0.0,0.0,1.0,0
28.0,9.99,38.0,8.6,24.0,4.0,3.0,1.0,1.0,0.0,1.0,0.0,0.0,0
38.0,9.99,53.0,18.6,0.0,5.0,4.0,0.0,0.0,1.0,1.0,0.0,0.0,0
32.0,22.99,50.0,53.5,2.0,1.0,2.0,2.0,0.0,1.0,0.0,1.0,0.0,0
53.0,9.99,47.0,98.6,15.0,1.0,2.0,1.0,1.0,0.0,1.0,0.0,0.0,0
38.0,15.49,9.0,76.6,19.0,1.0,3.0,0.0,1.0,0.0,0.0,0.0,1.0,0
28.0,15.49,56.0,1.0,12.0,3.0,4.0,0.0,1.0,0.0,0.0,0.0,1.0,0
41.0,9.99,59.0,46.1,17.0,5.0,3.0,1.0,0.0,1.0,1.0,0.0,0.0,0
31.0,15.49,51.0,67.4,4.0,1.0,4.0,0.0,0.0,1.0,0.0,0.0,1.0,0
19.0,15.49,52.0,2.3,12.0,3.0,1.0,0.0,0.0,1.0,0.0,0.0,1.0,0
67.0,9.99,27.0,87.4,28.0,5.0,1.0,0.0,0.0,1.0,1.0,0.0,0.0,0
23.0,15.49,19.0,57.0,34.0,1.0,3.0,0.0,0.0,1.0,0.0,0.0,1.0,0
26.0,9.99,14.0,57.2,1.0,4.0,1.0,1.0,1.0,0.0,1.0,0.0,0.0,0
64.0,15.49,42.0,37.8,4.0,4.0,5.0,0.0,1.0,0.0,0.0,0.0,1.0,0
53.0,22.99,42.0,52.1,0.0,1.0,2.0,2.0,0.0,1.0,0.0,1.0,0.0,0
34.0,15.49,38.0,45.3,5.0,5.0,2.0,0.0,0.0,1.0,0.0,0.0,1.0,0
42.0,22.99,54.0,14.8,4.0,3.0,4.0,0.0,0.0,1.0,0.0,1.0,0.0,0
37.0,9.99,29.0,90.0,2.0,1.0,5.0,1.0,0.0,1.0,1.0,0.0,0.0,0
40.0,15.49,45.0,69.4,0.0,5.0,2.0,1.0,0.0,1.0,0.0,0.0,1.0,0
68.0,9.99,29.0,16.1,4.0,2.0,2.0,1.0,1.0,0.0,1.0,0.0,0.0,0
28.0,9.99,52.0,82.0,2.0,1.0,4.0,0.0,1.0,0.0,1.0,0.0,0.0,0
65.0,22.99,46.0,55.6,2.0,5.0,2.0,1.0,1.0,0.0,0.0,1.0,0.0,0
20.0,15.49,57.0,35.4,6.0,5.0,4.0,0.0,0.0,1.0,0.0,0.0,1.0,0
51.0,9.99,52.0,1.0,65.0,2.0,1.0,0.0,1.0,0.0,1.0,0.0,0.0,1
65.0,9.99,2.0,16.3,8.0,4.0,5.0,1.0,1.0,0.0,1.0,0.0,0.0,1
61.0,9.99,58.0,81.1,14.0,5.0,5.0,0.0,1.0,0.0,1.0,0.0,0.0,0
62.0,9.99,14.0,24.6,3.0,3.0,5.0,0.0,0.0,1.0,1.0,0.0,0.0,0
35.0,15.49,5.0,15.4,20.0,1.0,1.0,1.0,1.0,0.0,0.0,0.0,1.0,1
42.0,15.49,41.0,1.0,5.0,2.0,5.0,1.0,1.0,0.0,0.0,0.0,1.0,0
32.0,9.99,28.0,32.0,21.0,2.0,5.0,1.0,1.0,0.0,1.0,0.0,0.0,0
35.0,22.99,47.0,66.0,37.0,5.0,1.0,0.0,1.0,0.0,0.0,1.0,0.0,0
22.0,9.99,36.0,48.1,20.0,5.0,5.0,0.0,0.0,1.0,1.0,0.0,0.0,0
55.0,9.99,33.0,20.0,0.0,2.0,4.0,0.0,0.0,1.0,1.0,0.0,0.0,0
18.0,15.49,54.0,61.3,52.0,1.0,2.0,0.0,1.0,0.0,0.0,0.0,1.0,0
34.0,9.99,43.0,18.6,0.0,4.0,4.0,0.0,0.0,1.0,1.0,0.0,0.0,0
55.0,15.49,52.0,41.7,12.0,2.0,2.0,1.0,0.0,1.0,0.0,0.0,1.0,0
29.0,9.99,58.0,43.2,2.0,2.0,4.0,2.0,0.0,1.0,1.0,0.0,0.0,0
24.0,22.99,5.0,30.2,2.0,2.0,3.0,1.0,0.0,1.0,0.0,1.0,0.0,0
27.0,15.49,55.0,64.8,25.0,1.0,3.0,0.0,1.0,0.0,0.0,0.0,1.0,0
58.0,22.99,12.0,8.6,3.0,1.0,2.0,1.0,1.0,0.0,0.0,1.0,0.0,0
30.0,9.99,49.0,1.0,32.0,4.0,1.0,0.0,0.0,1.0,1.0,0.0,0.0,1
31.0,9.99,51.0,11.6,12.0,5.0,2.0,1.0,0.0,1.0,1.0,0.0,0.0,0
59.0,9.99,29.0,40.1,0.0,2.0,4.0,0.0,0.0,1.0,1.0,0.0,0.0,0
36.0,9.99,11.0,49.7,6.0,3.0,4.0,1.0,0.0,1.0,1.0,0.0,0.0,0
48.0,22.99,45.0,28.3,8.0,5.0,3.0,2.0,0.0,1.0,0.0,1.0,0.0,0
64.0,9.99,29.0,49.5,11.0,4.0,4.0,0.0,0.0,1.0,1.0,0.0,0.0,0
64.0,9.99,39.0,58.4,0.0,1.0,4.0,0.0,0.0,1.0,1.0,0.0,0.0,0
57.0,9.99,43.0,52.7,3.0,2.0,1.0,1.0,0.0,1.0,1.0,0.0,0.0,0
34.0,15.49,51.0,104.4,12.0,4.0,2.0,1.0,1.0,0.0,0.0,0.0,1.0,0
59.0,22.99,3.0,14.7,0.0,3.0,1.0,0.0,0.0,1.0,0.0,1.0,0.0,0
23.0,9.99,44.0,78.7,12.0,5.0,2.0,0.0,0.0,1.0,1.0,0.0,0.0,0
63.0,22.99,24.0,28.1,5.0,2.0,4.0,0.0,0.0,1.0,0.0,1.0,0.0,0
61.0,9.99,37.0,35.9,2.0,3.0,4.0,1.0,0.0,1.0,1.0,0.0,0.0,0
65.0,15.49,29.0,61.6,25.0,3.0,2.0,1.0,1.0,0.0,0.0,0.0,1.0,0
24.0,15.49,31.0,47.9,5.0,1.0,5.0,1.0,0.0,1.0,0.0,0.0,1.0,0
34.0,15.49,11.0,5.6,3.0,3.0,3.0,1.0,1.0,0.0,0.0,0.0,1.0,1
59.0,9.99,4.0,59.3,1.0,2.0,4.0,1.0,1.0,0.0,1.0,0.0,0.0,0
21.0,15.49,9.0,45.2,23.0,3.0,4.0,1.0,1.0,0.0,0.0,0.0,1.0,0
50.0,15.49,23.0,44.0,6.0,5.0,2.0,1.0,1.0,0.0,0.0,0.0,1.0,0
30.0,9.99,8.0,30.9,9.0,4.0,5.0,0.0,0.0,1.0,1.0,0.0,0.0,0
54.0,22.99,59.0,31.3,15.0,1.0,5.0,1.0,1.0,0.0,0.0,1.0,0.0,0
19.0,15.49,20.0,34.8,34.0,5.0,5.0,2.0,1.0,0.0,0.0,0.0,1.0,1
30.0,15.49,14.0,78.4,5.0,5.0,3.0,0.0,0.0,1.0,0.0,0.0,1.0,0
48.0,22.99,25.0,48.4,0.0,4.0,3.0,0.0,0.0,1.0,0.0,1.0,0.0,0
21.0,22.99,36.0,63.0,4.0,1.0,2.0,0.0,0.0,1.0,0.0,1.0,0.0,0
34.0,15.49,20.0,47.0,1.0,1.0,1.0,0.0,1.0,0.0,0.0,0.0,1.0,0
47.0,15.49,38.0,42.4,17.0,2.0,3.0,1.0,1.0,0.0,0.0,0.0,1.0,0
61.0,22.99,25.0,44.2,7.0,3.0,5.0,1.0,0.0,1.0,0.0,1.0,0.0,0
21.0,15.49,6.0,37.4,13.0,1.0,3.0,1.0,1.0,0.0,0.0,0.0,1.0,0
48.0,22.99,5.0,19.5,12.0,5.0,3.0,0.0,0.0,1.0,0.0,1.0,0.0,0
41.0,9.99,41.0,1.0,14.0,3.0,3.0,0.0,0.0,1.0,1.0,0.0,0.0,0
56.0,9.99,58.0,20.0,24.0,5.0,3.0,1.0,1.0,0.0,1.0,0.0,0.0,1
33.0,9.99,51.0,79.7,16.0,1.0,5.0,0.0,0.0,1.0,1.0,0.0,0.0,0
37.0,22.99,16.0,98.9,35.0,2.0,5.0,1.0,0.0,1.0,0.0,1.0,0.0,0
22.0,15.49,27.0,61.7,8.0,1.0,1.0,2.0,1.0,0.0,0.0,0.0,1.0,0
47.0,22.99,38.0,39.9,8.0,4.0,4.0,0.0,0.0,1.0,0.0,1.0,0.0,0
26.0,22.99,51.0,85.1,40.0,2.0,4.0,0.0,1.0,0.0,0.0,1.0,0.0,0
23.0,22.99,14.0,66.1,50.0,2.0,4.0,0.0,0.0,1.0,0.0,1.0,0.0,0
41.0,9.99,8.0,89.9,3.0,5.0,5.0,1.0,0.0,1.0,1.0,0.0,0.0,0
47.0,9.99,25.0,22.5,22.0,3.0,1.0,2.0,0.0,1.0,1.0,0.0,0.0,1
32.0,15.49,54.0,86.5,2.0,3.0,2.0,1.0,0.0,1.0,0.0,0.0,1.0,0
49.0,15.49,18.0,31.3,4.0,5.0,1.0,3.0,1.0,0.0,0.0,0.0,1.0,1
28.0,22.99,9.0,84.1,10.0,1.0,4.0,1.0,0.0,1.0,0.0,1.0,0.0,0
56.0,15.49,26.0,44.2,12.0,5.0,4.0,1.0,0.0,1.0,0.0,0.0,1.0,0
44.0,22.99,33.0,1.0,15.0,1.0,2.0,1.0,1.0,0.0,0.0,1.0,0.0,1
57.0,22.99,44.0,59.4,3.0,4.0,4.0,1.0,1.0,0.0,0.0,1.0,0.0,0
37.0,22.99,12.0,60.5,2.0,3.0,2.0,0.0,1.0,0.0,0.0,1.0,0.0,0
41.0,22.99,44.0,39.7,11.0,5.0,5.0,1.0,1.0,0.0,0.0,1.0,0.0,0
50.0,9.99,7.0,40.1,2.0,4.0,4.0,1.0,0.0,1.0,1.0,0.0,0.0,0
37.0,9.99,1.0,55.1,9.0,5.0,5.0,0.0,1.0,0.0,1.0,0.0,0.0,0
48.0,9.99,32.0,40.6,2.0,2.0,5.0,1.0,0.0,1.0,1.0,0.0,0.0,0
49.0,15.49,57.0,21.0,8.0,5.0,1.0,1.0,0.0,1.0,0.0,0.0,1.0,0
69.0,15.49,30.0,34.9,1.0,4.0,2.0,0.0,1.0,0.0,0.0,0.0,1.0,0
48.0,9.99,58.0,44.1,7.0,5.0,3.0,0.0,1.0,0.0,1.0,0.0,0.0,0
54.0,9.99,25.0,63.9,12.0,3.0,1.0,0.0,0.0,1.0,1.0,0.0,0.0,0
54.0,15.49,27.0,65.0,15.0,3.0,2.0,0.0,1.0,0.0,0.0,0.0,1.0,0
21.0,9.99,50.0,69.6,4.0,4.0,5.0,0.0,0.0,1.0,1.0,0.0,0.0,0
66.0,22.99,21.0,22.7,0.0,5.0,2.0,1.0,0.0,1.0,0.0,1.0,0.0,0
65.0,9.99,17.0,1.0,2.0,5.0,5.0,2.0,0.0,1.0,1.0,0.0,0.0,1
59.0,9.99,34.0,47.8,7.0,3.0,1.0,0.0,1.0,0.0,1.0,0.0,0.0,0
60.0,15.49,51.0,1.0,8.0,1.0,3.0,0.0,1.0,0.0,0.0,0.0,1.0,0
53.0,15.49,40.0,65.3,18.0,3.0,1.0,2.0,1.0,0.0,0.0,0.0,1.0,0
43.0,9.99,17.0,34.8,5.0,2.0,1.0,0.0,0.0,1.0,1.0,0.0,0.0,0
39.0,15.49,47.0,55.5,9.0,3.0,3.0,0.0,1.0,0.0,0.0,0.0,1.0,0
54.0,15.49,56.0,30.5,3.0,4.0,1.0,2.0,0.0,1.0,0.0,0.0,1.0,0
26.0,9.99,14.0,23.5,35.0,3.0,4.0,0.0,0.0,1.0,1.0,0.0,0.0,0
26.0,9.99,8.0,42.0,4.0,1.0,5.0,0.0,0.0,1.0,1.0,0.0,0.0,0
27.0,15.49,5.0,40.5,13.0,2.0,4.0,2.0,1.0,0.0,0.0,0.0,1.0,1
68.0,22.99,14.0,1.0,7.0,3.0,3.0,2.0,1.0,0.0,0.0,1.0,0.0,0
18.0,9.99,21.0,45.9,6.0,1.0,4.0,0.0,0.0,1.0,1.0,0.0,0.0,0
59.0,9.99,52.0,3.6,20.0,2.0,3.0,0.0,0.0,1.0,1.0,0.0,0.0,0
23.0,22.99,50.0,62.4,18.0,4.0,1.0,2.0,1.0,0.0,0.0,1.0,0.0,0
34.0,9.99,16.0,22.2,6.0,1.0,4.0,0.0,0.0,1.0,1.0,0.0,0.0,1
64.0,22.99,52.0,34.8,2.0,3.0,5.0,1.0,0.0,1.0,0.0,1.0,0.0,0
64.0,22.99,14.0,57.6,9.0,2.0,4.0,1.0,1.0,0.0,0.0,1.0,0.0,1
67.0,9.99,56.0,47.0,13.0,3.0,2.0,0.0,0.0,1.0,1.0,0.0,0.0,0
37.0,15.49,38.0,58.2,0.0,1.0,2.0,1.0,0.0,1.0,0.0,0.0,1.0,0
53.0,15.49,44.0,81.5,1.0,4.0,4.0,1.0,0.0,1.0,0.0,0.0,1.0,0
50.0,9.99,56.0,69.8,4.0,4.0,3.0,0.0,1.0,0.0,1.0,0.0,0.0,0
49.0,15.49,48.0,91.3,1.0,2.0,1.0,1.0,0.0,1.0,0.0,0.0,1.0,0
49.0,22.99,3.0,63.8,1.0,2.0,2.0,0.0,1.0,0.0,0.0,1.0,0.0,0
63.0,9.99,52.0,3.4,0.0,3.0,3.0,0.0,1.0,0.0,1.0,0.0,0.0,0
40.0,22.99,16.0,115.1,49.0,3.0,4.0,0.0,0.0,1.0,0.0,1.0,0.0,0
26.0,15.49,48.0,13.6,33.0,2.0,3.0,0.0,1.0,0.0,0.0,0.0,1.0,0
39.0,15.49,59.0,45.7,10.0,5.0,2.0,1.0,0.0,1.0,0.0,0.0,1.0,0
32.0,15.49,51.0,34.1,15.0,5.0,4.0,1.0,0.0,1.0,0.0,0.0,1.0,0
68.0,15.49,25.0,75.3,18.0,3.0,1.0,1.0,1.0,0.0,0.0,0.0,1.0,0
67.0,9.99,7.0,59.4,24.0,3.0,4.0,1.0,0.0,1.0,1.0,0.0,0.0,0
41.0,9.99,9.0,59.3,3.0,1.0,4.0,1.0,0.0,1.0,1.0,0.0,0.0,0
29.0,9.99,22.0,33.5,2.0,4.0,5.0,1.0,0.0,1.0,1.0,0.0,0.0,0
42.0,9.99,50.0,43.8,0.0,2.0,3.0,1.0,1.0,0.0,1.0,0.0,0.0,0
65.0,15.49,15.0,53.1,18.0,5.0,5.0,1.0,1.0,0.0,0.0,0.0,1.0,0
45.0,15.49,54.0,10.5,6.0,5.0,3.0,2.0,0.0,1.0,0.0,0.0,1.0,0
51.0,9.99,38.0,64.2,16.0,3.0,2.0,0.0,0.0,1.0,1.0,0.0,0.0,0
60.0,9.99,4.0,65.9,6.0,4.0,3.0,0.0,1.0,0.0,1.0,0.0,0.0,0
66.0,22.99,58.0,39.7,10.0,3.0,4.0,1.0,0.0,1.0,0.0,1.0,0.0,0
19.0,15.49,58.0,52.6,8.0,5.0,4.0,0.0,0.0,1.0,0.0,0.0,1.0,0
63.0,9.99,8.0,38.3,23.0,3.0,4.0,0.0,1.0,0.0,1.0,0.0,0.0,0
27.0,15.49,34.0,1.0,3.0,5.0,1.0,2.0,0.0,1.0,0.0,0.0,1.0,0
39.0,15.49,30.0,25.4,14.0,2.0,4.0,0.0,1.0,0.0,0.0,0.0,1.0,0
19.0,22.99,56.0,86.1,3.0,3.0,5.0,1.0,1.0,0.0,0.0,1.0,0.0,0
39.0,9.99,6.0,43.7,48.0,2.0,4.0,1.0,1.0,0.0,1.0,0.0,0.0,1
27.0,15.49,36.0,57.2,12.0,1.0,3.0,1.0,1.0,0.0,0.0,0.0,1.0,0
42.0,9.99,38.0,35.7,14.0,2.0,4.0,1.0,0.0,1.0,1.0,0.0,0.0,0
61.0,9.99,21.0,46.5,12.0,2.0,4.0,1.0,1.0,0.0,1.0,0.0,0.0,0
55.0,22.99,53.0,51.4,14.0,1.0,3.0,0.0,0.0,1.0,0.0,1.0,0.0,0
25.0,15.49,10.0,84.5,13.0,5.0,1.0,0.0,0.0,1.0,0.0,0.0,1.0,0
48.0,15.49,45.0,29.9,29.0,1.0,3.0,1.0,1.0,0.0,0.0,0.0,1.0,0
26.0,15.49,14.0,61.5,3.0,1.0,5.0,0.0,1.0,0.0,0.0,0.0,1.0,0
58.0,9.99,37.0,40.6,39.0,3.0,5.0,0.0,0.0,1.0,1.0,0.0,0.0,0
18.0,15.49,7.0,79.2,7.0,3.0,5.0,0.0,1.0,0.0,0.0,0.0,1.0,0
52.0,9.99,49.0,32.8,17.0,2.0,2.0,0.0,1.0,0.0,1.0,0.0,0.0,0
59.0,15.49,3.0,20.4,2.0,1.0,2.0,0.0,1.0,0.0,0.0,0.0,1.0,0
20.0,9.99,22.0,30.2,17.0,3.0,2.0,0.0,1.0,0.0,1.0,0.0,0.0,0
34.0,9.99,14.0,11.0,0.0,4.0,4.0,0.0,1.0,0.0,1.0,0.0,0.0,0
68.0,15.49,45.0,58.2,2.0,5.0,1.0,0.0,0.0,1.0,0.0,0.0,1.0,0
52.0,9.99,36.0,54.1,10.0,2.0,1.0,0.0,1.0,0.0,1.0,0.0,0.0,0
36.0,15.49,32.0,26.7,4.0,3.0,4.0,1.0,0.0,1.0,0.0,0.0,1.0,0
38.0,15.49,41.0,68.2,16.0,4.0,4.0,1.0,0.0,1.0,0.0,0.0,1.0,0
26.0,9.99,22.0,1.7,19.0,3.0,1.0,0.0,0.0,1.0,1.0,0.0,0.0,1
68.0,9.99,6.0,74.0,8.0,1.0,2.0,0.0,1.0,0.0,1.0,0.0,0.0,0
38.0,9.99,22.0,61.9,13.0,5.0,2.0,0.0,0.0,1.0,1.0,0.0,0.0,0
44.0,15.49,17.0,58.4,0.0,2.0,1.0,0.0,1.0,0.0,0.0,0.0,1.0,0
58.0,9.99,41.0,33.4,8.0,2.0,4.0,0.0,0.0,1.0,1.0,0.0,0.0,0
38.0,9.99,56.0,33.0,6.0,1.0,5.0,0.0,0.0,1.0,1.0,0.0,0.0,0
55.0,22.99,33.0,66.1,17.0,5.0,5.0,0.0,1.0,0.0,0.0,1.0,0.0,0
33.0,9.99,32.0,18.4,0.0,3.0,5.0,1.0,0.0,1.0,1.0,0.0,0.0,0
63.0,9.99,2.0,42.5,1.0,4.0,3.0,0.0,1.0,0.0,1.0,0.0,0.0,0
46.0,22.99,40.0,19.4,2.0,3.0,2.0,0.0,0.0,1.0,0.0,1.0,0.0,0
41.0,9.99,40.0,23.3,7.0,1.0,1.0,1.0,1.0,0.0,1.0,0.0,0.0,0
33.0,9.99,21.0,60.2,14.0,3.0,1.0,0.0,1.0,0.0,1.0,0.0,0.0,0
40.0,15.49,33.0,42.6,0.0,3.0,4.0,1.0,1.0,0.0,0.0,0.0,1.0,0
48.0,15.49,53.0,35.6,2.0,4.0,3.0,1.0,0.0,1.0,0.0,0.0,1.0,0
54.0,15.49,14.0,1.0,4.0,2.0,3.0,0.0,0.0,1.0,0.0,0.0,1.0,0
50.0,22.99,49.0,74.2,8.0,5.0,2.0,0.0,1.0,0.0,0.0,1.0,0.0,0
26.0,15.49,4.0,1.0,2.0,2.0,3.0,1.0,0.0,1.0,0.0,0.0,1.0,0
35.0,9.99,48.0,12.6,2.0,4.0,3.0,0.0,1.0,0.0,1.0,0.0,0.0,0
56.0,15.49,37.0,56.0,6.0,2.0,4.0,1.0,0.0,1.0,0.0,0.0,1.0,0
31.0,22.99,19.0,50.5,27.0,4.0,3.0,0.0,0.0,1.0,0.0,1.0,0.0,0
67.0,9.99,26.0,34.2,15.0,3.0,2.0,2.0,1.0,0.0,1.0,0.0,0.0,0
36.0,15.49,42.0,64.4,6.0,1.0,2.0,0.0,0.0,1.0,0.0,0.0,1.0,0
20.0,15.49,43.0,53.6,3.0,3.0,1.0,0.0,1.0,0.0,0.0,0.0,1.0,0
36.0,15.49,5.0,63.5,23.0,1.0,4.0,0.0,0.0,1.0,0.0,0.0,1.0,0
49.0,15.49,14.0,95.5,31.0,2.0,4.0,0.0,0.0,1.0,0.0,0.0,1.0,0
60.0,9.99,38.0,51.6,7.0,2.0,5.0,0.0,1.0,0.0,1.0,0.0,0.0,0
18.0,22.99,21.0,36.1,5.0,1.0,5.0,1.0,0.0,1.0,0.0,1.0,0.0,0
40.0,9.99,32.0,52.6,18.0,4.0,3.0,0.0,1.0,0.0,1.0,0.0,0.0,0
36.0,9.99,51.0,110.1,19.0,3.0,5.0,0.0,0.0,1.0,1.0,0.0,0.0,0
49.0,22.99,32.0,45.0,19.0,2.0,1.0,1.0,1.0,0.0,0.0,1.0,0.0,0
59.0,15.49,44.0,36.1,4.0,5.0,3.0,1.0,1.0,0.0,0.0,0.0,1.0,0
28.0,15.49,51.0,48.2,41.0,5.0,3.0,1.0,1.0,0.0,0.0,0.0,1.0,0
29.0,22.99,39.0,27.4,33.0,3.0,5.0,1.0,0.0,1.0,0.0,1.0,0.0,1
22.0,9.99,18.0,2.0,0.0,4.0,5.0,1.0,0.0,1.0,1.0,0.0,0.0,0
21.0,15.49,49.0,35.4,8.0,1.0,3.0,1.0,0.0,1.0,0.0,0.0,1.0,0
47.0,15.49,40.0,26.1,14.0,3.0,1.0,0.0,0.0,1.0,0.0,0.0,1.0,0
22.0,9.99,41.0,18.8,11.0,5.0,4.0,0.0,1.0,0.0,1.0,0.0,0.0,0
47.0,15.49,44.0,84.0,4.0,1.0,4.0,1.0,1.0,0.0,0.0,0.0,1.0,0
52.0,9.99,37.0,73.9,4.0,5.0,1.0,0.0,0.0,1.0,1.0,0.0,0.0,0
68.0,15.49,35.0,39.4,4.0,1.0,2.0,0.0,1.0,0.0,0.0,0.0,1.0,0
26.0,9.99,55.0,102.1,7.0,1.0,3.0,0.0,1.0,0.0,1.0,0.0,0.0,0
28.0,9.99,40.0,70.0,66.0,2.0,4.0,1.0,1.0,0.0,1.0,0.0,0.0,0
37.0,15.49,2.0,61.4,3.0,1.0,5.0,0.0,1.0,0.0,0.0,0.0,1.0,0
58.0,15.49,4.0,71.6,3.0,3.0,2.0,0.0,0.0,1.0,0.0,0.0,1.0,0
28.0,22.99,47.0,16.1,0.0,3.0,1.0,4.0,0.0,1.0,0.0,1.0,0.0,1
61.0,9.99,3.0,12.1,2.0,4.0,2.0,0.0,0.0,1.0,1.0,0.0,0.0,0
28.0,9.99,53.0,75.0,3.0,4.0,3.0,1.0,0.0,1.0,1.0,0.0,0.0,0
18.0,15.49,33.0,11.1,24.0,5.0,4.0,0.0,0.0,1.0,0.0,0.0,1.0,1
39.0,15.49,9.0,33.2,5.0,5.0,1.0,0.0,0.0,1.0,0.0,0.0,1.0,0
45.0,15.49,45.0,4.1,1.0,3.0,4.0,0.0,1.0,0.0,0.0,0.0,1.0,0
58.0,9.99,51.0,59.4,4.0,1.0,5.0,2.0,1.0,0.0,1.0,0.0,0.0,0
53.0,9.99,39.0,1.0,15.0,5.0,4.0,0.0,1.0,0.0,1.0,0.0,0.0,1
33.0,15.49,17.0,10.9,12.0,3.0,1.0,0.0,0.0,1.0,0.0,0.0,1.0,0
19.0,9.99,54.0,32.8,13.0,4.0,1.0,0.0,1.0,0.0,1.0,0.0,0.0,0
20.0,15.49,43.0,32.2,7.0,5.0,1.0,0.0,0.0,1.0,0.0,0.0,1.0,0
36.0,15.49,1.0,18.1,26.0,2.0,3.0,0.0,1.0,0.0,0.0,0.0,1.0,1
44.0,9.99,12.0,54.9,15.0,1.0,1.0,0.0,0.0,1.0,1.0,0.0,0.0,0
66.0,15.49,48.0,54.1,3.0,2.0,4.0,0.0,1.0,0.0,0.0,0.0,1.0,0
63.0,9.99,48.0,36.8,7.0,2.0,5.0,1.0,0.0,1.0,1.0,0.0,0.0,0
31.0,9.99,26.0,29.1,3.0,4.0,5.0,2.0,0.0,1.0,1.0,0.0,0.0,0
61.0,9.99,48.0,25.7,10.0,1.0,2.0,0.0,1.0,0.0,1.0,0.0,0.0,0
47.0,9.99,41.0,46.8,0.0,1.0,4.0,1.0,1.0,0.0,1.0,0.0,0.0,0
45.0,15.49,4.0,40.7,12.0,1.0,1.0,0.0,0.0,1.0,0.0,0.0,1.0,0
38.0,9.99,7.0,1.0,14.0,1.0,3.0,0.0,0.0,1.0,1.0,0.0,0.0,1
65.0,9.99,33.0,80.1,15.0,2.0,4.0,0.0,0.0,1.0,1.0,0.0,0.0,0
67.0,22.99,4.0,45.7,0.0,1.0,1.0,2.0,1.0,0.0,0.0,1.0,0.0,1
60.0,9.99,30.0,73.1,3.0,3.0,2.0,0.0,1.0,0.0,1.0,0.0,0.0,0
38.0,15.49,50.0,50.1,10.0,1.0,1.0,0.0,0.0,1.0,0.0,0.0,1.0,0
21.0,9.99,28.0,40.9,10.0,5.0,2.0,0.0,1.0,0.0,1.0,0.0,0.0,0
40.0,15.49,58.0,28.2,20.0,1.0,1.0,1.0,0.0,1.0,0.0,0.0,1.0,0
18.0,15.49,3.0,53.9,0.0,3.0,2.0,1.0,0.0,1.0,0.0,0.0,1.0,0
40.0,15.49,29.0,32.6,12.0,4.0,5.0,0.0,1.0,0.0,0.0,0.0,1.0,0
45.0,9.99,36.0,27.4,3.0,4.0,4.0,0.0,0.0,1.0,1.0,0.0,0.0,0
39.0,15.49,22.0,96.4,13.0,2.0,4.0,0.0,0.0,1.0,0.0,0.0,1.0,0
18.0,15.49,6.0,66.0,1.0,3.0,5.0,2.0,0.0,1.0,0.0,0.0,1.0,0
52.0,9.99,52.0,1.0,5.0,1.0,5.0,0.0,1.0,0.0,1.0,0.0,0.0,0
34.0,15.49,30.0,66.9,1.0,4.0,3.0,0.0,0.0,1.0,0.0,0.0,1.0,0
43.0,9.99,36.0,71.8,0.0,1.0,4.0,0.0,1.0,0.0,1.0,0.0,0.0,0
24.0,22.99,45.0,44.6,2.0,2.0,5.0,2.0,0.0,1.0,0.0,1.0,0.0,0
37.0,22.99,32.0,62.1,15.0,3.0,2.0,0.0,1.0,0.0,0.0,1.0,0.0,0
69.0,22.99,25.0,37.3,3.0,4.0,1.0,0.0,0.0,1.0,0.0,1.0,0.0,0
41.0,22.99,36.0,29.4,16.0,4.0,3.0,1.0,1.0,0.0,0.0,1.0,0.0,0
63.0,15.49,43.0,37.3,9.0,5.0,5.0,0.0,1.0,0.0,0.0,0.0,1.0,0
47.0,9.99,25.0,72.0,1.0,5.0,3.0,0.0,1.0,0.0,1.0,0.0,0.0,0
65.0,9.99,50.0,1.0,36.0,3.0,3.0,1.0,0.0,1.0,1.0,0.0,0.0,1
48.0,15.49,35.0,35.0,12.0,4.0,1.0,2.0,1.0,0.0,0.0,0.0,1.0,0
51.0,15.49,4.0,51.2,2.0,2.0,1.0,0.0,0.0,1.0,0.0,0.0,1.0,0
68.0,22.99,8.0,63.5,2.0,4.0,4.0,1.0,0.0,1.0,0.0,1.0,0.0,0
42.0,9.99,35.0,25.8,7.0,1.0,3.0,0.0,0.0,1.0,1.0,0.0,0.0,0
60.0,15.49,44.0,93.6,1.0,3.0,3.0,1.0,0.0,1.0,0.0,0.0,1.0,0
47.0,15.49,32.0,5.2,10.0,5.0,4.0,0.0,1.0,0.0,0.0,0.0,1.0,0
57.0,15.49,18.0,76.4,9.0,4.0,1.0,0.0,0.0,1.0,0.0,0.0,1.0,0
28.0,9.99,5.0,36.5,7.0,2.0,5.0,0.0,0.0,1.0,1.0,0.0,0.0,0
22.0,15.49,17.0,31.0,1.0,5.0,4.0,1.0,0.0,1.0,0.0,0.0,1.0,0
24.0,15.49,47.0,70.4,1.0,4.0,2.0,0.0,1.0,0.0,0.0,0.0,1.0,0
32.0,9.99,9.0,68.7,4.0,2.0,2.0,0.0,1.0,0.0,1.0,0.0,0.0,0
42.0,9.99,25.0,51.9,31.0,1.0,2.0,0.0,1.0,0.0,1.0,0.0,0.0,0
54.0,15.49,43.0,34.0,3.0,3.0,2.0,0.0,0.0,1.0,0.0,0.0,1.0,0
67.0,9.99,41.0,77.6,11.0,4.0,2.0,0.0,0.0,1.0,1.0,0.0,0.0,0
29.0,9.99,45.0,58.5,0.0,5.0,3.0,1.0,1.0,0.0,1.0,0.0,0.0,0
23.0,22.99,31.0,38.2,20.0,3.0,2.0,0.0,0.0,1.0,0.0,1.0,0.0,0
37.0,15.49,2.0,47.2,0.0,5.0,2.0,0.0,1.0,0.0,0.0,0.0,1.0,0
62.0,15.49,18.0,54.4,8.0,5.0,3.0,1.0,1.0,0.0,0.0,0.0,1.0,0
48.0,9.99,20.0,79.6,11.0,1.0,2.0,1.0,1.0,0.0,1.0,0.0,0.0,0
43.0,22.99,54.0,74.6,9.0,5.0,2.0,1.0,1.0,0.0,0.0,1.0,0.0,0
31.0,9.99,7.0,19.5,15.0,1.0,2.0,0.0,0.0,1.0,1.0,0.0,0.0,1
46.0,9.99,23.0,46.9,4.0,5.0,5.0,0.0,1.0,0.0,1.0,0.0,0.0,0
26.0,15.49,57.0,5.6,2.0,2.0,5.0,0.0,0.0,1.0,0.0,0.0,1.0,0
57.0,9.99,55.0,40.4,27.0,2.0,3.0,0.0,1.0,0.0,1.0,0.0,0.0,0
35.0,9.99,58.0,75.3,20.0,3.0,5.0,1.0,0.0,1.0,1.0,0.0,0.0,0
63.0,9.99,5.0,47.5,3.0,3.0,2.0,0.0,1.0,0.0,1.0,0.0,0.0,0
51.0,15.49,39.0,36.9,23.0,5.0,1.0,1.0,1.0,0.0,0.0,0.0,1.0,0
62.0,9.99,46.0,55.8,6.0,4.0,3.0,0.0,1.0,0.0,1.0,0.0,0.0,0
48.0,22.99,35.0,37.1,22.0,4.0,2.0,1.0,1.0,0.0,0.0,1.0,0.0,0
69.0,9.99,29.0,64.3,13.0,3.0,2.0,1.0,1.0,0.0,1.0,0.0,0.0,0
23.0,9.99,26.0,24.1,5.0,5.0,3.0,0.0,0.0,1.0,1.0,0.0,0.0,0
28.0,22.99,57.0,89.3,12.0,5.0,4.0,0.0,0.0,1.0,0.0,1.0,0.0,0
28.0,15.49,52.0,49.7,19.0,4.0,1.0,2.0,1.0,0.0,0.0,0.0,1.0,0
18.0,9.99,46.0,38.8,3.0,5.0,3.0,1.0,0.0,1.0,1.0,0.0,0.0,0
44.0,22.99,26.0,43.4,14.0,4.0,2.0,1.0,0.0,1.0,0.0,1.0,0.0,0
26.0,15.49,13.0,58.5,8.0,4.0,1.0,2.0,1.0,0.0,0.0,0.0,1.0,0
41.0,15.49,28.0,7.1,22.0,3.0,3.0,1.0,0.0,1.0,0.0,0.0,1.0,0
56.0,9.99,48.0,68.7,0.0,2.0,1.0,1.0,0.0,1.0,1.0,0.0,0.0,0
58.0,22.99,4.0,94.9,12.0,1.0,1.0,0.0,1.0,0.0,0.0,1.0,0.0,0
48.0,9.99,57.0,64.1,15.0,3.0,3.0,1.0,1.0,0.0,1.0,0.0,0.0,0
36.0,15.49,23.0,45.9,12.0,4.0,4.0,0.0,1.0,0.0,0.0,0.0,1.0,0
30.0,15.49,52.0,51.2,17.0,5.0,2.0,0.0,1.0,0.0,0.0,0.0,1.0,0
41.0,9.99,58.0,54.7,1.0,3.0,5.0,1.0,0.0,1.0,1.0,0.0,0.0,0
42.0,15.49,41.0,29.3,3.0,5.0,3.0,0.0,0.0,1.0,0.0,0.0,1.0,0
43.0,9.99,48.0,2.2,22.0,5.0,4.0,1.0,0.0,1.0,1.0,0.0,0.0,1
42.0,22.99,54.0,39.5,14.0,3.0,4.0,0.0,0.0,1.0,0.0,1.0,0.0,0
55.0,9.99,49.0,52.3,4.0,2.0,5.0,1.0,1.0,0.0,1.0,0.0,0.0,0
55.0,15.49,16.0,57.6,39.0,5.0,3.0,1.0,1.0,0.0,0.0,0.0,1.0,0
24.0,9.99,22.0,58.8,6.0,1.0,5.0,2.0,0.0,1.0,1.0,0.0,0.0,0
22.0,15.49,2.0,77.4,19.0,1.0,4.0,0.0,1.0,0.0,0.0,0.0,1.0,0
55.0,9.99,14.0,36.7,11.0,5.0,2.0,1.0,0.0,1.0,1.0,0.0,0.0,0
22.0,9.99,46.0,103.9,6.0,4.0,5.0,1.0,0.0,1.0,1.0,0.0,0.0,0
59.0,22.99,5.0,47.0,2.0,2.0,4.0,1.0,1.0,0.0,0.0,1.0,0.0,0
25.0,9.99,23.0,52.4,1.0,5.0,4.0,1.0,0.0,1.0,1.0,0.0,0.0,0
65.0,9.99,34.0,40.8,3.0,1.0,4.0,0.0,1.0,0.0,1.0,0.0,0.0,0
25.0,9.99,50.0,30.8,34.0,5.0,3.0,0.0,0.0,1.0,1.0,0.0,0.0,0
45.0,9.99,2.0,75.5,2.0,3.0,4.0,1.0,0.0,1.0,1.0,0.0,0.0,0
44.0,15.49,32.0,26.7,6.0,5.0,4.0,1.0,1.0,0.0,0.0,0.0,1.0,0
20.0,15.49,14.0,16.9,14.0,5.0,1.0,0.0,0.0,1.0,0.0,0.0,1.0,0
21.0,22.99,54.0,33.8,11.0,3.0,2.0,0.0,1.0,0.0,0.0,1.0,0.0,0
69.0,15.49,42.0,34.3,2.0,1.0,3.0,1.0,1.0,0.0,0.0,0.0,1.0,0
34.0,22.99,58.0,20.1,3.0,3.0,1.0,2.0,1.0,0.0,0.0,1.0,0.0,0
18.0,22.99,2.0,44.6,3.0,1.0,3.0,1.0,1.0,0.0,0.0,1.0,0.0,0
60.0,22.99,26.0,46.1,33.0,4.0,1.0,0.0,1.0,0.0,0.0,1.0,0.0,0
21.0,15.49,5.0,27.1,16.0,5.0,1.0,1.0,1.0,0.0,0.0,0.0,1.0,1
29.0,15.49,54.0,88.7,0.0,5.0,5.0,1.0,1.0,0.0,0.0,0.0,1.0,0
18.0,9.99,14.0,64.3,7.0,3.0,4.0,1.0,0.0,1.0,1.0,0.0,0.0,0
40.0,9.99,44.0,58.4,7.0,3.0,5.0,2.0,0.0,1.0,1.0,0.0,0.0,0
19.0,15.49,44.0,56.1,3.0,2.0,2.0,0.0,1.0,0.0,0.0,0.0,1.0,0
28.0,9.99,35.0,39.5,24.0,3.0,3.0,1.0,1.0,0.0,1.0,0.0,0.0,0
29.0,9.99,5.0,43.9,8.0,3.0,5.0,4.0,1.0,0.0,1.0,0.0,0.0,0
40.0,22.99,35.0,36.8,8.0,3.0,3.0,1.0,1.0,0.0,0.0,1.0,0.0,0
61.0,9.99,48.0,7.8,6.0,2.0,5.0,2.0,1.0,0.0,1.0,0.0,0.0,0
54.0,22.99,56.0,33.6,16.0,5.0,3.0,0.0,1.0,0.0,0.0,1.0,0.0,0
53.0,22.99,18.0,104.0,12.0,4.0,4.0,1.0,0.0,1.0,0.0,1.0,0.0,0
57.0,9.99,24.0,37.3,10.0,2.0,2.0,0.0,1.0,0.0,1.0,0.0,0.0,0
57.0,22.99,44.0,32.9,11.0,4.0,5.0,2.0,0.0,1.0,0.0,1.0,0.0,1
33.0,9.99,5.0,65.3,13.0,4.0,4.0,2.0,1.0,0.0,1.0,0.0,0.0,0
61.0,9.99,57.0,27.6,12.0,3.0,3.0,1.0,0.0,1.0,1.0,0.0,0.0,0
35.0,9.99,44.0,5.8,10.0,5.0,2.0,0.0,1.0,0.0,1.0,0.0,0.0,0
57.0,9.99,52.0,36.9,5.0,3.0,3.0,0.0,0.0,1.0,1.0,0.0,0.0,0
40.0,22.99,28.0,35.0,3.0,5.0,4.0,1.0,0.0,1.0,0.0,1.0,0.0,0
20.0,9.99,50.0,64.8,6.0,5.0,4.0,0.0,0.0,1.0,1.0,0.0,0.0,0
44.0,22.99,32.0,37.1,5.0,3.0,4.0,0.0,0.0,1.0,0.0,1.0,0.0,0
24.0,22.99,29.0,58.6,1.0,4.0,3.0,0.0,0.0,1.0,0.0,1.0,0.0,0
55.0,9.99,54.0,93.1,3.0,2.0,3.0,1.0,0.0,1.0,1.0,0.0,0.0,0
25.0,22.99,20.0,72.1,26.0,1.0,4.0,0.0,1.0,0.0,0.0,1.0,0.0,0
48.0,22.99,26.0,11.1,14.0,2.0,3.0,1.0,1.0,0.0,0.0,1.0,0.0,0
41.0,9.99,50.0,49.2,0.0,3.0,3.0,1.0,1.0,0.0,1.0,0.0,0.0,0
29.0,22.99,21.0,83.9,0.0,2.0,2.0,1.0,0.0,1.0,0.0,1.0,0.0,0
21.0,22.99,10.0,69.3,8.0,3.0,1.0,0.0,1.0,0.0,0.0,1.0,0.0,0
57.0,15.49,32.0,1.0,40.0,3.0,3.0,1.0,1.0,0.0,0.0,0.0,1.0,1
21.0,9.99,42.0,85.6,10.0,5.0,4.0,1.0,1.0,0.0,1.0,0.0,0.0,0
55.0,15.49,13.0,30.6,11.0,1.0,4.0,0.0,0.0,1.0,0.0,0.0,1.0,0
58.0,9.99,54.0,20.9,13.0,4.0,1.0,0.0,0.0,1.0,1.0,0.0,0.0,0
36.0,22.99,37.0,45.9,4.0,3.0,1.0,0.0,1.0,0.0,0.0,1.0,0.0,0
67.0,9.99,33.0,34.9,8.0,3.0,3.0,1.0,1.0,0.0,1.0,0.0,0.0,0
42.0,15.49,30.0,31.4,0.0,1.0,1.0,2.0,1.0,0.0,0.0,0.0,1.0,0
59.0,15.49,40.0,56.9,2.0,3.0,1.0,1.0,1.0,0.0,0.0,0.0,1.0,0
40.0,9.99,13.0,32.1,11.0,5.0,3.0,0.0,1.0,0.0,1.0,0.0,0.0,0
37.0,15.49,27.0,60.0,4.0,5.0,5.0,1.0,1.0,0.0,0.0,0.0,1.0,0
54.0,15.49,30.0,1.0,17.0,5.0,3.0,0.0,1.0,0.0,0.0,0.0,1.0,0
48.0,15.49,15.0,45.7,3.0,3.0,4.0,0.0,0.0,1.0,0.0,0.0,1.0,0
36.0,22.99,18.0,74.8,7.0,5.0,5.0,0.0,1.0,0.0,0.0,1.0,0.0,0
54.0,9.99,47.0,53.2,3.0,2.0,1.0,0.0,1.0,0.0,1.0,0.0,0.0,0
35.0,15.49,29.0,26.5,20.0,1.0,5.0,0.0,1.0,0.0,0.0,0.0,1.0,0
30.0,9.99,4.0,60.2,8.0,2.0,4.0,3.0,0.0,1.0,1.0,0.0,0.0,0
57.0,15.49,37.0,52.7,10.0,5.0,3.0,2.0,1.0,0.0,0.0,0.0,1.0,0
24.0,9.99,51.0,62.2,0.0,5.0,2.0,0.0,1.0,0.0,1.0,0.0,0.0,0
47.0,15.49,1.0,28.3,72.0,2.0,1.0,0.0,1.0,0.0,0.0,0.0,1.0,1
33.0,15.49,46.0,87.9,15.0,3.0,1.0,0.0,0.0,1.0,0.0,0.0,1.0,0
42.0,15.49,43.0,64.3,0.0,1.0,4.0,0.0,0.0,1.0,0.0,0.0,1.0,0
32.0,9.99,16.0,22.8,1.0,4.0,2.0,0.0,1.0,0.0,1.0,0.0,0.0,0
25.0,15.49,5.0,83.4,19.0,3.0,2.0,0.0,1.0,0.0,0.0,0.0,1.0,0
59.0,22.99,48.0,26.9,13.0,1.0,1.0,2.0,0.0,1.0,0.0,1.0,0.0,0
37.0,9.99,47.0,25.1,35.0,4.0,1.0,3.0,0.0,1.0,1.0,0.0,0.0,1
19.0,9.99,3.0,87.2,12.0,4.0,4.0,0.0,0.0,1.0,1.0,0.0,0.0,0
62.0,15.49,8.0,80.0,25.0,2.0,2.0,1.0,0.0,1.0,0.0,0.0,1.0,0
32.0,9.99,50.0,21.2,10.0,3.0,3.0,1.0,0.0,1.0,1.0,0.0,0.0,0
39.0,15.49,31.0,58.4,2.0,5.0,4.0,1.0,1.0,0.0,0.0,0.0,1.0,0
41.0,22.99,23.0,25.2,12.0,2.0,5.0,1.0,0.0,1.0,0.0,1.0,0.0,0
45.0,22.99,29.0,26.7,7.0,4.0,2.0,1.0,0.0,1.0,0.0,1.0,0.0,0
54.0,22.99,28.0,78.2,6.0,4.0,1.0,1.0,0.0,1.0,0.0,1.0,0.0,0
21.0,9.99,52.0,62.1,1.0,1.0,2.0,0.0,0.0,1.0,1.0,0.0,0.0,0
22.0,15.49,51.0,53.7,22.0,4.0,4.0,1.0,0.0,1.0,0.0,0.0,1.0,0
57.0,22.99,12.0,12.7,3.0,3.0,2.0,0.0,1.0,0.0,0.0,1.0,0.0,0
64.0,9.99,29.0,48.7,15.0,1.0,1.0,1.0,0.0,1.0,1.0,0.0,0.0,0
55.0,15.49,56.0,30.2,7.0,3.0,2.0,1.0,1.0,0.0,0.0,0.0,1.0,0
20.0,15.49,45.0,29.3,5.0,3.0,4.0,1.0,0.0,1.0,0.0,0.0,1.0,0
56.0,15.49,11.0,46.0,19.0,5.0,1.0,2.0,0.0,1.0,0.0,0.0,1.0,0
51.0,22.99,9.0,46.1,5.0,1.0,3.0,1.0,1.0,0.0,0.0,1.0,0.0,0
47.0,15.49,49.0,92.3,7.0,2.0,1.0,0.0,1.0,0.0,0.0,0.0,1.0,0
68.0,9.99,8.0,59.6,14.0,4.0,2.0,0.0,0.0,1.0,1.0,0.0,0.0,0
21.0,9.99,16.0,68.7,1.0,3.0,3.0,0.0,0.0,1.0,1.0,0.0,0.0,0
30.0,9.99,38.0,53.1,7.0,2.0,1.0,1.0,0.0,1.0,1.0,0.0,0.0,0
61.0,9.99,54.0,20.4,13.0,3.0,5.0,0.0,1.0,0.0,1.0,0.0,0.0,0
28.0,9.99,56.0,33.7,16.0,4.0,2.0,0.0,0.0,1.0,1.0,0.0,0.0,0
43.0,22.99,1.0,41.3,6.0,3.0,2.0,3.0,1.0,0.0,0.0,1.0,0.0,1
62.0,15.49,43.0,28.6,8.0,4.0,3.0,1.0,0.0,1.0,0.0,0.0,1.0,0
26.0,9.99,4.0,101.1,1.0,1.0,1.0,1.0,1.0,0.0,1.0,0.0,0.0,0
53.0,22.99,58.0,80.8,15.0,1.0,4.0,0.0,1.0,0.0,0.0,1.0,0.0,0
38.0,9.99,2.0,48.8,6.0,5.0,1.0,1.0,0.0,1.0,1.0,0.0,0.0,0
29.0,22.99,59.0,36.1,3.0,5.0,4.0,0.0,0.0,1.0,0.0,1.0,0.0,0
53.0,15.49,33.0,27.9,19.0,4.0,5.0,0.0,0.0,1.0,0.0,0.0,1.0,0
50.0,9.99,28.0,31.0,58.0,3.0,5.0,2.0,0.0,1.0,1.0,0.0,0.0,1
18.0,15.49,51.0,67.8,59.0,1.0,5.0,1.0,1.0,0.0,0.0,0.0,1.0,0
66.0,9.99,13.0,4.8,21.0,4.0,5.0,0.0,1.0,0.0,1.0,0.0,0.0,1
64.0,15.49,30.0,84.9,0.0,3.0,4.0,1.0,0.0,1.0,0.0,0.0,1.0,0
60.0,15.49,14.0,68.1,2.0,5.0,3.0,0.0,1.0,0.0,0.0,0.0,1.0,0
43.0,15.49,39.0,39.7,22.0,3.0,1.0,1.0,0.0,1.0,0.0,0.0,1.0,0
45.0,15.49,59.0,40.8,17.0,5.0,5.0,0.0,0.0,1.0,0.0,0.0,1.0,0
68.0,15.49,45.0,65.8,2.0,2.0,2.0,0.0,1.0,0.0,0.0,0.0,1.0,0
31.0,9.99,31.0,22.4,3.0,2.0,2.0,1.0,1.0,0.0,1.0,0.0,0.0,0
54.0,9.99,3.0,1.3,26.0,2.0,5.0,0.0,1.0,0.0,1.0,0.0,0.0,1
41.0,15.49,33.0,49.5,26.0,3.0,5.0,2.0,1.0,0.0,0.0,0.0,1.0,1
61.0,22.99,7.0,24.1,6.0,1.0,4.0,0.0,0.0,1.0,0.0,1.0,0.0,0
57.0,22.99,24.0,31.5,13.0,1.0,1.0,0.0,0.0,1.0,0.0,1.0,0.0,1
32.0,15.49,27.0,75.4,25.0,5.0,4.0,1.0,1.0,0.0,0.0,0.0,1.0,0
66.0,22.99,39.0,48.5,17.0,2.0,2.0,2.0,0.0,1.0,0.0,1.0,0.0,0
44.0,9.99,48.0,11.0,2.0,1.0,2.0,0.0,0.0,1.0,1.0,0.0,0.0,0
32.0,9.99,12.0,35.5,36.0,5.0,2.0,1.0,1.0,0.0,1.0,0.0,0.0,0
20.0,9.99,32.0,27.9,39.0,5.0,1.0,0.0,1.0,0.0,1.0,0.0,0.0,1
35.0,9.99,24.0,87.4,19.0,5.0,3.0,1.0,0.0,1.0,1.0,0.0,0.0,0
30.0,15.49,41.0,62.3,9.0,2.0,1.0,1.0,1.0,0.0,0.0,0.0,1.0,0
52.0,15.49,17.0,26.7,72.0,2.0,4.0,0.0,1.0,0.0,0.0,0.0,1.0,1
25.0,9.99,6.0,54.7,30.0,2.0,2.0,0.0,0.0,1.0,1.0,0.0,0.0,0
48.0,15.49,52.0,57.0,10.0,5.0,2.0,0.0,0.0,1.0,0.0,0.0,1.0,0
22.0,15.49,45.0,95.1,9.0,4.0,3.0,1.0,1.0,0.0,0.0,0.0,1.0,0
20.0,9.99,18.0,29.6,0.0,5.0,1.0,0.0,0.0,1.0,1.0,0.0,0.0,0
29.0,15.49,59.0,2.9,6.0,5.0,4.0,1.0,0.0,1.0,0.0,0.0,1.0,0
23.0,9.99,16.0,16.5,5.0,1.0,3.0,2.0,0.0,1.0,1.0,0.0,0.0,0
28.0,22.99,51.0,36.1,0.0,2.0,3.0,2.0,1.0,0.0,0.0,1.0,0.0,0
30.0,15.49,6.0,23.5,5.0,4.0,5.0,0.0,0.0,1.0,0.0,0.0,1.0,0
58.0,15.49,34.0,76.2,45.0,1.0,4.0,0.0,1.0,0.0,0.0,0.0,1.0,0
35.0,9.99,32.0,53.8,8.0,5.0,1.0,1.0,1.0,0.0,1.0,0.0,0.0,0
60.0,15.49,47.0,16.2,0.0,2.0,2.0,0.0,1.0,0.0,0.0,0.0,1.0,0
21.0,15.49,47.0,49.2,16.0,5.0,3.0,1.0,1.0,0.0,0.0,0.0,1.0,0
56.0,15.49,34.0,26.3,5.0,1.0,3.0,0.0,1.0,0.0,0.0,0.0,1.0,0
55.0,15.49,5.0,70.0,1.0,1.0,1.0,0.0,0.0,1.0,0.0,0.0,1.0,0
32.0,15.49,45.0,63.2,11.0,1.0,4.0,0.0,0.0,1.0,0.0,0.0,1.0,0
49.0,15.49,6.0,8.9,5.0,1.0,2.0,0.0,0.0,1.0,0.0,0.0,1.0,0
24.0,15.49,37.0,52.6,10.0,1.0,4.0,0.0,0.0,1.0,0.0,0.0,1.0,0
29.0,9.99,23.0,23.5,0.0,4.0,2.0,1.0,1.0,0.0,1.0,0.0,0.0,0
53.0,15.49,51.0,11.5,1.0,5.0,5.0,0.0,0.0,1.0,0.0,0.0,1.0,0
59.0,9.99,42.0,63.6,2.0,2.0,5.0,0.0,1.0,0.0,1.0,0.0,0.0,0
35.0,9.99,11.0,56.6,10.0,3.0,2.0,1.0,1.0,0.0,1.0,0.0,0.0,0
50.0,15.49,27.0,1.2,9.0,4.0,2.0,1.0,1.0,0.0,0.0,0.0,1.0,0
49.0,15.49,4.0,55.3,5.0,4.0,1.0,0.0,1.0,0.0,0.0,0.0,1.0,0
22.0,9.99,26.0,45.8,34.0,2.0,1.0,3.0,0.0,1.0,1.0,0.0,0.0,1
49.0,22.99,30.0,39.4,4.0,1.0,5.0,0.0,1.0,0.0,0.0,1.0,0.0,0
51.0,9.99,15.0,61.8,26.0,2.0,2.0,0.0,1.0,0.0,1.0,0.0,0.0,0
68.0,22.99,26.0,32.2,4.0,2.0,4.0,1.0,0.0,1.0,0.0,1.0,0.0,0
58.0,9.99,36.0,18.6,7.0,4.0,5.0,2.0,1.0,0.0,1.0,0.0,0.0,0
52.0,9.99,39.0,21.9,1.0,5.0,1.0,0.0,0.0,1.0,1.0,0.0,0.0,0
60.0,22.99,20.0,32.2,4.0,5.0,4.0,1.0,1.0,0.0,0.0,1.0,0.0,0
41.0,15.49,22.0,18.2,0.0,4.0,4.0,0.0,1.0,0.0,0.0,0.0,1.0,0
41.0,15.49,14.0,28.5,0.0,3.0,1.0,2.0,1.0,0.0,0.0,0.0,1.0,0
21.0,9.99,35.0,67.5,4.0,2.0,1.0,1.0,1.0,0.0,1.0,0.0,0.0,0
60.0,15.49,55.0,80.0,11.0,2.0,2.0,2.0,1.0,0.0,0.0,0.0,1.0,0
66.0,15.49,45.0,42.4,2.0,3.0,4.0,0.0,0.0,1.0,0.0,0.0,1.0,0
40.0,15.49,43.0,14.2,0.0,3.0,5.0,4.0,1.0,0.0,0.0,0.0,1.0,1
62.0,15.49,50.0,57.8,3.0,5.0,1.0,0.0,1.0,0.0,0.0,0.0,1.0,0
36.0,22.99,18.0,55.6,6.0,5.0,2.0,0.0,1.0,0.0,0.0,1.0,0.0,0
65.0,9.99,4.0,35.3,5.0,4.0,1.0,0.0,1.0,0.0,1.0,0.0,0.0,0
45.0,15.49,36.0,54.1,6.0,3.0,1.0,1.0,0.0,1.0,0.0,0.0,1.0,0
45.0,22.99,11.0,2.5,8.0,3.0,5.0,2.0,0.0,1.0,0.0,1.0,0.0,1
36.0,15.49,11.0,50.9,5.0,5.0,5.0,1.0,0.0,1.0,0.0,0.0,1.0,0
19.0,15.49,28.0,46.8,36.0,3.0,4.0,0.0,1.0,0.0,0.0,0.0,1.0,0
57.0,9.99,44.0,51.2,8.0,1.0,5.0,0.0,1.0,0.0,1.0,0.0,0.0,0
69.0,15.49,8.0,65.6,0.0,3.0,1.0,0.0,1.0,0.0,0.0,0.0,1.0,0
54.0,15.49,50.0,63.6,21.0,3.0,4.0,1.0,0.0,1.0,0.0,0.0,1.0,0
52.0,9.99,17.0,44.1,0.0,3.0,5.0,1.0,1.0,0.0,1.0,0.0,0.0,0
67.0,15.49,56.0,53.9,49.0,1.0,5.0,1.0,0.0,1.0,0.0,0.0,1.0,0
64.0,9.99,1.0,60.3,9.0,3.0,1.0,0.0,0.0,1.0,1.0,0.0,0.0,0
51.0,9.99,27.0,18.8,4.0,3.0,4.0,2.0,0.0,1.0,1.0,0.0,0.0,1
58.0,15.49,36.0,17.8,5.0,5.0,2.0,0.0,0.0,1.0,0.0,0.0,1.0,0
60.0,9.99,50.0,50.7,5.0,2.0,4.0,0.0,0.0,1.0,1.0,0.0,0.0,0
18.0,15.49,23.0,53.6,17.0,4.0,4.0,0.0,0.0,1.0,0.0,0.0,1.0,0
24.0,9.99,12.0,54.4,9.0,2.0,4.0,3.0,1.0,0.0,1.0,0.0,0.0,1
40.0,15.49,2.0,51.0,6.0,1.0,1.0,1.0,1.0,0.0,0.0,0.0,1.0,0
55.0,9.99,56.0,5.5,2.0,5.0,2.0,0.0,1.0,0.0,1.0,0.0,0.0,0
49.0,9.99,1.0,8.0,1.0,1.0,5.0,0.0,0.0,1.0,1.0,0.0,0.0,0
54.0,15.49,23.0,1.0,30.0,2.0,1.0,2.0,1.0,0.0,0.0,0.0,1.0,1
20.0,15.49,51.0,34.3,12.0,2.0,5.0,0.0,0.0,1.0,0.0,0.0,1.0,0
27.0,9.99,40.0,42.3,19.0,5.0,4.0,1.0,0.0,1.0,1.0,0.0,0.0,0
68.0,15.49,19.0,39.7,15.0,3.0,4.0,0.0,0.0,1.0,0.0,0.0,1.0,0
37.0,22.99,28.0,61.6,7.0,5.0,1.0,0.0,0.0,1.0,0.0,1.0,0.0,0
60.0,22.99,15.0,58.6,41.0,1.0,3.0,0.0,0.0,1.0,0.0,1.0,0.0,0
37.0,9.99,27.0,46.5,6.0,5.0,4.0,2.0,1.0,0.0,1.0,0.0,0.0,1
55.0,22.99,24.0,63.5,4.0,1.0,5.0,0.0,1.0,0.0,0.0,1.0,0.0,0
39.0,15.49,3.0,15.7,15.0,2.0,3.0,0.0,0.0,1.0,0.0,0.0,1.0,0
21.0,15.49,12.0,1.0,1.0,3.0,1.0,2.0,1.0,0.0,0.0,0.0,1.0,1
64.0,15.49,18.0,66.1,9.0,4.0,3.0,0.0,1.0,0.0,0.0,0.0,1.0,0
66.0,9.99,50.0,44.1,8.0,2.0,2.0,1.0,1.0,0.0,1.0,0.0,0.0,0
68.0,15.49,39.0,41.6,7.0,4.0,1.0,1.0,0.0,1.0,0.0,0.0,1.0,0
40.0,9.99,10.0,61.6,1.0,2.0,1.0,0.0,1.0,0.0,1.0,0.0,0.0,0
49.0,9.99,43.0,25.9,9.0,4.0,3.0,0.0,1.0,0.0,1.0,0.0,0.0,0
52.0,22.99,14.0,37.5,12.0,3.0,1.0,4.0,0.0,1.0,0.0,1.0,0.0,1
51.0,15.49,42.0,47.5,4.0,2.0,1.0,1.0,1.0,0.0,0.0,0.0,1.0,0
65.0,9.99,46.0,12.7,9.0,1.0,4.0,1.0,1.0,0.0,1.0,0.0,0.0,0
34.0,22.99,8.0,67.6,0.0,2.0,4.0,1.0,0.0,1.0,0.0,1.0,0.0,0
44.0,22.99,12.0,32.9,4.0,4.0,4.0,0.0,1.0,0.0,0.0,1.0,0.0,0
19.0,22.99,31.0,37.1,5.0,2.0,4.0,0.0,1.0,0.0,0.0,1.0,0.0,0
24.0,15.49,48.0,20.9,24.0,2.0,2.0,0.0,0.0,1.0,0.0,0.0,1.0,1
24.0,9.99,34.0,27.5,11.0,5.0,3.0,0.0,1.0,0.0,1.0,0.0,0.0,0
44.0,15.49,25.0,27.2,21.0,3.0,3.0,2.0,0.0,1.0,0.0,0.0,1.0,0
45.0,22.99,41.0,59.1,9.0,3.0,4.0,0.0,0.0,1.0,0.0,1.0,0.0,0
67.0,22.99,19.0,77.1,0.0,2.0,3.0,2.0,1.0,0.0,0.0,1.0,0.0,0
25.0,15.49,27.0,73.1,15.0,3.0,3.0,1.0,0.0,1.0,0.0,0.0,1.0,0
63.0,22.99,55.0,64.4,5.0,4.0,1.0,1.0,0.0,1.0,0.0,1.0,0.0,0
39.0,15.49,14.0,38.8,16.0,1.0,2.0,0.0,1.0,0.0,0.0,0.0,1.0,0
30.0,22.99,23.0,66.3,20.0,5.0,5.0,0.0,1.0,0.0,0.0,1.0,0.0,0
25.0,22.99,19.0,31.2,8.0,1.0,2.0,1.0,0.0,1.0,0.0,1.0,0.0,1
56.0,9.99,17.0,64.5,0.0,5.0,1.0,2.0,0.0,1.0,1.0,0.0,0.0,0
55.0,9.99,57.0,23.4,15.0,3.0,1.0,1.0,0.0,1.0,1.0,0.0,0.0,0
32.0,9.99,45.0,30.4,27.0,1.0,4.0,0.0,0.0,1.0,1.0,0.0,0.0,0
61.0,22.99,17.0,40.7,10.0,5.0,3.0,2.0,1.0,0.0,0.0,1.0,0.0,1
38.0,22.99,46.0,36.6,2.0,5.0,4.0,1.0,0.0,1.0,0.0,1.0,0.0,0
49.0,15.49,40.0,91.7,10.0,5.0,1.0,0.0,0.0,1.0,0.0,0.0,1.0,0
35.0,15.49,43.0,60.0,38.0,2.0,3.0,0.0,1.0,0.0,0.0,0.0,1.0,0
26.0,22.99,29.0,47.7,4.0,4.0,5.0,0.0,1.0,0.0,0.0,1.0,0.0,0
51.0,22.99,9.0,47.1,20.0,3.0,5.0,1.0,1.0,0.0,0.0,1.0,0.0,0
42.0,22.99,8.0,51.8,5.0,1.0,3.0,0.0,0.0,1.0,0.0,1.0,0.0,0
39.0,9.99,7.0,17.1,2.0,2.0,5.0,1.0,0.0,1.0,1.0,0.0,0.0,0
68.0,15.49,19.0,67.2,18.0,1.0,2.0,1.0,0.0,1.0,0.0,0.0,1.0,0
22.0,22.99,40.0,34.9,30.0,1.0,5.0,0.0,1.0,0.0,0.0,1.0,0.0,0
59.0,9.99,27.0,52.5,0.0,3.0,3.0,0.0,0.0,1.0,1.0,0.0,0.0,0
33.0,9.99,53.0,67.7,6.0,1.0,3.0,0.0,0.0,1.0,1.0,0.0,0.0,0
57.0,22.99,49.0,107.9,8.0,2.0,5.0,1.0,1.0,0.0,0.0,1.0,0.0,0
46.0,15.49,49.0,49.9,10.0,4.0,3.0,1.0,1.0,0.0,0.0,0.0,1.0,0
65.0,15.49,3.0,15.9,39.0,2.0,5.0,0.0,0.0,1.0,0.0,0.0,1.0,1
50.0,15.49,59.0,29.5,5.0,4.0,4.0,0.0,0.0,1.0,0.0,0.0,1.0,0
34.0,9.99,50.0,27.4,5.0,2.0,1.0,0.0,1.0,0.0,1.0,0.0,0.0,0
46.0,22.99,32.0,71.0,6.0,3.0,1.0,0.0,1.0,0.0,0.0,1.0,0.0,0
48.0,15.49,53.0,45.2,12.0,2.0,3.0,1.0,1.0,0.0,0.0,0.0,1.0,0
25.0,22.99,20.0,37.8,4.0,3.0,3.0,0.0,0.0,1.0,0.0,1.0,0.0,0
19.0,15.49,20.0,1.0,44.0,3.0,1.0,2.0,1.0,0.0,0.0,0.0,1.0,1
50.0,22.99,43.0,47.8,6.0,3.0,4.0,1.0,0.0,1.0,0.0,1.0,0.0,0
59.0,9.99,35.0,54.5,11.0,4.0,4.0,0.0,1.0,0.0,1.0,0.0,0.0,0
53.0,15.49,5.0,1.0,7.0,3.0,5.0,0.0,1.0,0.0,0.0,0.0,1.0,0
50.0,15.49,38.0,7.7,2.0,1.0,1.0,0.0,0.0,1.0,0.0,0.0,1.0,0
30.0,15.49,12.0,30.2,2.0,2.0,4.0,0.0,1.0,0.0,0.0,0.0,1.0,0
66.0,9.99,23.0,1.0,3.0,5.0,1.0,0.0,0.0,1.0,1.0,0.0,0.0,0
59.0,15.49,56.0,68.6,0.0,5.0,4.0,0.0,1.0,0.0,0.0,0.0,1.0,0
29.0,15.49,5.0,54.1,34.0,3.0,1.0,0.0,0.0,1.0,0.0,0.0,1.0,0
30.0,22.99,37.0,23.3,17.0,3.0,3.0,0.0,0.0,1.0,0.0,1.0,0.0,0
57.0,15.49,12.0,23.3,2.0,1.0,2.0,0.0,0.0,1.0,0.0,0.0,1.0,0
25.0,9.99,32.0,66.7,7.0,4.0,2.0,0.0,1.0,0.0,1.0,0.0,0.0,0
51.0,15.49,43.0,40.7,21.0,2.0,3.0,2.0,1.0,0.0,0.0,0.0,1.0,0
67.0,15.49,26.0,52.9,19.0,2.0,4.0,1.0,1.0,0.0,0.0,0.0,1.0,0
23.0,9.99,47.0,77.7,19.0,1.0,1.0,2.0,0.0,1.0,1.0,0.0,0.0,0
56.0,22.99,35.0,75.5,16.0,3.0,2.0,1.0,0.0,1.0,0.0,1.0,0.0,0
39.0,9.99,17.0,58.8,3.0,4.0,1.0,0.0,0.0,1.0,1.0,0.0,0.0,0
55.0,15.49,57.0,52.1,30.0,4.0,4.0,0.0,0.0,1.0,0.0,0.0,1.0,0
21.0,15.49,28.0,51.4,19.0,5.0,4.0,1.0,0.0,1.0,0.0,0.0,1.0,0
36.0,9.99,21.0,47.2,8.0,2.0,3.0,0.0,1.0,0.0,1.0,0.0,0.0,0
45.0,15.49,16.0,51.6,0.0,2.0,3.0,1.0,1.0,0.0,0.0,0.0,1.0,0
47.0,15.49,53.0,23.3,3.0,5.0,5.0,0.0,1.0,0.0,0.0,0.0,1.0,0
57.0,15.49,28.0,99.0,20.0,3.0,4.0,1.0,1.0,0.0,0.0,0.0,1.0,0
44.0,15.49,39.0,51.5,8.0,4.0,2.0,0.0,0.0,1.0,0.0,0.0,1.0,0
22.0,9.99,6.0,60.7,34.0,5.0,2.0,2.0,0.0,1.0,1.0,0.0,0.0,0
24.0,9.99,55.0,65.9,16.0,4.0,1.0,0.0,0.0,1.0,1.0,0.0,0.0,0
60.0,9.99,28.0,94.7,13.0,2.0,3.0,2.0,1.0,0.0,1.0,0.0,0.0,0
22.0,9.99,39.0,29.5,4.0,5.0,3.0,0.0,1.0,0.0,1.0,0.0,0.0,0
21.0,9.99,39.0,53.6,18.0,3.0,2.0,1.0,1.0,0.0,1.0,0.0,0.0,0
66.0,15.49,57.0,32.7,5.0,4.0,1.0,0.0,1.0,0.0,0.0,0.0,1.0,0
51.0,9.99,59.0,39.2,10.0,1.0,4.0,1.0,1.0,0.0,1.0,0.0,0.0,0
56.0,22.99,35.0,67.3,11.0,2.0,3.0,1.0,0.0,1.0,0.0,1.0,0.0,0
66.0,15.49,8.0,52.3,6.0,2.0,4.0,0.0,0.0,1.0,0.0,0.0,1.0,0
62.0,22.99,41.0,25.8,4.0,1.0,5.0,0.0,1.0,0.0,0.0,1.0,0.0,0
63.0,15.49,35.0,47.9,18.0,4.0,3.0,1.0,0.0,1.0,0.0,0.0,1.0,0
43.0,9.99,53.0,3.2,0.0,5.0,3.0,0.0,1.0,0.0,1.0,0.0,0.0,0
35.0,15.49,39.0,54.7,5.0,3.0,2.0,0.0,0.0,1.0,0.0,0.0,1.0,0
35.0,9.99,20.0,28.1,8.0,4.0,4.0,0.0,1.0,0.0,1.0,0.0,0.0,0
50.0,15.49,19.0,69.0,4.0,3.0,1.0,0.0,0.0,1.0,0.0,0.0,1.0,0
54.0,9.99,20.0,33.1,13.0,5.0,5.0,0.0,1.0,0.0,1.0,0.0,0.0,0
39.0,22.99,3.0,1.0,7.0,2.0,2.0,1.0,1.0,0.0,0.0,1.0,0.0,1
68.0,15.49,5.0,66.0,6.0,4.0,4.0,1.0,1.0,0.0,0.0,0.0,1.0,0
67.0,15.49,11.0,49.2,17.0,4.0,5.0,0.0,0.0,1.0,0.0,0.0,1.0,0
23.0,22.99,37.0,23.9,9.0,3.0,2.0,0.0,0.0,1.0,0.0,1.0,0.0,0
60.0,9.99,22.0,27.3,12.0,5.0,3.0,1.0,0.0,1.0,1.0,0.0,0.0,0
33.0,22.99,5.0,55.3,12.0,3.0,1.0,1.0,0.0,1.0,0.0,1.0,0.0,0
37.0,9.99,43.0,40.4,5.0,4.0,3.0,0.0,1.0,0.0,1.0,0.0,0.0,0
69.0,15.49,35.0,56.9,3.0,5.0,3.0,3.0,0.0,1.0,0.0,0.0,1.0,1
49.0,9.99,49.0,60.4,3.0,5.0,1.0,0.0,1.0,0.0,1.0,0.0,0.0,0
60.0,15.49,34.0,72.1,7.0,3.0,4.0,0.0,1.0,0.0,0.0,0.0,1.0,0
58.0,9.99,59.0,57.9,15.0,3.0,3.0,2.0,1.0,0.0,1.0,0.0,0.0,0
19.0,9.99,50.0,32.5,0.0,1.0,4.0,0.0,0.0,1.0,1.0,0.0,0.0,0
19.0,9.99,45.0,92.6,0.0,4.0,5.0,1.0,0.0,1.0,1.0,0.0,0.0,0
57.0,22.99,12.0,64.6,53.0,2.0,4.0,0.0,1.0,0.0,0.0,1.0,0.0,0
57.0,9.99,54.0,1.0,4.0,3.0,3.0,0.0,0.0,1.0,1.0,0.0,0.0,0
28.0,15.49,51.0,20.6,2.0,4.0,1.0,0.0,1.0,0.0,0.0,0.0,1.0,0
66.0,22.99,23.0,48.4,1.0,4.0,5.0,0.0,0.0,1.0,0.0,1.0,0.0,0
58.0,15.49,1.0,68.4,0.0,1.0,1.0,0.0,1.0,0.0,0.0,0.0,1.0,0
54.0,9.99,1.0,18.0,18.0,2.0,4.0,0.0,1.0,0.0,1.0,0.0,0.0,1
41.0,9.99,27.0,25.4,9.0,4.0,3.0,0.0,0.0,1.0,1.0,0.0,0.0,0
68.0,15.49,54.0,38.5,2.0,3.0,5.0,0.0,1.0,0.0,0.0,0.0,1.0,0
66.0,15.49,51.0,1.0,6.0,3.0,4.0,0.0,1.0,0.0,0.0,0.0,1.0,1
26.0,15.49,17.0,46.2,21.0,2.0,3.0,0.0,0.0,1.0,0.0,0.0,1.0,0
48.0,15.49,38.0,4.6,4.0,4.0,1.0,1.0,1.0,0.0,0.0,0.0,1.0,1
44.0,9.99,19.0,68.9,5.0,5.0,3.0,2.0,0.0,1.0,1.0,0.0,0.0,0
30.0,15.49,9.0,52.7,13.0,3.0,2.0,0.0,0.0,1.0,0.0,0.0,1.0,0
35.0,9.99,14.0,72.5,13.0,2.0,4.0,0.0,1.0,0.0,1.0,0.0,0.0,0
33.0,9.99,10.0,36.6,7.0,2.0,4.0,0.0,1.0,0.0,1.0,0.0,0.0,0
55.0,22.99,44.0,44.0,30.0,3.0,5.0,0.0,0.0,1.0,0.0,1.0,0.0,0
48.0,15.49,48.0,50.5,11.0,4.0,1.0,1.0,1.0,0.0,0.0,0.0,1.0,0
40.0,9.99,21.0,61.0,5.0,3.0,1.0,0.0,0.0,1.0,1.0,0.0,0.0,0
59.0,9.99,50.0,35.2,22.0,3.0,1.0,0.0,1.0,0.0,1.0,0.0,0.0,0
37.0,22.99,10.0,33.8,16.0,4.0,3.0,1.0,1.0,0.0,0.0,1.0,0.0,1
67.0,15.49,17.0,28.3,4.0,5.0,1.0,0.0,1.0,0.0,0.0,0.0,1.0,0
33.0,15.49,13.0,21.6,16.0,2.0,1.0,0.0,0.0,1.0,0.0,0.0,1.0,1
52.0,9.99,11.0,53.4,20.0,3.0,4.0,0.0,1.0,0.0,1.0,0.0,0.0,0
52.0,15.49,18.0,91.2,0.0,3.0,3.0,1.0,0.0,1.0,0.0,0.0,1.0,0
53.0,9.99,7.0,72.1,12.0,5.0,4.0,0.0,0.0,1.0,1.0,0.0,0.0,0
23.0,15.49,6.0,7.8,44.0,4.0,4.0,0.0,1.0,0.0,0.0,0.0,1.0,1
20.0,15.49,32.0,95.6,6.0,5.0,5.0,0.0,1.0,0.0,0.0,0.0,1.0,0
53.0,22.99,42.0,59.0,10.0,3.0,1.0,1.0,1.0,0.0,0.0,1.0,0.0,0
65.0,15.49,5.0,74.1,11.0,4.0,1.0,0.0,1.0,0.0,0.0,0.0,1.0,0
23.0,9.99,15.0,33.1,16.0,4.0,1.0,1.0,0.0,1.0,1.0,0.0,0.0,0
65.0,15.49,56.0,38.7,28.0,1.0,1.0,0.0,0.0,1.0,0.0,0.0,1.0,0
29.0,9.99,25.0,37.9,8.0,1.0,4.0,0.0,1.0,0.0,1.0,0.0,0.0,0
47.0,22.99,48.0,48.1,8.0,1.0,3.0,1.0,1.0,0.0,0.0,1.0,0.0,0
43.0,22.99,20.0,56.8,18.0,3.0,2.0,1.0,1.0,0.0,0.0,1.0,0.0,0
39.0,15.49,24.0,67.7,22.0,3.0,4.0,1.0,1.0,0.0,0.0,0.0,1.0,0
31.0,15.49,19.0,60.2,9.0,3.0,1.0,0.0,0.0,1.0,0.0,0.0,1.0,0
28.0,9.99,21.0,55.0,3.0,5.0,3.0,0.0,0.0,1.0,1.0,0.0,0.0,0
67.0,15.49,35.0,21.8,10.0,1.0,1.0,0.0,0.0,1.0,0.0,0.0,1.0,0
59.0,9.99,3.0,1.0,10.0,1.0,5.0,0.0,1.0,0.0,1.0,0.0,0.0,1
33.0,15.49,55.0,59.7,1.0,3.0,2.0,0.0,0.0,1.0,0.0,0.0,1.0,0
60.0,15.49,9.0,89.1,2.0,1.0,5.0,1.0,1.0,0.0,0.0,0.0,1.0,0
31.0,15.49,29.0,39.9,26.0,2.0,2.0,1.0,0.0,1.0,0.0,0.0,1.0,0
41.0,15.49,34.0,98.7,2.0,5.0,3.0,0.0,1.0,0.0,0.0,0.0,1.0,0
59.0,9.99,35.0,18.3,28.0,1.0,1.0,0.0,1.0,0.0,1.0,0.0,0.0,0
51.0,9.99,39.0,22.8,9.0,4.0,2.0,2.0,1.0,0.0,1.0,0.0,0.0,1
47.0,15.49,58.0,28.5,4.0,5.0,4.0,1.0,1.0,0.0,0.0,0.0,1.0,0
53.0,9.99,14.0,66.8,29.0,5.0,2.0,0.0,0.0,1.0,1.0,0.0,0.0,0
18.0,9.99,2.0,64.8,2.0,3.0,2.0,0.0,1.0,0.0,1.0,0.0,0.0,0
52.0,9.99,48.0,49.9,12.0,5.0,2.0,0.0,0.0,1.0,1.0,0.0,0.0,0
21.0,9.99,29.0,65.9,2.0,2.0,1.0,0.0,1.0,0.0,1.0,0.0,0.0,0
21.0,15.49,29.0,21.7,15.0,1.0,2.0,0.0,0.0,1.0,0.0,0.0,1.0,1
41.0,9.99,46.0,54.4,71.0,2.0,4.0,0.0,0.0,1.0,1.0,0.0,0.0,1
20.0,22.99,52.0,43.1,12.0,1.0,1.0,0.0,1.0,0.0,0.0,1.0,0.0,0
27.0,22.99,35.0,41.5,8.0,4.0,5.0,0.0,0.0,1.0,0.0,1.0,0.0,0
45.0,9.99,41.0,17.6,8.0,4.0,2.0,0.0,0.0,1.0,1.0,0.0,0.0,0
37.0,22.99,59.0,1.3,7.0,4.0,1.0,1.0,1.0,0.0,0.0,1.0,0.0,0
33.0,15.49,36.0,36.0,10.0,1.0,1.0,0.0,1.0,0.0,0.0,0.0,1.0,0
39.0,9.99,1.0,35.2,4.0,4.0,4.0,0.0,0.0,1.0,1.0,0.0,0.0,0
63.0,22.99,9.0,28.0,0.0,4.0,4.0,0.0,1.0,0.0,0.0,1.0,0.0,0
23.0,15.49,14.0,34.7,1.0,5.0,4.0,1.0,0.0,1.0,0.0,0.0,1.0,0
43.0,9.99,48.0,58.8,2.0,2.0,2.0,0.0,0.0,1.0,1.0,0.0,0.0,0
44.0,15.49,43.0,33.1,20.0,3.0,3.0,0.0,0.0,1.0,0.0,0.0,1.0,0
23.0,9.99,58.0,34.5,3.0,2.0,3.0,1.0,0.0,1.0,1.0,0.0,0.0,0
66.0,9.99,16.0,70.8,17.0,3.0,1.0,0.0,0.0,1.0,1.0,0.0,0.0,0
35.0,15.49,57.0,39.7,23.0,1.0,2.0,0.0,1.0,0.0,0.0,0.0,1.0,0
40.0,9.99,34.0,72.0,20.0,1.0,5.0,0.0,1.0,0.0,1.0,0.0,0.0,0
46.0,22.99,41.0,61.8,4.0,4.0,2.0,0.0,0.0,1.0,0.0,1.0,0.0,0
52.0,15.49,16.0,24.1,3.0,2.0,3.0,0.0,0.0,1.0,0.0,0.0,1.0,0
58.0,22.99,26.0,71.8,4.0,5.0,4.0,0.0,0.0,1.0,0.0,1.0,0.0,0
26.0,22.99,56.0,36.3,3.0,1.0,4.0,0.0,0.0,1.0,0.0,1.0,0.0,0
24.0,22.99,14.0,24.3,5.0,3.0,3.0,0.0,0.0,1.0,0.0,1.0,0.0,0
65.0,15.49,7.0,51.7,5.0,2.0,2.0,0.0,1.0,0.0,0.0,0.0,1.0,0
46.0,9.99,39.0,64.5,3.0,3.0,3.0,0.0,1.0,0.0,1.0,0.0,0.0,0
65.0,22.99,21.0,20.3,50.0,5.0,5.0,0.0,1.0,0.0,0.0,1.0,0.0,1
38.0,9.99,42.0,43.7,5.0,4.0,3.0,0.0,0.0,1.0,1.0,0.0,0.0,0
66.0,9.99,12.0,53.7,16.0,3.0,1.0,2.0,1.0,0.0,1.0,0.0,0.0,1
43.0,9.99,35.0,48.6,16.0,2.0,4.0,0.0,1.0,0.0,1.0,0.0,0.0,0
34.0,15.49,57.0,47.1,6.0,4.0,4.0,2.0,0.0,1.0,0.0,0.0,1.0,0
49.0,22.99,1.0,20.5,5.0,5.0,4.0,0.0,1.0,0.0,0.0,1.0,0.0,0
40.0,22.99,20.0,52.3,4.0,2.0,5.0,1.0,0.0,1.0,0.0,1.0,0.0,0
56.0,22.99,13.0,38.2,5.0,1.0,1.0,2.0,1.0,0.0,0.0,1.0,0.0,1
41.0,9.99,47.0,33.6,3.0,2.0,4.0,0.0,1.0,0.0,1.0,0.0,0.0,0
56.0,9.99,29.0,6.6,27.0,5.0,5.0,0.0,1.0,0.0,1.0,0.0,0.0,0
67.0,22.99,56.0,89.0,7.0,3.0,2.0,0.0,1.0,0.0,0.0,1.0,0.0,0
64.0,15.49,46.0,48.8,28.0,4.0,2.0,1.0,1.0,0.0,0.0,0.0,1.0,0
19.0,22.99,3.0,45.7,8.0,2.0,1.0,1.0,0.0,1.0,0.0,1.0,0.0,0
54.0,15.49,25.0,62.8,52.0,3.0,2.0,0.0,1.0,0.0,0.0,0.0,1.0,0
64.0,9.99,44.0,35.2,35.0,4.0,2.0,2.0,0.0,1.0,1.0,0.0,0.0,0
69.0,9.99,43.0,24.2,17.0,1.0,5.0,0.0,0.0,1.0,1.0,0.0,0.0,1
47.0,15.49,46.0,29.2,3.0,2.0,4.0,0.0,1.0,0.0,0.0,0.0,1.0,0
61.0,9.99,33.0,35.4,6.0,5.0,1.0,2.0,1.0,0.0,1.0,0.0,0.0,0
18.0,9.99,11.0,71.9,32.0,3.0,3.0,1.0,0.0,1.0,1.0,0.0,0.0,0
43.0,22.99,47.0,48.9,0.0,2.0,4.0,0.0,1.0,0.0,0.0,1.0,0.0,0
68.0,9.99,15.0,61.6,2.0,5.0,3.0,1.0,0.0,1.0,1.0,0.0,0.0,0
24.0,9.99,47.0,66.4,5.0,4.0,1.0,0.0,0.0,1.0,1.0,0.0,0.0,0
52.0,15.49,17.0,35.8,4.0,3.0,1.0,1.0,1.0,0.0,0.0,0.0,1.0,0
24.0,9.99,32.0,22.1,2.0,1.0,4.0,1.0,1.0,0.0,1.0,0.0,0.0,0
64.0,22.99,15.0,94.1,31.0,3.0,3.0,1.0,0.0,1.0,0.0,1.0,0.0,0
64.0,9.99,6.0,55.6,32.0,5.0,2.0,0.0,0.0,1.0,1.0,0.0,0.0,0
22.0,15.49,32.0,17.2,6.0,2.0,5.0,1.0,1.0,0.0,0.0,0.0,1.0,0
44.0,9.99,50.0,70.1,16.0,1.0,5.0,2.0,1.0,0.0,1.0,0.0,0.0,0
35.0,9.99,44.0,57.4,36.0,5.0,3.0,0.0,0.0,1.0,1.0,0.0,0.0,0
21.0,9.99,27.0,50.2,7.0,4.0,2.0,0.0,1.0,0.0,1.0,0.0,0.0,0
51.0,15.49,8.0,29.3,8.0,2.0,3.0,0.0,1.0,0.0,0.0,0.0,1.0,1
21.0,15.49,38.0,64.9,1.0,1.0,2.0,0.0,1.0,0.0,0.0,0.0,1.0,0
52.0,22.99,49.0,106.1,4.0,2.0,2.0,0.0,1.0,0.0,0.0,1.0,0.0,0
63.0,9.99,44.0,45.7,3.0,3.0,4.0,0.0,0.0,1.0,1.0,0.0,0.0,0
20.0,9.99,16.0,77.3,18.0,3.0,2.0,0.0,1.0,0.0,1.0,0.0,0.0,0
66.0,15.49,52.0,24.8,3.0,5.0,1.0,0.0,1.0,0.0,0.0,0.0,1.0,0
39.0,9.99,56.0,89.7,53.0,4.0,1.0,2.0,0.0,1.0,1.0,0.0,0.0,1
41.0,15.49,33.0,51.8,2.0,2.0,5.0,2.0,1.0,0.0,0.0,0.0,1.0,0
55.0,15.49,23.0,83.8,4.0,3.0,4.0,0.0,0.0,1.0,0.0,0.0,1.0,0
45.0,22.99,2.0,48.8,13.0,4.0,1.0,1.0,0.0,1.0,0.0,1.0,0.0,0
57.0,22.99,18.0,1.0,9.0,4.0,4.0,1.0,0.0,1.0,0.0,1.0,0.0,0
26.0,9.99,42.0,53.8,43.0,2.0,1.0,0.0,0.0,1.0,1.0,0.0,0.0,0
41.0,22.99,54.0,34.1,5.0,2.0,2.0,0.0,1.0,0.0,0.0,1.0,0.0,0
21.0,9.99,29.0,58.3,9.0,3.0,4.0,0.0,0.0,1.0,1.0,0.0,0.0,0
23.0,15.49,11.0,82.7,26.0,2.0,4.0,0.0,0.0,1.0,0.0,0.0,1.0,0
27.0,15.49,9.0,35.2,8.0,2.0,1.0,1.0,0.0,1.0,0.0,0.0,1.0,1
39.0,22.99,29.0,22.4,1.0,3.0,5.0,0.0,1.0,0.0,0.0,1.0,0.0,0
29.0,22.99,54.0,94.8,4.0,1.0,1.0,1.0,0.0,1.0,0.0,1.0,0.0,0
43.0,22.99,37.0,66.8,2.0,3.0,2.0,2.0,1.0,0.0,0.0,1.0,0.0,0
55.0,15.49,57.0,40.1,18.0,2.0,5.0,0.0,0.0,1.0,0.0,0.0,1.0,0
39.0,15.49,12.0,61.8,17.0,3.0,1.0,1.0,0.0,1.0,0.0,0.0,1.0,0
26.0,15.49,10.0,1.0,6.0,5.0,1.0,0.0,1.0,0.0,0.0,0.0,1.0,0
68.0,9.99,4.0,3.3,1.0,5.0,5.0,0.0,0.0,1.0,1.0,0.0,0.0,0
60.0,15.49,11.0,22.0,5.0,2.0,4.0,1.0,1.0,0.0,0.0,0.0,1.0,1
45.0,15.49,41.0,40.2,47.0,5.0,3.0,2.0,1.0,0.0,0.0,0.0,1.0,0
31.0,15.49,54.0,22.8,3.0,2.0,2.0,1.0,1.0,0.0,0.0,0.0,1.0,0
34.0,22.99,20.0,70.7,2.0,2.0,4.0,0.0,0.0,1.0,0.0,1.0,0.0,0
42.0,9.99,19.0,1.0,33.0,5.0,3.0,0.0,1.0,0.0,1.0,0.0,0.0,1
54.0,9.99,35.0,1.0,19.0,1.0,1.0,0.0,0.0,1.0,1.0,0.0,0.0,1
23.0,9.99,16.0,88.3,34.0,3.0,5.0,0.0,1.0,0.0,1.0,0.0,0.0,0
65.0,15.49,20.0,13.7,5.0,3.0,1.0,0.0,0.0,1.0,0.0,0.0,1.0,0
67.0,15.49,29.0,54.5,8.0,5.0,3.0,1.0,1.0,0.0,0.0,0.0,1.0,0
21.0,9.99,54.0,39.1,13.0,1.0,3.0,0.0,1.0,0.0,1.0,0.0,0.0,0
21.0,9.99,6.0,31.9,1.0,4.0,1.0,0.0,1.0,0.0,1.0,0.0,0.0,0
68.0,9.99,13.0,35.2,10.0,5.0,5.0,1.0,1.0,0.0,1.0,0.0,0.0,0
54.0,15.49,24.0,58.0,9.0,2.0,5.0,1.0,0.0,1.0,0.0,0.0,1.0,0
60.0,9.99,35.0,14.4,24.0,5.0,3.0,1.0,0.0,1.0,1.0,0.0,0.0,1
30.0,15.49,24.0,62.4,13.0,1.0,4.0,2.0,1.0,0.0,0.0,0.0,1.0,0
58.0,22.99,11.0,1.0,10.0,2.0,4.0,1.0,1.0,0.0,0.0,1.0,0.0,0
57.0,15.49,34.0,73.4,4.0,3.0,5.0,0.0,1.0,0.0,0.0,0.0,1.0,0
62.0,9.99,45.0,59.2,7.0,3.0,1.0,0.0,1.0,0.0,1.0,0.0,0.0,0
69.0,15.49,27.0,55.8,0.0,2.0,3.0,1.0,1.0,0.0,0.0,0.0,1.0,0
62.0,22.99,27.0,55.3,34.0,1.0,4.0,0.0,0.0,1.0,0.0,1.0,0.0,0
43.0,15.49,34.0,71.2,4.0,5.0,1.0,0.0,0.0,1.0,0.0,0.0,1.0,0
38.0,15.49,21.0,81.9,10.0,1.0,3.0,1.0,0.0,1.0,0.0,0.0,1.0,0
27.0,15.49,29.0,27.2,30.0,3.0,5.0,0.0,1.0,0.0,0.0,0.0,1.0,1
68.0,15.49,20.0,77.9,10.0,5.0,5.0,0.0,1.0,0.0,0.0,0.0,1.0,0
54.0,9.99,53.0,22.1,1.0,1.0,5.0,2.0,0.0,1.0,1.0,0.0,0.0,0
30.0,22.99,12.0,95.4,8.0,5.0,4.0,2.0,0.0,1.0,0.0,1.0,0.0,0
30.0,22.99,39.0,9.9,18.0,2.0,1.0,0.0,1.0,0.0,0.0,1.0,0.0,0
69.0,9.99,18.0,41.1,29.0,3.0,3.0,0.0,0.0,1.0,1.0,0.0,0.0,0
31.0,15.49,5.0,57.7,21.0,2.0,3.0,1.0,1.0,0.0,0.0,0.0,1.0,0
53.0,22.99,5.0,32.8,7.0,3.0,3.0,1.0,0.0,1.0,0.0,1.0,0.0,1
32.0,15.49,46.0,87.6,43.0,1.0,4.0,2.0,0.0,1.0,0.0,0.0,1.0,0
54.0,15.49,10.0,16.7,8.0,4.0,2.0,0.0,1.0,0.0,0.0,0.0,1.0,1
56.0,22.99,13.0,1.0,17.0,4.0,5.0,0.0,1.0,0.0,0.0,1.0,0.0,1
58.0,15.49,51.0,16.6,20.0,2.0,2.0,1.0,0.0,1.0,0.0,0.0,1.0,0
43.0,9.99,38.0,48.9,23.0,3.0,5.0,1.0,0.0,1.0,1.0,0.0,0.0,0
48.0,15.49,17.0,57.9,5.0,3.0,1.0,1.0,1.0,0.0,0.0,0.0,1.0,0
34.0,15.49,12.0,95.4,4.0,2.0,3.0,0.0,1.0,0.0,0.0,0.0,1.0,0
56.0,9.99,54.0,48.5,46.0,4.0,4.0,0.0,0.0,1.0,1.0,0.0,0.0,0
32.0,15.49,9.0,62.5,14.0,3.0,5.0,0.0,1.0,0.0,0.0,0.0,1.0,0
28.0,9.99,31.0,54.3,18.0,1.0,1.0,2.0,0.0,1.0,1.0,0.0,0.0,0
34.0,15.49,12.0,3.6,0.0,1.0,4.0,2.0,0.0,1.0,0.0,0.0,1.0,1
63.0,15.49,9.0,72.7,7.0,4.0,2.0,0.0,1.0,0.0,0.0,0.0,1.0,0
24.0,9.99,21.0,45.1,20.0,1.0,2.0,0.0,0.0,1.0,1.0,0.0,0.0,0
69.0,22.99,56.0,67.7,9.0,4.0,2.0,0.0,0.0,1.0,0.0,1.0,0.0,0
33.0,15.49,59.0,72.4,11.0,4.0,1.0,1.0,1.0,0.0,0.0,0.0,1.0,0
39.0,9.99,34.0,24.6,15.0,3.0,1.0,3.0,0.0,1.0,1.0,0.0,0.0,1
56.0,15.49,28.0,17.6,17.0,2.0,1.0,1.0,1.0,0.0,0.0,0.0,1.0,0
31.0,22.99,12.0,93.7,37.0,3.0,5.0,0.0,0.0,1.0,0.0,1.0,0.0,0
68.0,15.49,50.0,14.1,1.0,1.0,5.0,0.0,1.0,0.0,0.0,0.0,1.0,0
52.0,9.99,7.0,33.2,8.0,5.0,5.0,1.0,0.0,1.0,1.0,0.0,0.0,0
66.0,9.99,27.0,10.7,18.0,4.0,4.0,0.0,1.0,0.0,1.0,0.0,0.0,0
27.0,15.49,7.0,60.6,8.0,1.0,2.0,1.0,1.0,0.0,0.0,0.0,1.0,0
52.0,15.49,50.0,59.1,0.0,4.0,3.0,2.0,1.0,0.0,0.0,0.0,1.0,0
37.0,15.49,56.0,73.1,0.0,1.0,2.0,0.0,1.0,0.0,0.0,0.0,1.0,0
49.0,9.99,18.0,1.0,8.0,5.0,2.0,0.0,0.0,1.0,1.0,0.0,0.0,1
63.0,15.49,36.0,19.8,3.0,2.0,3.0,0.0,1.0,0.0,0.0,0.0,1.0,0
50.0,9.99,23.0,59.5,7.0,2.0,3.0,0.0,1.0,0.0,1.0,0.0,0.0,0
39.0,9.99,16.0,46.6,19.0,3.0,1.0,0.0,0.0,1.0,1.0,0.0,0.0,0
36.0,15.49,42.0,59.6,17.0,1.0,2.0,1.0,0.0,1.0,0.0,0.0,1.0,0
49.0,15.49,41.0,70.4,2.0,5.0,5.0,0.0,0.0,1.0,0.0,0.0,1.0,0
68.0,9.99,37.0,69.9,8.0,1.0,1.0,1.0,0.0,1.0,1.0,0.0,0.0,0
67.0,15.49,49.0,55.1,11.0,4.0,5.0,1.0,1.0,0.0,0.0,0.0,1.0,0
30.0,9.99,16.0,49.4,3.0,5.0,4.0,1.0,1.0,0.0,1.0,0.0,0.0,0
44.0,22.99,52.0,50.1,13.0,4.0,1.0,0.0,0.0,1.0,0.0,1.0,0.0,0
22.0,15.49,11.0,13.7,25.0,4.0,1.0,1.0,0.0,1.0,0.0,0.0,1.0,1
54.0,9.99,58.0,110.8,20.0,4.0,4.0,0.0,1.0,0.0,1.0,0.0,0.0,0
61.0,22.99,17.0,64.4,0.0,5.0,3.0,1.0,1.0,0.0,0.0,1.0,0.0,0
18.0,15.49,9.0,49.4,8.0,3.0,2.0,1.0,1.0,0.0,0.0,0.0,1.0,1
58.0,9.99,15.0,6.3,15.0,3.0,2.0,2.0,0.0,1.0,1.0,0.0,0.0,1
57.0,15.49,9.0,21.2,6.0,5.0,1.0,1.0,0.0,1.0,0.0,0.0,1.0,1
23.0,15.49,42.0,45.4,7.0,5.0,2.0,2.0,0.0,1.0,0.0,0.0,1.0,0
32.0,22.99,44.0,122.2,17.0,3.0,1.0,1.0,1.0,0.0,0.0,1.0,0.0,0
47.0,9.99,56.0,42.4,24.0,4.0,4.0,0.0,1.0,0.0,1.0,0.0,0.0,0
27.0,9.99,13.0,7.1,4.0,3.0,4.0,0.0,0.0,1.0,1.0,0.0,0.0,0
47.0,15.49,14.0,55.2,8.0,2.0,5.0,1.0,1.0,0.0,0.0,0.0,1.0,0
31.0,15.49,39.0,9.6,0.0,5.0,2.0,0.0,0.0,1.0,0.0,0.0,1.0,0
35.0,9.99,17.0,69.8,19.0,5.0,2.0,0.0,0.0,1.0,1.0,0.0,0.0,0
51.0,22.99,36.0,110.0,11.0,2.0,4.0,0.0,1.0,0.0,0.0,1.0,0.0,0
69.0,9.99,19.0,17.5,23.0,3.0,1.0,1.0,0.0,1.0,1.0,0.0,0.0,1
64.0,9.99,24.0,2.5,7.0,1.0,4.0,0.0,0.0,1.0,1.0,0.0,0.0,0
63.0,15.49,13.0,53.0,23.0,1.0,4.0,0.0,0.0,1.0,0.0,0.0,1.0,0
67.0,15.49,28.0,27.9,4.0,3.0,4.0,1.0,0.0,1.0,0.0,0.0,1.0,0
65.0,15.49,37.0,24.0,11.0,5.0,3.0,0.0,1.0,0.0,0.0,0.0,1.0,0
23.0,22.99,54.0,62.7,9.0,2.0,2.0,0.0,1.0,0.0,0.0,1.0,0.0,0
45.0,15.49,23.0,84.4,8.0,2.0,4.0,1.0,1.0,0.0,0.0,0.0,1.0,0
32.0,9.99,45.0,55.3,13.0,1.0,2.0,0.0,0.0,1.0,1.0,0.0,0.0,0
61.0,9.99,22.0,42.0,21.0,4.0,4.0,0.0,1.0,0.0,1.0,0.0,0.0,0
29.0,15.49,13.0,30.8,2.0,5.0,4.0,0.0,0.0,1.0,0.0,0.0,1.0,0
48.0,9.99,54.0,71.6,7.0,1.0,2.0,1.0,0.0,1.0,1.0,0.0,0.0,0
52.0,9.99,8.0,2.6,12.0,3.0,5.0,0.0,0.0,1.0,1.0,0.0,0.0,0
45.0,9.99,26.0,71.4,12.0,1.0,3.0,0.0,1.0,0.0,1.0,0.0,0.0,0
35.0,9.99,20.0,67.1,36.0,1.0,5.0,0.0,0.0,1.0,1.0,0.0,0.0,0
31.0,15.49,46.0,35.9,21.0,4.0,3.0,1.0,1.0,0.0,0.0,0.0,1.0,0
31.0,9.99,24.0,17.3,34.0,2.0,3.0,1.0,1.0,0.0,1.0,0.0,0.0,1
54.0,22.99,19.0,49.3,13.0,3.0,4.0,0.0,0.0,1.0,0.0,1.0,0.0,0
30.0,15.49,22.0,1.7,6.0,1.0,1.0,0.0,1.0,0.0,0.0,0.0,1.0,1
53.0,9.99,25.0,47.2,1.0,1.0,5.0,0.0,1.0,0.0,1.0,0.0,0.0,0
66.0,9.99,9.0,22.8,6.0,5.0,1.0,0.0,1.0,0.0,1.0,0.0,0.0,0
36.0,15.49,28.0,33.0,0.0,1.0,1.0,0.0,1.0,0.0,0.0,0.0,1.0,0
62.0,15.49,15.0,39.5,35.0,3.0,1.0,1.0,0.0,1.0,0.0,0.0,1.0,1
51.0,9.99,22.0,33.6,2.0,2.0,3.0,0.0,0.0,1.0,1.0,0.0,0.0,0
45.0,22.99,30.0,1.0,7.0,4.0,3.0,2.0,1.0,0.0,0.0,1.0,0.0,1
32.0,15.49,9.0,87.6,4.0,2.0,5.0,1.0,1.0,0.0,0.0,0.0,1.0,0
62.0,15.49,19.0,35.5,7.0,1.0,2.0,0.0,0.0,1.0,0.0,0.0,1.0,0
44.0,15.49,2.0,56.2,19.0,4.0,2.0,2.0,1.0,0.0,0.0,0.0,1.0,1
28.0,15.49,40.0,73.3,2.0,3.0,4.0,0.0,1.0,0.0,0.0,0.0,1.0,0
53.0,15.49,29.0,43.5,12.0,5.0,1.0,1.0,0.0,1.0,0.0,0.0,1.0,0
64.0,9.99,39.0,1.0,0.0,1.0,3.0,0.0,0.0,1.0,1.0,0.0,0.0,0
31.0,22.99,49.0,75.7,6.0,2.0,1.0,1.0,1.0,0.0,0.0,1.0,0.0,0
41.0,15.49,19.0,49.0,10.0,3.0,1.0,0.0,1.0,0.0,0.0,0.0,1.0,0
65.0,15.49,23.0,22.5,2.0,2.0,2.0,0.0,1.0,0.0,0.0,0.0,1.0,0
50.0,15.49,22.0,59.6,38.0,4.0,3.0,0.0,1.0,0.0,0.0,0.0,1.0,0
27.0,9.99,45.0,59.7,1.0,1.0,3.0,0.0,1.0,0.0,1.0,0.0,0.0,0
36.0,22.99,10.0,45.4,20.0,4.0,4.0,2.0,0.0,1.0,0.0,1.0,0.0,0
43.0,9.99,23.0,51.8,14.0,5.0,1.0,1.0,0.0,1.0,1.0,0.0,0.0,0
18.0,9.99,20.0,12.7,2.0,1.0,2.0,1.0,1.0,0.0,1.0,0.0,0.0,1
51.0,15.49,52.0,33.5,9.0,3.0,4.0,0.0,1.0,0.0,0.0,0.0,1.0,0
31.0,9.99,41.0,48.1,12.0,3.0,2.0,0.0,1.0,0.0,1.0,0.0,0.0,0
25.0,9.99,40.0,43.0,14.0,2.0,1.0,2.0,1.0,0.0,1.0,0.0,0.0,0
37.0,9.99,1.0,16.8,5.0,2.0,3.0,1.0,1.0,0.0,1.0,0.0,0.0,1
31.0,15.49,51.0,77.4,27.0,1.0,5.0,0.0,1.0,0.0,0.0,0.0,1.0,0
54.0,15.49,13.0,21.5,14.0,4.0,5.0,0.0,1.0,0.0,0.0,0.0,1.0,0
44.0,9.99,39.0,41.1,15.0,2.0,3.0,1.0,1.0,0.0,1.0,0.0,0.0,0
48.0,9.99,41.0,63.4,21.0,2.0,4.0,0.0,1.0,0.0,1.0,0.0,0.0,0
53.0,9.99,9.0,57.0,1.0,3.0,4.0,1.0,0.0,1.0,1.0,0.0,0.0,0
65.0,15.49,17.0,66.4,1.0,2.0,2.0,1.0,0.0,1.0,0.0,0.0,1.0,0
45.0,15.49,58.0,92.4,7.0,4.0,2.0,1.0,1.0,0.0,0.0,0.0,1.0,0
29.0,9.99,57.0,69.8,4.0,1.0,5.0,2.0,0.0,1.0,1.0,0.0,0.0,0
25.0,22.99,36.0,52.2,23.0,3.0,5.0,1.0,0.0,1.0,0.0,1.0,0.0,0
49.0,22.99,7.0,1.0,15.0,2.0,1.0,1.0,1.0,0.0,0.0,1.0,0.0,1
20.0,15.49,10.0,74.1,2.0,1.0,2.0,0.0,1.0,0.0,0.0,0.0,1.0,0
66.0,9.99,28.0,17.3,6.0,4.0,1.0,0.0,0.0,1.0,1.0,0.0,0.0,0
23.0,22.99,6.0,49.6,8.0,2.0,1.0,0.0,1.0,0.0,0.0,1.0,0.0,0
53.0,9.99,21.0,65.4,12.0,3.0,1.0,0.0,1.0,0.0,1.0,0.0,0.0,0
21.0,9.99,2.0,1.5,7.0,5.0,2.0,2.0,1.0,0.0,1.0,0.0,0.0,1
51.0,9.99,17.0,41.2,9.0,2.0,1.0,0.0,1.0,0.0,1.0,0.0,0.0,0
45.0,15.49,59.0,45.5,1.0,5.0,1.0,1.0,0.0,1.0,0.0,0.0,1.0,0
60.0,9.99,30.0,20.2,4.0,1.0,1.0,1.0,0.0,1.0,1.0,0.0,0.0,0
51.0,22.99,55.0,37.3,3.0,3.0,2.0,1.0,1.0,0.0,0.0,1.0,0.0,0
23.0,15.49,24.0,72.7,3.0,4.0,3.0,1.0,0.0,1.0,0.0,0.0,1.0,0
65.0,15.49,51.0,77.7,10.0,4.0,1.0,0.0,0.0,1.0,0.0,0.0,1.0,0
37.0,22.99,12.0,50.6,42.0,1.0,5.0,2.0,1.0,0.0,0.0,1.0,0.0,1
55.0,22.99,46.0,6.6,8.0,4.0,4.0,0.0,1.0,0.0,0.0,1.0,0.0,0
54.0,9.99,11.0,8.1,2.0,1.0,4.0,0.0,0.0,1.0,1.0,0.0,0.0,0
44.0,22.99,27.0,55.1,24.0,4.0,5.0,0.0,0.0,1.0,0.0,1.0,0.0,0
39.0,15.49,43.0,63.6,4.0,2.0,3.0,3.0,0.0,1.0,0.0,0.0,1.0,0
36.0,22.99,52.0,72.3,23.0,5.0,2.0,0.0,1.0,0.0,0.0,1.0,0.0,0
62.0,9.99,24.0,75.7,3.0,5.0,3.0,0.0,0.0,1.0,1.0,0.0,0.0,0
52.0,15.49,34.0,33.6,7.0,1.0,3.0,1.0,1.0,0.0,0.0,0.0,1.0,0
45.0,22.99,28.0,8.9,25.0,5.0,5.0,1.0,1.0,0.0,0.0,1.0,0.0,0
57.0,22.99,54.0,23.5,9.0,4.0,4.0,0.0,1.0,0.0,0.0,1.0,0.0,0
22.0,15.49,47.0,20.5,36.0,2.0,5.0,0.0,1.0,0.0,0.0,0.0,1.0,1
41.0,15.49,12.0,14.6,18.0,3.0,2.0,0.0,0.0,1.0,0.0,0.0,1.0,1
42.0,9.99,36.0,58.7,6.0,4.0,2.0,0.0,1.0,0.0,1.0,0.0,0.0,0
53.0,15.49,56.0,66.4,12.0,3.0,4.0,0.0,1.0,0.0,0.0,0.0,1.0,0
49.0,9.99,41.0,42.0,1.0,4.0,4.0,1.0,1.0,0.0,1.0,0.0,0.0,0
29.0,9.99,23.0,80.8,24.0,5.0,3.0,0.0,1.0,0.0,1.0,0.0,0.0,0
18.0,15.49,34.0,1.0,3.0,4.0,2.0,2.0,1.0,0.0,0.0,0.0,1.0,1
50.0,9.99,26.0,94.3,9.0,5.0,2.0,0.0,0.0,1.0,1.0,0.0,0.0,0
63.0,15.49,53.0,42.2,18.0,2.0,1.0,1.0,1.0,0.0,0.0,0.0,1.0,0
51.0,9.99,35.0,60.0,1.0,4.0,3.0,0.0,1.0,0.0,1.0,0.0,0.0,0
64.0,15.49,28.0,48.3,16.0,3.0,3.0,1.0,1.0,0.0,0.0,0.0,1.0,0
22.0,9.99,25.0,61.4,14.0,2.0,4.0,0.0,0.0,1.0,1.0,0.0,0.0,0
45.0,9.99,20.0,43.3,18.0,1.0,5.0,1.0,0.0,1.0,1.0,0.0,0.0,0
33.0,15.49,49.0,5.5,21.0,3.0,5.0,0.0,0.0,1.0,0.0,0.0,1.0,1
52.0,15.49,15.0,83.8,24.0,3.0,2.0,0.0,1.0,0.0,0.0,0.0,1.0,0
56.0,15.49,53.0,93.7,30.0,1.0,3.0,1.0,1.0,0.0,0.0,0.0,1.0,0
37.0,22.99,58.0,1.0,0.0,3.0,1.0,1.0,1.0,0.0,0.0,1.0,0.0,0
29.0,15.49,7.0,77.6,12.0,2.0,3.0,2.0,0.0,1.0,0.0,0.0,1.0,1
19.0,15.49,14.0,40.4,6.0,4.0,5.0,0.0,0.0,1.0,0.0,0.0,1.0,0
29.0,9.99,53.0,100.7,1.0,2.0,2.0,0.0,0.0,1.0,1.0,0.0,0.0,0
44.0,22.99,44.0,3.8,1.0,1.0,4.0,0.0,0.0,1.0,0.0,1.0,0.0,0
48.0,22.99,55.0,45.1,9.0,3.0,1.0,1.0,1.0,0.0,0.0,1.0,0.0,0
28.0,15.49,3.0,51.7,22.0,3.0,2.0,0.0,1.0,0.0,0.0,0.0,1.0,0
18.0,9.99,1.0,45.2,1.0,2.0,4.0,2.0,0.0,1.0,1.0,0.0,0.0,0
29.0,15.49,34.0,87.7,14.0,2.0,1.0,0.0,0.0,1.0,0.0,0.0,1.0,0
68.0,9.99,17.0,33.4,2.0,2.0,5.0,1.0,1.0,0.0,1.0,0.0,0.0,0
53.0,15.49,46.0,20.6,12.0,2.0,4.0,1.0,1.0,0.0,0.0,0.0,1.0,0
61.0,9.99,38.0,28.8,7.0,3.0,1.0,1.0,1.0,0.0,1.0,0.0,0.0,0
42.0,9.99,26.0,26.2,1.0,4.0,3.0,0.0,0.0,1.0,1.0,0.0,0.0,0
49.0,15.49,33.0,45.0,12.0,1.0,2.0,1.0,1.0,0.0,0.0,0.0,1.0,0
56.0,15.49,51.0,33.6,2.0,3.0,2.0,1.0,0.0,1.0,0.0,0.0,1.0,0
66.0,15.49,28.0,28.8,0.0,5.0,4.0,2.0,0.0,1.0,0.0,0.0,1.0,0
68.0,15.49,4.0,45.6,6.0,3.0,4.0,1.0,1.0,0.0,0.0,0.0,1.0,0
28.0,15.49,43.0,33.5,6.0,2.0,5.0,1.0,1.0,0.0,0.0,0.0,1.0,0
53.0,15.49,57.0,38.2,22.0,2.0,2.0,3.0,0.0,1.0,0.0,0.0,1.0,1
58.0,15.49,53.0,64.5,15.0,5.0,1.0,1.0,1.0,0.0,0.0,0.0,1.0,0
53.0,22.99,13.0,46.7,0.0,2.0,5.0,0.0,0.0,1.0,0.0,1.0,0.0,0
67.0,9.99,18.0,31.0,19.0,1.0,5.0,0.0,0.0,1.0,1.0,0.0,0.0,0
30.0,22.99,50.0,32.8,11.0,3.0,2.0,0.0,0.0,1.0,0.0,1.0,0.0,0
52.0,15.49,19.0,56.0,3.0,1.0,4.0,1.0,0.0,1.0,0.0,0.0,1.0,0
56.0,15.49,39.0,27.8,5.0,1.0,3.0,1.0,0.0,1.0,0.0,0.0,1.0,0
57.0,9.99,20.0,18.1,13.0,1.0,4.0,1.0,1.0,0.0,1.0,0.0,0.0,0
56.0,15.49,38.0,10.8,24.0,4.0,2.0,3.0,0.0,1.0,0.0,0.0,1.0,1
43.0,15.49,27.0,31.9,4.0,3.0,1.0,0.0,1.0,0.0,0.0,0.0,1.0,0
61.0,22.99,40.0,66.3,1.0,2.0,1.0,1.0,0.0,1.0,0.0,1.0,0.0,0
44.0,9.99,16.0,55.2,13.0,3.0,3.0,0.0,0.0,1.0,1.0,0.0,0.0,0
49.0,9.99,30.0,78.0,1.0,4.0,2.0,0.0,0.0,1.0,1.0,0.0,0.0,0
40.0,22.99,6.0,57.8,4.0,5.0,5.0,0.0,0.0,1.0,0.0,1.0,0.0,0
55.0,15.49,26.0,67.6,27.0,5.0,3.0,2.0,0.0,1.0,0.0,0.0,1.0,0
29.0,9.99,55.0,58.5,24.0,1.0,2.0,0.0,0.0,1.0,1.0,0.0,0.0,0
50.0,15.49,7.0,24.1,3.0,2.0,5.0,0.0,0.0,1.0,0.0,0.0,1.0,0
34.0,15.49,6.0,64.2,9.0,5.0,2.0,1.0,1.0,0.0,0.0,0.0,1.0,0
66.0,9.99,25.0,17.4,3.0,4.0,1.0,1.0,0.0,1.0,1.0,0.0,0.0,0
66.0,15.49,29.0,41.5,6.0,4.0,4.0,0.0,0.0,1.0,0.0,0.0,1.0,0
57.0,9.99,57.0,58.2,17.0,5.0,1.0,1.0,0.0,1.0,1.0,0.0,0.0,0
31.0,9.99,51.0,31.8,47.0,3.0,5.0,0.0,1.0,0.0,1.0,0.0,0.0,0
25.0,9.99,19.0,62.6,2.0,5.0,4.0,3.0,1.0,0.0,1.0,0.0,0.0,0
19.0,9.99,50.0,43.4,25.0,3.0,3.0,1.0,1.0,0.0,1.0,0.0,0.0,0
40.0,9.99,41.0,28.5,4.0,2.0,4.0,0.0,0.0,1.0,1.0,0.0,0.0,0
63.0,15.49,12.0,51.0,25.0,2.0,4.0,1.0,1.0,0.0,0.0,0.0,1.0,0
65.0,22.99,28.0,58.2,12.0,5.0,1.0,0.0,0.0,1.0,0.0,1.0,0.0,0
59.0,15.49,55.0,38.1,17.0,1.0,2.0,1.0,0.0,1.0,0.0,0.0,1.0,0
18.0,15.49,46.0,65.1,4.0,3.0,5.0,1.0,0.0,1.0,0.0,0.0,1.0,0
60.0,15.49,2.0,1.0,0.0,1.0,1.0,1.0,0.0,1.0,0.0,0.0,1.0,1
69.0,9.99,27.0,44.9,5.0,3.0,5.0,0.0,1.0,0.0,1.0,0.0,0.0,0
58.0,9.99,39.0,8.5,10.0,1.0,1.0,1.0,1.0,0.0,1.0,0.0,0.0,1
22.0,22.99,1.0,90.8,3.0,3.0,3.0,2.0,1.0,0.0,0.0,1.0,0.0,0
61.0,9.99,56.0,59.6,0.0,4.0,2.0,0.0,0.0,1.0,1.0,0.0,0.0,0
48.0,9.99,56.0,58.7,13.0,1.0,3.0,0.0,1.0,0.0,1.0,0.0,0.0,0
26.0,15.49,18.0,51.8,5.0,3.0,5.0,0.0,1.0,0.0,0.0,0.0,1.0,0
50.0,15.49,6.0,38.2,17.0,5.0,3.0,0.0,1.0,0.0,0.0,0.0,1.0,0
41.0,15.49,25.0,31.9,5.0,3.0,1.0,3.0,1.0,0.0,0.0,0.0,1.0,1
67.0,9.99,58.0,21.0,0.0,2.0,3.0,0.0,1.0,0.0,1.0,0.0,0.0,0
68.0,22.99,56.0,41.9,26.0,5.0,2.0,0.0,1.0,0.0,0.0,1.0,0.0,0
24.0,22.99,44.0,45.7,20.0,4.0,5.0,0.0,1.0,0.0,0.0,1.0,0.0,0
49.0,9.99,11.0,42.2,43.0,4.0,5.0,1.0,1.0,0.0,1.0,0.0,0.0,1
20.0,15.49,57.0,56.0,0.0,3.0,5.0,0.0,1.0,0.0,0.0,0.0,1.0,0
48.0,15.49,45.0,74.1,4.0,4.0,3.0,1.0,1.0,0.0,0.0,0.0,1.0,0
50.0,15.49,45.0,27.6,13.0,3.0,5.0,0.0,1.0,0.0,0.0,0.0,1.0,0
42.0,9.99,45.0,20.1,64.0,4.0,1.0,1.0,1.0,0.0,1.0,0.0,0.0,1
29.0,15.49,24.0,41.7,21.0,2.0,5.0,1.0,0.0,1.0,0.0,0.0,1.0,0
47.0,9.99,24.0,36.3,12.0,4.0,4.0,1.0,1.0,0.0,1.0,0.0,0.0,0
32.0,22.99,24.0,67.1,4.0,4.0,4.0,0.0,1.0,0.0,0.0,1.0,0.0,0
34.0,9.99,48.0,32.3,9.0,4.0,4.0,0.0,0.0,1.0,1.0,0.0,0.0,0
55.0,22.99,50.0,33.6,14.0,1.0,2.0,0.0,1.0,0.0,0.0,1.0,0.0,0
55.0,15.49,1.0,57.0,5.0,4.0,4.0,1.0,0.0,1.0,0.0,0.0,1.0,0
36.0,9.99,10.0,67.1,11.0,5.0,1.0,1.0,1.0,0.0,1.0,0.0,0.0,0
54.0,22.99,10.0,23.5,4.0,5.0,1.0,1.0,1.0,0.0,0.0,1.0,0.0,0
61.0,15.49,56.0,48.6,12.0,4.0,1.0,3.0,1.0,0.0,0.0,0.0,1.0,0
54.0,22.99,41.0,1.0,8.0,5.0,1.0,1.0,1.0,0.0,0.0,1.0,0.0,1
45.0,15.49,19.0,3.2,9.0,1.0,1.0,0.0,1.0,0.0,0.0,0.0,1.0,0
42.0,22.99,1.0,35.9,1.0,3.0,5.0,0.0,0.0,1.0,0.0,1.0,0.0,0
32.0,15.49,8.0,23.6,6.0,4.0,1.0,1.0,0.0,1.0,0.0,0.0,1.0,0
51.0,15.49,1.0,36.8,32.0,5.0,2.0,1.0,0.0,1.0,0.0,0.0,1.0,1
51.0,9.99,2.0,49.5,1.0,5.0,5.0,1.0,0.0,1.0,1.0,0.0,0.0,0
25.0,15.49,31.0,3.6,7.0,4.0,2.0,1.0,1.0,0.0,0.0,0.0,1.0,0
51.0,15.49,45.0,33.8,6.0,5.0,2.0,0.0,0.0,1.0,0.0,0.0,1.0,0
52.0,9.99,40.0,16.1,31.0,3.0,3.0,0.0,1.0,0.0,1.0,0.0,0.0,1
63.0,9.99,22.0,17.2,10.0,5.0,3.0,2.0,0.0,1.0,1.0,0.0,0.0,0
37.0,15.49,51.0,48.8,14.0,4.0,3.0,0.0,0.0,1.0,0.0,0.0,1.0,0
20.0,15.49,26.0,59.7,2.0,4.0,4.0,1.0,1.0,0.0,0.0,0.0,1.0,0
67.0,9.99,27.0,8.6,11.0,2.0,4.0,1.0,1.0,0.0,1.0,0.0,0.0,0
65.0,22.99,50.0,17.4,1.0,2.0,4.0,0.0,1.0,0.0,0.0,1.0,0.0,0
31.0,15.49,29.0,46.1,1.0,5.0,5.0,0.0,0.0,1.0,0.0,0.0,1.0,0
42.0,15.49,44.0,13.7,19.0,4.0,5.0,1.0,1.0,0.0,0.0,0.0,1.0,0
53.0,22.99,8.0,69.0,0.0,4.0,1.0,0.0,1.0,0.0,0.0,1.0,0.0,0
23.0,15.49,39.0,19.6,9.0,5.0,1.0,0.0,0.0,1.0,0.0,0.0,1.0,0
47.0,15.49,26.0,112.2,12.0,5.0,4.0,0.0,1.0,0.0,0.0,0.0,1.0,0
54.0,9.99,41.0,54.0,5.0,3.0,4.0,2.0,1.0,0.0,1.0,0.0,0.0,0
55.0,15.49,17.0,55.8,12.0,3.0,5.0,2.0,1.0,0.0,0.0,0.0,1.0,0
66.0,9.99,58.0,58.4,4.0,2.0,2.0,0.0,1.0,0.0,1.0,0.0,0.0,0
65.0,9.99,7.0,49.7,6.0,4.0,3.0,1.0,1.0,0.0,1.0,0.0,0.0,0
30.0,15.49,2.0,65.4,0.0,1.0,1.0,0.0,0.0,1.0,0.0,0.0,1.0,0
18.0,15.49,48.0,61.3,6.0,2.0,1.0,1.0,0.0,1.0,0.0,0.0,1.0,0
25.0,9.99,36.0,81.2,1.0,1.0,3.0,0.0,1.0,0.0,1.0,0.0,0.0,0
29.0,15.49,42.0,50.8,9.0,2.0,3.0,0.0,0.0,1.0,0.0,0.0,1.0,0
29.0,9.99,55.0,30.6,21.0,5.0,1.0,1.0,0.0,1.0,1.0,0.0,0.0,0
28.0,9.99,15.0,51.0,1.0,3.0,5.0,0.0,0.0,1.0,1.0,0.0,0.0,0
26.0,22.99,4.0,63.0,4.0,2.0,1.0,1.0,1.0,0.0,0.0,1.0,0.0,0
67.0,15.49,19.0,47.8,8.0,3.0,5.0,1.0,1.0,0.0,0.0,0.0,1.0,0
26.0,9.99,25.0,56.3,4.0,2.0,4.0,1.0,0.0,1.0,1.0,0.0,0.0,0
35.0,15.49,53.0,43.8,22.0,1.0,2.0,1.0,0.0,1.0,0.0,0.0,1.0,0
61.0,15.49,32.0,1.0,3.0,4.0,5.0,1.0,0.0,1.0,0.0,0.0,1.0,0
39.0,9.99,25.0,72.3,23.0,1.0,2.0,1.0,0.0,1.0,1.0,0.0,0.0,0
48.0,22.99,59.0,41.9,66.0,5.0,4.0,0.0,0.0,1.0,0.0,1.0,0.0,0
46.0,9.99,2.0,53.6,4.0,3.0,4.0,0.0,0.0,1.0,1.0,0.0,0.0,0
60.0,15.49,5.0,68.8,1.0,1.0,1.0,0.0,1.0,0.0,0.0,0.0,1.0,0
31.0,22.99,20.0,44.4,0.0,3.0,4.0,0.0,0.0,1.0,0.0,1.0,0.0,0
33.0,15.49,59.0,28.2,1.0,2.0,1.0,0.0,0.0,1.0,0.0,0.0,1.0,0
24.0,9.99,55.0,35.5,28.0,4.0,2.0,0.0,0.0,1.0,1.0,0.0,0.0,0
30.0,15.49,30.0,14.6,0.0,4.0,1.0,0.0,0.0,1.0,0.0,0.0,1.0,0
65.0,15.49,22.0,52.7,3.0,5.0,2.0,0.0,0.0,1.0,0.0,0.0,1.0,0
42.0,22.99,49.0,48.9,18.0,1.0,1.0,1.0,0.0,1.0,0.0,1.0,0.0,0
28.0,9.99,51.0,68.1,10.0,4.0,5.0,0.0,1.0,0.0,1.0,0.0,0.0,0
55.0,9.99,38.0,70.0,2.0,3.0,4.0,1.0,0.0,1.0,1.0,0.0,0.0,0
43.0,9.99,7.0,40.4,14.0,4.0,5.0,0.0,1.0,0.0,1.0,0.0,0.0,0
60.0,9.99,38.0,34.8,10.0,3.0,5.0,2.0,1.0,0.0,1.0,0.0,0.0,0
65.0,15.49,7.0,37.6,0.0,5.0,3.0,1.0,0.0,1.0,0.0,0.0,1.0,0
28.0,9.99,3.0,58.2,15.0,1.0,5.0,0.0,0.0,1.0,1.0,0.0,0.0,0
60.0,15.49,5.0,15.0,8.0,3.0,2.0,1.0,0.0,1.0,0.0,0.0,1.0,1
59.0,15.49,42.0,64.9,46.0,3.0,3.0,1.0,0.0,1.0,0.0,0.0,1.0,0
47.0,15.49,31.0,39.6,0.0,3.0,4.0,1.0,1.0,0.0,0.0,0.0,1.0,0
22.0,9.99,51.0,54.8,9.0,2.0,4.0,1.0,0.0,1.0,1.0,0.0,0.0,0
41.0,15.49,51.0,10.9,8.0,2.0,3.0,0.0,1.0,0.0,0.0,0.0,1.0,0
64.0,15.49,57.0,92.8,1.0,3.0,3.0,1.0,1.0,0.0,0.0,0.0,1.0,0
53.0,15.49,44.0,48.9,5.0,5.0,4.0,0.0,0.0,1.0,0.0,0.0,1.0,0
57.0,22.99,5.0,47.6,27.0,3.0,2.0,0.0,1.0,0.0,0.0,1.0,0.0,0
65.0,15.49,39.0,30.7,13.0,3.0,1.0,0.0,0.0,1.0,0.0,0.0,1.0,0
19.0,9.99,39.0,87.1,1.0,2.0,3.0,1.0,1.0,0.0,1.0,0.0,0.0,0
49.0,15.49,57.0,60.8,11.0,1.0,4.0,0.0,1.0,0.0,0.0,0.0,1.0,0
39.0,15.49,55.0,38.4,17.0,3.0,5.0,0.0,1.0,0.0,0.0,0.0,1.0,0
41.0,9.99,11.0,31.5,29.0,1.0,5.0,0.0,0.0,1.0,1.0,0.0,0.0,0
49.0,22.99,24.0,70.3,9.0,1.0,4.0,1.0,0.0,1.0,0.0,1.0,0.0,0
42.0,15.49,11.0,46.1,5.0,5.0,2.0,1.0,1.0,0.0,0.0,0.0,1.0,0
30.0,15.49,33.0,15.7,16.0,3.0,5.0,0.0,0.0,1.0,0.0,0.0,1.0,0
24.0,9.99,55.0,15.5,7.0,2.0,2.0,2.0,0.0,1.0,1.0,0.0,0.0,0
55.0,9.99,51.0,21.2,9.0,4.0,3.0,0.0,0.0,1.0,1.0,0.0,0.0,0
55.0,22.99,5.0,63.7,9.0,4.0,1.0,0.0,0.0,1.0,0.0,1.0,0.0,0
38.0,9.99,20.0,26.8,0.0,2.0,1.0,0.0,1.0,0.0,1.0,0.0,0.0,0
60.0,15.49,57.0,72.4,13.0,3.0,4.0,0.0,0.0,1.0,0.0,0.0,1.0,0
58.0,9.99,48.0,33.5,28.0,2.0,1.0,0.0,1.0,0.0,1.0,0.0,0.0,0
54.0,22.99,56.0,48.4,12.0,5.0,5.0,0.0,0.0,1.0,0.0,1.0,0.0,0
24.0,9.99,41.0,58.1,38.0,3.0,4.0,0.0,0.0,1.0,1.0,0.0,0.0,0
48.0,15.49,27.0,70.6,0.0,4.0,5.0,0.0,1.0,0.0,0.0,0.0,1.0,0
65.0,22.99,58.0,42.8,29.0,5.0,5.0,1.0,1.0,0.0,0.0,1.0,0.0,0
31.0,9.99,11.0,43.0,0.0,1.0,4.0,0.0,0.0,1.0,1.0,0.0,0.0,0
62.0,22.99,5.0,38.5,5.0,5.0,5.0,0.0,0.0,1.0,0.0,1.0,0.0,0
24.0,9.99,28.0,33.7,4.0,4.0,1.0,0.0,0.0,1.0,1.0,0.0,0.0,0
62.0,9.99,36.0,23.6,2.0,3.0,1.0,0.0,1.0,0.0,1.0,0.0,0.0,0
54.0,15.49,44.0,62.4,0.0,1.0,5.0,0.0,0.0,1.0,0.0,0.0,1.0,0
48.0,22.99,20.0,58.9,1.0,3.0,1.0,0.0,0.0,1.0,0.0,1.0,0.0,0
27.0,9.99,55.0,8.7,40.0,3.0,3.0,0.0,1.0,0.0,1.0,0.0,0.0,1
41.0,9.99,35.0,13.0,10.0,4.0,4.0,0.0,1.0,0.0,1.0,0.0,0.0,0
58.0,9.99,51.0,14.2,11.0,1.0,5.0,1.0,0.0,1.0,1.0,0.0,0.0,0
35.0,9.99,18.0,79.7,2.0,4.0,4.0,1.0,1.0,0.0,1.0,0.0,0.0,0
22.0,15.49,23.0,51.9,3.0,1.0,5.0,0.0,1.0,0.0,0.0,0.0,1.0,0
18.0,9.99,27.0,73.1,0.0,4.0,4.0,0.0,1.0,0.0,1.0,0.0,0.0,0
62.0,15.49,39.0,18.7,5.0,5.0,3.0,2.0,1.0,0.0,0.0,0.0,1.0,0
45.0,9.99,39.0,4.2,4.0,2.0,4.0,6.0,0.0,1.0,1.0,0.0,0.0,1
48.0,9.99,45.0,48.6,5.0,5.0,1.0,0.0,0.0,1.0,1.0,0.0,0.0,0
47.0,15.49,42.0,27.3,13.0,2.0,5.0,1.0,0.0,1.0,0.0,0.0,1.0,0
68.0,15.49,4.0,47.9,19.0,2.0,2.0,0.0,1.0,0.0,0.0,0.0,1.0,0
39.0,9.99,46.0,50.5,15.0,1.0,5.0,1.0,0.0,1.0,1.0,0.0,0.0,0
44.0,22.99,31.0,17.4,30.0,4.0,1.0,0.0,0.0,1.0,0.0,1.0,0.0,1
39.0,15.49,37.0,39.7,9.0,5.0,2.0,0.0,1.0,0.0,0.0,0.0,1.0,0
60.0,15.49,45.0,35.3,27.0,1.0,3.0,2.0,1.0,0.0,0.0,0.0,1.0,1
25.0,9.99,54.0,74.6,3.0,4.0,1.0,0.0,1.0,0.0,1.0,0.0,0.0,0
42.0,9.99,54.0,71.2,5.0,5.0,2.0,0.0,1.0,0.0,1.0,0.0,0.0,0
62.0,9.99,32.0,51.5,1.0,2.0,2.0,0.0,1.0,0.0,1.0,0.0,0.0,0
32.0,15.49,13.0,81.3,11.0,1.0,1.0,2.0,1.0,0.0,0.0,0.0,1.0,0
23.0,9.99,51.0,48.3,3.0,5.0,2.0,2.0,0.0,1.0,1.0,0.0,0.0,0
42.0,15.49,6.0,1.0,2.0,2.0,1.0,0.0,1.0,0.0,0.0,0.0,1.0,1
24.0,15.49,45.0,30.2,4.0,1.0,1.0,1.0,0.0,1.0,0.0,0.0,1.0,0
28.0,9.99,46.0,70.3,20.0,1.0,2.0,1.0,0.0,1.0,1.0,0.0,0.0,0
55.0,15.49,9.0,5.5,4.0,5.0,4.0,1.0,0.0,1.0,0.0,0.0,1.0,0
65.0,9.99,22.0,21.2,9.0,1.0,4.0,0.0,1.0,0.0,1.0,0.0,0.0,0
21.0,9.99,22.0,43.1,6.0,4.0,5.0,0.0,1.0,0.0,1.0,0.0,0.0,0
49.0,9.99,40.0,24.4,25.0,5.0,5.0,4.0,0.0,1.0,1.0,0.0,0.0,1
66.0,15.49,39.0,58.6,1.0,1.0,4.0,0.0,1.0,0.0,0.0,0.0,1.0,0
56.0,9.99,13.0,93.2,4.0,3.0,1.0,0.0,0.0,1.0,1.0,0.0,0.0,0
24.0,9.99,5.0,32.0,22.0,5.0,4.0,0.0,1.0,0.0,1.0,0.0,0.0,0
42.0,22.99,51.0,47.4,16.0,3.0,3.0,0.0,0.0,1.0,0.0,1.0,0.0,0
53.0,9.99,56.0,79.5,8.0,4.0,2.0,0.0,1.0,0.0,1.0,0.0,0.0,0
51.0,22.99,23.0,47.5,7.0,2.0,2.0,0.0,0.0,1.0,0.0,1.0,0.0,0
58.0,22.99,19.0,69.1,4.0,2.0,5.0,1.0,1.0,0.0,0.0,1.0,0.0,0
27.0,15.49,16.0,47.6,35.0,3.0,5.0,1.0,0.0,1.0,0.0,0.0,1.0,0
55.0,15.49,59.0,73.8,7.0,1.0,2.0,1.0,0.0,1.0,0.0,0.0,1.0,0
61.0,15.49,44.0,33.5,5.0,3.0,1.0,0.0,1.0,0.0,0.0,0.0,1.0,0
45.0,22.99,37.0,39.2,14.0,3.0,5.0,0.0,1.0,0.0,0.0,1.0,0.0,0
41.0,9.99,8.0,11.5,3.0,4.0,1.0,0.0,0.0,1.0,1.0,0.0,0.0,0
68.0,9.99,7.0,53.5,38.0,5.0,1.0,0.0,0.0,1.0,1.0,0.0,0.0,1
55.0,15.49,4.0,12.2,13.0,2.0,1.0,2.0,1.0,0.0,0.0,0.0,1.0,0
65.0,9.99,9.0,38.2,3.0,4.0,2.0,1.0,1.0,0.0,1.0,0.0,0.0,0
19.0,9.99,23.0,75.5,6.0,2.0,4.0,0.0,1.0,0.0,1.0,0.0,0.0,0
45.0,9.99,56.0,61.4,3.0,5.0,1.0,0.0,0.0,1.0,1.0,0.0,0.0,0
37.0,9.99,58.0,61.7,0.0,4.0,4.0,2.0,1.0,0.0,1.0,0.0,0.0,0
67.0,15.49,45.0,47.8,25.0,1.0,3.0,0.0,0.0,1.0,0.0,0.0,1.0,0
39.0,15.49,33.0,17.8,5.0,5.0,1.0,0.0,0.0,1.0,0.0,0.0,1.0,0
60.0,22.99,29.0,1.0,5.0,3.0,3.0,1.0,1.0,0.0,0.0,1.0,0.0,0
35.0,22.99,38.0,51.7,22.0,5.0,1.0,2.0,1.0,0.0,0.0,1.0,0.0,0
67.0,15.49,56.0,40.0,13.0,4.0,5.0,0.0,1.0,0.0,0.0,0.0,1.0,0
46.0,22.99,7.0,49.3,2.0,4.0,5.0,0.0,1.0,0.0,0.0,1.0,0.0,1
67.0,15.49,24.0,72.9,15.0,3.0,4.0,1.0,0.0,1.0,0.0,0.0,1.0,0
56.0,22.99,51.0,21.7,12.0,2.0,4.0,1.0,0.0,1.0,0.0,1.0,0.0,0
35.0,15.49,7.0,46.6,14.0,5.0,4.0,0.0,1.0,0.0,0.0,0.0,1.0,0
33.0,22.99,39.0,67.8,3.0,1.0,1.0,1.0,1.0,0.0,0.0,1.0,0.0,0
39.0,15.49,36.0,65.9,0.0,5.0,2.0,2.0,0.0,1.0,0.0,0.0,1.0,0
58.0,15.49,9.0,26.6,3.0,3.0,2.0,0.0,1.0,0.0,0.0,0.0,1.0,1
53.0,22.99,53.0,71.9,11.0,2.0,3.0,0.0,0.0,1.0,0.0,1.0,0.0,0
54.0,9.99,38.0,49.9,1.0,1.0,4.0,0.0,1.0,0.0,1.0,0.0,0.0,0
64.0,9.99,22.0,70.2,12.0,2.0,5.0,1.0,0.0,1.0,1.0,0.0,0.0,0
26.0,9.99,37.0,68.7,7.0,1.0,4.0,0.0,1.0,0.0,1.0,0.0,0.0,0
53.0,9.99,18.0,41.1,3.0,4.0,5.0,1.0,1.0,0.0,1.0,0.0,0.0,0
65.0,9.99,25.0,3.7,0.0,3.0,1.0,0.0,1.0,0.0,1.0,0.0,0.0,0
21.0,22.99,13.0,43.4,7.0,3.0,4.0,0.0,0.0,1.0,0.0,1.0,0.0,0
25.0,9.99,13.0,20.3,3.0,1.0,1.0,1.0,0.0,1.0,1.0,0.0,0.0,0
38.0,22.99,30.0,23.9,6.0,1.0,3.0,0.0,1.0,0.0,0.0,1.0,0.0,0
50.0,15.49,17.0,28.1,5.0,1.0,2.0,1.0,1.0,0.0,0.0,0.0,1.0,0
38.0,9.99,20.0,40.0,31.0,3.0,4.0,0.0,1.0,0.0,1.0,0.0,0.0,0
32.0,15.49,54.0,72.6,9.0,3.0,4.0,0.0,1.0,0.0,0.0,0.0,1.0,0
63.0,22.99,12.0,35.1,5.0,2.0,1.0,3.0,1.0,0.0,0.0,1.0,0.0,0
38.0,15.49,28.0,32.6,5.0,1.0,1.0,1.0,0.0,1.0,0.0,0.0,1.0,0
57.0,9.99,55.0,78.4,24.0,1.0,1.0,0.0,0.0,1.0,1.0,0.0,0.0,0
63.0,9.99,34.0,88.7,30.0,3.0,1.0,1.0,0.0,1.0,1.0,0.0,0.0,0
40.0,15.49,36.0,13.8,5.0,4.0,3.0,0.0,0.0,1.0,0.0,0.0,1.0,0
25.0,9.99,36.0,71.5,27.0,4.0,1.0,3.0,0.0,1.0,1.0,0.0,0.0,0
31.0,9.99,43.0,19.2,2.0,1.0,2.0,2.0,0.0,1.0,1.0,0.0,0.0,0
28.0,15.49,5.0,15.2,2.0,5.0,4.0,0.0,0.0,1.0,0.0,0.0,1.0,0
58.0,15.49,31.0,1.0,5.0,1.0,5.0,1.0,1.0,0.0,0.0,0.0,1.0,0
32.0,9.99,59.0,45.9,0.0,5.0,5.0,0.0,1.0,0.0,1.0,0.0,0.0,0
25.0,9.99,21.0,61.5,17.0,4.0,2.0,1.0,1.0,0.0,1.0,0.0,0.0,0
49.0,15.49,55.0,21.7,0.0,5.0,5.0,3.0,0.0,1.0,0.0,0.0,1.0,0
41.0,22.99,12.0,90.7,8.0,5.0,5.0,0.0,1.0,0.0,0.0,1.0,0.0,0
32.0,15.49,46.0,59.6,2.0,2.0,3.0,0.0,0.0,1.0,0.0,0.0,1.0,0
67.0,22.99,14.0,32.3,2.0,1.0,1.0,0.0,1.0,0.0,0.0,1.0,0.0,0
40.0,9.99,50.0,6.5,18.0,3.0,5.0,1.0,1.0,0.0,1.0,0.0,0.0,1
46.0,9.99,10.0,40.5,1.0,4.0,1.0,0.0,0.0,1.0,1.0,0.0,0.0,0
22.0,9.99,38.0,80.1,10.0,3.0,3.0,0.0,1.0,0.0,1.0,0.0,0.0,0
54.0,9.99,36.0,60.4,2.0,3.0,4.0,1.0,0.0,1.0,1.0,0.0,0.0,0
42.0,15.49,13.0,42.6,5.0,1.0,4.0,0.0,1.0,0.0,0.0,0.0,1.0,0
42.0,15.49,39.0,59.0,10.0,4.0,1.0,0.0,1.0,0.0,0.0,0.0,1.0,0
46.0,9.99,53.0,55.7,5.0,5.0,3.0,0.0,1.0,0.0,1.0,0.0,0.0,0
40.0,9.99,52.0,36.7,25.0,1.0,2.0,2.0,1.0,0.0,1.0,0.0,0.0,0
57.0,15.49,22.0,16.2,8.0,3.0,1.0,2.0,0.0,1.0,0.0,0.0,1.0,0
44.0,22.99,25.0,39.5,7.0,2.0,1.0,0.0,1.0,0.0,0.0,1.0,0.0,0
45.0,9.99,18.0,99.1,15.0,1.0,2.0,2.0,1.0,0.0,1.0,0.0,0.0,0
37.0,15.49,19.0,53.0,4.0,4.0,2.0,1.0,0.0,1.0,0.0,0.0,1.0,0
19.0,9.99,39.0,58.3,23.0,1.0,5.0,1.0,0.0,1.0,1.0,0.0,0.0,0
18.0,9.99,17.0,43.8,11.0,3.0,5.0,0.0,1.0,0.0,1.0,0.0,0.0,0
20.0,22.99,48.0,59.7,8.0,5.0,3.0,0.0,1.0,0.0,0.0,1.0,0.0,0
64.0,9.99,28.0,26.1,14.0,5.0,1.0,1.0,1.0,0.0,1.0,0.0,0.0,0
40.0,15.49,2.0,30.1,35.0,1.0,3.0,1.0,0.0,1.0,0.0,0.0,1.0,1
36.0,9.99,24.0,40.8,14.0,1.0,4.0,1.0,0.0,1.0,1.0,0.0,0.0,0
61.0,9.99,7.0,22.6,2.0,5.0,5.0,3.0,0.0,1.0,1.0,0.0,0.0,1
39.0,9.99,52.0,32.8,10.0,1.0,3.0,1.0,0.0,1.0,1.0,0.0,0.0,0
18.0,15.49,49.0,88.7,11.0,2.0,2.0,0.0,0.0,1.0,0.0,0.0,1.0,0
68.0,9.99,34.0,61.1,1.0,2.0,5.0,1.0,0.0,1.0,1.0,0.0,0.0,0
62.0,15.49,59.0,22.4,19.0,1.0,5.0,2.0,0.0,1.0,0.0,0.0,1.0,1
67.0,15.49,7.0,61.6,6.0,3.0,5.0,0.0,0.0,1.0,0.0,0.0,1.0,0
58.0,15.49,30.0,69.6,4.0,1.0,1.0,1.0,1.0,0.0,0.0,0.0,1.0,0
34.0,9.99,17.0,73.0,3.0,2.0,3.0,0.0,0.0,1.0,1.0,0.0,0.0,0
26.0,15.49,44.0,59.1,11.0,2.0,4.0,0.0,0.0,1.0,0.0,0.0,1.0,0
33.0,15.49,29.0,1.0,6.0,2.0,1.0,0.0,0.0,1.0,0.0,0.0,1.0,0
53.0,15.49,24.0,12.1,11.0,2.0,5.0,2.0,0.0,1.0,0.0,0.0,1.0,1
36.0,9.99,26.0,51.1,8.0,2.0,4.0,1.0,1.0,0.0,1.0,0.0,0.0,0
27.0,9.99,17.0,63.9,16.0,4.0,3.0,0.0,1.0,0.0,1.0,0.0,0.0,0
44.0,15.49,31.0,31.0,4.0,2.0,5.0,1.0,1.0,0.0,0.0,0.0,1.0,0
42.0,9.99,21.0,93.8,2.0,4.0,2.0,0.0,1.0,0.0,1.0,0.0,0.0,0
59.0,22.99,24.0,62.5,5.0,2.0,2.0,0.0,0.0,1.0,0.0,1.0,0.0,0
25.0,9.99,25.0,81.4,2.0,4.0,5.0,0.0,1.0,0.0,1.0,0.0,0.0,0
69.0,15.49,50.0,45.0,32.0,1.0,1.0,0.0,0.0,1.0,0.0,0.0,1.0,0
54.0,9.99,38.0,29.1,17.0,2.0,1.0,2.0,1.0,0.0,1.0,0.0,0.0,0
56.0,15.49,49.0,83.1,32.0,3.0,1.0,1.0,1.0,0.0,0.0,0.0,1.0,0
25.0,9.99,25.0,89.7,7.0,4.0,4.0,1.0,0.0,1.0,1.0,0.0,0.0,0
46.0,22.99,45.0,22.4,13.0,4.0,5.0,0.0,1.0,0.0,0.0,1.0,0.0,0
23.0,22.99,31.0,77.4,1.0,4.0,3.0,0.0,0.0,1.0,0.0,1.0,0.0,0
45.0,15.49,22.0,36.8,7.0,1.0,2.0,0.0,0.0,1.0,0.0,0.0,1.0,0
62.0,15.49,16.0,44.4,12.0,4.0,1.0,0.0,0.0,1.0,0.0,0.0,1.0,0
25.0,15.49,30.0,82.5,34.0,5.0,1.0,0.0,1.0,0.0,0.0,0.0,1.0,0
51.0,15.49,33.0,14.3,5.0,5.0,1.0,2.0,0.0,1.0,0.0,0.0,1.0,0
41.0,9.99,55.0,39.9,13.0,4.0,5.0,0.0,0.0,1.0,1.0,0.0,0.0,0
52.0,9.99,9.0,25.7,34.0,2.0,3.0,0.0,0.0,1.0,1.0,0.0,0.0,1
35.0,15.49,3.0,47.9,5.0,5.0,5.0,0.0,1.0,0.0,0.0,0.0,1.0,0
31.0,9.99,50.0,83.9,10.0,4.0,3.0,1.0,1.0,0.0,1.0,0.0,0.0,0
21.0,22.99,41.0,56.1,15.0,2.0,1.0,0.0,0.0,1.0,0.0,1.0,0.0,0
46.0,22.99,14.0,84.7,3.0,5.0,2.0,1.0,1.0,0.0,0.0,1.0,0.0,0
38.0,22.99,15.0,83.5,0.0,5.0,4.0,0.0,1.0,0.0,0.0,1.0,0.0,0
59.0,9.99,19.0,25.5,23.0,3.0,5.0,0.0,0.0,1.0,1.0,0.0,0.0,1
61.0,9.99,13.0,53.2,4.0,5.0,4.0,1.0,0.0,1.0,1.0,0.0,0.0,0
51.0,15.49,18.0,48.2,6.0,1.0,1.0,0.0,0.0,1.0,0.0,0.0,1.0,0
45.0,22.99,24.0,49.4,24.0,5.0,2.0,0.0,1.0,0.0,0.0,1.0,0.0,0
28.0,9.99,37.0,60.4,9.0,1.0,5.0,2.0,1.0,0.0,1.0,0.0,0.0,0
69.0,22.99,4.0,21.1,31.0,2.0,2.0,1.0,1.0,0.0,0.0,1.0,0.0,1
55.0,22.99,57.0,39.7,41.0,2.0,2.0,0.0,0.0,1.0,0.0,1.0,0.0,0
60.0,15.49,27.0,103.9,6.0,2.0,2.0,2.0,1.0,0.0,0.0,0.0,1.0,0
41.0,22.99,56.0,83.6,16.0,2.0,5.0,0.0,0.0,1.0,0.0,1.0,0.0,0
37.0,9.99,56.0,16.0,7.0,3.0,3.0,1.0,0.0,1.0,1.0,0.0,0.0,0
36.0,22.99,17.0,84.1,2.0,2.0,3.0,0.0,0.0,1.0,0.0,1.0,0.0,0
55.0,15.49,29.0,41.4,2.0,5.0,2.0,3.0,0.0,1.0,0.0,0.0,1.0,0
34.0,9.99,36.0,7.3,5.0,2.0,1.0,0.0,1.0,0.0,1.0,0.0,0.0,0
25.0,15.49,56.0,89.3,4.0,4.0,5.0,0.0,1.0,0.0,0.0,0.0,1.0,0
20.0,9.99,40.0,22.0,6.0,5.0,4.0,0.0,1.0,0.0,1.0,0.0,0.0,0
38.0,15.49,52.0,39.9,0.0,3.0,5.0,1.0,0.0,1.0,0.0,0.0,1.0,0
48.0,22.99,38.0,46.8,13.0,5.0,4.0,3.0,1.0,0.0,0.0,1.0,0.0,1
40.0,22.99,20.0,19.7,0.0,3.0,2.0,0.0,0.0,1.0,0.0,1.0,0.0,0
54.0,15.49,50.0,25.5,2.0,1.0,3.0,0.0,0.0,1.0,0.0,0.0,1.0,0
26.0,15.49,28.0,51.8,7.0,5.0,5.0,2.0,1.0,0.0,0.0,0.0,1.0,0
63.0,9.99,16.0,32.1,49.0,1.0,3.0,0.0,0.0,1.0,1.0,0.0,0.0,1
64.0,15.49,29.0,39.6,30.0,1.0,1.0,0.0,1.0,0.0,0.0,0.0,1.0,0
68.0,9.99,51.0,33.7,4.0,5.0,3.0,0.0,0.0,1.0,1.0,0.0,0.0,0
61.0,22.99,40.0,83.7,1.0,2.0,3.0,0.0,0.0,1.0,0.0,1.0,0.0,0
65.0,9.99,26.0,20.8,7.0,3.0,4.0,1.0,0.0,1.0,1.0,0.0,0.0,0
19.0,15.49,48.0,19.1,2.0,5.0,3.0,1.0,0.0,1.0,0.0,0.0,1.0,0
53.0,9.99,31.0,16.3,8.0,2.0,3.0,0.0,1.0,0.0,1.0,0.0,0.0,0
20.0,9.99,34.0,28.3,7.0,5.0,1.0,0.0,0.0,1.0,1.0,0.0,0.0,0
53.0,15.49,19.0,1.0,18.0,3.0,5.0,1.0,1.0,0.0,0.0,0.0,1.0,0
59.0,15.49,58.0,86.9,5.0,5.0,3.0,0.0,0.0,1.0,0.0,0.0,1.0,0
22.0,15.49,41.0,36.0,12.0,5.0,5.0,0.0,1.0,0.0,0.0,0.0,1.0,0
34.0,15.49,28.0,10.2,11.0,3.0,4.0,0.0,0.0,1.0,0.0,0.0,1.0,0
69.0,9.99,41.0,2.6,18.0,1.0,1.0,2.0,1.0,0.0,1.0,0.0,0.0,1
34.0,22.99,13.0,58.8,10.0,1.0,3.0,0.0,0.0,1.0,0.0,1.0,0.0,0
59.0,9.99,13.0,61.8,41.0,4.0,4.0,0.0,1.0,0.0,1.0,0.0,0.0,0
68.0,9.99,39.0,7.7,8.0,1.0,2.0,1.0,1.0,0.0,1.0,0.0,0.0,0
23.0,22.99,10.0,84.1,0.0,1.0,2.0,1.0,0.0,1.0,0.0,1.0,0.0,0
47.0,15.49,27.0,31.9,4.0,3.0,4.0,1.0,0.0,1.0,0.0,0.0,1.0,0
33.0,9.99,37.0,20.1,11.0,5.0,1.0,0.0,0.0,1.0,1.0,0.0,0.0,0
38.0,9.99,25.0,1.0,54.0,5.0,1.0,0.0,1.0,0.0,1.0,0.0,0.0,1
63.0,15.49,59.0,43.3,16.0,4.0,4.0,1.0,0.0,1.0,0.0,0.0,1.0,0
54.0,9.99,21.0,56.5,28.0,3.0,3.0,0.0,1.0,0.0,1.0,0.0,0.0,0
60.0,15.49,36.0,82.1,14.0,2.0,1.0,0.0,0.0,1.0,0.0,0.0,1.0,0
61.0,22.99,22.0,38.4,10.0,2.0,4.0,1.0,1.0,0.0,0.0,1.0,0.0,0
34.0,9.99,4.0,70.0,2.0,1.0,1.0,0.0,0.0,1.0,1.0,0.0,0.0,0
69.0,15.49,25.0,48.6,10.0,4.0,4.0,1.0,1.0,0.0,0.0,0.0,1.0,0
48.0,22.99,54.0,50.5,1.0,5.0,4.0,0.0,1.0,0.0,0.0,1.0,0.0,0
37.0,15.49,25.0,65.3,22.0,5.0,2.0,0.0,1.0,0.0,0.0,0.0,1.0,0
60.0,9.99,28.0,66.5,10.0,3.0,3.0,0.0,0.0,1.0,1.0,0.0,0.0,0
21.0,9.99,38.0,37.6,6.0,2.0,4.0,1.0,0.0,1.0,1.0,0.0,0.0,0
22.0,15.49,22.0,70.9,18.0,5.0,4.0,1.0,0.0,1.0,0.0,0.0,1.0,0
65.0,15.49,32.0,25.8,0.0,5.0,3.0,2.0,1.0,0.0,0.0,0.0,1.0,0
20.0,9.99,40.0,49.1,32.0,4.0,1.0,1.0,1.0,0.0,1.0,0.0,0.0,1
34.0,15.49,17.0,35.9,2.0,3.0,1.0,0.0,1.0,0.0,0.0,0.0,1.0,0
49.0,15.49,42.0,62.6,6.0,5.0,4.0,0.0,1.0,0.0,0.0,0.0,1.0,0
43.0,15.49,28.0,4.1,7.0,1.0,4.0,1.0,1.0,0.0,0.0,0.0,1.0,0
65.0,9.99,43.0,50.6,3.0,5.0,1.0,0.0,0.0,1.0,1.0,0.0,0.0,0
49.0,22.99,36.0,78.9,18.0,3.0,3.0,1.0,0.0,1.0,0.0,1.0,0.0,0
37.0,22.99,56.0,49.4,4.0,4.0,4.0,0.0,0.0,1.0,0.0,1.0,0.0,0
20.0,9.99,50.0,8.2,6.0,4.0,1.0,0.0,0.0,1.0,1.0,0.0,0.0,0
44.0,22.99,50.0,17.8,10.0,4.0,4.0,2.0,1.0,0.0,0.0,1.0,0.0,0
30.0,15.49,54.0,59.3,32.0,2.0,5.0,2.0,0.0,1.0,0.0,0.0,1.0,0
22.0,15.49,41.0,48.1,15.0,1.0,2.0,0.0,0.0,1.0,0.0,0.0,1.0,0
51.0,15.49,24.0,29.5,12.0,3.0,1.0,1.0,0.0,1.0,0.0,0.0,1.0,0
18.0,9.99,19.0,80.0,13.0,1.0,1.0,0.0,0.0,1.0,1.0,0.0,0.0,0
33.0,22.99,22.0,71.4,5.0,4.0,4.0,1.0,0.0,1.0,0.0,1.0,0.0,0
57.0,15.49,33.0,24.2,11.0,1.0,4.0,2.0,0.0,1.0,0.0,0.0,1.0,0
18.0,15.49,37.0,25.1,1.0,2.0,1.0,1.0,0.0,1.0,0.0,0.0,1.0,0
54.0,22.99,14.0,24.3,4.0,5.0,2.0,2.0,1.0,0.0,0.0,1.0,0.0,0
19.0,9.99,9.0,66.6,0.0,4.0,4.0,0.0,1.0,0.0,1.0,0.0,0.0,0
31.0,9.99,50.0,38.8,9.0,2.0,1.0,1.0,1.0,0.0,1.0,0.0,0.0,0
49.0,9.99,23.0,51.3,2.0,3.0,5.0,0.0,1.0,0.0,1.0,0.0,0.0,0
29.0,9.99,58.0,13.8,8.0,4.0,5.0,0.0,1.0,0.0,1.0,0.0,0.0,0
37.0,15.49,26.0,17.6,8.0,1.0,2.0,0.0,1.0,0.0,0.0,0.0,1.0,1
20.0,15.49,4.0,31.9,17.0,3.0,1.0,1.0,0.0,1.0,0.0,0.0,1.0,1
69.0,9.99,2.0,1.0,5.0,3.0,4.0,2.0,1.0,0.0,1.0,0.0,0.0,1
54.0,9.99,9.0,44.0,33.0,4.0,1.0,2.0,0.0,1.0,1.0,0.0,0.0,1
57.0,9.99,23.0,75.5,12.0,2.0,3.0,1.0,1.0,0.0,1.0,0.0,0.0,0
67.0,15.49,18.0,46.4,32.0,5.0,5.0,1.0,1.0,0.0,0.0,0.0,1.0,1
52.0,9.99,56.0,59.6,2.0,3.0,4.0,0.0,0.0,1.0,1.0,0.0,0.0,0
26.0,9.99,36.0,46.9,9.0,4.0,3.0,1.0,1.0,0.0,1.0,0.0,0.0,0
46.0,15.49,26.0,31.9,29.0,5.0,2.0,1.0,1.0,0.0,0.0,0.0,1.0,1
21.0,22.99,30.0,47.7,12.0,4.0,3.0,0.0,1.0,0.0,0.0,1.0,0.0,0
56.0,15.49,9.0,37.9,1.0,2.0,4.0,0.0,1.0,0.0,0.0,0.0,1.0,1
49.0,22.99,3.0,1.0,0.0,3.0,4.0,0.0,0.0,1.0,0.0,1.0,0.0,0
56.0,9.99,8.0,33.7,1.0,5.0,3.0,0.0,0.0,1.0,1.0,0.0,0.0,0
43.0,15.49,4.0,41.4,1.0,5.0,1.0,2.0,1.0,0.0,0.0,0.0,1.0,1
55.0,9.99,36.0,66.3,1.0,3.0,5.0,0.0,0.0,1.0,1.0,0.0,0.0,0
21.0,9.99,6.0,16.8,5.0,2.0,1.0,0.0,1.0,0.0,1.0,0.0,0.0,0
21.0,22.99,36.0,14.6,0.0,5.0,5.0,0.0,1.0,0.0,0.0,1.0,0.0,0
49.0,15.49,33.0,51.9,5.0,3.0,4.0,3.0,0.0,1.0,0.0,0.0,1.0,0
19.0,9.99,28.0,71.7,0.0,4.0,4.0,0.0,0.0,1.0,1.0,0.0,0.0,0
66.0,15.49,47.0,72.2,21.0,3.0,3.0,0.0,0.0,1.0,0.0,0.0,1.0,0
61.0,9.99,5.0,72.4,20.0,1.0,2.0,0.0,1.0,0.0,1.0,0.0,0.0,0
18.0,9.99,11.0,49.6,19.0,2.0,1.0,0.0,1.0,0.0,1.0,0.0,0.0,0
18.0,9.99,8.0,58.0,9.0,3.0,1.0,0.0,0.0,1.0,1.0,0.0,0.0,0
37.0,15.49,59.0,77.9,6.0,5.0,1.0,0.0,0.0,1.0,0.0,0.0,1.0,0
33.0,9.99,22.0,24.2,2.0,1.0,4.0,0.0,1.0,0.0,1.0,0.0,0.0,0
32.0,9.99,16.0,29.6,25.0,2.0,4.0,1.0,0.0,1.0,1.0,0.0,0.0,1
69.0,15.49,14.0,31.0,15.0,4.0,3.0,0.0,1.0,0.0,0.0,0.0,1.0,0
69.0,9.99,16.0,66.8,0.0,2.0,5.0,1.0,1.0,0.0,1.0,0.0,0.0,0
58.0,9.99,41.0,64.0,33.0,5.0,3.0,0.0,1.0,0.0,1.0,0.0,0.0,0
58.0,9.99,34.0,29.7,3.0,2.0,1.0,1.0,0.0,1.0,1.0,0.0,0.0,0
39.0,9.99,18.0,31.5,4.0,3.0,2.0,1.0,1.0,0.0,1.0,0.0,0.0,0
68.0,9.99,22.0,20.2,1.0,5.0,5.0,0.0,1.0,0.0,1.0,0.0,0.0,0
57.0,15.49,52.0,46.4,28.0,2.0,4.0,0.0,0.0,1.0,0.0,0.0,1.0,0
24.0,9.99,22.0,56.9,22.0,1.0,5.0,0.0,1.0,0.0,1.0,0.0,0.0,0
50.0,22.99,58.0,77.9,29.0,1.0,2.0,2.0,1.0,0.0,0.0,1.0,0.0,0
67.0,9.99,23.0,60.0,4.0,2.0,3.0,1.0,0.0,1.0,1.0,0.0,0.0,0
46.0,15.49,17.0,52.4,3.0,1.0,2.0,0.0,1.0,0.0,0.0,0.0,1.0,0
19.0,15.49,23.0,47.4,19.0,1.0,1.0,0.0,0.0,1.0,0.0,0.0,1.0,0
30.0,22.99,53.0,65.4,6.0,4.0,5.0,3.0,1.0,0.0,0.0,1.0,0.0,0
25.0,22.99,38.0,52.3,14.0,5.0,3.0,1.0,1.0,0.0,0.0,1.0,0.0,0
47.0,22.99,51.0,62.2,3.0,5.0,1.0,0.0,1.0,0.0,0.0,1.0,0.0,0
65.0,15.49,3.0,68.9,23.0,2.0,3.0,1.0,1.0,0.0,0.0,0.0,1.0,0
20.0,15.49,48.0,40.9,10.0,3.0,2.0,1.0,0.0,1.0,0.0,0.0,1.0,0
20.0,22.99,56.0,41.1,4.0,5.0,5.0,1.0,1.0,0.0,0.0,1.0,0.0,0
24.0,22.99,3.0,71.3,1.0,5.0,3.0,1.0,0.0,1.0,0.0,1.0,0.0,0
31.0,9.99,19.0,64.3,3.0,1.0,1.0,2.0,1.0,0.0,1.0,0.0,0.0,0
58.0,22.99,48.0,32.2,23.0,5.0,2.0,0.0,0.0,1.0,0.0,1.0,0.0,0
52.0,9.99,10.0,55.9,0.0,1.0,5.0,0.0,1.0,0.0,1.0,0.0,0.0,0
61.0,9.99,18.0,39.3,22.0,3.0,4.0,0.0,1.0,0.0,1.0,0.0,0.0,0
26.0,9.99,37.0,68.1,11.0,1.0,4.0,1.0,1.0,0.0,1.0,0.0,0.0,0
18.0,22.99,59.0,24.1,27.0,5.0,2.0,1.0,0.0,1.0,0.0,1.0,0.0,1
32.0,15.49,38.0,38.3,3.0,5.0,2.0,0.0,1.0,0.0,0.0,0.0,1.0,0
28.0,22.99,7.0,33.9,1.0,5.0,3.0,0.0,0.0,1.0,0.0,1.0,0.0,0
38.0,9.99,8.0,3.7,19.0,3.0,4.0,1.0,0.0,1.0,1.0,0.0,0.0,1
25.0,9.99,16.0,96.8,22.0,1.0,2.0,0.0,1.0,0.0,1.0,0.0,0.0,0
26.0,9.99,2.0,30.2,3.0,3.0,1.0,0.0,1.0,0.0,1.0,0.0,0.0,0
42.0,22.99,49.0,27.3,9.0,5.0,1.0,0.0,1.0,0.0,0.0,1.0,0.0,0
34.0,9.99,25.0,43.8,1.0,1.0,3.0,1.0,0.0,1.0,1.0,0.0,0.0,0
35.0,22.99,37.0,5.1,4.0,4.0,5.0,1.0,0.0,1.0,0.0,1.0,0.0,0
56.0,15.49,41.0,53.7,16.0,4.0,3.0,0.0,0.0,1.0,0.0,0.0,1.0,0
25.0,15.49,37.0,20.7,3.0,4.0,2.0,0.0,1.0,0.0,0.0,0.0,1.0,0
23.0,15.49,20.0,32.4,1.0,2.0,4.0,0.0,1.0,0.0,0.0,0.0,1.0,1
61.0,15.49,55.0,19.7,8.0,1.0,3.0,0.0,1.0,0.0,0.0,0.0,1.0,0
49.0,15.49,27.0,10.7,16.0,3.0,2.0,1.0,0.0,1.0,0.0,0.0,1.0,1
42.0,9.99,32.0,41.8,9.0,4.0,5.0,1.0,0.0,1.0,1.0,0.0,0.0,0
59.0,9.99,49.0,39.7,9.0,1.0,1.0,2.0,1.0,0.0,1.0,0.0,0.0,0
37.0,9.99,33.0,44.6,24.0,4.0,5.0,0.0,0.0,1.0,1.0,0.0,0.0,0
58.0,9.99,2.0,15.9,15.0,4.0,1.0,1.0,0.0,1.0,1.0,0.0,0.0,0
63.0,15.49,3.0,69.8,4.0,2.0,5.0,1.0,1.0,0.0,0.0,0.0,1.0,0
67.0,9.99,31.0,64.4,5.0,2.0,4.0,0.0,1.0,0.0,1.0,0.0,0.0,0
46.0,9.99,15.0,31.7,2.0,4.0,3.0,2.0,0.0,1.0,1.0,0.0,0.0,0
48.0,9.99,32.0,30.4,3.0,3.0,5.0,1.0,0.0,1.0,1.0,0.0,0.0,0
28.0,22.99,26.0,9.0,0.0,5.0,2.0,3.0,0.0,1.0,0.0,1.0,0.0,0
26.0,15.49,35.0,37.3,17.0,1.0,3.0,0.0,0.0,1.0,0.0,0.0,1.0,0
21.0,22.99,21.0,32.1,7.0,2.0,3.0,0.0,0.0,1.0,0.0,1.0,0.0,0
30.0,15.49,29.0,55.8,1.0,1.0,5.0,1.0,1.0,0.0,0.0,0.0,1.0,0
20.0,22.99,3.0,103.4,13.0,5.0,4.0,1.0,1.0,0.0,0.0,1.0,0.0,0
33.0,15.49,43.0,57.6,8.0,3.0,1.0,0.0,0.0,1.0,0.0,0.0,1.0,0
58.0,15.49,15.0,79.5,11.0,4.0,3.0,2.0,0.0,1.0,0.0,0.0,1.0,0
25.0,22.99,15.0,43.8,2.0,3.0,2.0,0.0,1.0,0.0,0.0,1.0,0.0,0
43.0,9.99,34.0,45.3,13.0,1.0,2.0,0.0,1.0,0.0,1.0,0.0,0.0,0
30.0,9.99,32.0,33.4,20.0,1.0,4.0,0.0,1.0,0.0,1.0,0.0,0.0,0
45.0,9.99,54.0,42.4,6.0,5.0,5.0,0.0,1.0,0.0,1.0,0.0,0.0,0
37.0,22.99,41.0,82.2,6.0,1.0,2.0,0.0,1.0,0.0,0.0,1.0,0.0,0
65.0,9.99,24.0,38.1,25.0,4.0,4.0,1.0,0.0,1.0,1.0,0.0,0.0,1
65.0,9.99,7.0,46.2,12.0,4.0,4.0,0.0,0.0,1.0,1.0,0.0,0.0,0
54.0,15.49,35.0,51.7,7.0,1.0,4.0,1.0,0.0,1.0,0.0,0.0,1.0,0
25.0,9.99,2.0,1.0,8.0,2.0,1.0,1.0,1.0,0.0,1.0,0.0,0.0,1
52.0,15.49,52.0,27.7,0.0,1.0,5.0,2.0,1.0,0.0,0.0,0.0,1.0,0
19.0,22.99,32.0,61.2,11.0,2.0,2.0,3.0,1.0,0.0,0.0,1.0,0.0,0
23.0,15.49,33.0,86.4,17.0,2.0,2.0,0.0,1.0,0.0,0.0,0.0,1.0,0
59.0,15.49,34.0,35.9,14.0,2.0,5.0,1.0,0.0,1.0,0.0,0.0,1.0,0
30.0,9.99,46.0,114.3,2.0,3.0,3.0,2.0,0.0,1.0,1.0,0.0,0.0,0
66.0,9.99,11.0,46.6,17.0,1.0,4.0,1.0,0.0,1.0,1.0,0.0,0.0,0
37.0,15.49,46.0,37.4,3.0,1.0,1.0,1.0,1.0,0.0,0.0,0.0,1.0,0
25.0,15.49,21.0,16.2,12.0,5.0,4.0,0.0,0.0,1.0,0.0,0.0,1.0,0
31.0,9.99,40.0,1.7,5.0,1.0,2.0,1.0,0.0,1.0,1.0,0.0,0.0,0
67.0,15.49,16.0,44.8,9.0,5.0,2.0,0.0,0.0,1.0,0.0,0.0,1.0,0
46.0,9.99,16.0,102.6,6.0,4.0,5.0,0.0,1.0,0.0,1.0,0.0,0.0,0
42.0,22.99,18.0,33.6,0.0,4.0,4.0,1.0,0.0,1.0,0.0,1.0,0.0,0
65.0,15.49,49.0,31.3,0.0,4.0,1.0,0.0,1.0,0.0,0.0,0.0,1.0,0
36.0,9.99,59.0,76.0,16.0,1.0,5.0,2.0,1.0,0.0,1.0,0.0,0.0,0
60.0,22.99,26.0,64.3,12.0,1.0,4.0,0.0,0.0,1.0,0.0,1.0,0.0,0
24.0,9.99,21.0,54.7,0.0,1.0,3.0,0.0,0.0,1.0,1.0,0.0,0.0,0
31.0,9.99,57.0,50.5,3.0,1.0,2.0,1.0,1.0,0.0,1.0,0.0,0.0,0
36.0,15.49,22.0,66.5,1.0,1.0,2.0,0.0,0.0,1.0,0.0,0.0,1.0,0
62.0,9.99,49.0,4.8,1.0,2.0,1.0,0.0,1.0,0.0,1.0,0.0,0.0,0
37.0,9.99,59.0,27.7,2.0,5.0,5.0,0.0,0.0,1.0,1.0,0.0,0.0,0
39.0,15.49,13.0,44.2,12.0,3.0,2.0,0.0,1.0,0.0,0.0,0.0,1.0,0
61.0,22.99,36.0,59.5,42.0,5.0,2.0,1.0,0.0,1.0,0.0,1.0,0.0,0
55.0,15.49,10.0,51.6,13.0,1.0,1.0,1.0,0.0,1.0,0.0,0.0,1.0,0
31.0,9.99,3.0,74.4,10.0,3.0,4.0,0.0,1.0,0.0,1.0,0.0,0.0,0
52.0,9.99,38.0,64.4,6.0,3.0,2.0,0.0,0.0,1.0,1.0,0.0,0.0,0
26.0,22.99,22.0,62.9,33.0,3.0,1.0,0.0,0.0,1.0,0.0,1.0,0.0,0
38.0,15.49,15.0,26.3,8.0,5.0,1.0,3.0,1.0,0.0,0.0,0.0,1.0,1
26.0,15.49,50.0,49.8,11.0,3.0,4.0,0.0,0.0,1.0,0.0,0.0,1.0,0
48.0,9.99,14.0,4.9,3.0,1.0,4.0,2.0,1.0,0.0,1.0,0.0,0.0,0
32.0,15.49,11.0,82.3,8.0,2.0,2.0,0.0,0.0,1.0,0.0,0.0,1.0,0
65.0,22.99,50.0,40.3,4.0,1.0,5.0,1.0,1.0,0.0,0.0,1.0,0.0,0
64.0,15.49,38.0,32.8,6.0,4.0,3.0,0.0,0.0,1.0,0.0,0.0,1.0,0
61.0,22.99,24.0,29.3,7.0,5.0,3.0,0.0,0.0,1.0,0.0,1.0,0.0,0
65.0,15.49,34.0,61.5,20.0,5.0,2.0,1.0,0.0,1.0,0.0,0.0,1.0,0
69.0,9.99,24.0,41.2,44.0,4.0,3.0,0.0,1.0,0.0,1.0,0.0,0.0,0
61.0,9.99,26.0,10.9,1.0,1.0,1.0,0.0,0.0,1.0,1.0,0.0,0.0,0
44.0,15.49,24.0,12.2,2.0,3.0,1.0,1.0,0.0,1.0,0.0,0.0,1.0,1
64.0,22.99,2.0,106.3,32.0,4.0,3.0,0.0,1.0,0.0,0.0,1.0,0.0,0
39.0,22.99,58.0,52.8,59.0,3.0,3.0,0.0,1.0,0.0,0.0,1.0,0.0,0
26.0,15.49,8.0,51.7,67.0,4.0,2.0,1.0,0.0,1.0,0.0,0.0,1.0,1
24.0,9.99,17.0,17.8,2.0,1.0,3.0,2.0,0.0,1.0,1.0,0.0,0.0,1
20.0,9.99,48.0,38.0,28.0,4.0,3.0,0.0,1.0,0.0,1.0,0.0,0.0,0
37.0,9.99,54.0,66.5,8.0,5.0,1.0,1.0,0.0,1.0,1.0,0.0,0.0,0
67.0,9.99,57.0,15.9,0.0,4.0,1.0,1.0,1.0,0.0,1.0,0.0,0.0,0
68.0,15.49,6.0,23.4,9.0,3.0,1.0,0.0,1.0,0.0,0.0,0.0,1.0,1
52.0,9.99,41.0,38.4,23.0,1.0,3.0,0.0,0.0,1.0,1.0,0.0,0.0,0
20.0,15.49,29.0,43.2,5.0,5.0,4.0,0.0,0.0,1.0,0.0,0.0,1.0,0
37.0,15.49,52.0,32.6,10.0,1.0,4.0,2.0,1.0,0.0,0.0,0.0,1.0,0
53.0,15.49,15.0,33.1,8.0,1.0,2.0,2.0,0.0,1.0,0.0,0.0,1.0,1
47.0,9.99,23.0,59.3,7.0,5.0,3.0,0.0,0.0,1.0,1.0,0.0,0.0,0
28.0,22.99,52.0,54.8,7.0,1.0,2.0,0.0,1.0,0.0,0.0,1.0,0.0,0
65.0,15.49,36.0,53.7,3.0,5.0,4.0,0.0,0.0,1.0,0.0,0.0,1.0,0
41.0,9.99,31.0,44.1,39.0,5.0,4.0,0.0,1.0,0.0,1.0,0.0,0.0,0
30.0,22.99,39.0,1.0,3.0,5.0,1.0,4.0,1.0,0.0,0.0,1.0,0.0,1
57.0,15.49,30.0,21.5,3.0,2.0,5.0,1.0,0.0,1.0,0.0,0.0,1.0,0
48.0,9.99,50.0,7.0,16.0,3.0,1.0,0.0,0.0,1.0,1.0,0.0,0.0,1
69.0,15.49,22.0,67.9,13.0,4.0,3.0,2.0,1.0,0.0,0.0,0.0,1.0,0
20.0,9.99,48.0,37.1,4.0,2.0,2.0,2.0,0.0,1.0,1.0,0.0,0.0,0
26.0,22.99,14.0,43.3,25.0,5.0,4.0,3.0,1.0,0.0,0.0,1.0,0.0,1
55.0,22.99,1.0,19.7,0.0,2.0,2.0,0.0,0.0,1.0,0.0,1.0,0.0,0
41.0,9.99,43.0,34.9,12.0,5.0,3.0,1.0,0.0,1.0,1.0,0.0,0.0,0
41.0,9.99,10.0,37.1,14.0,5.0,3.0,1.0,1.0,0.0,1.0,0.0,0.0,1
24.0,9.99,38.0,89.2,2.0,4.0,2.0,2.0,0.0,1.0,1.0,0.0,0.0,0
47.0,9.99,39.0,15.1,1.0,5.0,1.0,0.0,0.0,1.0,1.0,0.0,0.0,0
45.0,15.49,49.0,40.4,9.0,5.0,2.0,0.0,1.0,0.0,0.0,0.0,1.0,0
18.0,9.99,15.0,56.2,12.0,5.0,5.0,3.0,0.0,1.0,1.0,0.0,0.0,0
59.0,9.99,26.0,46.7,13.0,3.0,2.0,1.0,1.0,0.0,1.0,0.0,0.0,0
44.0,15.49,32.0,94.8,13.0,4.0,4.0,0.0,1.0,0.0,0.0,0.0,1.0,0
26.0,22.99,11.0,41.3,7.0,2.0,3.0,0.0,1.0,0.0,0.0,1.0,0.0,0
29.0,9.99,47.0,70.6,3.0,4.0,2.0,0.0,0.0,1.0,1.0,0.0,0.0,0
27.0,15.49,22.0,56.3,12.0,2.0,1.0,0.0,1.0,0.0,0.0,0.0,1.0,0
41.0,9.99,1.0,9.1,22.0,3.0,5.0,0.0,0.0,1.0,1.0,0.0,0.0,1
35.0,9.99,59.0,45.1,14.0,5.0,1.0,1.0,1.0,0.0,1.0,0.0,0.0,0
47.0,9.99,20.0,34.1,16.0,4.0,4.0,0.0,1.0,0.0,1.0,0.0,0.0,0
25.0,15.49,38.0,56.1,1.0,4.0,2.0,1.0,1.0,0.0,0.0,0.0,1.0,0
62.0,15.49,45.0,47.4,8.0,5.0,5.0,0.0,0.0,1.0,0.0,0.0,1.0,0
33.0,22.99,40.0,39.5,3.0,1.0,3.0,1.0,1.0,0.0,0.0,1.0,0.0,0
57.0,9.99,7.0,51.2,4.0,1.0,3.0,1.0,1.0,0.0,1.0,0.0,0.0,0
69.0,22.99,36.0,71.2,24.0,3.0,4.0,0.0,0.0,1.0,0.0,1.0,0.0,0
42.0,15.49,53.0,33.7,9.0,4.0,5.0,0.0,0.0,1.0,0.0,0.0,1.0,0
24.0,15.49,42.0,81.9,7.0,3.0,3.0,0.0,0.0,1.0,0.0,0.0,1.0,0
41.0,22.99,5.0,17.3,13.0,3.0,3.0,0.0,0.0,1.0,0.0,1.0,0.0,1
46.0,15.49,28.0,44.4,12.0,1.0,5.0,0.0,0.0,1.0,0.0,0.0,1.0,0
22.0,15.49,24.0,40.7,10.0,3.0,3.0,0.0,0.0,1.0,0.0,0.0,1.0,0
57.0,15.49,33.0,35.4,10.0,5.0,3.0,0.0,0.0,1.0,0.0,0.0,1.0,0
35.0,9.99,31.0,54.1,6.0,3.0,4.0,0.0,1.0,0.0,1.0,0.0,0.0,0
43.0,15.49,5.0,70.9,5.0,1.0,4.0,1.0,0.0,1.0,0.0,0.0,1.0,0
28.0,15.49,42.0,75.2,1.0,2.0,5.0,0.0,0.0,1.0,0.0,0.0,1.0,0
62.0,9.99,29.0,66.3,21.0,2.0,1.0,1.0,0.0,1.0,1.0,0.0,0.0,0
55.0,15.49,46.0,39.7,16.0,4.0,4.0,0.0,1.0,0.0,0.0,0.0,1.0,0
24.0,9.99,2.0,42.2,7.0,1.0,4.0,1.0,0.0,1.0,1.0,0.0,0.0,0
51.0,9.99,34.0,13.3,23.0,2.0,3.0,1.0,0.0,1.0,1.0,0.0,0.0,0
68.0,15.49,28.0,71.9,2.0,4.0,2.0,0.0,0.0,1.0,0.0,0.0,1.0,0
37.0,9.99,54.0,5.7,7.0,5.0,4.0,1.0,1.0,0.0,1.0,0.0,0.0,1
54.0,15.49,3.0,56.1,4.0,1.0,3.0,0.0,1.0,0.0,0.0,0.0,1.0,0
40.0,15.49,20.0,21.7,28.0,2.0,3.0,0.0,1.0,0.0,0.0,0.0,1.0,0
23.0,9.99,47.0,49.1,18.0,2.0,5.0,0.0,1.0,0.0,1.0,0.0,0.0,0
38.0,15.49,5.0,54.8,16.0,3.0,2.0,0.0,0.0,1.0,0.0,0.0,1.0,0
23.0,15.49,19.0,7.8,21.0,5.0,3.0,1.0,1.0,0.0,0.0,0.0,1.0,1
39.0,15.49,36.0,38.0,7.0,1.0,5.0,0.0,0.0,1.0,0.0,0.0,1.0,0
64.0,15.49,25.0,39.3,9.0,1.0,3.0,0.0,0.0,1.0,0.0,0.0,1.0,0
56.0,15.49,32.0,34.8,23.0,5.0,5.0,1.0,0.0,1.0,0.0,0.0,1.0,0
35.0,15.49,1.0,54.9,11.0,2.0,1.0,0.0,1.0,0.0,0.0,0.0,1.0,0
20.0,15.49,42.0,27.0,7.0,2.0,4.0,0.0,0.0,1.0,0.0,0.0,1.0,0
69.0,9.99,3.0,35.1,9.0,1.0,4.0,0.0,0.0,1.0,1.0,0.0,0.0,0
43.0,15.49,48.0,58.7,4.0,1.0,5.0,0.0,0.0,1.0,0.0,0.0,1.0,0
56.0,15.49,36.0,71.8,11.0,3.0,5.0,0.0,0.0,1.0,0.0,0.0,1.0,0
62.0,22.99,13.0,60.2,0.0,3.0,4.0,1.0,0.0,1.0,0.0,1.0,0.0,0
53.0,15.49,6.0,32.8,3.0,1.0,2.0,0.0,0.0,1.0,0.0,0.0,1.0,0
56.0,22.99,36.0,59.4,15.0,3.0,2.0,1.0,0.0,1.0,0.0,1.0,0.0,0
63.0,22.99,41.0,68.8,24.0,1.0,2.0,0.0,0.0,1.0,0.0,1.0,0.0,0
48.0,15.49,32.0,54.7,33.0,3.0,4.0,0.0,0.0,1.0,0.0,0.0,1.0,0
28.0,9.99,10.0,51.6,28.0,2.0,2.0,1.0,1.0,0.0,1.0,0.0,0.0,0
37.0,15.49,34.0,55.3,18.0,4.0,1.0,0.0,0.0,1.0,0.0,0.0,1.0,0
42.0,15.49,9.0,36.2,8.0,4.0,2.0,2.0,1.0,0.0,0.0,0.0,1.0,0
23.0,15.49,48.0,17.6,0.0,4.0,5.0,0.0,1.0,0.0,0.0,0.0,1.0,0
48.0,15.49,40.0,96.3,22.0,5.0,1.0,0.0,1.0,0.0,0.0,0.0,1.0,0
48.0,9.99,55.0,35.0,3.0,5.0,3.0,0.0,1.0,0.0,1.0,0.0,0.0,0
18.0,9.99,21.0,68.7,5.0,1.0,5.0,0.0,0.0,1.0,1.0,0.0,0.0,0
64.0,9.99,54.0,97.9,7.0,5.0,5.0,2.0,0.0,1.0,1.0,0.0,0.0,0
56.0,15.49,17.0,49.3,33.0,2.0,2.0,2.0,1.0,0.0,0.0,0.0,1.0,0
65.0,9.99,14.0,27.4,3.0,3.0,3.0,2.0,1.0,0.0,1.0,0.0,0.0,0
51.0,15.49,53.0,70.8,15.0,1.0,5.0,0.0,0.0,1.0,0.0,0.0,1.0,0
52.0,22.99,12.0,60.1,26.0,1.0,4.0,1.0,1.0,0.0,0.0,1.0,0.0,0
30.0,9.99,17.0,66.2,11.0,4.0,1.0,0.0,1.0,0.0,1.0,0.0,0.0,0
46.0,15.49,35.0,77.4,13.0,4.0,1.0,1.0,0.0,1.0,0.0,0.0,1.0,0
64.0,22.99,43.0,42.8,8.0,1.0,2.0,0.0,1.0,0.0,0.0,1.0,0.0,0
47.0,22.99,13.0,5.0,2.0,5.0,2.0,2.0,0.0,1.0,0.0,1.0,0.0,0
52.0,15.49,24.0,30.7,8.0,1.0,3.0,1.0,0.0,1.0,0.0,0.0,1.0,0
69.0,22.99,48.0,14.6,10.0,2.0,1.0,0.0,1.0,0.0,0.0,1.0,0.0,0
41.0,9.99,53.0,59.1,22.0,3.0,1.0,1.0,1.0,0.0,1.0,0.0,0.0,0
43.0,15.49,18.0,24.8,0.0,1.0,3.0,0.0,0.0,1.0,0.0,0.0,1.0,0
32.0,15.49,43.0,58.8,75.0,4.0,5.0,0.0,0.0,1.0,0.0,0.0,1.0,1
26.0,22.99,18.0,26.3,9.0,4.0,4.0,0.0,1.0,0.0,0.0,1.0,0.0,0
55.0,9.99,11.0,56.9,14.0,3.0,1.0,0.0,0.0,1.0,1.0,0.0,0.0,0
63.0,15.49,34.0,1.0,4.0,3.0,4.0,2.0,0.0,1.0,0.0,0.0,1.0,1
56.0,9.99,20.0,63.1,16.0,5.0,1.0,0.0,0.0,1.0,1.0,0.0,0.0,0
20.0,9.99,59.0,37.1,6.0,2.0,2.0,1.0,0.0,1.0,1.0,0.0,0.0,0
35.0,15.49,31.0,96.9,17.0,4.0,2.0,0.0,0.0,1.0,0.0,0.0,1.0,0
68.0,15.49,12.0,25.5,7.0,5.0,1.0,0.0,0.0,1.0,0.0,0.0,1.0,0
18.0,15.49,40.0,54.1,11.0,4.0,3.0,1.0,1.0,0.0,0.0,0.0,1.0,0
67.0,9.99,13.0,70.4,10.0,2.0,4.0,2.0,0.0,1.0,1.0,0.0,0.0,0
25.0,9.99,55.0,3.4,7.0,2.0,1.0,2.0,0.0,1.0,1.0,0.0,0.0,1
67.0,9.99,28.0,30.0,5.0,5.0,2.0,0.0,0.0,1.0,1.0,0.0,0.0,0
29.0,9.99,8.0,39.0,37.0,5.0,5.0,1.0,0.0,1.0,1.0,0.0,0.0,1
18.0,15.49,58.0,30.2,22.0,4.0,5.0,0.0,0.0,1.0,0.0,0.0,1.0,0
58.0,9.99,36.0,53.0,12.0,4.0,5.0,0.0,1.0,0.0,1.0,0.0,0.0,0
44.0,15.49,3.0,76.7,20.0,1.0,2.0,0.0,0.0,1.0,0.0,0.0,1.0,0
46.0,9.99,50.0,42.9,18.0,4.0,3.0,1.0,1.0,0.0,1.0,0.0,0.0,0
65.0,9.99,20.0,104.6,43.0,2.0,2.0,2.0,0.0,1.0,1.0,0.0,0.0,0
37.0,15.49,31.0,65.3,7.0,1.0,5.0,1.0,0.0,1.0,0.0,0.0,1.0,0
41.0,9.99,17.0,67.1,8.0,1.0,3.0,0.0,1.0,0.0,1.0,0.0,0.0,0
24.0,15.49,19.0,7.8,9.0,1.0,5.0,0.0,1.0,0.0,0.0,0.0,1.0,0
61.0,9.99,21.0,26.0,6.0,1.0,3.0,2.0,0.0,1.0,1.0,0.0,0.0,0
68.0,22.99,52.0,39.4,0.0,4.0,4.0,0.0,1.0,0.0,0.0,1.0,0.0,0
31.0,22.99,22.0,18.9,10.0,3.0,3.0,2.0,1.0,0.0,0.0,1.0,0.0,1
23.0,9.99,10.0,63.8,1.0,1.0,2.0,0.0,0.0,1.0,1.0,0.0,0.0,0
49.0,15.49,19.0,42.1,2.0,5.0,3.0,1.0,1.0,0.0,0.0,0.0,1.0,0
68.0,15.49,46.0,78.6,14.0,3.0,4.0,0.0,0.0,1.0,0.0,0.0,1.0,0
49.0,22.99,21.0,57.9,37.0,4.0,3.0,0.0,0.0,1.0,0.0,1.0,0.0,0
19.0,15.49,13.0,51.4,16.0,5.0,5.0,1.0,1.0,0.0,0.0,0.0,1.0,0
54.0,15.49,5.0,68.2,0.0,4.0,5.0,0.0,0.0,1.0,0.0,0.0,1.0,0
23.0,9.99,12.0,39.5,4.0,3.0,1.0,0.0,0.0,1.0,1.0,0.0,0.0,0
58.0,15.49,39.0,81.5,4.0,5.0,2.0,0.0,0.0,1.0,0.0,0.0,1.0,0
21.0,22.99,12.0,20.8,8.0,5.0,3.0,2.0,0.0,1.0,0.0,1.0,0.0,1
35.0,22.99,57.0,88.7,22.0,1.0,2.0,0.0,0.0,1.0,0.0,1.0,0.0,0
61.0,15.49,53.0,88.2,22.0,4.0,5.0,0.0,1.0,0.0,0.0,0.0,1.0,0
18.0,22.99,8.0,78.0,5.0,2.0,1.0,0.0,1.0,0.0,0.0,1.0,0.0,0
50.0,9.99,10.0,34.1,2.0,1.0,5.0,0.0,0.0,1.0,1.0,0.0,0.0,0
56.0,15.49,42.0,65.6,40.0,1.0,4.0,2.0,1.0,0.0,0.0,0.0,1.0,0
34.0,9.99,13.0,29.9,31.0,2.0,1.0,1.0,0.0,1.0,1.0,0.0,0.0,0
33.0,15.49,53.0,61.4,2.0,2.0,4.0,1.0,0.0,1.0,0.0,0.0,1.0,0
36.0,22.99,47.0,13.0,29.0,3.0,5.0,0.0,1.0,0.0,0.0,1.0,0.0,1
68.0,9.99,38.0,44.6,5.0,4.0,3.0,1.0,0.0,1.0,1.0,0.0,0.0,0
42.0,22.99,14.0,19.8,1.0,4.0,4.0,0.0,1.0,0.0,0.0,1.0,0.0,0
35.0,15.49,11.0,53.5,7.0,1.0,3.0,2.0,1.0,0.0,0.0,0.0,1.0,0
66.0,15.49,10.0,15.5,35.0,4.0,1.0,2.0,0.0,1.0,0.0,0.0,1.0,1
34.0,22.99,53.0,62.3,8.0,2.0,5.0,1.0,0.0,1.0,0.0,1.0,0.0,0
45.0,22.99,40.0,63.2,51.0,4.0,3.0,1.0,0.0,1.0,0.0,1.0,0.0,0
58.0,9.99,17.0,63.3,7.0,4.0,3.0,2.0,1.0,0.0,1.0,0.0,0.0,1
39.0,15.49,11.0,54.7,0.0,5.0,2.0,0.0,1.0,0.0,0.0,0.0,1.0,0
42.0,22.99,15.0,66.6,8.0,2.0,1.0,0.0,0.0,1.0,0.0,1.0,0.0,0
31.0,15.49,29.0,44.9,5.0,1.0,4.0,0.0,1.0,0.0,0.0,0.0,1.0,0
19.0,15.49,42.0,21.6,6.0,2.0,2.0,0.0,0.0,1.0,0.0,0.0,1.0,0
57.0,22.99,15.0,66.7,12.0,4.0,3.0,0.0,0.0,1.0,0.0,1.0,0.0,0
60.0,15.49,11.0,34.2,13.0,3.0,5.0,0.0,1.0,0.0,0.0,0.0,1.0,0
63.0,15.49,33.0,57.0,7.0,4.0,2.0,0.0,0.0,1.0,0.0,0.0,1.0,0
40.0,9.99,10.0,49.9,1.0,2.0,5.0,2.0,0.0,1.0,1.0,0.0,0.0,0
55.0,22.99,11.0,23.3,9.0,4.0,3.0,0.0,0.0,1.0,0.0,1.0,0.0,0
68.0,9.99,54.0,55.7,4.0,3.0,4.0,1.0,1.0,0.0,1.0,0.0,0.0,0
26.0,22.99,44.0,60.6,8.0,3.0,5.0,0.0,1.0,0.0,0.0,1.0,0.0,0
32.0,9.99,57.0,33.7,13.0,5.0,5.0,0.0,0.0,1.0,1.0,0.0,0.0,0
66.0,9.99,37.0,55.3,15.0,1.0,1.0,0.0,0.0,1.0,1.0,0.0,0.0,0
36.0,15.49,42.0,70.5,2.0,4.0,3.0,1.0,0.0,1.0,0.0,0.0,1.0,0
69.0,15.49,59.0,53.7,0.0,2.0,4.0,0.0,0.0,1.0,0.0,0.0,1.0,0
30.0,9.99,33.0,40.6,11.0,4.0,1.0,0.0,1.0,0.0,1.0,0.0,0.0,0
62.0,22.99,27.0,96.0,14.0,2.0,4.0,1.0,1.0,0.0,0.0,1.0,0.0,0
65.0,22.99,28.0,1.0,30.0,2.0,2.0,1.0,1.0,0.0,0.0,1.0,0.0,1
53.0,9.99,44.0,42.3,17.0,3.0,2.0,2.0,0.0,1.0,1.0,0.0,0.0,0
32.0,9.99,39.0,66.9,9.0,1.0,5.0,0.0,0.0,1.0,1.0,0.0,0.0,0
23.0,9.99,58.0,37.6,11.0,2.0,4.0,2.0,0.0,1.0,1.0,0.0,0.0,0
25.0,15.49,40.0,23.8,12.0,5.0,2.0,0.0,0.0,1.0,0.0,0.0,1.0,0
32.0,15.49,7.0,56.4,9.0,3.0,1.0,1.0,0.0,1.0,0.0,0.0,1.0,0
37.0,15.49,38.0,70.3,6.0,4.0,4.0,0.0,0.0,1.0,0.0,0.0,1.0,0
54.0,9.99,29.0,73.6,3.0,3.0,2.0,1.0,1.0,0.0,1.0,0.0,0.0,0
50.0,22.99,1.0,6.2,0.0,4.0,2.0,0.0,0.0,1.0,0.0,1.0,0.0,1
46.0,15.49,42.0,40.3,11.0,2.0,4.0,0.0,0.0,1.0,0.0,0.0,1.0,0
29.0,9.99,14.0,49.6,7.0,1.0,2.0,1.0,1.0,0.0,1.0,0.0,0.0,0
35.0,15.49,50.0,63.8,26.0,2.0,1.0,1.0,1.0,0.0,0.0,0.0,1.0,0
33.0,15.49,27.0,78.4,4.0,1.0,2.0,0.0,0.0,1.0,0.0,0.0,1.0,0
22.0,22.99,39.0,40.5,14.0,3.0,3.0,0.0,0.0,1.0,0.0,1.0,0.0,0
53.0,22.99,48.0,53.4,14.0,3.0,5.0,0.0,0.0,1.0,0.0,1.0,0.0,0
39.0,9.99,3.0,90.7,6.0,1.0,3.0,3.0,0.0,1.0,1.0,0.0,0.0,0
35.0,15.49,37.0,36.8,2.0,1.0,4.0,1.0,1.0,0.0,0.0,0.0,1.0,0
18.0,9.99,59.0,41.2,12.0,3.0,1.0,0.0,1.0,0.0,1.0,0.0,0.0,0
23.0,9.99,40.0,67.8,1.0,2.0,1.0,0.0,0.0,1.0,1.0,0.0,0.0,0
68.0,9.99,40.0,38.6,10.0,5.0,3.0,2.0,1.0,0.0,1.0,0.0,0.0,0
42.0,15.49,24.0,27.4,53.0,5.0,1.0,1.0,0.0,1.0,0.0,0.0,1.0,1
51.0,9.99,13.0,54.9,10.0,4.0,3.0,0.0,1.0,0.0,1.0,0.0,0.0,0
22.0,15.49,13.0,16.7,2.0,1.0,3.0,0.0,0.0,1.0,0.0,0.0,1.0,0
41.0,9.99,23.0,67.4,0.0,5.0,3.0,0.0,1.0,0.0,1.0,0.0,0.0,0
19.0,9.99,2.0,68.0,15.0,5.0,1.0,1.0,0.0,1.0,1.0,0.0,0.0,0
44.0,15.49,11.0,74.1,15.0,5.0,1.0,0.0,0.0,1.0,0.0,0.0,1.0,0
24.0,9.99,56.0,36.7,50.0,5.0,3.0,1.0,1.0,0.0,1.0,0.0,0.0,0
45.0,15.49,50.0,44.1,32.0,2.0,5.0,0.0,0.0,1.0,0.0,0.0,1.0,0
21.0,15.49,53.0,31.6,4.0,5.0,4.0,1.0,1.0,0.0,0.0,0.0,1.0,0
69.0,22.99,6.0,37.3,20.0,3.0,5.0,1.0,0.0,1.0,0.0,1.0,0.0,1
63.0,9.99,19.0,6.7,0.0,5.0,5.0,0.0,0.0,1.0,1.0,0.0,0.0,0
43.0,9.99,18.0,58.9,16.0,5.0,3.0,1.0,0.0,1.0,1.0,0.0,0.0,0
28.0,9.99,22.0,109.0,5.0,4.0,4.0,1.0,1.0,0.0,1.0,0.0,0.0,0
31.0,9.99,13.0,51.2,1.0,3.0,4.0,0.0,1.0,0.0,1.0,0.0,0.0,0
69.0,9.99,3.0,47.7,5.0,4.0,2.0,0.0,1.0,0.0,1.0,0.0,0.0,0
27.0,9.99,34.0,39.5,1.0,1.0,4.0,2.0,1.0,0.0,1.0,0.0,0.0,0
37.0,22.99,21.0,53.9,5.0,3.0,3.0,2.0,1.0,0.0,0.0,1.0,0.0,0
40.0,9.99,22.0,5.9,15.0,2.0,2.0,0.0,1.0,0.0,1.0,0.0,0.0,0
47.0,9.99,38.0,76.0,16.0,3.0,4.0,1.0,0.0,1.0,1.0,0.0,0.0,0
52.0,22.99,8.0,62.2,22.0,5.0,1.0,2.0,1.0,0.0,0.0,1.0,0.0,1
55.0,22.99,15.0,43.5,0.0,4.0,3.0,0.0,0.0,1.0,0.0,1.0,0.0,0
49.0,9.99,32.0,113.5,3.0,5.0,2.0,1.0,1.0,0.0,1.0,0.0,0.0,0
51.0,9.99,12.0,1.0,40.0,3.0,1.0,2.0,0.0,1.0,1.0,0.0,0.0,1
47.0,15.49,9.0,73.6,33.0,5.0,3.0,0.0,0.0,1.0,0.0,0.0,1.0,0
52.0,9.99,19.0,26.1,5.0,4.0,3.0,0.0,0.0,1.0,1.0,0.0,0.0,0
27.0,9.99,27.0,56.7,10.0,1.0,1.0,1.0,1.0,0.0,1.0,0.0,0.0,0
18.0,22.99,54.0,40.2,11.0,4.0,1.0,0.0,1.0,0.0,0.0,1.0,0.0,0
24.0,22.99,40.0,60.4,2.0,1.0,3.0,1.0,1.0,0.0,0.0,1.0,0.0,0
48.0,15.49,25.0,25.3,6.0,2.0,1.0,0.0,0.0,1.0,0.0,0.0,1.0,0
44.0,22.99,6.0,37.4,1.0,1.0,2.0,0.0,1.0,0.0,0.0,1.0,0.0,0
30.0,15.49,35.0,1.0,5.0,1.0,1.0,0.0,0.0,1.0,0.0,0.0,1.0,0
20.0,15.49,42.0,39.9,0.0,2.0,5.0,1.0,1.0,0.0,0.0,0.0,1.0,0
53.0,15.49,10.0,77.0,8.0,1.0,4.0,2.0,0.0,1.0,0.0,0.0,1.0,0
33.0,15.49,39.0,89.8,1.0,4.0,3.0,1.0,0.0,1.0,0.0,0.0,1.0,0
34.0,9.99,9.0,89.5,21.0,5.0,4.0,0.0,1.0,0.0,1.0,0.0,0.0,0
32.0,9.99,57.0,31.6,1.0,4.0,5.0,0.0,0.0,1.0,1.0,0.0,0.0,0
63.0,22.99,16.0,47.3,0.0,3.0,4.0,2.0,1.0,0.0,0.0,1.0,0.0,0
38.0,15.49,42.0,56.7,7.0,1.0,4.0,0.0,0.0,1.0,0.0,0.0,1.0,0
47.0,9.99,58.0,67.5,62.0,4.0,1.0,0.0,0.0,1.0,1.0,0.0,0.0,0
50.0,15.49,42.0,1.0,8.0,1.0,2.0,0.0,0.0,1.0,0.0,0.0,1.0,0
23.0,9.99,57.0,45.3,3.0,1.0,4.0,1.0,1.0,0.0,1.0,0.0,0.0,0
42.0,15.49,56.0,28.7,7.0,1.0,3.0,2.0,1.0,0.0,0.0,0.0,1.0,0
40.0,22.99,47.0,94.1,9.0,4.0,1.0,2.0,0.0,1.0,0.0,1.0,0.0,0
38.0,22.99,29.0,51.0,22.0,5.0,1.0,0.0,1.0,0.0,0.0,1.0,0.0,0
27.0,15.49,14.0,55.8,5.0,2.0,1.0,0.0,1.0,0.0,0.0,0.0,1.0,0
54.0,15.49,42.0,64.3,6.0,2.0,2.0,0.0,1.0,0.0,0.0,0.0,1.0,0
31.0,9.99,41.0,94.9,0.0,3.0,4.0,0.0,1.0,0.0,1.0,0.0,0.0,0
51.0,22.99,33.0,64.1,12.0,2.0,2.0,0.0,0.0,1.0,0.0,1.0,0.0,0
46.0,22.99,38.0,71.3,13.0,3.0,3.0,0.0,1.0,0.0,0.0,1.0,0.0,0
48.0,22.99,5.0,70.9,7.0,2.0,2.0,0.0,1.0,0.0,0.0,1.0,0.0,0
31.0,9.99,12.0,84.2,7.0,4.0,1.0,0.0,0.0,1.0,1.0,0.0,0.0,0
63.0,22.99,17.0,5.0,5.0,1.0,3.0,0.0,0.0,1.0,0.0,1.0,0.0,0
40.0,15.49,51.0,28.6,8.0,1.0,3.0,0.0,0.0,1.0,0.0,0.0,1.0,0
68.0,15.49,43.0,95.6,27.0,1.0,1.0,0.0,0.0,1.0,0.0,0.0,1.0,0
29.0,9.99,42.0,38.3,2.0,2.0,1.0,0.0,0.0,1.0,1.0,0.0,0.0,0
46.0,9.99,55.0,60.1,9.0,5.0,1.0,0.0,0.0,1.0,1.0,0.0,0.0,0
20.0,9.99,57.0,37.3,5.0,5.0,1.0,0.0,1.0,0.0,1.0,0.0,0.0,0
27.0,15.49,15.0,39.4,8.0,2.0,4.0,0.0,0.0,1.0,0.0,0.0,1.0,0
46.0,22.99,53.0,30.3,18.0,2.0,2.0,0.0,0.0,1.0,0.0,1.0,0.0,0
33.0,9.99,27.0,15.7,3.0,2.0,2.0,0.0,0.0,1.0,1.0,0.0,0.0,0
49.0,9.99,51.0,19.0,8.0,5.0,3.0,0.0,0.0,1.0,1.0,0.0,0.0,0
42.0,15.49,59.0,60.8,45.0,1.0,1.0,1.0,0.0,1.0,0.0,0.0,1.0,0
68.0,15.49,36.0,72.5,3.0,2.0,3.0,1.0,1.0,0.0,0.0,0.0,1.0,0
66.0,9.99,5.0,82.3,8.0,3.0,1.0,1.0,1.0,0.0,1.0,0.0,0.0,0
41.0,9.99,37.0,27.4,4.0,1.0,3.0,4.0,1.0,0.0,1.0,0.0,0.0,0
55.0,22.99,30.0,27.6,42.0,4.0,2.0,0.0,0.0,1.0,0.0,1.0,0.0,1
63.0,15.49,41.0,61.7,31.0,2.0,4.0,1.0,0.0,1.0,0.0,0.0,1.0,0
68.0,15.49,14.0,56.7,12.0,3.0,2.0,0.0,0.0,1.0,0.0,0.0,1.0,0
47.0,15.49,44.0,110.1,0.0,1.0,3.0,0.0,1.0,0.0,0.0,0.0,1.0,0
28.0,22.99,18.0,58.8,2.0,1.0,1.0,1.0,1.0,0.0,0.0,1.0,0.0,0
26.0,9.99,1.0,28.2,1.0,5.0,4.0,2.0,1.0,0.0,1.0,0.0,0.0,1
27.0,9.99,8.0,103.1,66.0,3.0,4.0,1.0,0.0,1.0,1.0,0.0,0.0,0
30.0,22.99,51.0,45.9,20.0,2.0,4.0,1.0,0.0,1.0,0.0,1.0,0.0,0
58.0,22.99,26.0,45.4,15.0,3.0,4.0,0.0,1.0,0.0,0.0,1.0,0.0,0
35.0,15.49,12.0,35.7,6.0,1.0,1.0,0.0,0.0,1.0,0.0,0.0,1.0,0
32.0,15.49,52.0,44.4,2.0,5.0,5.0,0.0,0.0,1.0,0.0,0.0,1.0,0
53.0,9.99,43.0,57.0,0.0,2.0,2.0,3.0,0.0,1.0,1.0,0.0,0.0,0
51.0,15.49,9.0,17.0,31.0,4.0,4.0,0.0,0.0,1.0,0.0,0.0,1.0,0
66.0,9.99,32.0,69.3,4.0,3.0,3.0,0.0,0.0,1.0,1.0,0.0,0.0,0
36.0,9.99,36.0,1.0,6.0,4.0,2.0,1.0,0.0,1.0,1.0,0.0,0.0,0
38.0,15.49,57.0,5.3,5.0,3.0,2.0,0.0,0.0,1.0,0.0,0.0,1.0,0
45.0,22.99,30.0,80.2,5.0,1.0,3.0,1.0,1.0,0.0,0.0,1.0,0.0,0
46.0,9.99,55.0,28.6,5.0,1.0,1.0,0.0,1.0,0.0,1.0,0.0,0.0,0
58.0,22.99,31.0,65.9,1.0,3.0,4.0,1.0,0.0,1.0,0.0,1.0,0.0,0
60.0,9.99,41.0,52.1,11.0,1.0,2.0,1.0,0.0,1.0,1.0,0.0,0.0,0
45.0,15.49,35.0,62.2,10.0,2.0,2.0,1.0,1.0,0.0,0.0,0.0,1.0,0
61.0,9.99,46.0,57.2,49.0,1.0,3.0,1.0,1.0,0.0,1.0,0.0,0.0,0
26.0,15.49,40.0,76.0,14.0,3.0,1.0,1.0,0.0,1.0,0.0,0.0,1.0,0
35.0,22.99,47.0,35.3,1.0,2.0,4.0,0.0,0.0,1.0,0.0,1.0,0.0,0
36.0,22.99,43.0,87.6,8.0,2.0,4.0,1.0,1.0,0.0,0.0,1.0,0.0,0
18.0,9.99,25.0,25.3,14.0,1.0,5.0,1.0,1.0,0.0,1.0,0.0,0.0,0
32.0,9.99,5.0,48.2,9.0,5.0,1.0,0.0,0.0,1.0,1.0,0.0,0.0,0
32.0,15.49,9.0,32.0,7.0,4.0,1.0,1.0,0.0,1.0,0.0,0.0,1.0,0
60.0,9.99,37.0,23.7,4.0,2.0,3.0,4.0,1.0,0.0,1.0,0.0,0.0,1
60.0,15.49,59.0,57.8,22.0,1.0,1.0,1.0,1.0,0.0,0.0,0.0,1.0,0
66.0,22.99,1.0,28.0,13.0,1.0,3.0,1.0,0.0,1.0,0.0,1.0,0.0,1
20.0,15.49,11.0,42.4,38.0,3.0,2.0,1.0,0.0,1.0,0.0,0.0,1.0,1
50.0,15.49,52.0,65.9,4.0,2.0,1.0,2.0,1.0,0.0,0.0,0.0,1.0,0
31.0,22.99,11.0,23.4,3.0,4.0,5.0,0.0,1.0,0.0,0.0,1.0,0.0,0
54.0,15.49,26.0,7.7,11.0,5.0,5.0,2.0,1.0,0.0,0.0,0.0,1.0,0
53.0,9.99,29.0,55.4,21.0,5.0,1.0,1.0,1.0,0.0,1.0,0.0,0.0,0
37.0,9.99,21.0,18.0,2.0,4.0,3.0,1.0,0.0,1.0,1.0,0.0,0.0,0
47.0,15.49,57.0,73.6,3.0,3.0,4.0,0.0,0.0,1.0,0.0,0.0,1.0,0
24.0,9.99,58.0,66.2,1.0,3.0,1.0,1.0,0.0,1.0,1.0,0.0,0.0,0
69.0,15.49,39.0,43.9,23.0,4.0,2.0,0.0,1.0,0.0,0.0,0.0,1.0,0
40.0,15.49,43.0,89.4,6.0,3.0,1.0,2.0,0.0,1.0,0.0,0.0,1.0,0
31.0,15.49,52.0,30.4,9.0,4.0,1.0,0.0,0.0,1.0,0.0,0.0,1.0,0
50.0,22.99,35.0,4.1,11.0,4.0,5.0,0.0,1.0,0.0,0.0,1.0,0.0,0
39.0,22.99,15.0,62.8,1.0,2.0,5.0,0.0,1.0,0.0,0.0,1.0,0.0,0
40.0,15.49,57.0,41.3,2.0,3.0,3.0,0.0,0.0,1.0,0.0,0.0,1.0,0
62.0,9.99,58.0,40.4,2.0,4.0,5.0,0.0,0.0,1.0,1.0,0.0,0.0,0
67.0,22.99,4.0,72.8,32.0,3.0,4.0,0.0,1.0,0.0,0.0,1.0,0.0,0
38.0,9.99,8.0,65.9,5.0,4.0,3.0,0.0,1.0,0.0,1.0,0.0,0.0,0
26.0,9.99,23.0,24.2,21.0,2.0,5.0,3.0,0.0,1.0,1.0,0.0,0.0,1
30.0,15.49,34.0,47.6,1.0,3.0,2.0,0.0,0.0,1.0,0.0,0.0,1.0,0
54.0,9.99,46.0,83.0,6.0,5.0,2.0,1.0,1.0,0.0,1.0,0.0,0.0,0
62.0,15.49,16.0,55.4,2.0,1.0,2.0,0.0,0.0,1.0,0.0,0.0,1.0,0
29.0,9.99,32.0,36.1,2.0,1.0,3.0,2.0,1.0,0.0,1.0,0.0,0.0,0
26.0,9.99,53.0,33.4,9.0,4.0,1.0,0.0,1.0,0.0,1.0,0.0,0.0,0
52.0,9.99,1.0,21.3,11.0,5.0,5.0,0.0,1.0,0.0,1.0,0.0,0.0,0
37.0,22.99,23.0,42.1,62.0,2.0,2.0,0.0,0.0,1.0,0.0,1.0,0.0,0
34.0,15.49,25.0,26.0,9.0,1.0,3.0,1.0,1.0,0.0,0.0,0.0,1.0,0
20.0,9.99,50.0,81.7,5.0,5.0,3.0,1.0,1.0,0.0,1.0,0.0,0.0,0
23.0,15.49,5.0,49.1,6.0,1.0,5.0,0.0,0.0,1.0,0.0,0.0,1.0,0
19.0,15.49,18.0,78.6,0.0,5.0,2.0,0.0,1.0,0.0,0.0,0.0,1.0,0
67.0,15.49,18.0,39.0,2.0,1.0,3.0,1.0,1.0,0.0,0.0,0.0,1.0,0
49.0,15.49,23.0,36.4,2.0,1.0,4.0,1.0,0.0,1.0,0.0,0.0,1.0,0
35.0,22.99,52.0,59.8,7.0,3.0,5.0,1.0,0.0,1.0,0.0,1.0,0.0,0
45.0,15.49,29.0,41.2,1.0,4.0,1.0,1.0,0.0,1.0,0.0,0.0,1.0,0
30.0,15.49,55.0,59.4,8.0,2.0,5.0,0.0,1.0,0.0,0.0,0.0,1.0,0
54.0,22.99,48.0,69.8,11.0,5.0,2.0,1.0,1.0,0.0,0.0,1.0,0.0,0
32.0,15.49,35.0,65.3,11.0,2.0,1.0,1.0,1.0,0.0,0.0,0.0,1.0,0
65.0,9.99,43.0,45.5,8.0,1.0,1.0,1.0,1.0,0.0,1.0,0.0,0.0,0
48.0,22.99,31.0,38.3,2.0,4.0,2.0,1.0,1.0,0.0,0.0,1.0,0.0,0
47.0,15.49,2.0,50.6,15.0,5.0,2.0,1.0,0.0,1.0,0.0,0.0,1.0,0
59.0,15.49,14.0,38.9,1.0,5.0,3.0,0.0,0.0,1.0,0.0,0.0,1.0,0
29.0,9.99,18.0,79.0,20.0,4.0,1.0,0.0,0.0,1.0,1.0,0.0,0.0,0
49.0,15.49,30.0,49.4,0.0,5.0,2.0,0.0,0.0,1.0,0.0,0.0,1.0,0
38.0,9.99,3.0,57.2,3.0,2.0,5.0,0.0,0.0,1.0,1.0,0.0,0.0,0
69.0,15.49,11.0,25.8,15.0,1.0,3.0,1.0,0.0,1.0,0.0,0.0,1.0,0
68.0,9.99,17.0,32.0,13.0,4.0,3.0,0.0,1.0,0.0,1.0,0.0,0.0,0
49.0,22.99,29.0,70.1,15.0,1.0,3.0,0.0,0.0,1.0,0.0,1.0,0.0,0
40.0,9.99,39.0,4.7,5.0,1.0,4.0,0.0,0.0,1.0,1.0,0.0,0.0,1
43.0,15.49,28.0,25.7,3.0,2.0,2.0,1.0,0.0,1.0,0.0,0.0,1.0,1
55.0,15.49,55.0,33.8,15.0,1.0,3.0,0.0,1.0,0.0,0.0,0.0,1.0,0
34.0,15.49,55.0,2.6,6.0,1.0,3.0,0.0,1.0,0.0,0.0,0.0,1.0,0
66.0,15.49,5.0,44.5,2.0,1.0,2.0,1.0,0.0,1.0,0.0,0.0,1.0,0
65.0,15.49,1.0,66.2,1.0,1.0,5.0,0.0,1.0,0.0,0.0,0.0,1.0,0
52.0,9.99,35.0,15.2,16.0,5.0,5.0,1.0,0.0,1.0,1.0,0.0,0.0,1
59.0,9.99,41.0,74.8,5.0,3.0,5.0,0.0,1.0,0.0,1.0,0.0,0.0,0
31.0,9.99,40.0,23.9,8.0,5.0,1.0,0.0,0.0,1.0,1.0,0.0,0.0,0
39.0,9.99,17.0,113.3,3.0,2.0,1.0,0.0,0.0,1.0,1.0,0.0,0.0,0
47.0,9.99,4.0,45.9,12.0,3.0,2.0,0.0,0.0,1.0,1.0,0.0,0.0,0
36.0,9.99,23.0,8.6,17.0,5.0,4.0,0.0,0.0,1.0,1.0,0.0,0.0,0
54.0,15.49,49.0,43.9,5.0,2.0,2.0,1.0,1.0,0.0,0.0,0.0,1.0,0
66.0,9.99,57.0,56.0,2.0,4.0,5.0,0.0,1.0,0.0,1.0,0.0,0.0,0
39.0,22.99,33.0,46.5,38.0,1.0,1.0,1.0,0.0,1.0,0.0,1.0,0.0,1
27.0,15.49,46.0,34.6,3.0,3.0,4.0,0.0,0.0,1.0,0.0,0.0,1.0,0
32.0,9.99,31.0,65.6,7.0,1.0,5.0,0.0,1.0,0.0,1.0,0.0,0.0,0
38.0,15.49,38.0,24.7,22.0,1.0,5.0,1.0,1.0,0.0,0.0,0.0,1.0,1
26.0,9.99,36.0,22.8,13.0,5.0,1.0,0.0,0.0,1.0,1.0,0.0,0.0,0
21.0,15.49,23.0,8.4,2.0,4.0,3.0,0.0,0.0,1.0,0.0,0.0,1.0,0
48.0,15.49,48.0,7.3,24.0,1.0,5.0,1.0,1.0,0.0,0.0,0.0,1.0,0
37.0,15.49,4.0,41.4,12.0,4.0,3.0,1.0,1.0,0.0,0.0,0.0,1.0,0
37.0,15.49,42.0,23.3,18.0,1.0,4.0,1.0,0.0,1.0,0.0,0.0,1.0,0
64.0,9.99,42.0,18.6,6.0,3.0,2.0,0.0,1.0,0.0,1.0,0.0,0.0,0
48.0,15.49,20.0,68.3,21.0,4.0,2.0,0.0,0.0,1.0,0.0,0.0,1.0,0
18.0,15.49,8.0,37.5,5.0,2.0,3.0,0.0,0.0,1.0,0.0,0.0,1.0,0
27.0,15.49,27.0,32.2,5.0,2.0,3.0,0.0,1.0,0.0,0.0,0.0,1.0,0
29.0,22.99,24.0,44.6,6.0,3.0,1.0,0.0,1.0,0.0,0.0,1.0,0.0,0
51.0,22.99,48.0,68.6,1.0,1.0,3.0,1.0,0.0,1.0,0.0,1.0,0.0,0
37.0,9.99,13.0,78.4,16.0,2.0,3.0,0.0,1.0,0.0,1.0,0.0,0.0,0
54.0,9.99,11.0,51.5,22.0,3.0,1.0,0.0,0.0,1.0,1.0,0.0,0.0,0
25.0,15.49,2.0,50.1,9.0,5.0,1.0,1.0,0.0,1.0,0.0,0.0,1.0,0
58.0,22.99,48.0,88.0,8.0,4.0,5.0,0.0,1.0,0.0,0.0,1.0,0.0,0
34.0,22.99,18.0,32.1,7.0,5.0,1.0,0.0,1.0,0.0,0.0,1.0,0.0,0
44.0,9.99,6.0,48.0,22.0,2.0,1.0,0.0,1.0,0.0,1.0,0.0,0.0,0
49.0,9.99,41.0,30.6,5.0,1.0,5.0,0.0,0.0,1.0,1.0,0.0,0.0,0
58.0,9.99,29.0,23.6,12.0,5.0,1.0,2.0,1.0,0.0,1.0,0.0,0.0,0
47.0,15.49,53.0,65.5,7.0,3.0,5.0,1.0,1.0,0.0,0.0,0.0,1.0,0
29.0,9.99,39.0,7.4,2.0,1.0,2.0,1.0,0.0,1.0,1.0,0.0,0.0,1
40.0,15.49,1.0,68.0,12.0,1.0,4.0,3.0,1.0,0.0,0.0,0.0,1.0,0
27.0,22.99,12.0,47.0,4.0,3.0,1.0,2.0,1.0,0.0,0.0,1.0,0.0,1
32.0,9.99,43.0,53.9,58.0,4.0,1.0,0.0,1.0,0.0,1.0,0.0,0.0,0
26.0,22.99,49.0,61.6,18.0,5.0,1.0,1.0,1.0,0.0,0.0,1.0,0.0,0
48.0,15.49,18.0,31.5,10.0,4.0,2.0,1.0,0.0,1.0,0.0,0.0,1.0,0
28.0,9.99,20.0,44.9,0.0,5.0,1.0,0.0,1.0,0.0,1.0,0.0,0.0,0
32.0,9.99,21.0,1.0,34.0,1.0,4.0,0.0,1.0,0.0,1.0,0.0,0.0,1
65.0,22.99,14.0,56.8,8.0,5.0,5.0,0.0,0.0,1.0,0.0,1.0,0.0,0
52.0,22.99,16.0,52.2,11.0,1.0,1.0,2.0,0.0,1.0,0.0,1.0,0.0,0
37.0,22.99,53.0,53.0,5.0,2.0,4.0,1.0,1.0,0.0,0.0,1.0,0.0,0
63.0,9.99,8.0,68.9,2.0,2.0,1.0,1.0,0.0,1.0,1.0,0.0,0.0,0
31.0,15.49,43.0,47.2,13.0,2.0,4.0,0.0,0.0,1.0,0.0,0.0,1.0,0
55.0,15.49,46.0,14.6,34.0,1.0,4.0,1.0,0.0,1.0,0.0,0.0,1.0,1
39.0,9.99,39.0,71.9,2.0,4.0,4.0,1.0,1.0,0.0,1.0,0.0,0.0,0
61.0,9.99,18.0,53.9,7.0,4.0,5.0,1.0,1.0,0.0,1.0,0.0,0.0,0
57.0,9.99,59.0,69.9,9.0,2.0,4.0,0.0,0.0,1.0,1.0,0.0,0.0,0
43.0,9.99,48.0,15.4,15.0,1.0,1.0,0.0,1.0,0.0,1.0,0.0,0.0,0
60.0,9.99,36.0,76.6,0.0,3.0,3.0,0.0,0.0,1.0,1.0,0.0,0.0,0
38.0,15.49,47.0,34.7,9.0,5.0,4.0,3.0,1.0,0.0,0.0,0.0,1.0,0
53.0,15.49,49.0,31.8,1.0,3.0,2.0,0.0,1.0,0.0,0.0,0.0,1.0,0
34.0,22.99,30.0,44.3,42.0,1.0,5.0,0.0,0.0,1.0,0.0,1.0,0.0,1
31.0,15.49,56.0,73.7,24.0,1.0,5.0,0.0,0.0,1.0,0.0,0.0,1.0,0
22.0,9.99,35.0,91.4,1.0,4.0,5.0,0.0,1.0,0.0,1.0,0.0,0.0,0
37.0,9.99,1.0,74.8,16.0,1.0,5.0,1.0,1.0,0.0,1.0,0.0,0.0,0
21.0,15.49,37.0,45.1,7.0,4.0,3.0,2.0,1.0,0.0,0.0,0.0,1.0,0
29.0,15.49,30.0,30.1,8.0,2.0,4.0,0.0,1.0,0.0,0.0,0.0,1.0,0
24.0,9.99,38.0,30.6,1.0,5.0,5.0,1.0,1.0,0.0,1.0,0.0,0.0,0
41.0,22.99,58.0,74.3,9.0,2.0,2.0,1.0,1.0,0.0,0.0,1.0,0.0,0
58.0,15.49,59.0,45.9,9.0,1.0,4.0,0.0,1.0,0.0,0.0,0.0,1.0,0
43.0,15.49,22.0,19.6,0.0,3.0,2.0,0.0,1.0,0.0,0.0,0.0,1.0,0
62.0,9.99,54.0,95.8,40.0,4.0,3.0,0.0,0.0,1.0,1.0,0.0,0.0,0
45.0,9.99,13.0,59.6,19.0,4.0,1.0,2.0,0.0,1.0,1.0,0.0,0.0,1
59.0,9.99,45.0,11.3,3.0,4.0,1.0,0.0,0.0,1.0,1.0,0.0,0.0,0
23.0,15.49,25.0,25.8,1.0,3.0,2.0,1.0,1.0,0.0,0.0,0.0,1.0,0
23.0,15.49,13.0,55.3,6.0,3.0,2.0,0.0,1.0,0.0,0.0,0.0,1.0,0
26.0,9.99,35.0,39.1,15.0,1.0,1.0,0.0,0.0,1.0,1.0,0.0,0.0,0
44.0,22.99,36.0,43.2,4.0,2.0,1.0,0.0,0.0,1.0,0.0,1.0,0.0,0
53.0,22.99,53.0,66.4,7.0,4.0,5.0,1.0,0.0,1.0,0.0,1.0,0.0,0
47.0,9.99,54.0,44.4,19.0,2.0,3.0,1.0,1.0,0.0,1.0,0.0,0.0,0
20.0,15.49,24.0,32.6,10.0,4.0,2.0,0.0,0.0,1.0,0.0,0.0,1.0,0
32.0,9.99,28.0,28.4,1.0,3.0,1.0,1.0,1.0,0.0,1.0,0.0,0.0,0
31.0,15.49,58.0,15.0,10.0,1.0,1.0,0.0,1.0,0.0,0.0,0.0,1.0,0
47.0,9.99,34.0,94.2,28.0,2.0,1.0,0.0,1.0,0.0,1.0,0.0,0.0,0
28.0,22.99,31.0,4.5,1.0,2.0,1.0,0.0,1.0,0.0,0.0,1.0,0.0,1
56.0,9.99,50.0,72.8,14.0,4.0,1.0,0.0,1.0,0.0,1.0,0.0,0.0,0
20.0,15.49,43.0,54.3,17.0,3.0,3.0,1.0,1.0,0.0,0.0,0.0,1.0,0
63.0,15.49,40.0,51.1,21.0,1.0,2.0,2.0,0.0,1.0,0.0,0.0,1.0,0
36.0,15.49,32.0,47.2,13.0,3.0,1.0,0.0,1.0,0.0,0.0,0.0,1.0,0
53.0,22.99,47.0,29.2,10.0,4.0,2.0,1.0,1.0,0.0,0.0,1.0,0.0,0
53.0,15.49,15.0,70.0,32.0,5.0,2.0,0.0,0.0,1.0,0.0,0.0,1.0,0
49.0,9.99,58.0,30.9,1.0,3.0,1.0,0.0,1.0,0.0,1.0,0.0,0.0,0
41.0,22.99,15.0,56.8,6.0,2.0,4.0,1.0,0.0,1.0,0.0,1.0,0.0,0
69.0,15.49,29.0,62.2,12.0,3.0,3.0,0.0,1.0,0.0,0.0,0.0,1.0,0
18.0,9.99,49.0,75.7,17.0,3.0,5.0,0.0,0.0,1.0,1.0,0.0,0.0,0
55.0,9.99,27.0,35.8,9.0,5.0,4.0,0.0,1.0,0.0,1.0,0.0,0.0,0
20.0,9.99,4.0,36.9,36.0,5.0,4.0,0.0,0.0,1.0,1.0,0.0,0.0,0
56.0,15.49,42.0,1.0,22.0,3.0,3.0,1.0,1.0,0.0,0.0,0.0,1.0,0
50.0,9.99,10.0,47.9,0.0,2.0,1.0,0.0,0.0,1.0,1.0,0.0,0.0,0
25.0,15.49,52.0,81.0,4.0,4.0,1.0,2.0,0.0,1.0,0.0,0.0,1.0,0
28.0,15.49,55.0,48.9,0.0,2.0,5.0,1.0,1.0,0.0,0.0,0.0,1.0,0
45.0,15.49,41.0,42.2,1.0,3.0,2.0,0.0,1.0,0.0,0.0,0.0,1.0,0
59.0,9.99,33.0,37.8,18.0,4.0,5.0,0.0,0.0,1.0,1.0,0.0,0.0,0
40.0,9.99,16.0,11.4,1.0,2.0,4.0,2.0,0.0,1.0,1.0,0.0,0.0,0
53.0,9.99,32.0,46.0,28.0,1.0,4.0,0.0,0.0,1.0,1.0,0.0,0.0,0
49.0,9.99,4.0,37.7,9.0,2.0,1.0,3.0,1.0,0.0,1.0,0.0,0.0,1
61.0,15.49,43.0,68.9,9.0,4.0,2.0,1.0,0.0,1.0,0.0,0.0,1.0,0
41.0,15.49,13.0,1.2,2.0,4.0,5.0,0.0,0.0,1.0,0.0,0.0,1.0,1
55.0,9.99,42.0,26.3,25.0,4.0,2.0,1.0,1.0,0.0,1.0,0.0,0.0,1
52.0,9.99,5.0,45.4,3.0,5.0,5.0,2.0,1.0,0.0,1.0,0.0,0.0,1
43.0,22.99,1.0,77.2,4.0,1.0,1.0,1.0,0.0,1.0,0.0,1.0,0.0,0
47.0,15.49,9.0,80.0,2.0,2.0,2.0,0.0,0.0,1.0,0.0,0.0,1.0,0
27.0,15.49,7.0,27.7,8.0,1.0,5.0,2.0,1.0,0.0,0.0,0.0,1.0,1
59.0,22.99,31.0,16.1,10.0,2.0,5.0,0.0,1.0,0.0,0.0,1.0,0.0,0
65.0,15.49,42.0,62.6,4.0,3.0,5.0,0.0,1.0,0.0,0.0,0.0,1.0,0
41.0,22.99,21.0,84.2,11.0,2.0,2.0,2.0,1.0,0.0,0.0,1.0,0.0,0
27.0,9.99,37.0,2.4,27.0,2.0,4.0,0.0,1.0,0.0,1.0,0.0,0.0,1
46.0,22.99,37.0,95.5,3.0,1.0,2.0,1.0,1.0,0.0,0.0,1.0,0.0,0
47.0,9.99,5.0,75.6,54.0,2.0,2.0,1.0,1.0,0.0,1.0,0.0,0.0,1
37.0,15.49,12.0,22.4,1.0,3.0,4.0,2.0,1.0,0.0,0.0,0.0,1.0,1
69.0,15.49,50.0,91.4,6.0,3.0,1.0,1.0,0.0,1.0,0.0,0.0,1.0,0
67.0,15.49,9.0,64.2,23.0,2.0,4.0,1.0,0.0,1.0,0.0,0.0,1.0,0
34.0,15.49,36.0,50.0,7.0,2.0,1.0,0.0,0.0,1.0,0.0,0.0,1.0,0
39.0,15.49,11.0,39.5,26.0,2.0,4.0,1.0,0.0,1.0,0.0,0.0,1.0,1
22.0,9.99,49.0,47.0,13.0,3.0,4.0,0.0,0.0,1.0,1.0,0.0,0.0,0
61.0,15.49,30.0,63.2,17.0,5.0,4.0,1.0,0.0,1.0,0.0,0.0,1.0,0
40.0,15.49,35.0,47.6,7.0,4.0,3.0,0.0,1.0,0.0,0.0,0.0,1.0,0
61.0,9.99,1.0,45.9,25.0,1.0,5.0,0.0,1.0,0.0,1.0,0.0,0.0,0
53.0,15.49,51.0,66.6,17.0,1.0,1.0,0.0,0.0,1.0,0.0,0.0,1.0,0
67.0,9.99,54.0,4.6,17.0,2.0,2.0,0.0,0.0,1.0,1.0,0.0,0.0,0
25.0,15.49,7.0,52.0,2.0,5.0,2.0,0.0,1.0,0.0,0.0,0.0,1.0,0
24.0,22.99,33.0,1.0,1.0,3.0,5.0,0.0,0.0,1.0,0.0,1.0,0.0,0
29.0,9.99,28.0,32.4,0.0,5.0,1.0,0.0,1.0,0.0,1.0,0.0,0.0,0
47.0,15.49,9.0,47.7,15.0,4.0,3.0,1.0,0.0,1.0,0.0,0.0,1.0,1
35.0,22.99,45.0,76.5,4.0,5.0,4.0,0.0,0.0,1.0,0.0,1.0,0.0,0
65.0,9.99,50.0,10.3,12.0,3.0,4.0,3.0,0.0,1.0,1.0,0.0,0.0,1
36.0,15.49,25.0,39.4,5.0,3.0,4.0,1.0,0.0,1.0,0.0,0.0,1.0,0
54.0,15.49,44.0,75.0,19.0,5.0,1.0,1.0,1.0,0.0,0.0,0.0,1.0,0
67.0,9.99,42.0,41.3,28.0,2.0,1.0,0.0,1.0,0.0,1.0,0.0,0.0,0
61.0,15.49,45.0,76.1,10.0,3.0,1.0,1.0,0.0,1.0,0.0,0.0,1.0,0
50.0,9.99,15.0,67.0,3.0,3.0,3.0,1.0,1.0,0.0,1.0,0.0,0.0,0
28.0,15.49,13.0,46.9,18.0,2.0,4.0,1.0,1.0,0.0,0.0,0.0,1.0,1
37.0,22.99,32.0,16.4,12.0,5.0,3.0,1.0,0.0,1.0,0.0,1.0,0.0,1
46.0,9.99,23.0,39.4,4.0,4.0,2.0,0.0,0.0,1.0,1.0,0.0,0.0,0
49.0,15.49,31.0,17.9,3.0,5.0,3.0,0.0,0.0,1.0,0.0,0.0,1.0,0
47.0,15.49,39.0,51.9,1.0,2.0,2.0,1.0,0.0,1.0,0.0,0.0,1.0,0
38.0,15.49,36.0,80.2,1.0,4.0,2.0,0.0,0.0,1.0,0.0,0.0,1.0,0
29.0,15.49,3.0,19.0,1.0,1.0,3.0,0.0,0.0,1.0,0.0,0.0,1.0,0
57.0,15.49,36.0,39.3,0.0,4.0,5.0,1.0,1.0,0.0,0.0,0.0,1.0,0
45.0,22.99,22.0,60.9,2.0,3.0,5.0,0.0,1.0,0.0,0.0,1.0,0.0,0
52.0,9.99,31.0,74.4,4.0,1.0,2.0,2.0,0.0,1.0,1.0,0.0,0.0,0
66.0,9.99,36.0,102.9,25.0,1.0,2.0,2.0,1.0,0.0,1.0,0.0,0.0,0
40.0,9.99,6.0,7.5,34.0,4.0,4.0,0.0,1.0,0.0,1.0,0.0,0.0,1
46.0,15.49,48.0,63.3,10.0,1.0,2.0,1.0,0.0,1.0,0.0,0.0,1.0,0
68.0,15.49,33.0,21.5,19.0,5.0,5.0,1.0,1.0,0.0,0.0,0.0,1.0,1
19.0,15.49,53.0,49.1,2.0,4.0,5.0,0.0,0.0,1.0,0.0,0.0,1.0,0
69.0,15.49,27.0,64.9,73.0,1.0,5.0,2.0,0.0,1.0,0.0,0.0,1.0,1
34.0,9.99,13.0,34.2,9.0,1.0,3.0,0.0,1.0,0.0,1.0,0.0,0.0,0
29.0,15.49,48.0,83.9,12.0,4.0,4.0,0.0,0.0,1.0,0.0,0.0,1.0,0
67.0,15.49,50.0,37.7,11.0,5.0,5.0,0.0,0.0,1.0,0.0,0.0,1.0,0
20.0,15.49,21.0,23.6,2.0,4.0,2.0,0.0,1.0,0.0,0.0,0.0,1.0,0
56.0,15.49,45.0,47.5,9.0,4.0,2.0,1.0,1.0,0.0,0.0,0.0,1.0,0
38.0,9.99,56.0,57.1,28.0,3.0,3.0,1.0,1.0,0.0,1.0,0.0,0.0,0
60.0,15.49,49.0,60.5,18.0,2.0,2.0,2.0,0.0,1.0,0.0,0.0,1.0,0
30.0,15.49,8.0,25.3,0.0,4.0,4.0,1.0,1.0,0.0,0.0,0.0,1.0,0
42.0,9.99,53.0,13.4,4.0,3.0,4.0,0.0,1.0,0.0,1.0,0.0,0.0,0
38.0,22.99,52.0,87.8,8.0,1.0,3.0,1.0,0.0,1.0,0.0,1.0,0.0,0
41.0,15.49,45.0,40.8,8.0,4.0,1.0,0.0,0.0,1.0,0.0,0.0,1.0,0
24.0,15.49,12.0,86.1,9.0,3.0,1.0,0.0,1.0,0.0,0.0,0.0,1.0,0
18.0,15.49,57.0,16.8,9.0,3.0,4.0,0.0,1.0,0.0,0.0,0.0,1.0,0
41.0,9.99,10.0,63.0,87.0,3.0,4.0,0.0,0.0,1.0,1.0,0.0,0.0,1
63.0,9.99,42.0,73.5,0.0,2.0,4.0,1.0,1.0,0.0,1.0,0.0,0.0,0
33.0,15.49,57.0,23.3,4.0,4.0,1.0,0.0,0.0,1.0,0.0,0.0,1.0,0
44.0,15.49,41.0,9.5,7.0,5.0,5.0,1.0,1.0,0.0,0.0,0.0,1.0,1
53.0,15.49,38.0,19.1,0.0,4.0,4.0,0.0,1.0,0.0,0.0,0.0,1.0,0
18.0,15.49,33.0,59.6,11.0,3.0,4.0,0.0,1.0,0.0,0.0,0.0,1.0,0
43.0,9.99,26.0,49.9,17.0,2.0,5.0,0.0,1.0,0.0,1.0,0.0,0.0,0
52.0,9.99,6.0,1.8,8.0,4.0,2.0,1.0,0.0,1.0,1.0,0.0,0.0,1
44.0,22.99,58.0,45.9,11.0,3.0,4.0,1.0,1.0,0.0,0.0,1.0,0.0,0
39.0,9.99,30.0,24.1,0.0,2.0,4.0,0.0,0.0,1.0,1.0,0.0,0.0,0
58.0,9.99,13.0,36.2,7.0,2.0,2.0,1.0,1.0,0.0,1.0,0.0,0.0,0
33.0,9.99,11.0,63.6,1.0,1.0,3.0,0.0,1.0,0.0,1.0,0.0,0.0,0
65.0,22.99,52.0,63.0,14.0,4.0,3.0,1.0,1.0,0.0,0.0,1.0,0.0,0
25.0,9.99,23.0,32.9,2.0,2.0,2.0,0.0,1.0,0.0,1.0,0.0,0.0,0
54.0,15.49,23.0,89.4,5.0,1.0,4.0,0.0,0.0,1.0,0.0,0.0,1.0,0
54.0,15.49,12.0,58.6,12.0,4.0,5.0,1.0,1.0,0.0,0.0,0.0,1.0,0
27.0,9.99,55.0,26.7,8.0,2.0,5.0,0.0,1.0,0.0,1.0,0.0,0.0,0
67.0,15.49,54.0,22.3,0.0,1.0,2.0,1.0,0.0,1.0,0.0,0.0,1.0,0
63.0,15.49,54.0,40.8,3.0,2.0,1.0,0.0,1.0,0.0,0.0,0.0,1.0,0
43.0,9.99,13.0,21.7,9.0,2.0,4.0,1.0,1.0,0.0,1.0,0.0,0.0,0
68.0,15.49,35.0,65.2,12.0,3.0,4.0,0.0,0.0,1.0,0.0,0.0,1.0,0
26.0,22.99,46.0,79.6,3.0,5.0,3.0,1.0,1.0,0.0,0.0,1.0,0.0,0
28.0,22.99,38.0,16.5,9.0,5.0,4.0,0.0,0.0,1.0,0.0,1.0,0.0,0
65.0,15.49,7.0,48.2,2.0,1.0,2.0,0.0,1.0,0.0,0.0,0.0,1.0,0
55.0,22.99,32.0,38.6,0.0,5.0,1.0,0.0,0.0,1.0,0.0,1.0,0.0,0
49.0,9.99,24.0,22.2,9.0,1.0,5.0,2.0,1.0,0.0,1.0,0.0,0.0,0
46.0,15.49,50.0,36.4,12.0,2.0,3.0,0.0,1.0,0.0,0.0,0.0,1.0,0
67.0,15.49,33.0,48.7,16.0,5.0,3.0,2.0,0.0,1.0,0.0,0.0,1.0,0
39.0,9.99,39.0,54.6,23.0,3.0,5.0,2.0,0.0,1.0,1.0,0.0,0.0,0
23.0,9.99,27.0,27.9,9.0,2.0,5.0,0.0,0.0,1.0,1.0,0.0,0.0,0
50.0,22.99,33.0,56.6,8.0,1.0,5.0,0.0,1.0,0.0,0.0,1.0,0.0,0
46.0,9.99,35.0,65.2,0.0,3.0,5.0,0.0,0.0,1.0,1.0,0.0,0.0,0
49.0,9.99,46.0,81.2,5.0,1.0,4.0,0.0,1.0,0.0,1.0,0.0,0.0,0
18.0,22.99,13.0,97.6,5.0,2.0,3.0,1.0,1.0,0.0,0.0,1.0,0.0,0
32.0,15.49,29.0,50.7,33.0,4.0,1.0,1.0,0.0,1.0,0.0,0.0,1.0,0
63.0,9.99,1.0,48.5,4.0,4.0,2.0,0.0,0.0,1.0,1.0,0.0,0.0,0
26.0,22.99,9.0,42.5,1.0,5.0,4.0,1.0,0.0,1.0,0.0,1.0,0.0,0
29.0,15.49,45.0,36.7,54.0,2.0,2.0,0.0,1.0,0.0,0.0,0.0,1.0,1
37.0,22.99,34.0,13.7,6.0,4.0,5.0,1.0,0.0,1.0,0.0,1.0,0.0,0
49.0,15.49,36.0,40.5,0.0,3.0,4.0,0.0,1.0,0.0,0.0,0.0,1.0,0
21.0,15.49,55.0,56.5,6.0,1.0,4.0,3.0,1.0,0.0,0.0,0.0,1.0,0
25.0,9.99,28.0,50.6,6.0,5.0,5.0,1.0,1.0,0.0,1.0,0.0,0.0,0
32.0,9.99,43.0,73.1,8.0,2.0,2.0,1.0,0.0,1.0,1.0,0.0,0.0,0
29.0,15.49,41.0,69.2,26.0,2.0,3.0,1.0,1.0,0.0,0.0,0.0,1.0,0
46.0,9.99,41.0,28.9,3.0,4.0,3.0,1.0,0.0,1.0,1.0,0.0,0.0,0
46.0,9.99,56.0,87.4,9.0,5.0,1.0,0.0,0.0,1.0,1.0,0.0,0.0,0
56.0,9.99,11.0,27.7,20.0,3.0,2.0,1.0,1.0,0.0,1.0,0.0,0.0,1
64.0,22.99,27.0,83.8,8.0,5.0,2.0,0.0,1.0,0.0,0.0,1.0,0.0,0
50.0,15.49,55.0,32.8,7.0,3.0,2.0,0.0,0.0,1.0,0.0,0.0,1.0,0
40.0,9.99,23.0,35.4,1.0,5.0,1.0,0.0,0.0,1.0,1.0,0.0,0.0,0
22.0,15.49,51.0,61.7,18.0,4.0,5.0,2.0,1.0,0.0,0.0,0.0,1.0,0
29.0,22.99,49.0,54.8,10.0,1.0,2.0,0.0,0.0,1.0,0.0,1.0,0.0,0
50.0,15.49,29.0,66.4,0.0,3.0,1.0,2.0,1.0,0.0,0.0,0.0,1.0,0
46.0,15.49,58.0,34.4,12.0,2.0,3.0,0.0,1.0,0.0,0.0,0.0,1.0,0
56.0,22.99,25.0,47.7,15.0,1.0,3.0,0.0,1.0,0.0,0.0,1.0,0.0,0
25.0,9.99,53.0,51.6,0.0,3.0,2.0,0.0,0.0,1.0,1.0,0.0,0.0,0
36.0,9.99,21.0,51.4,6.0,2.0,4.0,1.0,0.0,1.0,1.0,0.0,0.0,0
63.0,15.49,24.0,49.7,4.0,1.0,5.0,0.0,0.0,1.0,0.0,0.0,1.0,0
37.0,9.99,55.0,19.1,7.0,3.0,5.0,2.0,0.0,1.0,1.0,0.0,0.0,0
22.0,15.49,49.0,37.9,13.0,1.0,5.0,0.0,1.0,0.0,0.0,0.0,1.0,0
36.0,15.49,33.0,49.9,1.0,1.0,1.0,1.0,1.0,0.0,0.0,0.0,1.0,0
68.0,15.49,24.0,64.6,8.0,2.0,3.0,0.0,0.0,1.0,0.0,0.0,1.0,0
45.0,15.49,21.0,1.0,3.0,3.0,4.0,0.0,1.0,0.0,0.0,0.0,1.0,1
55.0,15.49,35.0,13.8,16.0,5.0,2.0,0.0,0.0,1.0,0.0,0.0,1.0,0
30.0,22.99,49.0,60.5,25.0,4.0,4.0,3.0,0.0,1.0,0.0,1.0,0.0,0
19.0,15.49,12.0,48.9,4.0,1.0,5.0,1.0,1.0,0.0,0.0,0.0,1.0,0
33.0,9.99,47.0,94.0,5.0,2.0,2.0,0.0,0.0,1.0,1.0,0.0,0.0,0
47.0,9.99,33.0,14.4,10.0,5.0,4.0,0.0,1.0,0.0,1.0,0.0,0.0,0
66.0,22.99,58.0,30.7,33.0,1.0,5.0,1.0,1.0,0.0,0.0,1.0,0.0,0
50.0,15.49,20.0,31.5,21.0,1.0,3.0,2.0,1.0,0.0,0.0,0.0,1.0,1
44.0,15.49,10.0,34.6,13.0,5.0,5.0,4.0,1.0,0.0,0.0,0.0,1.0,1
48.0,22.99,52.0,28.4,6.0,5.0,1.0,2.0,0.0,1.0,0.0,1.0,0.0,0
25.0,22.99,1.0,29.7,10.0,3.0,1.0,0.0,1.0,0.0,0.0,1.0,0.0,1
22.0,15.49,32.0,42.5,9.0,2.0,5.0,2.0,1.0,0.0,0.0,0.0,1.0,0
69.0,9.99,23.0,81.6,10.0,1.0,2.0,0.0,0.0,1.0,1.0,0.0,0.0,0
44.0,22.99,13.0,44.5,14.0,2.0,3.0,0.0,1.0,0.0,0.0,1.0,0.0,0
25.0,22.99,33.0,46.8,9.0,5.0,3.0,2.0,1.0,0.0,0.0,1.0,0.0,0
66.0,9.99,51.0,36.9,14.0,5.0,2.0,0.0,0.0,1.0,1.0,0.0,0.0,0
28.0,9.99,4.0,48.7,13.0,2.0,3.0,1.0,0.0,1.0,1.0,0.0,0.0,1
46.0,9.99,59.0,20.9,2.0,4.0,3.0,0.0,0.0,1.0,1.0,0.0,0.0,0
66.0,15.49,33.0,28.7,18.0,3.0,3.0,0.0,1.0,0.0,0.0,0.0,1.0,0
43.0,22.99,35.0,29.9,14.0,3.0,5.0,1.0,1.0,0.0,0.0,1.0,0.0,0
43.0,22.99,27.0,23.5,17.0,4.0,2.0,1.0,1.0,0.0,0.0,1.0,0.0,0
51.0,22.99,47.0,52.1,17.0,4.0,2.0,0.0,1.0,0.0,0.0,1.0,0.0,0
21.0,9.99,40.0,50.7,0.0,3.0,3.0,0.0,1.0,0.0,1.0,0.0,0.0,0
60.0,15.49,29.0,20.8,6.0,1.0,2.0,1.0,0.0,1.0,0.0,0.0,1.0,0
28.0,9.99,14.0,38.8,7.0,1.0,5.0,0.0,1.0,0.0,1.0,0.0,0.0,0
57.0,9.99,28.0,18.1,2.0,1.0,3.0,0.0,0.0,1.0,1.0,0.0,0.0,0
65.0,22.99,27.0,37.7,3.0,5.0,1.0,3.0,0.0,1.0,0.0,1.0,0.0,1
24.0,9.99,31.0,11.9,3.0,2.0,3.0,1.0,1.0,0.0,1.0,0.0,0.0,0
67.0,15.49,41.0,61.2,9.0,2.0,2.0,0.0,1.0,0.0,0.0,0.0,1.0,0
18.0,9.99,55.0,58.8,11.0,4.0,5.0,3.0,0.0,1.0,1.0,0.0,0.0,0
40.0,15.49,22.0,7.6,6.0,5.0,1.0,0.0,0.0,1.0,0.0,0.0,1.0,0
36.0,15.49,30.0,42.8,10.0,2.0,5.0,0.0,1.0,0.0,0.0,0.0,1.0,0
22.0,15.49,25.0,49.2,12.0,2.0,1.0,0.0,1.0,0.0,0.0,0.0,1.0,0
60.0,9.99,8.0,63.7,0.0,1.0,1.0,0.0,0.0,1.0,1.0,0.0,0.0,0
35.0,15.49,1.0,38.2,14.0,5.0,4.0,0.0,0.0,1.0,0.0,0.0,1.0,0
50.0,9.99,41.0,30.7,7.0,3.0,4.0,2.0,1.0,0.0,1.0,0.0,0.0,0
37.0,22.99,49.0,90.7,6.0,5.0,3.0,1.0,1.0,0.0,0.0,1.0,0.0,0
30.0,22.99,3.0,41.3,12.0,4.0,4.0,1.0,1.0,0.0,0.0,1.0,0.0,0
40.0,22.99,54.0,42.2,8.0,2.0,1.0,1.0,0.0,1.0,0.0,1.0,0.0,0
31.0,22.99,33.0,13.5,14.0,3.0,1.0,1.0,0.0,1.0,0.0,1.0,0.0,1
28.0,9.99,41.0,41.4,22.0,4.0,3.0,0.0,0.0,1.0,1.0,0.0,0.0,0
39.0,22.99,5.0,1.0,5.0,3.0,1.0,1.0,1.0,0.0,0.0,1.0,0.0,0
31.0,15.49,58.0,69.7,30.0,2.0,5.0,0.0,0.0,1.0,0.0,0.0,1.0,0
32.0,15.49,53.0,33.3,6.0,1.0,5.0,0.0,1.0,0.0,0.0,0.0,1.0,0
54.0,9.99,2.0,35.0,6.0,3.0,1.0,0.0,0.0,1.0,1.0,0.0,0.0,0
58.0,15.49,53.0,83.3,9.0,4.0,4.0,1.0,1.0,0.0,0.0,0.0,1.0,0
18.0,15.49,1.0,48.4,1.0,4.0,1.0,0.0,1.0,0.0,0.0,0.0,1.0,0
46.0,9.99,37.0,60.1,24.0,2.0,3.0,0.0,0.0,1.0,1.0,0.0,0.0,0
63.0,9.99,14.0,43.1,1.0,3.0,5.0,1.0,1.0,0.0,1.0,0.0,0.0,0
23.0,15.49,11.0,26.5,15.0,5.0,4.0,0.0,1.0,0.0,0.0,0.0,1.0,0
37.0,9.99,30.0,73.5,0.0,5.0,3.0,2.0,0.0,1.0,1.0,0.0,0.0,0
35.0,22.99,14.0,47.3,30.0,4.0,3.0,1.0,1.0,0.0,0.0,1.0,0.0,0
18.0,9.99,52.0,88.0,2.0,3.0,3.0,0.0,0.0,1.0,1.0,0.0,0.0,0
20.0,15.49,31.0,51.9,2.0,3.0,3.0,0.0,1.0,0.0,0.0,0.0,1.0,0
67.0,9.99,22.0,12.2,18.0,3.0,5.0,0.0,1.0,0.0,1.0,0.0,0.0,0
22.0,15.49,21.0,6.7,16.0,3.0,1.0,1.0,1.0,0.0,0.0,0.0,1.0,0
41.0,15.49,16.0,47.3,10.0,3.0,5.0,1.0,0.0,1.0,0.0,0.0,1.0,0
34.0,15.49,1.0,7.9,9.0,3.0,3.0,0.0,0.0,1.0,0.0,0.0,1.0,1
39.0,9.99,36.0,42.9,8.0,2.0,3.0,1.0,1.0,0.0,1.0,0.0,0.0,0
62.0,9.99,33.0,29.3,11.0,5.0,5.0,1.0,1.0,0.0,1.0,0.0,0.0,0
20.0,15.49,9.0,42.4,1.0,2.0,2.0,0.0,0.0,1.0,0.0,0.0,1.0,0
25.0,9.99,29.0,36.0,3.0,5.0,5.0,1.0,1.0,0.0,1.0,0.0,0.0,0
66.0,9.99,59.0,35.2,9.0,2.0,2.0,0.0,1.0,0.0,1.0,0.0,0.0,0
56.0,15.49,56.0,34.1,25.0,1.0,4.0,0.0,0.0,1.0,0.0,0.0,1.0,0
67.0,15.49,23.0,88.7,2.0,2.0,4.0,0.0,1.0,0.0,0.0,0.0,1.0,0
27.0,9.99,54.0,62.1,23.0,4.0,3.0,1.0,0.0,1.0,1.0,0.0,0.0,0
29.0,15.49,17.0,90.1,5.0,2.0,3.0,0.0,1.0,0.0,0.0,0.0,1.0,0
54.0,22.99,7.0,81.6,0.0,5.0,2.0,1.0,0.0,1.0,0.0,1.0,0.0,0
41.0,15.49,29.0,54.1,13.0,4.0,1.0,1.0,0.0,1.0,0.0,0.0,1.0,0
45.0,15.49,9.0,41.7,25.0,1.0,2.0,1.0,1.0,0.0,0.0,0.0,1.0,0
24.0,9.99,41.0,8.5,2.0,2.0,2.0,0.0,1.0,0.0,1.0,0.0,0.0,0
19.0,15.49,44.0,42.2,4.0,3.0,5.0,2.0,0.0,1.0,0.0,0.0,1.0,0
43.0,15.49,43.0,66.5,1.0,5.0,4.0,3.0,1.0,0.0,0.0,0.0,1.0,0
44.0,9.99,36.0,31.7,35.0,3.0,4.0,1.0,1.0,0.0,1.0,0.0,0.0,1
62.0,15.49,16.0,37.2,2.0,1.0,2.0,0.0,0.0,1.0,0.0,0.0,1.0,0
54.0,9.99,21.0,58.0,1.0,1.0,1.0,1.0,1.0,0.0,1.0,0.0,0.0,0
44.0,15.49,11.0,1.0,0.0,2.0,4.0,0.0,1.0,0.0,0.0,0.0,1.0,0
39.0,15.49,24.0,14.1,2.0,1.0,4.0,0.0,0.0,1.0,0.0,0.0,1.0,0
39.0,9.99,53.0,31.1,15.0,5.0,3.0,0.0,0.0,1.0,1.0,0.0,0.0,0
57.0,15.49,24.0,1.0,19.0,5.0,5.0,1.0,0.0,1.0,0.0,0.0,1.0,1
21.0,9.99,54.0,41.5,8.0,5.0,2.0,0.0,1.0,0.0,1.0,0.0,0.0,0
43.0,15.49,43.0,46.4,5.0,3.0,5.0,1.0,1.0,0.0,0.0,0.0,1.0,0
30.0,22.99,27.0,27.2,12.0,2.0,1.0,2.0,1.0,0.0,0.0,1.0,0.0,0
45.0,15.49,39.0,12.7,56.0,1.0,5.0,0.0,1.0,0.0,0.0,0.0,1.0,1
22.0,22.99,50.0,61.3,14.0,2.0,1.0,0.0,1.0,0.0,0.0,1.0,0.0,0
50.0,15.49,27.0,60.5,38.0,5.0,1.0,1.0,1.0,0.0,0.0,0.0,1.0,0
25.0,22.99,49.0,53.3,3.0,4.0,3.0,1.0,1.0,0.0,0.0,1.0,0.0,0
20.0,9.99,26.0,58.9,10.0,2.0,3.0,0.0,0.0,1.0,1.0,0.0,0.0,0
24.0,15.49,20.0,35.8,21.0,4.0,1.0,1.0,0.0,1.0,0.0,0.0,1.0,0
43.0,15.49,16.0,24.9,1.0,5.0,1.0,0.0,0.0,1.0,0.0,0.0,1.0,0
48.0,15.49,35.0,50.5,8.0,1.0,1.0,0.0,1.0,0.0,0.0,0.0,1.0,0
55.0,22.99,54.0,19.9,7.0,5.0,2.0,0.0,0.0,1.0,0.0,1.0,0.0,0
40.0,15.49,14.0,47.8,3.0,2.0,4.0,1.0,0.0,1.0,0.0,0.0,1.0,0
48.0,15.49,26.0,62.1,23.0,5.0,1.0,0.0,0.0,1.0,0.0,0.0,1.0,0
20.0,9.99,2.0,19.1,59.0,2.0,1.0,0.0,1.0,0.0,1.0,0.0,0.0,1
18.0,15.49,50.0,15.0,21.0,4.0,2.0,0.0,1.0,0.0,0.0,0.0,1.0,0
36.0,22.99,22.0,40.2,6.0,3.0,3.0,1.0,0.0,1.0,0.0,1.0,0.0,0
42.0,9.99,5.0,45.4,8.0,1.0,4.0,0.0,1.0,0.0,1.0,0.0,0.0,0
44.0,9.99,2.0,48.3,1.0,3.0,3.0,1.0,0.0,1.0,1.0,0.0,0.0,0
24.0,9.99,59.0,62.0,3.0,4.0,3.0,0.0,0.0,1.0,1.0,0.0,0.0,0
19.0,22.99,2.0,29.7,3.0,1.0,5.0,0.0,0.0,1.0,0.0,1.0,0.0,0
51.0,22.99,15.0,62.7,3.0,2.0,2.0,0.0,0.0,1.0,0.0,1.0,0.0,0
68.0,9.99,42.0,1.0,12.0,2.0,3.0,0.0,1.0,0.0,1.0,0.0,0.0,0
42.0,22.99,50.0,31.4,12.0,5.0,4.0,1.0,1.0,0.0,0.0,1.0,0.0,0
39.0,15.49,27.0,54.1,6.0,3.0,4.0,2.0,1.0,0.0,0.0,0.0,1.0,0
45.0,15.49,35.0,44.9,2.0,2.0,1.0,2.0,0.0,1.0,0.0,0.0,1.0,0
68.0,9.99,38.0,62.1,44.0,5.0,1.0,1.0,0.0,1.0,1.0,0.0,0.0,1
63.0,9.99,43.0,44.1,9.0,3.0,1.0,1.0,1.0,0.0,1.0,0.0,0.0,0
38.0,15.49,41.0,73.2,30.0,2.0,3.0,2.0,0.0,1.0,0.0,0.0,1.0,0
52.0,9.99,22.0,52.0,28.0,2.0,4.0,0.0,0.0,1.0,1.0,0.0,0.0,0
46.0,15.49,11.0,59.9,19.0,1.0,3.0,0.0,1.0,0.0,0.0,0.0,1.0,0
39.0,15.49,59.0,1.0,10.0,3.0,5.0,1.0,1.0,0.0,0.0,0.0,1.0,1
66.0,22.99,51.0,91.4,7.0,5.0,3.0,1.0,0.0,1.0,0.0,1.0,0.0,0
66.0,22.99,31.0,24.2,2.0,5.0,1.0,0.0,1.0,0.0,0.0,1.0,0.0,0
68.0,15.49,49.0,52.1,2.0,1.0,2.0,0.0,1.0,0.0,0.0,0.0,1.0,0
47.0,22.99,54.0,18.8,4.0,2.0,1.0,0.0,1.0,0.0,0.0,1.0,0.0,0
37.0,9.99,25.0,1.7,16.0,3.0,4.0,1.0,0.0,1.0,1.0,0.0,0.0,0
47.0,15.49,47.0,40.7,0.0,3.0,2.0,0.0,0.0,1.0,0.0,0.0,1.0,0
67.0,15.49,19.0,14.1,39.0,4.0,3.0,1.0,0.0,1.0,0.0,0.0,1.0,1
67.0,15.49,9.0,64.8,18.0,3.0,3.0,0.0,1.0,0.0,0.0,0.0,1.0,0
43.0,22.99,18.0,49.5,2.0,4.0,4.0,0.0,0.0,1.0,0.0,1.0,0.0,0
58.0,9.99,41.0,25.5,25.0,3.0,5.0,2.0,1.0,0.0,1.0,0.0,0.0,1
37.0,15.49,1.0,41.1,67.0,5.0,3.0,1.0,1.0,0.0,0.0,0.0,1.0,1
36.0,9.99,59.0,72.1,9.0,4.0,1.0,0.0,0.0,1.0,1.0,0.0,0.0,0
63.0,15.49,25.0,39.1,11.0,1.0,2.0,0.0,0.0,1.0,0.0,0.0,1.0,1
37.0,9.99,14.0,46.9,29.0,4.0,2.0,0.0,1.0,0.0,1.0,0.0,0.0,0
28.0,9.99,34.0,47.0,81.0,4.0,4.0,3.0,1.0,0.0,1.0,0.0,0.0,1
41.0,9.99,36.0,50.4,23.0,4.0,3.0,1.0,1.0,0.0,1.0,0.0,0.0,0
48.0,9.99,53.0,103.8,15.0,5.0,5.0,1.0,0.0,1.0,1.0,0.0,0.0,0
66.0,9.99,3.0,41.4,7.0,1.0,5.0,1.0,0.0,1.0,1.0,0.0,0.0,0
19.0,22.99,53.0,33.1,15.0,1.0,3.0,0.0,1.0,0.0,0.0,1.0,0.0,0
51.0,15.49,47.0,42.4,1.0,2.0,4.0,0.0,0.0,1.0,0.0,0.0,1.0,0
60.0,15.49,52.0,33.2,2.0,3.0,3.0,1.0,0.0,1.0,0.0,0.0,1.0,0
61.0,15.49,54.0,63.4,13.0,1.0,1.0,0.0,1.0,0.0,0.0,0.0,1.0,0
48.0,9.99,21.0,73.4,7.0,4.0,3.0,2.0,0.0,1.0,1.0,0.0,0.0,0
48.0,9.99,26.0,20.5,20.0,1.0,4.0,0.0,0.0,1.0,1.0,0.0,0.0,0
38.0,15.49,31.0,10.5,14.0,2.0,1.0,0.0,1.0,0.0,0.0,0.0,1.0,0
34.0,15.49,27.0,13.6,43.0,4.0,4.0,1.0,1.0,0.0,0.0,0.0,1.0,1
22.0,15.49,5.0,54.9,0.0,5.0,5.0,1.0,0.0,1.0,0.0,0.0,1.0,0
63.0,15.49,19.0,81.3,32.0,3.0,4.0,0.0,1.0,0.0,0.0,0.0,1.0,0
36.0,9.99,56.0,74.6,22.0,2.0,3.0,0.0,0.0,1.0,1.0,0.0,0.0,0
36.0,9.99,49.0,15.3,1.0,2.0,4.0,1.0,1.0,0.0,1.0,0.0,0.0,0
32.0,22.99,34.0,70.0,14.0,1.0,4.0,1.0,0.0,1.0,0.0,1.0,0.0,0
19.0,15.49,2.0,17.3,5.0,1.0,3.0,1.0,1.0,0.0,0.0,0.0,1.0,0
62.0,22.99,9.0,81.4,12.0,4.0,4.0,0.0,1.0,0.0,0.0,1.0,0.0,0
61.0,15.49,7.0,29.9,11.0,5.0,1.0,0.0,0.0,1.0,0.0,0.0,1.0,0
44.0,9.99,39.0,56.3,27.0,2.0,3.0,1.0,0.0,1.0,1.0,0.0,0.0,0
38.0,22.99,24.0,72.1,4.0,3.0,4.0,1.0,1.0,0.0,0.0,1.0,0.0,0
28.0,15.49,48.0,23.5,1.0,5.0,5.0,0.0,1.0,0.0,0.0,0.0,1.0,0
48.0,15.49,30.0,85.4,3.0,3.0,1.0,0.0,0.0,1.0,0.0,0.0,1.0,0
34.0,15.49,42.0,10.4,50.0,3.0,5.0,1.0,1.0,0.0,0.0,0.0,1.0,1
63.0,9.99,45.0,59.8,3.0,4.0,1.0,0.0,1.0,0.0,1.0,0.0,0.0,0
19.0,15.49,42.0,84.2,8.0,2.0,4.0,1.0,1.0,0.0,0.0,0.0,1.0,0
30.0,9.99,43.0,81.0,6.0,1.0,2.0,1.0,1.0,0.0,1.0,0.0,0.0,0
48.0,22.99,7.0,53.7,24.0,2.0,4.0,1.0,1.0,0.0,0.0,1.0,0.0,0
57.0,9.99,29.0,70.0,18.0,2.0,2.0,0.0,0.0,1.0,1.0,0.0,0.0,0
50.0,22.99,25.0,15.4,26.0,5.0,3.0,1.0,1.0,0.0,0.0,1.0,0.0,1
68.0,9.99,11.0,11.0,4.0,2.0,4.0,0.0,0.0,1.0,1.0,0.0,0.0,1
66.0,9.99,48.0,6.9,3.0,3.0,5.0,0.0,0.0,1.0,1.0,0.0,0.0,0
51.0,15.49,16.0,20.8,5.0,4.0,1.0,0.0,0.0,1.0,0.0,0.0,1.0,0
55.0,9.99,7.0,53.4,23.0,1.0,1.0,2.0,0.0,1.0,1.0,0.0,0.0,0
57.0,15.49,1.0,72.8,4.0,5.0,3.0,1.0,1.0,0.0,0.0,0.0,1.0,0
62.0,22.99,37.0,56.3,17.0,4.0,4.0,2.0,1.0,0.0,0.0,1.0,0.0,0
40.0,9.99,41.0,40.3,5.0,4.0,2.0,0.0,0.0,1.0,1.0,0.0,0.0,0
25.0,15.49,38.0,42.8,14.0,3.0,1.0,1.0,1.0,0.0,0.0,0.0,1.0,0
66.0,15.49,12.0,96.7,6.0,3.0,3.0,0.0,0.0,1.0,0.0,0.0,1.0,0
47.0,9.99,43.0,69.0,6.0,5.0,4.0,1.0,1.0,0.0,1.0,0.0,0.0,0
34.0,9.99,6.0,84.2,9.0,4.0,4.0,1.0,0.0,1.0,1.0,0.0,0.0,0
57.0,15.49,31.0,60.8,5.0,4.0,1.0,1.0,0.0,1.0,0.0,0.0,1.0,0
26.0,9.99,6.0,21.3,1.0,3.0,1.0,2.0,0.0,1.0,1.0,0.0,0.0,1
65.0,9.99,40.0,21.6,1.0,1.0,5.0,1.0,1.0,0.0,1.0,0.0,0.0,0
18.0,15.49,9.0,106.2,6.0,4.0,4.0,2.0,1.0,0.0,0.0,0.0,1.0,0
40.0,9.99,11.0,69.6,2.0,5.0,4.0,0.0,0.0,1.0,1.0,0.0,0.0,0
43.0,15.49,28.0,57.8,0.0,1.0,2.0,1.0,0.0,1.0,0.0,0.0,1.0,0
63.0,15.49,12.0,87.5,3.0,1.0,5.0,2.0,1.0,0.0,0.0,0.0,1.0,0
33.0,22.99,41.0,32.4,5.0,4.0,2.0,1.0,1.0,0.0,0.0,1.0,0.0,0
34.0,22.99,18.0,22.5,2.0,2.0,5.0,1.0,0.0,1.0,0.0,1.0,0.0,0
43.0,15.49,4.0,56.4,29.0,2.0,4.0,1.0,0.0,1.0,0.0,0.0,1.0,0
65.0,15.49,40.0,55.5,21.0,3.0,5.0,0.0,0.0,1.0,0.0,0.0,1.0,0
68.0,9.99,39.0,87.6,0.0,1.0,2.0,0.0,1.0,0.0,1.0,0.0,0.0,0
37.0,15.49,34.0,69.7,32.0,1.0,3.0,0.0,0.0,1.0,0.0,0.0,1.0,0
51.0,15.49,19.0,38.1,39.0,2.0,3.0,2.0,1.0,0.0,0.0,0.0,1.0,1
18.0,22.99,16.0,97.9,25.0,2.0,4.0,0.0,0.0,1.0,0.0,1.0,0.0,0
60.0,22.99,6.0,22.5,3.0,1.0,4.0,1.0,1.0,0.0,0.0,1.0,0.0,1
33.0,15.49,53.0,53.4,5.0,2.0,4.0,0.0,0.0,1.0,0.0,0.0,1.0,0
37.0,15.49,5.0,16.7,6.0,2.0,5.0,0.0,1.0,0.0,0.0,0.0,1.0,1
26.0,15.49,7.0,99.9,21.0,1.0,1.0,1.0,0.0,1.0,0.0,0.0,1.0,0
62.0,22.99,8.0,39.2,19.0,3.0,2.0,1.0,1.0,0.0,0.0,1.0,0.0,1
68.0,9.99,24.0,37.7,11.0,4.0,4.0,0.0,0.0,1.0,1.0,0.0,0.0,0
66.0,9.99,24.0,22.0,13.0,4.0,3.0,1.0,0.0,1.0,1.0,0.0,0.0,0
38.0,22.99,6.0,44.4,9.0,5.0,1.0,1.0,0.0,1.0,0.0,1.0,0.0,0
48.0,9.99,55.0,44.5,12.0,1.0,1.0,0.0,0.0,1.0,1.0,0.0,0.0,0
46.0,9.99,7.0,20.0,13.0,3.0,5.0,0.0,1.0,0.0,1.0,0.0,0.0,1
67.0,9.99,2.0,1.0,2.0,2.0,4.0,1.0,1.0,0.0,1.0,0.0,0.0,1
48.0,15.49,27.0,15.1,1.0,5.0,4.0,0.0,1.0,0.0,0.0,0.0,1.0,0
59.0,9.99,45.0,62.2,3.0,2.0,4.0,0.0,1.0,0.0,1.0,0.0,0.0,0
20.0,9.99,5.0,15.0,9.0,1.0,5.0,0.0,1.0,0.0,1.0,0.0,0.0,0
24.0,15.49,22.0,54.0,33.0,1.0,4.0,1.0,1.0,0.0,0.0,0.0,1.0,0
52.0,15.49,19.0,40.8,4.0,5.0,1.0,1.0,1.0,0.0,0.0,0.0,1.0,0
34.0,15.49,36.0,43.5,3.0,1.0,3.0,0.0,1.0,0.0,0.0,0.0,1.0,0
35.0,22.99,37.0,63.5,13.0,1.0,4.0,1.0,0.0,1.0,0.0,1.0,0.0,0
64.0,15.49,52.0,62.3,12.0,3.0,3.0,1.0,1.0,0.0,0.0,0.0,1.0,0
46.0,22.99,30.0,17.7,11.0,5.0,4.0,1.0,1.0,0.0,0.0,1.0,0.0,0
44.0,15.49,20.0,20.1,2.0,1.0,2.0,0.0,0.0,1.0,0.0,0.0,1.0,0
24.0,15.49,47.0,15.4,13.0,1.0,4.0,0.0,1.0,0.0,0.0,0.0,1.0,0
31.0,9.99,31.0,1.0,23.0,3.0,2.0,1.0,1.0,0.0,1.0,0.0,0.0,0
64.0,9.99,36.0,17.9,4.0,5.0,4.0,0.0,1.0,0.0,1.0,0.0,0.0,0
24.0,22.99,6.0,43.1,4.0,4.0,2.0,0.0,0.0,1.0,0.0,1.0,0.0,0
62.0,15.49,28.0,46.5,5.0,5.0,3.0,0.0,1.0,0.0,0.0,0.0,1.0,0
53.0,9.99,53.0,60.7,0.0,1.0,1.0,0.0,0.0,1.0,1.0,0.0,0.0,0
64.0,15.49,9.0,82.7,15.0,4.0,1.0,0.0,1.0,0.0,0.0,0.0,1.0,0
55.0,9.99,53.0,67.4,6.0,2.0,2.0,2.0,1.0,0.0,1.0,0.0,0.0,0
37.0,9.99,12.0,35.3,14.0,3.0,1.0,0.0,0.0,1.0,1.0,0.0,0.0,0
54.0,15.49,26.0,52.6,11.0,2.0,1.0,0.0,1.0,0.0,0.0,0.0,1.0,1
56.0,9.99,8.0,45.8,3.0,5.0,1.0,0.0,0.0,1.0,1.0,0.0,0.0,1
22.0,22.99,20.0,14.4,11.0,5.0,3.0,1.0,0.0,1.0,0.0,1.0,0.0,0
66.0,15.49,53.0,41.6,17.0,3.0,3.0,0.0,1.0,0.0,0.0,0.0,1.0,0
67.0,9.99,13.0,88.5,3.0,1.0,3.0,0.0,1.0,0.0,1.0,0.0,0.0,0
35.0,15.49,47.0,19.0,5.0,2.0,2.0,1.0,0.0,1.0,0.0,0.0,1.0,0
45.0,9.99,12.0,55.5,1.0,2.0,4.0,0.0,1.0,0.0,1.0,0.0,0.0,0
23.0,15.49,44.0,44.2,7.0,3.0,2.0,1.0,0.0,1.0,0.0,0.0,1.0,0
20.0,15.49,3.0,37.4,17.0,5.0,5.0,2.0,0.0,1.0,0.0,0.0,1.0,1
66.0,9.99,28.0,74.4,0.0,4.0,5.0,1.0,0.0,1.0,1.0,0.0,0.0,0
41.0,15.49,30.0,69.7,8.0,2.0,3.0,0.0,1.0,0.0,0.0,0.0,1.0,0
68.0,9.99,13.0,45.2,30.0,5.0,2.0,0.0,1.0,0.0,1.0,0.0,0.0,0
57.0,9.99,59.0,20.4,0.0,3.0,5.0,0.0,1.0,0.0,1.0,0.0,0.0,0
30.0,15.49,35.0,11.2,4.0,4.0,3.0,0.0,1.0,0.0,0.0,0.0,1.0,0
38.0,9.99,46.0,81.6,53.0,3.0,3.0,1.0,0.0,1.0,1.0,0.0,0.0,0
23.0,15.49,2.0,71.0,9.0,5.0,2.0,3.0,1.0,0.0,0.0,0.0,1.0,0
65.0,22.99,7.0,52.5,36.0,4.0,5.0,1.0,1.0,0.0,0.0,1.0,0.0,1
65.0,9.99,1.0,50.8,59.0,4.0,1.0,0.0,0.0,1.0,1.0,0.0,0.0,1
64.0,9.99,5.0,1.0,33.0,4.0,4.0,0.0,0.0,1.0,1.0,0.0,0.0,1
60.0,22.99,45.0,46.6,0.0,5.0,3.0,0.0,1.0,0.0,0.0,1.0,0.0,0
47.0,15.49,5.0,5.8,10.0,3.0,3.0,2.0,1.0,0.0,0.0,0.0,1.0,1
33.0,9.99,42.0,68.9,13.0,2.0,2.0,1.0,1.0,0.0,1.0,0.0,0.0,0
28.0,9.99,28.0,44.9,9.0,5.0,5.0,0.0,1.0,0.0,1.0,0.0,0.0,0
35.0,9.99,19.0,27.6,9.0,1.0,3.0,0.0,0.0,1.0,1.0,0.0,0.0,0
20.0,15.49,42.0,36.7,4.0,2.0,5.0,0.0,1.0,0.0,0.0,0.0,1.0,0
43.0,9.99,26.0,12.6,4.0,4.0,1.0,1.0,1.0,0.0,1.0,0.0,0.0,1
25.0,9.99,11.0,52.7,8.0,3.0,3.0,1.0,0.0,1.0,1.0,0.0,0.0,0
25.0,9.99,47.0,45.3,0.0,4.0,2.0,2.0,0.0,1.0,1.0,0.0,0.0,0
60.0,9.99,16.0,40.5,1.0,1.0,1.0,0.0,1.0,0.0,1.0,0.0,0.0,0
59.0,9.99,29.0,60.2,6.0,3.0,4.0,1.0,1.0,0.0,1.0,0.0,0.0,0
65.0,15.49,48.0,59.3,33.0,2.0,3.0,0.0,1.0,0.0,0.0,0.0,1.0,0
22.0,15.49,39.0,57.9,11.0,5.0,2.0,2.0,1.0,0.0,0.0,0.0,1.0,0
51.0,9.99,36.0,47.6,15.0,3.0,4.0,0.0,1.0,0.0,1.0,0.0,0.0,0
63.0,15.49,44.0,1.0,17.0,4.0,3.0,0.0,1.0,0.0,0.0,0.0,1.0,0
65.0,9.99,24.0,56.6,6.0,5.0,4.0,0.0,0.0,1.0,1.0,0.0,0.0,0
31.0,22.99,20.0,41.4,9.0,1.0,2.0,2.0,1.0,0.0,0.0,1.0,0.0,0
53.0,9.99,59.0,12.3,5.0,4.0,5.0,2.0,0.0,1.0,1.0,0.0,0.0,1
30.0,22.99,13.0,11.6,4.0,5.0,4.0,0.0,1.0,0.0,0.0,1.0,0.0,0
21.0,15.49,41.0,45.2,24.0,5.0,1.0,0.0,0.0,1.0,0.0,0.0,1.0,0
67.0,22.99,11.0,18.8,3.0,2.0,3.0,1.0,1.0,0.0,0.0,1.0,0.0,0
63.0,9.99,13.0,1.0,9.0,1.0,4.0,0.0,1.0,0.0,1.0,0.0,0.0,1
56.0,22.99,7.0,1.0,3.0,1.0,1.0,2.0,0.0,1.0,0.0,1.0,0.0,0
40.0,9.99,26.0,80.1,3.0,2.0,1.0,0.0,0.0,1.0,1.0,0.0,0.0,0
42.0,15.49,18.0,54.5,11.0,3.0,5.0,0.0,0.0,1.0,0.0,0.0,1.0,0
51.0,15.49,50.0,36.0,35.0,3.0,5.0,1.0,1.0,0.0,0.0,0.0,1.0,1
27.0,15.49,16.0,36.9,33.0,2.0,3.0,0.0,0.0,1.0,0.0,0.0,1.0,1
49.0,22.99,44.0,59.5,13.0,1.0,3.0,1.0,0.0,1.0,0.0,1.0,0.0,0
63.0,9.99,51.0,50.5,1.0,5.0,4.0,2.0,0.0,1.0,1.0,0.0,0.0,0
67.0,9.99,39.0,68.9,24.0,1.0,3.0,0.0,0.0,1.0,1.0,0.0,0.0,0
48.0,22.99,36.0,26.2,13.0,5.0,3.0,0.0,1.0,0.0,0.0,1.0,0.0,0
40.0,15.49,52.0,58.7,10.0,4.0,2.0,1.0,0.0,1.0,0.0,0.0,1.0,0
32.0,9.99,7.0,8.5,4.0,1.0,1.0,1.0,1.0,0.0,1.0,0.0,0.0,1
56.0,15.49,44.0,92.4,2.0,1.0,3.0,0.0,0.0,1.0,0.0,0.0,1.0,0
65.0,22.99,48.0,57.3,2.0,4.0,1.0,0.0,0.0,1.0,0.0,1.0,0.0,0
64.0,9.99,37.0,15.0,18.0,3.0,4.0,1.0,1.0,0.0,1.0,0.0,0.0,1
34.0,9.99,27.0,41.0,12.0,2.0,1.0,0.0,1.0,0.0,1.0,0.0,0.0,0
62.0,22.99,54.0,61.7,3.0,4.0,3.0,0.0,1.0,0.0,0.0,1.0,0.0,0
57.0,15.49,6.0,50.3,2.0,3.0,4.0,0.0,0.0,1.0,0.0,0.0,1.0,0
26.0,15.49,41.0,72.6,11.0,3.0,1.0,0.0,0.0,1.0,0.0,0.0,1.0,0
36.0,9.99,46.0,53.8,3.0,2.0,2.0,1.0,0.0,1.0,1.0,0.0,0.0,0
59.0,22.99,41.0,1.0,12.0,2.0,3.0,1.0,0.0,1.0,0.0,1.0,0.0,1
43.0,15.49,20.0,8.5,42.0,1.0,3.0,0.0,0.0,1.0,0.0,0.0,1.0,1
63.0,22.99,50.0,31.4,0.0,4.0,2.0,0.0,1.0,0.0,0.0,1.0,0.0,0
21.0,9.99,39.0,36.1,7.0,2.0,4.0,0.0,1.0,0.0,1.0,0.0,0.0,0
69.0,9.99,43.0,31.3,20.0,1.0,4.0,1.0,0.0,1.0,1.0,0.0,0.0,0
27.0,9.99,33.0,59.6,2.0,1.0,5.0,1.0,1.0,0.0,1.0,0.0,0.0,0
51.0,22.99,43.0,42.1,2.0,4.0,2.0,1.0,0.0,1.0,0.0,1.0,0.0,0
58.0,15.49,7.0,54.1,1.0,1.0,2.0,0.0,1.0,0.0,0.0,0.0,1.0,0
59.0,9.99,16.0,28.6,3.0,1.0,4.0,0.0,0.0,1.0,1.0,0.0,0.0,0
50.0,15.49,42.0,54.0,3.0,2.0,1.0,0.0,0.0,1.0,0.0,0.0,1.0,0
29.0,22.99,48.0,65.4,28.0,2.0,5.0,0.0,0.0,1.0,0.0,1.0,0.0,0
20.0,9.99,8.0,66.2,2.0,1.0,3.0,0.0,1.0,0.0,1.0,0.0,0.0,0
38.0,9.99,17.0,14.0,13.0,3.0,3.0,0.0,1.0,0.0,1.0,0.0,0.0,1
19.0,22.99,34.0,28.4,24.0,2.0,1.0,0.0,0.0,1.0,0.0,1.0,0.0,0
68.0,22.99,44.0,1.0,24.0,3.0,3.0,0.0,0.0,1.0,0.0,1.0,0.0,0
60.0,15.49,8.0,72.9,21.0,2.0,3.0,0.0,0.0,1.0,0.0,0.0,1.0,0
60.0,15.49,7.0,82.4,0.0,1.0,5.0,2.0,0.0,1.0,0.0,0.0,1.0,0
38.0,9.99,52.0,19.6,1.0,1.0,2.0,0.0,0.0,1.0,1.0,0.0,0.0,0
41.0,15.49,52.0,63.3,34.0,1.0,3.0,0.0,0.0,1.0,0.0,0.0,1.0,0
32.0,22.99,38.0,49.8,29.0,1.0,1.0,1.0,0.0,1.0,0.0,1.0,0.0,0
21.0,9.99,32.0,1.0,9.0,1.0,3.0,1.0,0.0,1.0,1.0,0.0,0.0,0
29.0,22.99,13.0,76.8,1.0,5.0,5.0,1.0,1.0,0.0,0.0,1.0,0.0,0
49.0,22.99,43.0,47.6,1.0,1.0,4.0,0.0,1.0,0.0,0.0,1.0,0.0,0
63.0,15.49,24.0,46.8,4.0,4.0,4.0,2.0,1.0,0.0,0.0,0.0,1.0,0
44.0,22.99,19.0,61.2,9.0,1.0,1.0,0.0,0.0,1.0,0.0,1.0,0.0,0
36.0,15.49,25.0,64.3,3.0,1.0,4.0,0.0,1.0,0.0,0.0,0.0,1.0,0
62.0,22.99,9.0,38.1,13.0,4.0,5.0,1.0,0.0,1.0,0.0,1.0,0.0,0
37.0,9.99,42.0,83.1,44.0,2.0,3.0,1.0,0.0,1.0,1.0,0.0,0.0,0
52.0,15.49,55.0,36.6,18.0,3.0,2.0,0.0,0.0,1.0,0.0,0.0,1.0,0
35.0,15.49,47.0,11.4,4.0,2.0,3.0,1.0,0.0,1.0,0.0,0.0,1.0,0
67.0,15.49,59.0,44.0,8.0,4.0,5.0,1.0,0.0,1.0,0.0,0.0,1.0,0
31.0,22.99,42.0,39.3,20.0,2.0,2.0,0.0,0.0,1.0,0.0,1.0,0.0,0
51.0,15.49,12.0,58.6,41.0,2.0,2.0,2.0,0.0,1.0,0.0,0.0,1.0,1
68.0,9.99,30.0,35.4,9.0,4.0,4.0,1.0,1.0,0.0,1.0,0.0,0.0,0
30.0,15.49,12.0,62.5,13.0,4.0,3.0,1.0,1.0,0.0,0.0,0.0,1.0,0
30.0,22.99,46.0,36.6,1.0,2.0,5.0,0.0,1.0,0.0,0.0,1.0,0.0,0
68.0,15.49,21.0,54.4,6.0,3.0,1.0,0.0,1.0,0.0,0.0,0.0,1.0,0
40.0,9.99,31.0,29.5,9.0,2.0,3.0,1.0,1.0,0.0,1.0,0.0,0.0,0
27.0,15.49,29.0,85.8,26.0,5.0,2.0,0.0,1.0,0.0,0.0,0.0,1.0,0
45.0,9.99,24.0,47.9,2.0,3.0,2.0,0.0,0.0,1.0,1.0,0.0,0.0,0
39.0,15.49,51.0,55.5,11.0,2.0,1.0,0.0,1.0,0.0,0.0,0.0,1.0,0
39.0,9.99,26.0,76.2,28.0,3.0,4.0,1.0,1.0,0.0,1.0,0.0,0.0,0
25.0,9.99,11.0,67.6,13.0,3.0,5.0,0.0,1.0,0.0,1.0,0.0,0.0,0
42.0,22.99,13.0,12.0,9.0,4.0,5.0,0.0,0.0,1.0,0.0,1.0,0.0,0
29.0,22.99,26.0,79.1,11.0,2.0,1.0,0.0,0.0,1.0,0.0,1.0,0.0,0
42.0,9.99,17.0,46.1,14.0,1.0,2.0,0.0,1.0,0.0,1.0,0.0,0.0,0
44.0,22.99,34.0,40.5,1.0,2.0,2.0,2.0,0.0,1.0,0.0,1.0,0.0,0
64.0,15.49,20.0,63.3,14.0,2.0,3.0,0.0,0.0,1.0,0.0,0.0,1.0,0
64.0,9.99,42.0,10.9,17.0,2.0,3.0,0.0,0.0,1.0,1.0,0.0,0.0,0
47.0,15.49,27.0,71.7,13.0,4.0,2.0,1.0,0.0,1.0,0.0,0.0,1.0,0
48.0,9.99,32.0,14.0,14.0,5.0,2.0,0.0,1.0,0.0,1.0,0.0,0.0,0
45.0,9.99,52.0,38.9,30.0,3.0,1.0,0.0,1.0,0.0,1.0,0.0,0.0,0
50.0,15.49,45.0,57.0,16.0,2.0,5.0,0.0,1.0,0.0,0.0,0.0,1.0,0
54.0,22.99,49.0,80.6,6.0,1.0,2.0,1.0,1.0,0.0,0.0,1.0,0.0,0
46.0,15.49,49.0,1.0,17.0,4.0,2.0,0.0,1.0,0.0,0.0,0.0,1.0,1
64.0,22.99,28.0,67.7,4.0,2.0,3.0,0.0,1.0,0.0,0.0,1.0,0.0,0
58.0,9.99,36.0,18.3,12.0,3.0,4.0,0.0,0.0,1.0,1.0,0.0,0.0,0
27.0,15.49,11.0,81.7,9.0,4.0,4.0,0.0,1.0,0.0,0.0,0.0,1.0,0
50.0,9.99,7.0,13.0,3.0,3.0,5.0,0.0,1.0,0.0,1.0,0.0,0.0,1
55.0,15.49,53.0,73.9,3.0,4.0,4.0,1.0,0.0,1.0,0.0,0.0,1.0,0
18.0,15.49,1.0,29.4,10.0,2.0,3.0,0.0,1.0,0.0,0.0,0.0,1.0,0
52.0,9.99,15.0,61.9,7.0,1.0,4.0,1.0,0.0,1.0,1.0,0.0,0.0,0
22.0,15.49,51.0,1.0,1.0,2.0,4.0,3.0,0.0,1.0,0.0,0.0,1.0,0
40.0,15.49,26.0,63.9,8.0,3.0,5.0,0.0,0.0,1.0,0.0,0.0,1.0,0
47.0,9.99,53.0,62.7,4.0,3.0,4.0,0.0,0.0,1.0,1.0,0.0,0.0,0
37.0,9.99,2.0,70.2,9.0,4.0,3.0,0.0,0.0,1.0,1.0,0.0,0.0,0
69.0,15.49,10.0,66.9,17.0,2.0,5.0,1.0,0.0,1.0,0.0,0.0,1.0,0
59.0,9.99,39.0,40.0,2.0,3.0,2.0,0.0,1.0,0.0,1.0,0.0,0.0,0
60.0,22.99,6.0,24.7,10.0,1.0,3.0,0.0,0.0,1.0,0.0,1.0,0.0,1
38.0,15.49,6.0,15.5,1.0,3.0,5.0,0.0,1.0,0.0,0.0,0.0,1.0,0
20.0,9.99,32.0,28.3,4.0,1.0,1.0,0.0,0.0,1.0,1.0,0.0,0.0,0
26.0,15.49,41.0,68.1,10.0,1.0,5.0,0.0,0.0,1.0,0.0,0.0,1.0,0
40.0,15.49,3.0,85.9,14.0,4.0,5.0,1.0,0.0,1.0,0.0,0.0,1.0,0
57.0,15.49,6.0,88.9,2.0,2.0,5.0,1.0,0.0,1.0,0.0,0.0,1.0,0
61.0,22.99,2.0,32.2,9.0,1.0,1.0,1.0,1.0,0.0,0.0,1.0,0.0,1
25.0,9.99,47.0,4.1,7.0,2.0,4.0,3.0,0.0,1.0,1.0,0.0,0.0,1
66.0,15.49,39.0,21.5,6.0,3.0,2.0,0.0,0.0,1.0,0.0,0.0,1.0,0
41.0,9.99,20.0,23.5,2.0,1.0,4.0,0.0,1.0,0.0,1.0,0.0,0.0,0
20.0,9.99,25.0,69.6,53.0,1.0,1.0,0.0,1.0,0.0,1.0,0.0,0.0,1
19.0,9.99,36.0,50.7,6.0,2.0,2.0,2.0,0.0,1.0,1.0,0.0,0.0,0
18.0,9.99,57.0,26.2,1.0,1.0,3.0,1.0,1.0,0.0,1.0,0.0,0.0,0
58.0,22.99,51.0,61.4,1.0,4.0,4.0,1.0,1.0,0.0,0.0,1.0,0.0,0
18.0,22.99,31.0,19.8,3.0,1.0,3.0,0.0,1.0,0.0,0.0,1.0,0.0,0
64.0,15.49,30.0,61.0,18.0,3.0,3.0,0.0,1.0,0.0,0.0,0.0,1.0,0
23.0,15.49,49.0,31.9,33.0,3.0,3.0,0.0,1.0,0.0,0.0,0.0,1.0,0
49.0,15.49,51.0,28.4,3.0,5.0,3.0,0.0,0.0,1.0,0.0,0.0,1.0,0
26.0,15.49,32.0,42.7,0.0,2.0,2.0,0.0,1.0,0.0,0.0,0.0,1.0,0
27.0,9.99,16.0,35.0,5.0,2.0,2.0,0.0,1.0,0.0,1.0,0.0,0.0,0
20.0,15.49,33.0,33.3,0.0,2.0,1.0,3.0,1.0,0.0,0.0,0.0,1.0,0
33.0,15.49,7.0,2.7,14.0,4.0,5.0,1.0,0.0,1.0,0.0,0.0,1.0,1
64.0,15.49,3.0,1.0,5.0,5.0,2.0,1.0,0.0,1.0,0.0,0.0,1.0,1
36.0,15.49,35.0,47.5,14.0,4.0,3.0,1.0,1.0,0.0,0.0,0.0,1.0,0
56.0,15.49,4.0,21.7,5.0,1.0,4.0,0.0,1.0,0.0,0.0,0.0,1.0,0
49.0,9.99,31.0,36.3,4.0,4.0,3.0,1.0,0.0,1.0,1.0,0.0,0.0,0
32.0,15.49,15.0,34.2,10.0,1.0,5.0,2.0,0.0,1.0,0.0,0.0,1.0,1
45.0,9.99,21.0,27.2,0.0,1.0,3.0,0.0,0.0,1.0,1.0,0.0,0.0,0
52.0,15.49,52.0,117.8,2.0,3.0,1.0,2.0,0.0,1.0,0.0,0.0,1.0,0
42.0,15.49,51.0,20.9,5.0,2.0,1.0,0.0,1.0,0.0,0.0,0.0,1.0,0
66.0,9.99,50.0,62.5,16.0,4.0,1.0,0.0,1.0,0.0,1.0,0.0,0.0,0
30.0,15.49,38.0,60.9,10.0,2.0,2.0,1.0,0.0,1.0,0.0,0.0,1.0,0
46.0,9.99,36.0,42.3,11.0,1.0,2.0,2.0,1.0,0.0,1.0,0.0,0.0,0
19.0,9.99,15.0,91.6,0.0,3.0,1.0,0.0,1.0,0.0,1.0,0.0,0.0,0
42.0,22.99,59.0,48.4,0.0,3.0,5.0,1.0,0.0,1.0,0.0,1.0,0.0,0
30.0,9.99,52.0,20.1,14.0,2.0,2.0,2.0,0.0,1.0,1.0,0.0,0.0,1
60.0,22.99,41.0,42.3,5.0,1.0,1.0,0.0,0.0,1.0,0.0,1.0,0.0,0
18.0,15.49,8.0,40.6,1.0,5.0,3.0,0.0,0.0,1.0,0.0,0.0,1.0,0
45.0,9.99,47.0,73.2,10.0,1.0,5.0,1.0,1.0,0.0,1.0,0.0,0.0,0
27.0,22.99,31.0,63.5,42.0,2.0,4.0,0.0,0.0,1.0,0.0,1.0,0.0,0
40.0,22.99,4.0,24.3,3.0,5.0,2.0,2.0,0.0,1.0,0.0,1.0,0.0,0
66.0,22.99,56.0,55.6,19.0,4.0,2.0,0.0,0.0,1.0,0.0,1.0,0.0,0
61.0,15.49,1.0,70.9,10.0,3.0,4.0,0.0,0.0,1.0,0.0,0.0,1.0,0
62.0,9.99,14.0,47.3,0.0,5.0,2.0,0.0,0.0,1.0,1.0,0.0,0.0,0
56.0,9.99,4.0,58.7,9.0,4.0,4.0,1.0,1.0,0.0,1.0,0.0,0.0,0
43.0,9.99,15.0,91.0,5.0,4.0,4.0,1.0,1.0,0.0,1.0,0.0,0.0,0
34.0,9.99,26.0,30.5,4.0,5.0,2.0,0.0,1.0,0.0,1.0,0.0,0.0,0
66.0,9.99,59.0,43.5,0.0,2.0,2.0,1.0,1.0,0.0,1.0,0.0,0.0,0
33.0,9.99,56.0,24.1,1.0,2.0,4.0,0.0,0.0,1.0,1.0,0.0,0.0,0
25.0,15.49,44.0,49.2,4.0,2.0,1.0,0.0,1.0,0.0,0.0,0.0,1.0,0
21.0,9.99,23.0,46.5,12.0,2.0,1.0,1.0,0.0,1.0,1.0,0.0,0.0,0
57.0,15.49,31.0,29.8,8.0,4.0,3.0,0.0,0.0,1.0,0.0,0.0,1.0,0
42.0,22.99,20.0,31.8,6.0,3.0,1.0,1.0,0.0,1.0,0.0,1.0,0.0,0
59.0,9.99,41.0,60.0,2.0,4.0,5.0,0.0,1.0,0.0,1.0,0.0,0.0,0
38.0,9.99,11.0,69.1,5.0,3.0,5.0,0.0,0.0,1.0,1.0,0.0,0.0,0
30.0,9.99,48.0,88.8,2.0,5.0,5.0,1.0,0.0,1.0,1.0,0.0,0.0,0
33.0,22.99,31.0,31.4,10.0,4.0,1.0,1.0,0.0,1.0,0.0,1.0,0.0,0
24.0,22.99,50.0,44.8,3.0,2.0,3.0,1.0,1.0,0.0,0.0,1.0,0.0,0
19.0,15.49,15.0,76.0,0.0,1.0,3.0,0.0,1.0,0.0,0.0,0.0,1.0,0
58.0,22.99,25.0,25.9,30.0,3.0,4.0,1.0,0.0,1.0,0.0,1.0,0.0,0
26.0,9.99,4.0,57.3,3.0,1.0,3.0,0.0,1.0,0.0,1.0,0.0,0.0,0
23.0,9.99,8.0,73.0,5.0,1.0,3.0,1.0,0.0,1.0,1.0,0.0,0.0,0
30.0,15.49,10.0,52.2,16.0,3.0,1.0,0.0,0.0,1.0,0.0,0.0,1.0,0
28.0,15.49,12.0,63.3,4.0,1.0,1.0,1.0,1.0,0.0,0.0,0.0,1.0,0
29.0,9.99,22.0,40.8,66.0,5.0,1.0,2.0,0.0,1.0,1.0,0.0,0.0,1
33.0,9.99,7.0,28.7,23.0,1.0,5.0,0.0,0.0,1.0,1.0,0.0,0.0,1
20.0,9.99,51.0,4.3,1.0,1.0,1.0,1.0,0.0,1.0,1.0,0.0,0.0,0
36.0,15.49,25.0,15.6,1.0,3.0,1.0,1.0,0.0,1.0,0.0,0.0,1.0,0
52.0,9.99,2.0,25.6,4.0,4.0,3.0,0.0,0.0,1.0,1.0,0.0,0.0,0
37.0,15.49,7.0,65.5,7.0,5.0,4.0,0.0,1.0,0.0,0.0,0.0,1.0,0
28.0,9.99,31.0,34.5,22.0,4.0,1.0,0.0,1.0,0.0,1.0,0.0,0.0,0
52.0,15.49,39.0,54.4,17.0,2.0,5.0,0.0,1.0,0.0,0.0,0.0,1.0,0
27.0,9.99,9.0,11.9,18.0,2.0,5.0,0.0,1.0,0.0,1.0,0.0,0.0,0
65.0,15.49,49.0,27.7,7.0,1.0,1.0,0.0,0.0,1.0,0.0,0.0,1.0,0
50.0,15.49,31.0,34.2,6.0,1.0,4.0,0.0,1.0,0.0,0.0,0.0,1.0,0
58.0,22.99,31.0,55.9,21.0,5.0,2.0,2.0,0.0,1.0,0.0,1.0,0.0,0
51.0,22.99,33.0,32.6,1.0,4.0,1.0,1.0,1.0,0.0,0.0,1.0,0.0,0
46.0,9.99,42.0,48.1,1.0,3.0,4.0,2.0,1.0,0.0,1.0,0.0,0.0,0
26.0,15.49,35.0,1.0,0.0,2.0,2.0,1.0,1.0,0.0,0.0,0.0,1.0,0
47.0,9.99,32.0,48.7,16.0,1.0,1.0,1.0,1.0,0.0,1.0,0.0,0.0,0
42.0,22.99,22.0,59.8,1.0,5.0,1.0,1.0,0.0,1.0,0.0,1.0,0.0,0
25.0,15.49,50.0,72.6,6.0,5.0,4.0,1.0,0.0,1.0,0.0,0.0,1.0,0
32.0,22.99,53.0,2.5,1.0,4.0,2.0,0.0,0.0,1.0,0.0,1.0,0.0,0
56.0,15.49,46.0,36.5,6.0,3.0,1.0,0.0,1.0,0.0,0.0,0.0,1.0,0
31.0,15.49,23.0,25.8,9.0,3.0,3.0,0.0,1.0,0.0,0.0,0.0,1.0,0
37.0,15.49,16.0,44.5,2.0,1.0,1.0,0.0,1.0,0.0,0.0,0.0,1.0,0
39.0,9.99,42.0,3.1,24.0,4.0,2.0,0.0,1.0,0.0,1.0,0.0,0.0,1
35.0,9.99,28.0,49.9,1.0,3.0,4.0,1.0,1.0,0.0,1.0,0.0,0.0,0
54.0,22.99,31.0,52.6,4.0,5.0,1.0,0.0,0.0,1.0,0.0,1.0,0.0,0
49.0,15.49,6.0,75.5,6.0,2.0,5.0,0.0,1.0,0.0,0.0,0.0,1.0,0
66.0,15.49,32.0,83.6,20.0,5.0,2.0,0.0,0.0,1.0,0.0,0.0,1.0,0
35.0,15.49,30.0,74.6,6.0,3.0,2.0,1.0,0.0,1.0,0.0,0.0,1.0,0
68.0,9.99,10.0,58.7,8.0,1.0,1.0,0.0,1.0,0.0,1.0,0.0,0.0,0
61.0,9.99,11.0,15.2,29.0,1.0,5.0,0.0,1.0,0.0,1.0,0.0,0.0,1
67.0,22.99,8.0,25.2,13.0,3.0,5.0,0.0,1.0,0.0,0.0,1.0,0.0,0
52.0,15.49,16.0,23.2,3.0,5.0,5.0,0.0,0.0,1.0,0.0,0.0,1.0,0
68.0,22.99,8.0,44.1,5.0,2.0,2.0,0.0,0.0,1.0,0.0,1.0,0.0,0
52.0,22.99,25.0,23.7,10.0,4.0,1.0,1.0,0.0,1.0,0.0,1.0,0.0,0
38.0,15.49,23.0,58.9,23.0,1.0,1.0,1.0,0.0,1.0,0.0,0.0,1.0,0
43.0,9.99,17.0,20.5,7.0,3.0,4.0,1.0,1.0,0.0,1.0,0.0,0.0,0
63.0,9.99,12.0,46.3,8.0,4.0,3.0,0.0,0.0,1.0,1.0,0.0,0.0,0
31.0,15.49,59.0,51.0,12.0,5.0,2.0,0.0,1.0,0.0,0.0,0.0,1.0,0
47.0,9.99,47.0,44.0,6.0,3.0,4.0,1.0,0.0,1.0,1.0,0.0,0.0,0
20.0,9.99,50.0,39.4,47.0,1.0,3.0,0.0,0.0,1.0,1.0,0.0,0.0,0
28.0,9.99,57.0,69.4,3.0,5.0,1.0,0.0,1.0,0.0,1.0,0.0,0.0,0
40.0,9.99,54.0,78.2,3.0,2.0,3.0,0.0,0.0,1.0,1.0,0.0,0.0,0
68.0,22.99,32.0,79.0,27.0,4.0,5.0,0.0,1.0,0.0,0.0,1.0,0.0,0
43.0,9.99,45.0,53.8,2.0,4.0,3.0,1.0,1.0,0.0,1.0,0.0,0.0,0
20.0,15.49,25.0,56.3,7.0,5.0,1.0,0.0,1.0,0.0,0.0,0.0,1.0,0
19.0,15.49,18.0,45.0,27.0,2.0,1.0,0.0,1.0,0.0,0.0,0.0,1.0,0
63.0,9.99,51.0,8.2,23.0,1.0,5.0,0.0,0.0,1.0,1.0,0.0,0.0,0
33.0,9.99,33.0,61.6,15.0,3.0,3.0,1.0,1.0,0.0,1.0,0.0,0.0,0
56.0,9.99,23.0,59.0,7.0,5.0,2.0,0.0,0.0,1.0,1.0,0.0,0.0,0
68.0,22.99,52.0,47.3,10.0,3.0,5.0,0.0,0.0,1.0,0.0,1.0,0.0,0
58.0,15.49,18.0,43.0,27.0,3.0,5.0,1.0,1.0,0.0,0.0,0.0,1.0,1
29.0,15.49,50.0,32.0,2.0,1.0,2.0,0.0,0.0,1.0,0.0,0.0,1.0,0
69.0,22.99,49.0,68.4,4.0,1.0,4.0,0.0,0.0,1.0,0.0,1.0,0.0,0
34.0,22.99,51.0,62.9,8.0,4.0,3.0,0.0,1.0,0.0,0.0,1.0,0.0,0
41.0,22.99,6.0,34.5,33.0,5.0,3.0,1.0,1.0,0.0,0.0,1.0,0.0,1
44.0,9.99,6.0,33.4,2.0,4.0,1.0,2.0,0.0,1.0,1.0,0.0,0.0,0
22.0,22.99,38.0,59.3,8.0,5.0,1.0,0.0,0.0,1.0,0.0,1.0,0.0,0
65.0,15.49,27.0,40.3,12.0,4.0,5.0,0.0,1.0,0.0,0.0,0.0,1.0,0
62.0,22.99,58.0,43.4,11.0,3.0,5.0,1.0,1.0,0.0,0.0,1.0,0.0,0
38.0,9.99,23.0,50.5,22.0,2.0,5.0,1.0,1.0,0.0,1.0,0.0,0.0,0
20.0,9.99,15.0,59.3,16.0,2.0,5.0,0.0,1.0,0.0,1.0,0.0,0.0,0
40.0,15.49,12.0,65.1,3.0,4.0,5.0,1.0,0.0,1.0,0.0,0.0,1.0,0
48.0,15.49,59.0,47.4,5.0,5.0,5.0,2.0,0.0,1.0,0.0,0.0,1.0,0
62.0,15.49,52.0,5.6,8.0,2.0,3.0,0.0,1.0,0.0,0.0,0.0,1.0,0
22.0,9.99,6.0,17.4,5.0,1.0,3.0,0.0,1.0,0.0,1.0,0.0,0.0,0
52.0,22.99,24.0,10.7,5.0,4.0,3.0,0.0,0.0,1.0,0.0,1.0,0.0,0
51.0,22.99,36.0,39.1,3.0,5.0,4.0,1.0,0.0,1.0,0.0,1.0,0.0,0
35.0,22.99,59.0,53.6,2.0,2.0,5.0,0.0,0.0,1.0,0.0,1.0,0.0,0
47.0,9.99,25.0,34.8,28.0,4.0,5.0,0.0,0.0,1.0,1.0,0.0,0.0,0
24.0,9.99,36.0,114.6,2.0,5.0,1.0,2.0,1.0,0.0,1.0,0.0,0.0,0
37.0,9.99,54.0,70.5,11.0,4.0,5.0,2.0,1.0,0.0,1.0,0.0,0.0,0
54.0,15.49,41.0,38.5,56.0,4.0,3.0,0.0,0.0,1.0,0.0,0.0,1.0,1
30.0,9.99,37.0,24.6,4.0,1.0,4.0,2.0,0.0,1.0,1.0,0.0,0.0,1
37.0,15.49,7.0,15.8,25.0,3.0,5.0,1.0,0.0,1.0,0.0,0.0,1.0,1
48.0,9.99,6.0,40.1,0.0,4.0,5.0,0.0,1.0,0.0,1.0,0.0,0.0,0
51.0,15.49,1.0,20.5,2.0,4.0,1.0,1.0,0.0,1.0,0.0,0.0,1.0,0
68.0,9.99,53.0,66.7,1.0,1.0,3.0,1.0,0.0,1.0,1.0,0.0,0.0,0
53.0,15.49,12.0,20.8,6.0,2.0,2.0,0.0,0.0,1.0,0.0,0.0,1.0,0
54.0,9.99,11.0,68.6,3.0,3.0,4.0,0.0,1.0,0.0,1.0,0.0,0.0,0
66.0,15.49,25.0,35.5,6.0,4.0,2.0,0.0,1.0,0.0,0.0,0.0,1.0,0
59.0,9.99,14.0,108.7,29.0,5.0,5.0,0.0,1.0,0.0,1.0,0.0,0.0,0
27.0,15.49,34.0,47.8,13.0,2.0,1.0,0.0,1.0,0.0,0.0,0.0,1.0,0
58.0,9.99,25.0,71.9,4.0,3.0,3.0,2.0,1.0,0.0,1.0,0.0,0.0,0
20.0,22.99,42.0,55.0,10.0,5.0,2.0,0.0,0.0,1.0,0.0,1.0,0.0,0
28.0,22.99,43.0,33.3,2.0,2.0,1.0,0.0,0.0,1.0,0.0,1.0,0.0,0
40.0,9.99,17.0,79.8,11.0,2.0,5.0,0.0,0.0,1.0,1.0,0.0,0.0,0
48.0,15.49,5.0,23.5,1.0,4.0,1.0,1.0,0.0,1.0,0.0,0.0,1.0,0
59.0,9.99,19.0,41.0,51.0,2.0,5.0,2.0,0.0,1.0,1.0,0.0,0.0,1
60.0,9.99,33.0,35.0,8.0,5.0,3.0,1.0,0.0,1.0,1.0,0.0,0.0,0
34.0,9.99,3.0,4.8,11.0,4.0,1.0,0.0,1.0,0.0,1.0,0.0,0.0,1
43.0,9.99,4.0,47.8,18.0,2.0,1.0,0.0,0.0,1.0,1.0,0.0,0.0,0
54.0,9.99,12.0,43.3,6.0,4.0,1.0,0.0,0.0,1.0,1.0,0.0,0.0,1
18.0,15.49,37.0,48.3,11.0,2.0,2.0,1.0,1.0,0.0,0.0,0.0,1.0,0
53.0,22.99,11.0,40.8,9.0,4.0,4.0,0.0,0.0,1.0,0.0,1.0,0.0,0
53.0,9.99,2.0,60.9,34.0,2.0,2.0,0.0,1.0,0.0,1.0,0.0,0.0,1
48.0,15.49,51.0,31.4,4.0,5.0,4.0,2.0,0.0,1.0,0.0,0.0,1.0,0
42.0,15.49,30.0,27.1,11.0,1.0,2.0,0.0,0.0,1.0,0.0,0.0,1.0,1
65.0,9.99,21.0,21.8,7.0,3.0,5.0,0.0,1.0,0.0,1.0,0.0,0.0,0
44.0,9.99,48.0,36.5,12.0,2.0,1.0,1.0,1.0,0.0,1.0,0.0,0.0,1
25.0,9.99,27.0,14.7,2.0,5.0,2.0,0.0,0.0,1.0,1.0,0.0,0.0,0
32.0,9.99,54.0,19.8,1.0,2.0,2.0,0.0,0.0,1.0,1.0,0.0,0.0,0
19.0,9.99,18.0,79.4,11.0,3.0,3.0,0.0,1.0,0.0,1.0,0.0,0.0,0
27.0,15.49,58.0,3.8,4.0,2.0,5.0,1.0,0.0,1.0,0.0,0.0,1.0,0
23.0,15.49,12.0,34.5,4.0,3.0,2.0,1.0,0.0,1.0,0.0,0.0,1.0,0
68.0,15.49,58.0,62.2,16.0,3.0,4.0,1.0,1.0,0.0,0.0,0.0,1.0,0
52.0,9.99,36.0,6.7,3.0,2.0,4.0,0.0,0.0,1.0,1.0,0.0,0.0,0
32.0,15.49,45.0,64.1,18.0,5.0,4.0,0.0,0.0,1.0,0.0,0.0,1.0,0
18.0,15.49,32.0,47.1,18.0,4.0,4.0,1.0,1.0,0.0,0.0,0.0,1.0,0
64.0,22.99,1.0,18.1,4.0,3.0,5.0,1.0,1.0,0.0,0.0,1.0,0.0,0
46.0,9.99,26.0,45.3,4.0,3.0,5.0,0.0,1.0,0.0,1.0,0.0,0.0,0
21.0,15.49,44.0,46.7,24.0,4.0,5.0,0.0,0.0,1.0,0.0,0.0,1.0,0
62.0,15.49,37.0,55.8,16.0,4.0,2.0,2.0,1.0,0.0,0.0,0.0,1.0,0
32.0,15.49,18.0,61.8,1.0,2.0,2.0,0.0,0.0,1.0,0.0,0.0,1.0,0
62.0,15.49,33.0,82.1,1.0,5.0,1.0,0.0,1.0,0.0,0.0,0.0,1.0,0
35.0,15.49,31.0,4.4,12.0,1.0,2.0,1.0,0.0,1.0,0.0,0.0,1.0,0
38.0,9.99,32.0,55.7,1.0,2.0,3.0,0.0,1.0,0.0,1.0,0.0,0.0,0
37.0,22.99,35.0,48.2,9.0,4.0,1.0,0.0,0.0,1.0,0.0,1.0,0.0,0
42.0,22.99,9.0,21.5,8.0,2.0,4.0,1.0,1.0,0.0,0.0,1.0,0.0,0
36.0,15.49,9.0,42.9,1.0,2.0,3.0,2.0,0.0,1.0,0.0,0.0,1.0,0
64.0,15.49,32.0,93.9,23.0,2.0,3.0,2.0,1.0,0.0,0.0,0.0,1.0,0
62.0,15.49,18.0,77.1,22.0,4.0,5.0,0.0,1.0,0.0,0.0,0.0,1.0,0
36.0,15.49,57.0,35.8,7.0,1.0,1.0,0.0,1.0,0.0,0.0,0.0,1.0,0
31.0,22.99,15.0,44.4,2.0,4.0,4.0,0.0,1.0,0.0,0.0,1.0,0.0,0
28.0,9.99,59.0,27.9,6.0,2.0,5.0,3.0,1.0,0.0,1.0,0.0,0.0,0
18.0,22.99,53.0,21.3,3.0,1.0,5.0,1.0,1.0,0.0,0.0,1.0,0.0,0
69.0,15.49,23.0,27.0,40.0,2.0,2.0,2.0,0.0,1.0,0.0,0.0,1.0,1
52.0,9.99,36.0,54.0,3.0,2.0,1.0,3.0,1.0,0.0,1.0,0.0,0.0,0
56.0,9.99,35.0,10.9,4.0,3.0,3.0,0.0,1.0,0.0,1.0,0.0,0.0,0
33.0,22.99,4.0,72.6,4.0,3.0,5.0,1.0,0.0,1.0,0.0,1.0,0.0,0
36.0,15.49,39.0,80.7,3.0,1.0,2.0,1.0,1.0,0.0,0.0,0.0,1.0,0
48.0,9.99,14.0,40.0,1.0,5.0,4.0,0.0,0.0,1.0,1.0,0.0,0.0,0
21.0,22.99,16.0,35.3,14.0,1.0,2.0,0.0,0.0,1.0,0.0,1.0,0.0,0
46.0,9.99,32.0,61.6,7.0,1.0,1.0,0.0,1.0,0.0,1.0,0.0,0.0,0
44.0,22.99,40.0,64.6,16.0,3.0,4.0,0.0,0.0,1.0,0.0,1.0,0.0,0
22.0,9.99,43.0,68.5,13.0,4.0,2.0,1.0,1.0,0.0,1.0,0.0,0.0,0
60.0,15.49,14.0,52.9,14.0,2.0,3.0,1.0,0.0,1.0,0.0,0.0,1.0,0
36.0,22.99,59.0,1.0,3.0,5.0,5.0,2.0,0.0,1.0,0.0,1.0,0.0,1
60.0,9.99,21.0,55.3,5.0,5.0,2.0,1.0,1.0,0.0,1.0,0.0,0.0,0
36.0,9.99,4.0,63.0,31.0,1.0,2.0,2.0,1.0,0.0,1.0,0.0,0.0,0
20.0,9.99,33.0,31.9,24.0,4.0,5.0,0.0,1.0,0.0,1.0,0.0,0.0,1
28.0,9.99,8.0,44.5,5.0,1.0,1.0,1.0,1.0,0.0,1.0,0.0,0.0,0
50.0,22.99,18.0,59.2,9.0,5.0,5.0,0.0,1.0,0.0,0.0,1.0,0.0,0
58.0,9.99,33.0,63.0,1.0,5.0,3.0,1.0,1.0,0.0,1.0,0.0,0.0,0
41.0,22.99,36.0,52.2,7.0,4.0,2.0,3.0,0.0,1.0,0.0,1.0,0.0,0
50.0,15.49,53.0,77.2,2.0,3.0,3.0,2.0,1.0,0.0,0.0,0.0,1.0,0
68.0,15.49,55.0,22.4,15.0,2.0,2.0,0.0,1.0,0.0,0.0,0.0,1.0,0
40.0,15.49,56.0,53.0,25.0,3.0,5.0,0.0,0.0,1.0,0.0,0.0,1.0,0
35.0,15.49,7.0,28.1,18.0,1.0,3.0,1.0,0.0,1.0,0.0,0.0,1.0,0
65.0,9.99,37.0,48.1,20.0,5.0,4.0,0.0,0.0,1.0,1.0,0.0,0.0,0
36.0,15.49,24.0,44.2,21.0,5.0,1.0,1.0,1.0,0.0,0.0,0.0,1.0,0
23.0,22.99,1.0,44.9,15.0,4.0,3.0,0.0,0.0,1.0,0.0,1.0,0.0,0
22.0,15.49,6.0,1.0,4.0,3.0,4.0,1.0,0.0,1.0,0.0,0.0,1.0,1
46.0,22.99,34.0,43.9,3.0,3.0,2.0,1.0,1.0,0.0,0.0,1.0,0.0,0
26.0,15.49,55.0,47.4,13.0,3.0,2.0,1.0,0.0,1.0,0.0,0.0,1.0,0
66.0,15.49,7.0,41.8,1.0,5.0,3.0,1.0,0.0,1.0,0.0,0.0,1.0,0
43.0,9.99,31.0,40.4,12.0,2.0,3.0,0.0,0.0,1.0,1.0,0.0,0.0,0
40.0,9.99,27.0,54.1,5.0,5.0,3.0,1.0,0.0,1.0,1.0,0.0,0.0,0
62.0,15.49,2.0,44.1,13.0,1.0,2.0,3.0,0.0,1.0,0.0,0.0,1.0,1
27.0,9.99,30.0,42.5,8.0,1.0,1.0,0.0,0.0,1.0,1.0,0.0,0.0,0
65.0,9.99,50.0,44.9,15.0,5.0,4.0,0.0,1.0,0.0,1.0,0.0,0.0,0
49.0,9.99,30.0,27.4,1.0,5.0,5.0,1.0,1.0,0.0,1.0,0.0,0.0,0
58.0,9.99,43.0,102.9,5.0,2.0,2.0,0.0,0.0,1.0,1.0,0.0,0.0,0
48.0,9.99,54.0,53.6,3.0,1.0,5.0,1.0,1.0,0.0,1.0,0.0,0.0,0
34.0,15.49,17.0,106.8,23.0,3.0,4.0,1.0,1.0,0.0,0.0,0.0,1.0,0
27.0,15.49,59.0,43.9,18.0,5.0,1.0,1.0,1.0,0.0,0.0,0.0,1.0,0
50.0,15.49,41.0,47.3,6.0,5.0,4.0,1.0,0.0,1.0,0.0,0.0,1.0,0
29.0,15.49,1.0,75.6,41.0,5.0,1.0,0.0,0.0,1.0,0.0,0.0,1.0,0
23.0,9.99,40.0,83.6,0.0,5.0,4.0,0.0,0.0,1.0,1.0,0.0,0.0,0
44.0,9.99,28.0,72.1,2.0,1.0,1.0,3.0,0.0,1.0,1.0,0.0,0.0,0
19.0,22.99,59.0,68.1,0.0,3.0,2.0,2.0,0.0,1.0,0.0,1.0,0.0,0
53.0,15.49,40.0,39.3,14.0,3.0,3.0,2.0,0.0,1.0,0.0,0.0,1.0,0
65.0,22.99,8.0,67.1,1.0,2.0,3.0,1.0,0.0,1.0,0.0,1.0,0.0,0
65.0,9.99,40.0,40.0,15.0,5.0,5.0,0.0,1.0,0.0,1.0,0.0,0.0,0
55.0,9.99,38.0,65.3,3.0,1.0,4.0,0.0,1.0,0.0,1.0,0.0,0.0,0
60.0,15.49,23.0,21.1,9.0,4.0,1.0,1.0,0.0,1.0,0.0,0.0,1.0,0
22.0,22.99,34.0,46.5,26.0,5.0,4.0,2.0,1.0,0.0,0.0,1.0,0.0,0
58.0,15.49,17.0,82.3,7.0,3.0,1.0,0.0,0.0,1.0,0.0,0.0,1.0,0
31.0,22.99,49.0,73.7,1.0,2.0,5.0,2.0,0.0,1.0,0.0,1.0,0.0,0
22.0,15.49,35.0,5.6,1.0,2.0,4.0,0.0,0.0,1.0,0.0,0.0,1.0,0
28.0,22.99,18.0,26.8,0.0,3.0,3.0,0.0,0.0,1.0,0.0,1.0,0.0,0
33.0,9.99,28.0,28.0,0.0,2.0,3.0,1.0,0.0,1.0,1.0,0.0,0.0,0
45.0,9.99,34.0,72.2,34.0,1.0,4.0,1.0,1.0,0.0,1.0,0.0,0.0,0
63.0,15.49,15.0,34.9,22.0,3.0,2.0,1.0,1.0,0.0,0.0,0.0,1.0,0
31.0,22.99,13.0,76.0,7.0,1.0,1.0,0.0,1.0,0.0,0.0,1.0,0.0,0
57.0,9.99,35.0,63.5,10.0,2.0,5.0,0.0,1.0,0.0,1.0,0.0,0.0,0
69.0,9.99,43.0,55.3,1.0,2.0,5.0,0.0,0.0,1.0,1.0,0.0,0.0,0
24.0,15.49,17.0,68.8,4.0,1.0,1.0,1.0,1.0,0.0,0.0,0.0,1.0,0
45.0,22.99,1.0,67.8,11.0,2.0,3.0,2.0,0.0,1.0,0.0,1.0,0.0,0
27.0,9.99,14.0,1.0,1.0,1.0,5.0,0.0,1.0,0.0,1.0,0.0,0.0,0
27.0,22.99,47.0,74.5,30.0,3.0,5.0,0.0,1.0,0.0,0.0,1.0,0.0,0
35.0,15.49,57.0,68.8,4.0,2.0,5.0,0.0,1.0,0.0,0.0,0.0,1.0,0
39.0,15.49,44.0,105.7,10.0,3.0,3.0,0.0,1.0,0.0,0.0,0.0,1.0,0
27.0,9.99,39.0,74.7,39.0,3.0,4.0,1.0,1.0,0.0,1.0,0.0,0.0,0
22.0,15.49,42.0,62.0,7.0,2.0,2.0,1.0,0.0,1.0,0.0,0.0,1.0,0
31.0,9.99,27.0,52.4,4.0,5.0,4.0,0.0,1.0,0.0,1.0,0.0,0.0,0
20.0,9.99,11.0,54.3,1.0,1.0,1.0,1.0,0.0,1.0,1.0,0.0,0.0,0
53.0,9.99,56.0,40.2,7.0,2.0,1.0,0.0,0.0,1.0,1.0,0.0,0.0,0
64.0,15.49,30.0,14.3,11.0,2.0,3.0,0.0,0.0,1.0,0.0,0.0,1.0,0
24.0,15.49,55.0,47.8,9.0,5.0,3.0,2.0,1.0,0.0,0.0,0.0,1.0,0
51.0,15.49,29.0,44.6,15.0,5.0,3.0,0.0,1.0,0.0,0.0,0.0,1.0,0
54.0,9.99,8.0,101.7,14.0,4.0,5.0,0.0,0.0,1.0,1.0,0.0,0.0,0
67.0,15.49,30.0,35.5,3.0,5.0,1.0,1.0,0.0,1.0,0.0,0.0,1.0,0
58.0,15.49,11.0,46.6,29.0,5.0,4.0,0.0,1.0,0.0,0.0,0.0,1.0,0
56.0,9.99,41.0,4.5,2.0,5.0,3.0,1.0,1.0,0.0,1.0,0.0,0.0,0
41.0,9.99,44.0,57.1,17.0,2.0,5.0,0.0,1.0,0.0,1.0,0.0,0.0,0
62.0,22.99,56.0,66.5,14.0,3.0,1.0,0.0,0.0,1.0,0.0,1.0,0.0,0
33.0,15.49,56.0,55.4,0.0,2.0,2.0,2.0,1.0,0.0,0.0,0.0,1.0,0
53.0,9.99,44.0,17.9,15.0,4.0,2.0,0.0,1.0,0.0,1.0,0.0,0.0,1
24.0,15.49,25.0,17.5,8.0,5.0,5.0,1.0,1.0,0.0,0.0,0.0,1.0,1
37.0,22.99,46.0,74.6,5.0,4.0,1.0,2.0,0.0,1.0,0.0,1.0,0.0,0
43.0,9.99,21.0,30.5,3.0,5.0,2.0,2.0,0.0,1.0,1.0,0.0,0.0,0
51.0,9.99,14.0,5.6,15.0,3.0,5.0,1.0,0.0,1.0,1.0,0.0,0.0,1
57.0,15.49,51.0,97.6,8.0,1.0,3.0,0.0,1.0,0.0,0.0,0.0,1.0,0
50.0,9.99,47.0,18.2,2.0,2.0,2.0,0.0,1.0,0.0,1.0,0.0,0.0,0
61.0,15.49,12.0,57.7,12.0,3.0,5.0,1.0,0.0,1.0,0.0,0.0,1.0,0
32.0,9.99,22.0,13.5,36.0,4.0,4.0,0.0,1.0,0.0,1.0,0.0,0.0,0
26.0,9.99,12.0,71.6,8.0,2.0,4.0,0.0,0.0,1.0,1.0,0.0,0.0,0
23.0,9.99,58.0,63.2,29.0,1.0,2.0,1.0,1.0,0.0,1.0,0.0,0.0,0
64.0,15.49,17.0,114.8,0.0,1.0,1.0,0.0,0.0,1.0,0.0,0.0,1.0,0
64.0,15.49,11.0,67.4,20.0,1.0,4.0,0.0,1.0,0.0,0.0,0.0,1.0,0
42.0,15.49,29.0,79.7,2.0,3.0,5.0,2.0,0.0,1.0,0.0,0.0,1.0,0
38.0,9.99,35.0,12.5,8.0,3.0,3.0,1.0,1.0,0.0,1.0,0.0,0.0,0
68.0,9.99,58.0,63.3,49.0,4.0,5.0,1.0,0.0,1.0,1.0,0.0,0.0,0
38.0,22.99,6.0,54.9,26.0,5.0,2.0,0.0,0.0,1.0,0.0,1.0,0.0,0
43.0,15.49,8.0,37.9,6.0,4.0,1.0,0.0,0.0,1.0,0.0,0.0,1.0,0
41.0,15.49,17.0,57.5,0.0,1.0,3.0,3.0,0.0,1.0,0.0,0.0,1.0,0
28.0,9.99,55.0,73.0,2.0,1.0,2.0,1.0,1.0,0.0,1.0,0.0,0.0,0
23.0,9.99,48.0,33.6,35.0,4.0,1.0,0.0,1.0,0.0,1.0,0.0,0.0,0
64.0,15.49,58.0,1.0,2.0,1.0,4.0,2.0,1.0,0.0,0.0,0.0,1.0,0
19.0,15.49,2.0,53.6,10.0,1.0,4.0,0.0,1.0,0.0,0.0,0.0,1.0,0
54.0,15.49,37.0,51.8,25.0,1.0,1.0,2.0,0.0,1.0,0.0,0.0,1.0,0
65.0,15.49,28.0,25.2,1.0,5.0,5.0,2.0,0.0,1.0,0.0,0.0,1.0,0
68.0,9.99,15.0,25.5,2.0,4.0,5.0,0.0,0.0,1.0,1.0,0.0,0.0,0
32.0,9.99,54.0,22.7,6.0,2.0,2.0,0.0,1.0,0.0,1.0,0.0,0.0,0
27.0,22.99,39.0,53.4,3.0,3.0,2.0,1.0,0.0,1.0,0.0,1.0,0.0,0
29.0,9.99,23.0,26.7,4.0,2.0,5.0,0.0,0.0,1.0,1.0,0.0,0.0,0
66.0,22.99,23.0,79.2,0.0,3.0,2.0,3.0,0.0,1.0,0.0,1.0,0.0,0
65.0,15.49,17.0,50.0,4.0,5.0,4.0,2.0,1.0,0.0,0.0,0.0,1.0,0
31.0,9.99,45.0,84.8,8.0,2.0,3.0,2.0,1.0,0.0,1.0,0.0,0.0,0
66.0,15.49,56.0,1.0,11.0,3.0,4.0,1.0,1.0,0.0,0.0,0.0,1.0,0
34.0,9.99,44.0,65.8,23.0,4.0,5.0,1.0,1.0,0.0,1.0,0.0,0.0,0
60.0,9.99,22.0,49.5,1.0,2.0,3.0,1.0,0.0,1.0,1.0,0.0,0.0,0
59.0,15.49,37.0,22.8,20.0,2.0,3.0,0.0,1.0,0.0,0.0,0.0,1.0,0
27.0,22.99,30.0,7.5,4.0,2.0,1.0,2.0,0.0,1.0,0.0,1.0,0.0,1
47.0,22.99,19.0,81.9,3.0,5.0,4.0,2.0,0.0,1.0,0.0,1.0,0.0,0
26.0,9.99,31.0,34.4,2.0,5.0,5.0,1.0,1.0,0.0,1.0,0.0,0.0,0
42.0,22.99,38.0,84.7,31.0,5.0,3.0,1.0,0.0,1.0,0.0,1.0,0.0,0
20.0,22.99,41.0,73.1,1.0,3.0,3.0,0.0,0.0,1.0,0.0,1.0,0.0,0
45.0,15.49,6.0,26.7,11.0,2.0,2.0,1.0,0.0,1.0,0.0,0.0,1.0,1
64.0,9.99,39.0,50.5,26.0,4.0,4.0,1.0,0.0,1.0,1.0,0.0,0.0,0
33.0,15.49,42.0,37.5,1.0,5.0,4.0,0.0,0.0,1.0,0.0,0.0,1.0,0
37.0,22.99,2.0,16.2,30.0,2.0,5.0,0.0,1.0,0.0,0.0,1.0,0.0,0
56.0,15.49,24.0,38.5,24.0,5.0,5.0,0.0,1.0,0.0,0.0,0.0,1.0,0
23.0,9.99,46.0,62.8,28.0,5.0,3.0,1.0,1.0,0.0,1.0,0.0,0.0,0
36.0,22.99,10.0,40.4,40.0,1.0,3.0,1.0,1.0,0.0,0.0,1.0,0.0,1
41.0,9.99,54.0,25.5,6.0,3.0,1.0,1.0,1.0,0.0,1.0,0.0,0.0,0
22.0,9.99,12.0,32.8,1.0,1.0,4.0,0.0,1.0,0.0,1.0,0.0,0.0,0
34.0,9.99,27.0,15.0,5.0,1.0,5.0,3.0,1.0,0.0,1.0,0.0,0.0,0
67.0,9.99,23.0,96.7,5.0,5.0,4.0,0.0,0.0,1.0,1.0,0.0,0.0,0
49.0,15.49,54.0,50.7,7.0,1.0,2.0,0.0,1.0,0.0,0.0,0.0,1.0,0
41.0,15.49,19.0,55.4,3.0,5.0,1.0,2.0,1.0,0.0,0.0,0.0,1.0,0
62.0,15.49,3.0,43.2,0.0,4.0,3.0,1.0,0.0,1.0,0.0,0.0,1.0,0
21.0,22.99,39.0,5.0,3.0,1.0,1.0,0.0,1.0,0.0,0.0,1.0,0.0,0
28.0,15.49,32.0,71.9,5.0,3.0,1.0,1.0,0.0,1.0,0.0,0.0,1.0,0
38.0,9.99,56.0,10.1,17.0,2.0,5.0,1.0,1.0,0.0,1.0,0.0,0.0,0
39.0,15.49,44.0,34.5,42.0,1.0,3.0,0.0,0.0,1.0,0.0,0.0,1.0,0
48.0,15.49,29.0,72.1,13.0,4.0,3.0,1.0,1.0,0.0,0.0,0.0,1.0,0
39.0,15.49,13.0,18.2,47.0,1.0,3.0,2.0,1.0,0.0,0.0,0.0,1.0,1
46.0,22.99,33.0,59.9,4.0,4.0,3.0,0.0,1.0,0.0,0.0,1.0,0.0,0
44.0,15.49,40.0,94.1,4.0,4.0,5.0,1.0,1.0,0.0,0.0,0.0,1.0,0
58.0,22.99,40.0,50.8,11.0,3.0,3.0,0.0,0.0,1.0,0.0,1.0,0.0,0
69.0,15.49,1.0,9.0,3.0,2.0,2.0,0.0,0.0,1.0,0.0,0.0,1.0,0
25.0,15.49,57.0,41.3,2.0,3.0,5.0,0.0,1.0,0.0,0.0,0.0,1.0,0
18.0,15.49,58.0,39.2,4.0,3.0,5.0,1.0,0.0,1.0,0.0,0.0,1.0,0
47.0,9.99,29.0,63.9,17.0,1.0,5.0,0.0,1.0,0.0,1.0,0.0,0.0,0
30.0,15.49,12.0,51.4,7.0,5.0,5.0,2.0,0.0,1.0,0.0,0.0,1.0,0
62.0,22.99,35.0,47.1,2.0,5.0,5.0,0.0,1.0,0.0,0.0,1.0,0.0,0
54.0,9.99,49.0,64.3,16.0,2.0,4.0,1.0,0.0,1.0,1.0,0.0,0.0,0
67.0,22.99,40.0,39.6,4.0,2.0,1.0,0.0,1.0,0.0,0.0,1.0,0.0,0
24.0,22.99,57.0,41.4,3.0,2.0,5.0,0.0,0.0,1.0,0.0,1.0,0.0,0
44.0,22.99,9.0,14.9,4.0,5.0,5.0,0.0,0.0,1.0,0.0,1.0,0.0,0
59.0,15.49,13.0,60.0,33.0,1.0,4.0,0.0,0.0,1.0,0.0,0.0,1.0,0
27.0,15.49,31.0,16.6,1.0,4.0,4.0,2.0,0.0,1.0,0.0,0.0,1.0,0
42.0,15.49,24.0,45.2,4.0,1.0,5.0,0.0,0.0,1.0,0.0,0.0,1.0,0
62.0,22.99,16.0,11.9,13.0,2.0,5.0,1.0,0.0,1.0,0.0,1.0,0.0,1
47.0,22.99,48.0,51.8,3.0,4.0,5.0,1.0,0.0,1.0,0.0,1.0,0.0,0
66.0,15.49,21.0,42.7,24.0,3.0,5.0,0.0,1.0,0.0,0.0,0.0,1.0,0
42.0,9.99,4.0,17.9,31.0,4.0,3.0,0.0,1.0,0.0,1.0,0.0,0.0,1
19.0,9.99,29.0,7.3,9.0,5.0,2.0,0.0,1.0,0.0,1.0,0.0,0.0,0
25.0,15.49,25.0,15.7,14.0,2.0,5.0,0.0,0.0,1.0,0.0,0.0,1.0,1
37.0,22.99,28.0,38.1,12.0,4.0,1.0,0.0,0.0,1.0,0.0,1.0,0.0,0
21.0,9.99,53.0,43.7,3.0,3.0,3.0,0.0,1.0,0.0,1.0,0.0,0.0,0
60.0,9.99,48.0,37.2,3.0,1.0,4.0,0.0,0.0,1.0,1.0,0.0,0.0,0
58.0,15.49,57.0,71.5,8.0,5.0,1.0,0.0,1.0,0.0,0.0,0.0,1.0,0
54.0,15.49,6.0,68.1,1.0,4.0,1.0,0.0,0.0,1.0,0.0,0.0,1.0,0
68.0,15.49,45.0,55.6,5.0,5.0,5.0,1.0,1.0,0.0,0.0,0.0,1.0,0
32.0,15.49,24.0,38.4,5.0,3.0,5.0,1.0,1.0,0.0,0.0,0.0,1.0,0
56.0,15.49,35.0,45.1,14.0,3.0,1.0,0.0,1.0,0.0,0.0,0.0,1.0,0
38.0,15.49,28.0,1.0,6.0,1.0,1.0,1.0,1.0,0.0,0.0,0.0,1.0,0
69.0,9.99,23.0,51.7,3.0,4.0,1.0,1.0,0.0,1.0,1.0,0.0,0.0,0
50.0,9.99,49.0,61.0,23.0,5.0,1.0,2.0,1.0,0.0,1.0,0.0,0.0,0
26.0,9.99,37.0,47.0,3.0,1.0,3.0,1.0,0.0,1.0,1.0,0.0,0.0,0
42.0,15.49,28.0,30.9,5.0,3.0,3.0,0.0,0.0,1.0,0.0,0.0,1.0,0
52.0,15.49,29.0,64.4,8.0,4.0,1.0,1.0,1.0,0.0,0.0,0.0,1.0,0
61.0,9.99,40.0,6.2,0.0,5.0,2.0,1.0,0.0,1.0,1.0,0.0,0.0,0
37.0,15.49,20.0,22.2,6.0,4.0,2.0,1.0,1.0,0.0,0.0,0.0,1.0,0
39.0,9.99,30.0,59.6,7.0,1.0,4.0,2.0,0.0,1.0,1.0,0.0,0.0,0
50.0,15.49,39.0,17.0,3.0,4.0,3.0,2.0,0.0,1.0,0.0,0.0,1.0,0
55.0,9.99,52.0,18.6,26.0,2.0,1.0,0.0,1.0,0.0,1.0,0.0,0.0,0
39.0,22.99,58.0,65.5,2.0,4.0,2.0,0.0,0.0,1.0,0.0,1.0,0.0,0
59.0,9.99,29.0,58.5,6.0,2.0,2.0,0.0,0.0,1.0,1.0,0.0,0.0,0
35.0,9.99,17.0,47.1,11.0,5.0,4.0,0.0,0.0,1.0,1.0,0.0,0.0,0
59.0,15.49,19.0,50.1,9.0,3.0,2.0,0.0,0.0,1.0,0.0,0.0,1.0,0
53.0,15.49,44.0,66.0,31.0,5.0,3.0,1.0,0.0,1.0,0.0,0.0,1.0,0
38.0,9.99,16.0,23.1,8.0,5.0,4.0,0.0,0.0,1.0,1.0,0.0,0.0,0
40.0,15.49,42.0,52.1,23.0,1.0,3.0,0.0,1.0,0.0,0.0,0.0,1.0,0
32.0,15.49,31.0,7.9,17.0,3.0,4.0,0.0,0.0,1.0,0.0,0.0,1.0,1
22.0,9.99,51.0,53.9,5.0,1.0,4.0,0.0,1.0,0.0,1.0,0.0,0.0,0
19.0,9.99,2.0,21.8,12.0,3.0,3.0,1.0,0.0,1.0,1.0,0.0,0.0,0
22.0,9.99,12.0,34.7,8.0,2.0,2.0,0.0,0.0,1.0,1.0,0.0,0.0,0
61.0,9.99,16.0,1.0,13.0,3.0,3.0,0.0,0.0,1.0,1.0,0.0,0.0,0
37.0,15.49,34.0,17.1,28.0,4.0,2.0,0.0,1.0,0.0,0.0,0.0,1.0,0
63.0,22.99,48.0,36.9,3.0,5.0,4.0,1.0,0.0,1.0,0.0,1.0,0.0,0
45.0,22.99,2.0,45.5,4.0,5.0,4.0,0.0,1.0,0.0,0.0,1.0,0.0,0
46.0,9.99,1.0,25.7,31.0,2.0,2.0,0.0,0.0,1.0,1.0,0.0,0.0,0
19.0,9.99,20.0,6.4,4.0,4.0,4.0,0.0,1.0,0.0,1.0,0.0,0.0,1
24.0,9.99,20.0,96.2,17.0,4.0,2.0,0.0,1.0,0.0,1.0,0.0,0.0,0
21.0,22.99,37.0,14.1,3.0,2.0,5.0,1.0,1.0,0.0,0.0,1.0,0.0,0
31.0,15.49,28.0,99.1,0.0,2.0,5.0,1.0,0.0,1.0,0.0,0.0,1.0,0
33.0,9.99,23.0,15.6,3.0,4.0,2.0,1.0,1.0,0.0,1.0,0.0,0.0,0
53.0,9.99,20.0,28.6,19.0,1.0,2.0,0.0,1.0,0.0,1.0,0.0,0.0,1
65.0,15.49,49.0,59.8,1.0,2.0,1.0,0.0,1.0,0.0,0.0,0.0,1.0,0
63.0,15.49,5.0,23.4,18.0,3.0,1.0,0.0,1.0,0.0,0.0,0.0,1.0,1
28.0,9.99,59.0,14.2,34.0,5.0,2.0,2.0,0.0,1.0,1.0,0.0,0.0,1
20.0,15.49,51.0,64.5,40.0,5.0,2.0,0.0,0.0,1.0,0.0,0.0,1.0,1
37.0,9.99,24.0,23.0,9.0,4.0,3.0,1.0,0.0,1.0,1.0,0.0,0.0,0
64.0,15.49,32.0,19.4,8.0,4.0,4.0,0.0,0.0,1.0,0.0,0.0,1.0,0
56.0,9.99,25.0,70.3,2.0,3.0,1.0,1.0,0.0,1.0,1.0,0.0,0.0,0
52.0,22.99,14.0,54.5,4.0,1.0,3.0,1.0,1.0,0.0,0.0,1.0,0.0,0
69.0,15.49,16.0,22.6,16.0,5.0,1.0,0.0,0.0,1.0,0.0,0.0,1.0,0
69.0,15.49,29.0,38.3,11.0,5.0,5.0,1.0,1.0,0.0,0.0,0.0,1.0,0
39.0,22.99,7.0,37.8,12.0,4.0,2.0,0.0,1.0,0.0,0.0,1.0,0.0,0
54.0,22.99,43.0,82.5,0.0,1.0,4.0,2.0,1.0,0.0,0.0,1.0,0.0,0
56.0,9.99,18.0,28.3,3.0,4.0,4.0,0.0,0.0,1.0,1.0,0.0,0.0,0
59.0,15.49,12.0,22.2,13.0,5.0,4.0,0.0,0.0,1.0,0.0,0.0,1.0,0
47.0,9.99,35.0,41.6,6.0,1.0,1.0,0.0,1.0,0.0,1.0,0.0,0.0,0
57.0,15.49,51.0,37.1,6.0,5.0,1.0,0.0,1.0,0.0,0.0,0.0,1.0,0
29.0,15.49,3.0,32.5,15.0,3.0,1.0,0.0,1.0,0.0,0.0,0.0,1.0,1
19.0,22.99,36.0,59.9,0.0,2.0,4.0,0.0,1.0,0.0,0.0,1.0,0.0,0
31.0,9.99,35.0,18.8,0.0,5.0,4.0,0.0,1.0,0.0,1.0,0.0,0.0,0
21.0,9.99,28.0,71.5,9.0,4.0,3.0,1.0,1.0,0.0,1.0,0.0,0.0,0
47.0,15.49,16.0,24.0,3.0,1.0,2.0,1.0,1.0,0.0,0.0,0.0,1.0,0
22.0,15.49,53.0,40.7,1.0,4.0,3.0,1.0,1.0,0.0,0.0,0.0,1.0,0
60.0,15.49,56.0,11.0,2.0,5.0,2.0,0.0,1.0,0.0,0.0,0.0,1.0,0
50.0,22.99,59.0,48.0,1.0,4.0,3.0,1.0,1.0,0.0,0.0,1.0,0.0,0
61.0,9.99,44.0,46.1,0.0,4.0,4.0,0.0,0.0,1.0,1.0,0.0,0.0,0
48.0,9.99,52.0,50.5,7.0,3.0,2.0,0.0,0.0,1.0,1.0,0.0,0.0,0
69.0,22.99,43.0,64.4,12.0,4.0,3.0,1.0,1.0,0.0,0.0,1.0,0.0,0
64.0,22.99,51.0,101.5,25.0,3.0,2.0,2.0,1.0,0.0,0.0,1.0,0.0,0
36.0,22.99,49.0,1.0,14.0,1.0,5.0,0.0,1.0,0.0,0.0,1.0,0.0,0
43.0,22.99,36.0,87.9,0.0,2.0,3.0,1.0,0.0,1.0,0.0,1.0,0.0,0
29.0,9.99,3.0,60.0,0.0,3.0,3.0,0.0,0.0,1.0,1.0,0.0,0.0,0
42.0,15.49,12.0,48.8,2.0,3.0,3.0,0.0,1.0,0.0,0.0,0.0,1.0,0
47.0,15.49,14.0,36.2,25.0,5.0,1.0,0.0,0.0,1.0,0.0,0.0,1.0,0
29.0,15.49,43.0,52.7,0.0,5.0,4.0,0.0,1.0,0.0,0.0,0.0,1.0,0
58.0,9.99,32.0,90.5,12.0,4.0,1.0,1.0,1.0,0.0,1.0,0.0,0.0,0
53.0,15.49,47.0,40.2,14.0,2.0,1.0,0.0,0.0,1.0,0.0,0.0,1.0,0
21.0,9.99,8.0,39.2,13.0,2.0,3.0,0.0,0.0,1.0,1.0,0.0,0.0,0
19.0,9.99,46.0,59.1,14.0,2.0,3.0,0.0,0.0,1.0,1.0,0.0,0.0,0
43.0,15.49,16.0,50.7,1.0,4.0,4.0,1.0,1.0,0.0,0.0,0.0,1.0,0
43.0,15.49,37.0,22.3,74.0,4.0,5.0,1.0,0.0,1.0,0.0,0.0,1.0,1
42.0,15.49,1.0,73.4,1.0,4.0,4.0,0.0,1.0,0.0,0.0,0.0,1.0,0
21.0,9.99,44.0,60.8,12.0,3.0,1.0,2.0,1.0,0.0,1.0,0.0,0.0,0
62.0,9.99,56.0,12.5,11.0,5.0,2.0,1.0,1.0,0.0,1.0,0.0,0.0,1
41.0,9.99,36.0,66.4,23.0,4.0,2.0,1.0,1.0,0.0,1.0,0.0,0.0,0
23.0,9.99,7.0,24.6,3.0,5.0,2.0,0.0,0.0,1.0,1.0,0.0,0.0,0
34.0,22.99,56.0,54.1,10.0,3.0,4.0,1.0,0.0,1.0,0.0,1.0,0.0,0
27.0,9.99,54.0,27.4,11.0,5.0,5.0,0.0,1.0,0.0,1.0,0.0,0.0,0
18.0,9.99,9.0,5.7,19.0,3.0,3.0,0.0,1.0,0.0,1.0,0.0,0.0,1
30.0,22.99,29.0,1.0,1.0,4.0,4.0,0.0,1.0,0.0,0.0,1.0,0.0,0
23.0,9.99,13.0,103.4,7.0,2.0,4.0,0.0,1.0,0.0,1.0,0.0,0.0,0
26.0,22.99,58.0,22.0,19.0,1.0,2.0,1.0,1.0,0.0,0.0,1.0,0.0,0
57.0,15.49,10.0,1.0,14.0,5.0,4.0,0.0,1.0,0.0,0.0,0.0,1.0,1
42.0,9.99,17.0,76.7,14.0,5.0,4.0,2.0,1.0,0.0,1.0,0.0,0.0,0
62.0,9.99,11.0,49.4,33.0,3.0,2.0,1.0,0.0,1.0,1.0,0.0,0.0,1
22.0,9.99,51.0,62.0,24.0,3.0,5.0,2.0,0.0,1.0,1.0,0.0,0.0,0
50.0,22.99,32.0,80.2,11.0,2.0,4.0,1.0,0.0,1.0,0.0,1.0,0.0,0
21.0,15.49,55.0,46.6,19.0,2.0,4.0,0.0,1.0,0.0,0.0,0.0,1.0,0
52.0,9.99,1.0,71.0,5.0,3.0,3.0,0.0,1.0,0.0,1.0,0.0,0.0,0
24.0,15.49,14.0,56.9,0.0,5.0,4.0,0.0,0.0,1.0,0.0,0.0,1.0,0
18.0,22.99,45.0,33.4,8.0,2.0,5.0,1.0,1.0,0.0,0.0,1.0,0.0,0
45.0,9.99,42.0,75.2,5.0,1.0,3.0,0.0,0.0,1.0,1.0,0.0,0.0,0
20.0,15.49,51.0,48.1,2.0,5.0,1.0,0.0,1.0,0.0,0.0,0.0,1.0,0
27.0,15.49,6.0,44.4,1.0,5.0,4.0,1.0,1.0,0.0,0.0,0.0,1.0,0
58.0,22.99,50.0,1.0,0.0,5.0,1.0,0.0,0.0,1.0,0.0,1.0,0.0,0
54.0,22.99,2.0,4.0,6.0,5.0,3.0,2.0,0.0,1.0,0.0,1.0,0.0,1
24.0,22.99,7.0,65.9,1.0,4.0,2.0,0.0,0.0,1.0,0.0,1.0,0.0,0
47.0,9.99,39.0,15.8,9.0,5.0,5.0,0.0,1.0,0.0,1.0,0.0,0.0,0
45.0,15.49,16.0,27.0,7.0,3.0,5.0,0.0,0.0,1.0,0.0,0.0,1.0,0
28.0,9.99,57.0,65.7,19.0,5.0,2.0,0.0,1.0,0.0,1.0,0.0,0.0,0
59.0,9.99,52.0,48.3,0.0,1.0,1.0,1.0,0.0,1.0,1.0,0.0,0.0,0
66.0,15.49,14.0,19.4,4.0,4.0,5.0,1.0,1.0,0.0,0.0,0.0,1.0,0
23.0,9.99,8.0,45.5,1.0,4.0,3.0,1.0,1.0,0.0,1.0,0.0,0.0,0
58.0,9.99,32.0,70.7,33.0,4.0,4.0,1.0,1.0,0.0,1.0,0.0,0.0,0
19.0,9.99,34.0,50.4,1.0,1.0,1.0,0.0,1.0,0.0,1.0,0.0,0.0,0
53.0,15.49,50.0,34.1,7.0,1.0,3.0,0.0,1.0,0.0,0.0,0.0,1.0,0
45.0,9.99,52.0,1.0,2.0,2.0,3.0,0.0,0.0,1.0,1.0,0.0,0.0,0
29.0,22.99,28.0,43.4,0.0,5.0,2.0,1.0,1.0,0.0,0.0,1.0,0.0,0
45.0,9.99,15.0,59.0,2.0,3.0,2.0,1.0,1.0,0.0,1.0,0.0,0.0,0
62.0,15.49,46.0,52.5,4.0,2.0,5.0,0.0,1.0,0.0,0.0,0.0,1.0,0
63.0,9.99,2.0,59.0,21.0,1.0,4.0,1.0,0.0,1.0,1.0,0.0,0.0,0
39.0,15.49,25.0,65.6,12.0,2.0,2.0,0.0,0.0,1.0,0.0,0.0,1.0,0
36.0,9.99,17.0,80.9,27.0,2.0,4.0,0.0,1.0,0.0,1.0,0.0,0.0,0
69.0,22.99,45.0,5.0,20.0,3.0,5.0,1.0,1.0,0.0,0.0,1.0,0.0,0
35.0,9.99,37.0,24.4,10.0,2.0,2.0,0.0,1.0,0.0,1.0,0.0,0.0,1
47.0,15.49,32.0,72.6,5.0,1.0,5.0,0.0,0.0,1.0,0.0,0.0,1.0,0
55.0,22.99,36.0,69.7,46.0,4.0,2.0,0.0,1.0,0.0,0.0,1.0,0.0,0
61.0,9.99,20.0,63.5,3.0,1.0,2.0,1.0,0.0,1.0,1.0,0.0,0.0,0
19.0,9.99,50.0,123.8,1.0,1.0,5.0,1.0,0.0,1.0,1.0,0.0,0.0,0
21.0,9.99,46.0,41.9,2.0,2.0,4.0,0.0,0.0,1.0,1.0,0.0,0.0,0
24.0,22.99,6.0,107.5,3.0,2.0,5.0,2.0,1.0,0.0,0.0,1.0,0.0,0
50.0,9.99,34.0,7.3,5.0,3.0,1.0,0.0,1.0,0.0,1.0,0.0,0.0,0
59.0,15.49,37.0,65.0,12.0,3.0,4.0,1.0,1.0,0.0,0.0,0.0,1.0,0
56.0,22.99,38.0,22.1,16.0,4.0,1.0,0.0,1.0,0.0,0.0,1.0,0.0,0
59.0,15.49,31.0,24.6,7.0,4.0,5.0,0.0,1.0,0.0,0.0,0.0,1.0,0
26.0,15.49,19.0,46.6,5.0,2.0,3.0,0.0,1.0,0.0,0.0,0.0,1.0,0
24.0,9.99,3.0,32.4,29.0,4.0,4.0,0.0,1.0,0.0,1.0,0.0,0.0,1
44.0,9.99,37.0,72.9,44.0,4.0,2.0,0.0,0.0,1.0,1.0,0.0,0.0,0
52.0,22.99,56.0,87.0,8.0,3.0,5.0,0.0,0.0,1.0,0.0,1.0,0.0,0
19.0,22.99,9.0,35.1,7.0,2.0,5.0,1.0,0.0,1.0,0.0,1.0,0.0,0
19.0,9.99,53.0,25.7,0.0,1.0,2.0,1.0,1.0,0.0,1.0,0.0,0.0,0
60.0,9.99,18.0,51.7,10.0,5.0,3.0,0.0,0.0,1.0,1.0,0.0,0.0,0
37.0,15.49,59.0,70.4,17.0,4.0,2.0,1.0,0.0,1.0,0.0,0.0,1.0,0
55.0,22.99,47.0,32.2,25.0,3.0,4.0,0.0,1.0,0.0,0.0,1.0,0.0,0
25.0,9.99,36.0,20.5,6.0,2.0,3.0,1.0,0.0,1.0,1.0,0.0,0.0,0
25.0,22.99,36.0,86.8,3.0,3.0,4.0,0.0,1.0,0.0,0.0,1.0,0.0,0
41.0,22.99,1.0,37.9,3.0,5.0,3.0,2.0,0.0,1.0,0.0,1.0,0.0,0
20.0,22.99,30.0,71.1,2.0,5.0,2.0,0.0,0.0,1.0,0.0,1.0,0.0,0
62.0,9.99,30.0,26.7,9.0,4.0,1.0,1.0,1.0,0.0,1.0,0.0,0.0,0
60.0,9.99,11.0,24.9,2.0,2.0,4.0,0.0,1.0,0.0,1.0,0.0,0.0,0
27.0,9.99,14.0,82.5,9.0,1.0,5.0,1.0,0.0,1.0,1.0,0.0,0.0,0
42.0,15.49,49.0,33.2,13.0,1.0,5.0,2.0,0.0,1.0,0.0,0.0,1.0,0
22.0,9.99,11.0,8.0,11.0,1.0,4.0,0.0,1.0,0.0,1.0,0.0,0.0,1
26.0,9.99,13.0,45.0,38.0,2.0,4.0,1.0,0.0,1.0,1.0,0.0,0.0,1
25.0,15.49,41.0,28.1,0.0,5.0,5.0,0.0,1.0,0.0,0.0,0.0,1.0,0
42.0,15.49,55.0,63.9,19.0,3.0,2.0,0.0,1.0,0.0,0.0,0.0,1.0,0
29.0,15.49,33.0,20.9,16.0,4.0,2.0,1.0,0.0,1.0,0.0,0.0,1.0,0
42.0,9.99,31.0,71.5,6.0,3.0,4.0,1.0,0.0,1.0,1.0,0.0,0.0,0
31.0,9.99,51.0,97.3,11.0,1.0,3.0,1.0,1.0,0.0,1.0,0.0,0.0,0
40.0,9.99,19.0,13.2,0.0,5.0,2.0,0.0,1.0,0.0,1.0,0.0,0.0,0
48.0,9.99,38.0,15.9,12.0,3.0,3.0,0.0,1.0,0.0,1.0,0.0,0.0,0
26.0,22.99,55.0,91.8,34.0,4.0,4.0,0.0,0.0,1.0,0.0,1.0,0.0,0
35.0,9.99,38.0,60.2,0.0,2.0,5.0,1.0,1.0,0.0,1.0,0.0,0.0,0
37.0,15.49,7.0,56.9,11.0,5.0,3.0,0.0,0.0,1.0,0.0,0.0,1.0,0
69.0,15.49,38.0,34.0,1.0,5.0,3.0,1.0,1.0,0.0,0.0,0.0,1.0,0
67.0,15.49,18.0,104.2,37.0,5.0,5.0,0.0,1.0,0.0,0.0,0.0,1.0,0
20.0,9.99,39.0,73.7,12.0,1.0,2.0,1.0,0.0,1.0,1.0,0.0,0.0,0
33.0,15.49,16.0,25.7,11.0,2.0,3.0,1.0,0.0,1.0,0.0,0.0,1.0,0
41.0,22.99,12.0,28.1,28.0,3.0,1.0,1.0,1.0,0.0,0.0,1.0,0.0,0
59.0,22.99,48.0,26.3,10.0,1.0,4.0,1.0,1.0,0.0,0.0,1.0,0.0,0
58.0,15.49,42.0,54.1,5.0,2.0,1.0,0.0,1.0,0.0,0.0,0.0,1.0,0
68.0,9.99,44.0,41.9,0.0,4.0,5.0,1.0,1.0,0.0,1.0,0.0,0.0,0
66.0,9.99,23.0,41.7,23.0,3.0,4.0,1.0,0.0,1.0,1.0,0.0,0.0,0
28.0,22.99,59.0,28.8,13.0,4.0,4.0,2.0,0.0,1.0,0.0,1.0,0.0,0
28.0,15.49,2.0,106.2,16.0,5.0,4.0,1.0,0.0,1.0,0.0,0.0,1.0,0
59.0,15.49,10.0,37.4,6.0,2.0,2.0,0.0,0.0,1.0,0.0,0.0,1.0,0
39.0,15.49,39.0,11.2,10.0,4.0,2.0,0.0,1.0,0.0,0.0,0.0,1.0,0
41.0,9.99,44.0,46.2,11.0,5.0,1.0,0.0,1.0,0.0,1.0,0.0,0.0,0
68.0,15.49,53.0,1.0,0.0,4.0,1.0,2.0,1.0,0.0,0.0,0.0,1.0,1
39.0,15.49,34.0,43.7,2.0,1.0,3.0,1.0,1.0,0.0,0.0,0.0,1.0,0
60.0,15.49,48.0,56.3,28.0,1.0,2.0,1.0,0.0,1.0,0.0,0.0,1.0,0
19.0,9.99,22.0,20.7,4.0,4.0,2.0,2.0,1.0,0.0,1.0,0.0,0.0,0
62.0,9.99,56.0,11.9,14.0,1.0,5.0,0.0,0.0,1.0,1.0,0.0,0.0,0
52.0,9.99,12.0,9.2,7.0,4.0,4.0,0.0,0.0,1.0,1.0,0.0,0.0,0
57.0,9.99,40.0,28.1,0.0,2.0,5.0,1.0,0.0,1.0,1.0,0.0,0.0,0
34.0,9.99,14.0,1.0,9.0,4.0,5.0,0.0,1.0,0.0,1.0,0.0,0.0,1
21.0,15.49,29.0,71.7,4.0,1.0,4.0,0.0,1.0,0.0,0.0,0.0,1.0,0
44.0,9.99,35.0,33.6,11.0,2.0,2.0,2.0,1.0,0.0,1.0,0.0,0.0,0
69.0,9.99,15.0,43.2,1.0,3.0,3.0,0.0,0.0,1.0,1.0,0.0,0.0,0
63.0,9.99,3.0,70.2,0.0,1.0,1.0,0.0,1.0,0.0,1.0,0.0,0.0,0
29.0,9.99,22.0,42.0,12.0,2.0,4.0,1.0,1.0,0.0,1.0,0.0,0.0,0
52.0,9.99,8.0,13.7,5.0,4.0,2.0,2.0,1.0,0.0,1.0,0.0,0.0,1
63.0,15.49,56.0,21.9,9.0,3.0,3.0,0.0,1.0,0.0,0.0,0.0,1.0,0
44.0,9.99,34.0,14.2,6.0,2.0,2.0,0.0,1.0,0.0,1.0,0.0,0.0,0
67.0,15.49,25.0,37.3,47.0,5.0,3.0,0.0,0.0,1.0,0.0,0.0,1.0,1
63.0,9.99,29.0,5.7,5.0,2.0,4.0,0.0,1.0,0.0,1.0,0.0,0.0,0
57.0,15.49,46.0,34.6,1.0,5.0,1.0,0.0,0.0,1.0,0.0,0.0,1.0,0
29.0,9.99,8.0,32.0,10.0,3.0,5.0,0.0,0.0,1.0,1.0,0.0,0.0,0
69.0,22.99,42.0,47.2,18.0,5.0,4.0,2.0,1.0,0.0,0.0,1.0,0.0,0
23.0,15.49,57.0,40.6,35.0,5.0,2.0,0.0,1.0,0.0,0.0,0.0,1.0,0
31.0,15.49,12.0,41.5,10.0,5.0,5.0,1.0,1.0,0.0,0.0,0.0,1.0,0
30.0,15.49,14.0,64.3,13.0,1.0,3.0,0.0,0.0,1.0,0.0,0.0,1.0,0
62.0,9.99,41.0,85.7,5.0,1.0,1.0,0.0,0.0,1.0,1.0,0.0,0.0,0
43.0,9.99,53.0,28.1,6.0,1.0,3.0,0.0,1.0,0.0,1.0,0.0,0.0,0
65.0,22.99,5.0,21.7,17.0,5.0,5.0,0.0,0.0,1.0,0.0,1.0,0.0,0
48.0,15.49,7.0,1.0,13.0,4.0,4.0,0.0,1.0,0.0,0.0,0.0,1.0,1
65.0,15.49,34.0,15.9,32.0,3.0,5.0,1.0,1.0,0.0,0.0,0.0,1.0,0
32.0,22.99,14.0,83.8,11.0,4.0,3.0,0.0,0.0,1.0,0.0,1.0,0.0,0
51.0,22.99,27.0,66.7,4.0,1.0,5.0,0.0,0.0,1.0,0.0,1.0,0.0,0
58.0,9.99,18.0,18.4,6.0,5.0,5.0,2.0,0.0,1.0,1.0,0.0,0.0,0
50.0,15.49,28.0,51.1,7.0,3.0,3.0,0.0,1.0,0.0,0.0,0.0,1.0,0
41.0,15.49,26.0,66.5,18.0,5.0,3.0,0.0,0.0,1.0,0.0,0.0,1.0,0
66.0,15.49,43.0,14.6,0.0,5.0,2.0,0.0,0.0,1.0,0.0,0.0,1.0,0
57.0,9.99,15.0,1.0,4.0,3.0,2.0,0.0,1.0,0.0,1.0,0.0,0.0,0
67.0,9.99,36.0,29.1,9.0,3.0,4.0,2.0,0.0,1.0,1.0,0.0,0.0,0
29.0,15.49,53.0,74.2,6.0,2.0,1.0,2.0,1.0,0.0,0.0,0.0,1.0,0
29.0,9.99,18.0,45.4,8.0,1.0,4.0,0.0,0.0,1.0,1.0,0.0,0.0,0
59.0,9.99,17.0,70.8,2.0,3.0,2.0,0.0,1.0,0.0,1.0,0.0,0.0,0
32.0,15.49,30.0,1.0,0.0,1.0,4.0,1.0,0.0,1.0,0.0,0.0,1.0,0
66.0,9.99,40.0,31.9,17.0,1.0,5.0,1.0,0.0,1.0,1.0,0.0,0.0,1
29.0,22.99,55.0,75.9,6.0,3.0,3.0,2.0,0.0,1.0,0.0,1.0,0.0,0
39.0,15.49,8.0,68.3,6.0,1.0,4.0,1.0,1.0,0.0,0.0,0.0,1.0,0
64.0,9.99,12.0,7.2,4.0,2.0,5.0,0.0,1.0,0.0,1.0,0.0,0.0,0
57.0,15.49,2.0,43.1,16.0,4.0,2.0,0.0,1.0,0.0,0.0,0.0,1.0,1
21.0,22.99,2.0,38.3,3.0,1.0,3.0,0.0,0.0,1.0,0.0,1.0,0.0,0
20.0,15.49,17.0,72.9,5.0,4.0,3.0,0.0,0.0,1.0,0.0,0.0,1.0,0
41.0,15.49,48.0,40.2,9.0,5.0,2.0,2.0,1.0,0.0,0.0,0.0,1.0,0
57.0,15.49,37.0,22.0,38.0,1.0,4.0,1.0,0.0,1.0,0.0,0.0,1.0,1
68.0,15.49,14.0,58.0,10.0,3.0,5.0,2.0,0.0,1.0,0.0,0.0,1.0,1
27.0,15.49,12.0,42.7,2.0,1.0,4.0,1.0,1.0,0.0,0.0,0.0,1.0,0
35.0,9.99,4.0,15.5,0.0,4.0,3.0,0.0,1.0,0.0,1.0,0.0,0.0,0
68.0,9.99,28.0,49.6,12.0,3.0,5.0,0.0,1.0,0.0,1.0,0.0,0.0,0
31.0,22.99,12.0,33.2,12.0,5.0,1.0,0.0,0.0,1.0,0.0,1.0,0.0,0
52.0,15.49,53.0,40.3,11.0,3.0,5.0,2.0,0.0,1.0,0.0,0.0,1.0,0
63.0,22.99,31.0,1.0,8.0,1.0,4.0,2.0,1.0,0.0,0.0,1.0,0.0,0
30.0,15.49,24.0,66.2,18.0,4.0,3.0,0.0,0.0,1.0,0.0,0.0,1.0,0
64.0,15.49,26.0,29.1,2.0,1.0,1.0,0.0,0.0,1.0,0.0,0.0,1.0,0
32.0,9.99,53.0,23.0,28.0,1.0,1.0,1.0,1.0,0.0,1.0,0.0,0.0,0
53.0,9.99,18.0,69.6,6.0,5.0,2.0,2.0,0.0,1.0,1.0,0.0,0.0,0
62.0,15.49,4.0,68.4,5.0,3.0,3.0,0.0,1.0,0.0,0.0,0.0,1.0,0
46.0,22.99,28.0,44.1,2.0,2.0,1.0,0.0,0.0,1.0,0.0,1.0,0.0,0
56.0,15.49,45.0,24.8,12.0,3.0,5.0,1.0,1.0,0.0,0.0,0.0,1.0,1
20.0,9.99,54.0,39.9,0.0,2.0,2.0,0.0,1.0,0.0,1.0,0.0,0.0,0
31.0,9.99,53.0,44.9,0.0,1.0,4.0,0.0,0.0,1.0,1.0,0.0,0.0,0
32.0,15.49,45.0,38.3,0.0,1.0,3.0,0.0,0.0,1.0,0.0,0.0,1.0,0
41.0,15.49,45.0,50.0,7.0,4.0,1.0,1.0,0.0,1.0,0.0,0.0,1.0,0
61.0,9.99,50.0,92.7,3.0,5.0,5.0,1.0,0.0,1.0,1.0,0.0,0.0,0
60.0,9.99,22.0,75.2,7.0,1.0,1.0,0.0,0.0,1.0,1.0,0.0,0.0,0
35.0,9.99,18.0,46.6,2.0,1.0,4.0,0.0,0.0,1.0,1.0,0.0,0.0,0
48.0,15.49,50.0,61.6,6.0,3.0,1.0,0.0,0.0,1.0,0.0,0.0,1.0,0
18.0,22.99,42.0,71.4,6.0,5.0,4.0,1.0,1.0,0.0,0.0,1.0,0.0,0
33.0,22.99,14.0,28.9,10.0,4.0,3.0,0.0,1.0,0.0,0.0,1.0,0.0,0
30.0,22.99,37.0,66.9,4.0,3.0,4.0,1.0,0.0,1.0,0.0,1.0,0.0,0
43.0,9.99,15.0,51.2,10.0,3.0,4.0,0.0,1.0,0.0,1.0,0.0,0.0,0
32.0,15.49,14.0,65.7,3.0,4.0,5.0,0.0,1.0,0.0,0.0,0.0,1.0,0
51.0,22.99,35.0,89.5,3.0,4.0,2.0,1.0,0.0,1.0,0.0,1.0,0.0,0
19.0,15.49,52.0,58.7,3.0,2.0,2.0,0.0,1.0,0.0,0.0,0.0,1.0,0
66.0,15.49,53.0,34.8,6.0,4.0,1.0,0.0,0.0,1.0,0.0,0.0,1.0,0
41.0,9.99,44.0,37.8,19.0,3.0,2.0,0.0,1.0,0.0,1.0,0.0,0.0,0
65.0,15.49,7.0,69.5,26.0,5.0,5.0,1.0,0.0,1.0,0.0,0.0,1.0,0
32.0,9.99,44.0,32.4,7.0,5.0,1.0,1.0,0.0,1.0,1.0,0.0,0.0,0
66.0,15.49,14.0,30.6,8.0,3.0,4.0,0.0,0.0,1.0,0.0,0.0,1.0,0
20.0,9.99,51.0,83.0,14.0,3.0,4.0,0.0,0.0,1.0,1.0,0.0,0.0,0
60.0,9.99,19.0,58.2,8.0,5.0,5.0,1.0,1.0,0.0,1.0,0.0,0.0,0
40.0,22.99,7.0,45.9,4.0,4.0,1.0,0.0,1.0,0.0,0.0,1.0,0.0,0
53.0,15.49,39.0,38.1,17.0,4.0,3.0,0.0,1.0,0.0,0.0,0.0,1.0,0
48.0,9.99,52.0,73.1,48.0,5.0,5.0,1.0,0.0,1.0,1.0,0.0,0.0,0
18.0,9.99,28.0,25.6,4.0,4.0,4.0,0.0,1.0,0.0,1.0,0.0,0.0,0
53.0,15.49,1.0,60.9,1.0,3.0,4.0,1.0,1.0,0.0,0.0,0.0,1.0,0
57.0,9.99,3.0,60.4,18.0,5.0,1.0,0.0,0.0,1.0,1.0,0.0,0.0,0
47.0,15.49,29.0,39.4,42.0,4.0,3.0,1.0,0.0,1.0,0.0,0.0,1.0,0
20.0,9.99,26.0,16.3,14.0,2.0,2.0,1.0,0.0,1.0,1.0,0.0,0.0,1
43.0,9.99,10.0,76.4,5.0,1.0,4.0,0.0,0.0,1.0,1.0,0.0,0.0,0
68.0,22.99,35.0,20.1,29.0,4.0,1.0,0.0,0.0,1.0,0.0,1.0,0.0,0
37.0,9.99,39.0,1.0,7.0,5.0,1.0,1.0,0.0,1.0,1.0,0.0,0.0,1
59.0,15.49,13.0,55.8,6.0,2.0,1.0,0.0,1.0,0.0,0.0,0.0,1.0,0
42.0,22.99,57.0,1.8,2.0,1.0,2.0,0.0,1.0,0.0,0.0,1.0,0.0,0
22.0,9.99,32.0,48.8,14.0,5.0,4.0,0.0,0.0,1.0,1.0,0.0,0.0,0
35.0,15.49,56.0,15.6,29.0,4.0,2.0,1.0,0.0,1.0,0.0,0.0,1.0,1
50.0,15.49,38.0,43.3,4.0,5.0,5.0,2.0,0.0,1.0,0.0,0.0,1.0,0
59.0,9.99,53.0,26.8,10.0,4.0,5.0,3.0,0.0,1.0,1.0,0.0,0.0,0
48.0,15.49,27.0,39.4,1.0,3.0,5.0,0.0,0.0,1.0,0.0,0.0,1.0,0
39.0,22.99,40.0,8.4,16.0,5.0,2.0,2.0,0.0,1.0,0.0,1.0,0.0,0
49.0,9.99,52.0,16.6,14.0,2.0,3.0,0.0,1.0,0.0,1.0,0.0,0.0,0
23.0,9.99,57.0,69.7,18.0,4.0,1.0,1.0,0.0,1.0,1.0,0.0,0.0,0
58.0,15.49,50.0,23.1,4.0,2.0,4.0,0.0,1.0,0.0,0.0,0.0,1.0,0
24.0,22.99,1.0,77.5,3.0,4.0,4.0,0.0,0.0,1.0,0.0,1.0,0.0,0
64.0,9.99,50.0,53.3,22.0,5.0,1.0,1.0,1.0,0.0,1.0,0.0,0.0,0
57.0,22.99,6.0,21.7,11.0,1.0,1.0,3.0,0.0,1.0,0.0,1.0,0.0,0
48.0,9.99,49.0,40.0,16.0,4.0,3.0,0.0,1.0,0.0,1.0,0.0,0.0,0
21.0,9.99,9.0,45.6,7.0,4.0,2.0,0.0,1.0,0.0,1.0,0.0,0.0,0
69.0,9.99,18.0,50.4,2.0,3.0,2.0,1.0,1.0,0.0,1.0,0.0,0.0,0
56.0,15.49,16.0,54.7,2.0,1.0,1.0,0.0,0.0,1.0,0.0,0.0,1.0,0
53.0,9.99,7.0,1.0,2.0,3.0,3.0,1.0,1.0,0.0,1.0,0.0,0.0,0
62.0,22.99,22.0,69.2,4.0,5.0,3.0,2.0,0.0,1.0,0.0,1.0,0.0,0
38.0,15.49,3.0,41.5,31.0,3.0,2.0,2.0,1.0,0.0,0.0,0.0,1.0,1
59.0,15.49,54.0,10.2,0.0,1.0,1.0,0.0,1.0,0.0,0.0,0.0,1.0,0
25.0,9.99,16.0,1.0,16.0,1.0,1.0,1.0,1.0,0.0,1.0,0.0,0.0,1
49.0,15.49,39.0,28.8,0.0,2.0,2.0,0.0,1.0,0.0,0.0,0.0,1.0,0
26.0,15.49,3.0,80.0,43.0,5.0,1.0,0.0,0.0,1.0,0.0,0.0,1.0,0
54.0,22.99,55.0,50.4,0.0,5.0,1.0,1.0,1.0,0.0,0.0,1.0,0.0,0
59.0,9.99,18.0,30.7,6.0,5.0,1.0,0.0,1.0,0.0,1.0,0.0,0.0,0
50.0,9.99,9.0,63.0,13.0,3.0,4.0,0.0,0.0,1.0,1.0,0.0,0.0,0
32.0,15.49,36.0,34.7,4.0,2.0,1.0,1.0,1.0,0.0,0.0,0.0,1.0,0
57.0,22.99,40.0,23.7,10.0,2.0,2.0,2.0,0.0,1.0,0.0,1.0,0.0,0
65.0,22.99,13.0,96.5,10.0,3.0,1.0,0.0,1.0,0.0,0.0,1.0,0.0,0
49.0,15.49,53.0,51.8,18.0,2.0,5.0,1.0,1.0,0.0,0.0,0.0,1.0,0
34.0,15.49,49.0,54.3,0.0,2.0,5.0,1.0,1.0,0.0,0.0,0.0,1.0,0
37.0,22.99,25.0,14.3,5.0,5.0,4.0,0.0,1.0,0.0,0.0,1.0,0.0,0
56.0,9.99,24.0,32.7,4.0,1.0,1.0,1.0,0.0,1.0,1.0,0.0,0.0,0
30.0,22.99,32.0,2.6,9.0,5.0,4.0,0.0,1.0,0.0,0.0,1.0,0.0,0
25.0,9.99,51.0,45.0,9.0,3.0,2.0,0.0,1.0,0.0,1.0,0.0,0.0,0
63.0,22.99,18.0,33.6,1.0,4.0,4.0,1.0,1.0,0.0,0.0,1.0,0.0,0
43.0,22.99,47.0,38.4,17.0,3.0,2.0,2.0,0.0,1.0,0.0,1.0,0.0,0
29.0,22.99,27.0,100.3,1.0,1.0,3.0,0.0,1.0,0.0,0.0,1.0,0.0,0
44.0,9.99,37.0,9.3,2.0,2.0,1.0,0.0,0.0,1.0,1.0,0.0,0.0,0
55.0,15.49,44.0,85.7,25.0,5.0,3.0,3.0,1.0,0.0,0.0,0.0,1.0,0
18.0,15.49,10.0,15.6,1.0,2.0,4.0,1.0,0.0,1.0,0.0,0.0,1.0,0
61.0,9.99,37.0,42.4,8.0,3.0,5.0,0.0,0.0,1.0,1.0,0.0,0.0,0
60.0,9.99,8.0,74.6,6.0,5.0,2.0,1.0,0.0,1.0,1.0,0.0,0.0,0
53.0,9.99,37.0,1.0,1.0,2.0,4.0,0.0,1.0,0.0,1.0,0.0,0.0,0
20.0,9.99,37.0,11.3,12.0,2.0,4.0,1.0,1.0,0.0,1.0,0.0,0.0,0
61.0,9.99,23.0,50.5,5.0,4.0,4.0,0.0,0.0,1.0,1.0,0.0,0.0,0
62.0,15.49,15.0,37.4,4.0,5.0,5.0,0.0,0.0,1.0,0.0,0.0,1.0,0
61.0,9.99,59.0,58.3,3.0,2.0,4.0,0.0,1.0,0.0,1.0,0.0,0.0,0
53.0,9.99,11.0,39.1,18.0,4.0,2.0,0.0,0.0,1.0,1.0,0.0,0.0,0
56.0,15.49,16.0,1.0,3.0,2.0,5.0,1.0,1.0,0.0,0.0,0.0,1.0,0
58.0,9.99,38.0,85.7,2.0,3.0,2.0,0.0,0.0,1.0,1.0,0.0,0.0,0
21.0,22.99,10.0,42.2,36.0,1.0,4.0,0.0,1.0,0.0,0.0,1.0,0.0,0
29.0,9.99,34.0,21.5,14.0,5.0,3.0,0.0,1.0,0.0,1.0,0.0,0.0,0
33.0,15.49,56.0,76.4,20.0,1.0,3.0,0.0,1.0,0.0,0.0,0.0,1.0,0
66.0,15.49,37.0,73.2,20.0,2.0,4.0,0.0,1.0,0.0,0.0,0.0,1.0,0
28.0,22.99,16.0,1.1,5.0,3.0,5.0,0.0,0.0,1.0,0.0,1.0,0.0,0
25.0,22.99,38.0,59.9,19.0,2.0,3.0,2.0,0.0,1.0,0.0,1.0,0.0,0
69.0,22.99,46.0,41.4,3.0,3.0,3.0,0.0,1.0,0.0,0.0,1.0,0.0,0
25.0,9.99,4.0,48.0,1.0,1.0,3.0,0.0,0.0,1.0,1.0,0.0,0.0,0
63.0,15.49,1.0,49.7,27.0,1.0,2.0,0.0,1.0,0.0,0.0,0.0,1.0,0
29.0,22.99,23.0,57.6,4.0,3.0,3.0,1.0,1.0,0.0,0.0,1.0,0.0,0
55.0,9.99,56.0,17.6,6.0,5.0,3.0,0.0,1.0,0.0,1.0,0.0,0.0,0
63.0,9.99,4.0,5.5,7.0,1.0,3.0,0.0,1.0,0.0,1.0,0.0,0.0,0
53.0,15.49,34.0,72.6,0.0,1.0,5.0,0.0,0.0,1.0,0.0,0.0,1.0,0
31.0,9.99,10.0,1.0,38.0,1.0,4.0,1.0,0.0,1.0,1.0,0.0,0.0,1
55.0,9.99,8.0,57.9,7.0,4.0,3.0,1.0,0.0,1.0,1.0,0.0,0.0,0
69.0,22.99,47.0,46.2,18.0,4.0,1.0,0.0,0.0,1.0,0.0,1.0,0.0,0
55.0,15.49,38.0,67.7,3.0,4.0,5.0,0.0,0.0,1.0,0.0,0.0,1.0,0
35.0,9.99,29.0,22.6,0.0,5.0,4.0,1.0,1.0,0.0,1.0,0.0,0.0,0
58.0,15.49,51.0,39.7,3.0,3.0,2.0,0.0,1.0,0.0,0.0,0.0,1.0,0
69.0,15.49,56.0,59.3,5.0,1.0,1.0,0.0,0.0,1.0,0.0,0.0,1.0,0
28.0,9.99,27.0,94.3,3.0,5.0,4.0,1.0,0.0,1.0,1.0,0.0,0.0,0
69.0,15.49,8.0,38.7,4.0,5.0,2.0,0.0,0.0,1.0,0.0,0.0,1.0,0
69.0,22.99,40.0,28.5,19.0,2.0,5.0,1.0,0.0,1.0,0.0,1.0,0.0,0
52.0,9.99,45.0,1.0,3.0,3.0,4.0,1.0,1.0,0.0,1.0,0.0,0.0,0
27.0,15.49,16.0,44.7,2.0,1.0,1.0,0.0,0.0,1.0,0.0,0.0,1.0,0
29.0,9.99,19.0,71.3,1.0,5.0,2.0,1.0,1.0,0.0,1.0,0.0,0.0,0
43.0,9.99,36.0,40.8,24.0,2.0,4.0,2.0,0.0,1.0,1.0,0.0,0.0,0
25.0,9.99,12.0,42.4,6.0,1.0,5.0,3.0,0.0,1.0,1.0,0.0,0.0,1
35.0,15.49,2.0,39.6,3.0,1.0,1.0,0.0,0.0,1.0,0.0,0.0,1.0,0
49.0,15.49,23.0,47.3,14.0,2.0,3.0,1.0,1.0,0.0,0.0,0.0,1.0,0
58.0,22.99,20.0,26.5,6.0,1.0,4.0,1.0,0.0,1.0,0.0,1.0,0.0,0
41.0,9.99,38.0,14.4,18.0,4.0,2.0,2.0,1.0,0.0,1.0,0.0,0.0,1
46.0,22.99,27.0,70.7,8.0,5.0,1.0,0.0,1.0,0.0,0.0,1.0,0.0,0
55.0,22.99,30.0,36.9,1.0,3.0,5.0,0.0,1.0,0.0,0.0,1.0,0.0,0
62.0,9.99,14.0,56.5,10.0,5.0,3.0,0.0,1.0,0.0,1.0,0.0,0.0,0
29.0,15.49,13.0,19.0,14.0,4.0,3.0,1.0,0.0,1.0,0.0,0.0,1.0,0
49.0,15.49,4.0,23.1,3.0,5.0,4.0,1.0,1.0,0.0,0.0,0.0,1.0,0
22.0,15.49,27.0,27.9,19.0,2.0,2.0,0.0,0.0,1.0,0.0,0.0,1.0,0
37.0,15.49,57.0,41.5,4.0,3.0,3.0,2.0,0.0,1.0,0.0,0.0,1.0,0
36.0,9.99,40.0,53.2,1.0,2.0,5.0,0.0,1.0,0.0,1.0,0.0,0.0,0
36.0,22.99,1.0,8.7,1.0,1.0,5.0,0.0,0.0,1.0,0.0,1.0,0.0,0
42.0,15.49,22.0,1.0,25.0,3.0,2.0,3.0,1.0,0.0,0.0,0.0,1.0,1
30.0,15.49,56.0,20.6,0.0,4.0,5.0,0.0,1.0,0.0,0.0,0.0,1.0,0
39.0,15.49,21.0,23.6,11.0,4.0,5.0,1.0,1.0,0.0,0.0,0.0,1.0,0
47.0,9.99,52.0,47.0,1.0,5.0,1.0,0.0,0.0,1.0,1.0,0.0,0.0,0
33.0,9.99,43.0,1.0,14.0,1.0,4.0,0.0,0.0,1.0,1.0,0.0,0.0,0
44.0,22.99,54.0,1.0,4.0,5.0,4.0,0.0,0.0,1.0,0.0,1.0,0.0,0
54.0,9.99,56.0,54.4,14.0,3.0,1.0,1.0,0.0,1.0,1.0,0.0,0.0,0
41.0,9.99,5.0,27.6,26.0,2.0,3.0,0.0,0.0,1.0,1.0,0.0,0.0,0
58.0,15.49,43.0,10.8,8.0,1.0,4.0,1.0,0.0,1.0,0.0,0.0,1.0,1
68.0,15.49,30.0,76.7,2.0,3.0,5.0,1.0,0.0,1.0,0.0,0.0,1.0,0
21.0,15.49,22.0,35.7,18.0,4.0,3.0,0.0,0.0,1.0,0.0,0.0,1.0,0
25.0,15.49,2.0,8.1,12.0,5.0,5.0,0.0,1.0,0.0,0.0,0.0,1.0,1
18.0,15.49,50.0,53.9,8.0,2.0,4.0,0.0,0.0,1.0,0.0,0.0,1.0,0
54.0,15.49,38.0,35.2,28.0,4.0,2.0,0.0,1.0,0.0,0.0,0.0,1.0,0
68.0,9.99,53.0,19.2,8.0,3.0,2.0,0.0,0.0,1.0,1.0,0.0,0.0,0
