Customer ID,Gender,Age,Subscription Type,Monthly Charge,Tenure Months,Avg Monthly Watch Hours,Days Since Last Login,Profile Count,Devices Registered,Support Tickets,Churn
OTT-000001,Female,24,Basic,9.99,53,2.7,5,3,5,0,0
OTT-000002,Female,60,Premium,22.99,41,67.5,1,3,5,1,0
OTT-000003,Female,34,Standard,15.49,42,10.4,50,3,5,1,1
OTT-000004,Male,57,Standard,15.49,52,46.4,28,2,4,0,0
OTT-000005,Female,54,Basic,9.99,11,42.7,5,4,1,2,0
OTT-000006,Female,29,Basic,9.99,37,54.8,22,4,1,1,0
OTT-000007,Female,35,Basic,9.99,4,15.5,0,4,3,0,0
OTT-000008,Female,40,Premium,22.99,51,82.1,7,4,3,0,0
OTT-000009,Female,31,Premium,22.99,13,76.0,7,1,1,0,0
OTT-000010,Female,47,Basic,9.99,41,46.8,0,1,4,1,0
OTT-000011,Female,42,Basic,9.99,4,17.9,31,4,3,0,1
OTT-000012,Male,49,Basic,9.99,40,24.4,25,5,5,4,1
OTT-000013,Male,52,Standard,15.49,26,42.4,4,2,4,0,0
OTT-000014,Female,45,Basic,9.99,9,30.4,13,3,2,0,0
OTT-000015,Male,64,Basic,9.99,5,1.0,33,4,4,0,1
OTT-000016,Female,32,Basic,9.99,3,40.3,18,3,5,0,0
OTT-000017,Male,37,Premium,22.99,28,61.6,7,5,1,0,0
OTT-000018,Male,49,Basic,9.99,18,1.0,8,5,2,0,1
OTT-000019,Male,23,Premium,22.99,9,59.5,19,4,3,3,1
OTT-000020,Male,52,Basic,9.99,12,9.2,7,4,4,0,0
OTT-000021,Female,38,Basic,9.99,53,36.3,5,4,3,2,0
OTT-000022,Male,67,Standard,15.49,45,47.8,25,1,3,0,0
OTT-000023,Female,32,Standard,15.49,43,39.2,14,5,5,3,1
OTT-000024,Male,44,Standard,15.49,45,50.8,7,3,3,1,0
OTT-000025,Female,30,Premium,22.99,23,66.3,20,5,5,0,0
OTT-000026,Female,52,Standard,15.49,40,6.9,7,5,3,0,0
OTT-000027,Female,20,Premium,22.99,3,103.4,13,5,4,1,0
OTT-000028,Male,32,Standard,15.49,7,56.4,9,3,1,1,0
OTT-000029,Male,30,Basic,9.99,46,114.3,2,3,3,2,0
OTT-000030,Female,39,Basic,9.99,39,71.9,2,4,4,1,0
OTT-000031,Female,34,Standard,15.49,36,43.5,3,1,3,0,0
OTT-000032,Female,38,Basic,9.99,25,1.0,54,5,1,0,1
OTT-000033,Female,27,Basic,9.99,16,35.0,5,2,2,0,0
OTT-000034,Male,30,Standard,15.49,35,1.0,5,1,1,0,0
OTT-000035,Male,35,Standard,15.49,30,74.6,6,3,2,1,0
OTT-000036,Male,55,Standard,15.49,6,54.8,0,3,2,3,0
OTT-000037,Female,27,Standard,15.49,14,55.8,5,2,1,0,0
OTT-000038,Female,48,Basic,9.99,58,44.1,7,5,3,0,0
OTT-000039,Male,51,Basic,9.99,2,49.5,1,5,5,1,0
OTT-000040,Male,43,Basic,9.99,18,58.9,16,5,3,1,0
OTT-000041,Male,45,Basic,9.99,20,43.3,18,1,5,1,0
OTT-000042,Female,43,Basic,9.99,36,80.1,11,2,3,0,0
OTT-000043,Female,54,Premium,22.99,6,25.9,1,4,5,0,0
OTT-000044,Female,53,Premium,22.99,58,80.8,15,1,4,0,0
OTT-000045,Male,36,Basic,9.99,12,28.0,20,3,4,0,0
OTT-000046,Female,52,Standard,15.49,19,40.8,4,5,1,1,0
OTT-000047,Female,32,Standard,15.49,42,30.4,17,3,5,0,0
OTT-000048,Female,67,Standard,15.49,19,47.8,8,3,5,1,0
OTT-000049,Female,58,Standard,15.49,48,49.3,1,1,2,1,0
OTT-000050,Male,69,Premium,22.99,56,67.7,9,4,2,0,0
OTT-000051,Male,41,Basic,9.99,1,44.5,18,5,4,0,0
OTT-000052,Male,60,Standard,15.49,14,52.9,14,2,3,1,0
OTT-000053,Female,66,Standard,15.49,33,28.7,18,3,3,0,0
OTT-000054,Female,41,Basic,9.99,30,38.4,9,2,2,0,0
OTT-000055,Male,55,Premium,22.99,57,39.7,41,2,2,0,0
OTT-000056,Female,57,Standard,15.49,10,1.0,14,5,4,0,1
OTT-000057,Female,21,Basic,9.99,46,27.9,8,2,2,1,0
OTT-000058,Male,33,Basic,9.99,28,58.9,30,1,2,1,0
OTT-000059,Male,36,Basic,9.99,59,72.1,9,4,1,0,0
OTT-000060,Male,19,Premium,22.99,12,35.6,0,3,3,0,0
OTT-000061,Female,35,Basic,9.99,28,49.9,1,3,4,1,0
OTT-000062,Male,63,Basic,9.99,4,84.5,16,1,2,0,0
OTT-000063,Male,63,Standard,15.49,41,61.7,31,2,4,1,0
OTT-000064,Female,34,Basic,9.99,3,4.8,11,4,1,0,1
OTT-000065,Male,21,Basic,9.99,38,37.6,6,2,4,1,0
OTT-000066,Male,47,Basic,9.99,38,76.0,16,3,4,1,0
OTT-000067,Female,66,Basic,9.99,9,22.8,6,5,1,0,0
OTT-000068,Female,31,Basic,9.99,16,36.8,1,5,1,2,1
OTT-000069,Female,21,Premium,22.99,39,5.0,3,1,1,0,0
OTT-000070,Female,23,Basic,9.99,48,33.6,35,4,1,0,0
OTT-000071,Male,57,Premium,22.99,40,23.7,10,2,2,2,0
OTT-000072,Male,42,Basic,9.99,26,44.7,8,4,3,1,0
OTT-000073,Male,64,Basic,9.99,24,2.5,7,1,4,0,0
OTT-000074,Male,47,Basic,9.99,35,37.5,2,5,2,0,0
OTT-000075,Male,40,Basic,9.99,17,79.8,11,2,5,0,0
OTT-000076,Female,36,Standard,15.49,12,44.6,4,1,5,1,0
OTT-000077,Male,36,Premium,22.99,22,40.2,6,3,3,1,0
OTT-000078,Female,69,Standard,15.49,9,26.9,4,2,1,1,0
OTT-000079,Female,52,Premium,22.99,12,60.1,26,1,4,1,0
OTT-000080,Female,52,Basic,9.99,52,62.2,12,1,1,1,0
OTT-000081,Female,57,Standard,15.49,2,43.1,16,4,2,0,1
OTT-000082,Female,32,Standard,15.49,26,57.3,2,2,2,0,0
OTT-000083,Male,49,Premium,22.99,13,60.7,15,2,2,0,0
OTT-000084,Male,40,Standard,15.49,45,69.4,0,5,2,1,0
OTT-000085,Male,31,Standard,15.49,47,53.8,0,4,5,0,0
OTT-000086,Female,43,Basic,9.99,53,3.2,0,5,3,0,0
OTT-000087,Female,60,Standard,15.49,38,87.7,6,5,5,1,0
OTT-000088,Male,64,Basic,9.99,13,51.3,14,3,2,0,0
OTT-000089,Female,53,Standard,15.49,38,19.1,0,4,4,0,0
OTT-000090,Male,32,Standard,15.49,8,23.6,6,4,1,1,0
OTT-000091,Male,66,Standard,15.49,8,52.3,6,2,4,0,0
OTT-000092,Female,19,Basic,9.99,58,71.7,16,3,4,0,0
OTT-000093,Male,36,Standard,15.49,5,63.5,23,1,4,0,0
OTT-000094,Female,47,Basic,9.99,32,33.8,35,5,3,0,0
OTT-000095,Male,63,Basic,9.99,48,32.0,10,5,4,0,0
OTT-000096,Female,30,Basic,9.99,37,62.0,12,3,4,0,0
OTT-000097,Male,32,Standard,15.49,54,86.5,2,3,2,1,0
OTT-000098,Male,65,Basic,9.99,26,20.8,7,3,4,1,0
OTT-000099,Male,26,Premium,22.99,55,91.8,34,4,4,0,0
OTT-000100,Male,50,Basic,9.99,26,94.3,9,5,2,0,0
OTT-000101,Female,20,Basic,9.99,10,39.3,13,1,3,0,0
OTT-000102,Female,47,Basic,9.99,57,71.6,21,1,2,0,0
OTT-000103,Male,42,Basic,9.99,1,70.6,4,3,1,1,0
OTT-000104,Female,64,Basic,9.99,12,7.2,4,2,5,0,0
OTT-000105,Male,50,Standard,15.49,8,53.1,18,4,3,2,0
OTT-000106,Female,24,Premium,22.99,45,53.4,17,1,5,0,0
OTT-000107,Male,48,Basic,9.99,21,73.4,7,4,3,2,0
OTT-000108,Female,34,Basic,9.99,26,30.5,4,5,2,0,0
OTT-000109,Female,52,Basic,9.99,49,32.8,17,2,2,0,0
OTT-000110,Female,61,Basic,9.99,5,44.8,3,4,2,3,1
OTT-000111,Male,68,Basic,9.99,15,61.6,2,5,3,1,0
OTT-000112,Male,65,Basic,9.99,44,2.6,17,5,1,0,0
OTT-000113,Male,19,Basic,9.99,2,21.8,12,3,3,1,0
OTT-000114,Female,34,Standard,15.49,42,27.4,11,5,3,0,0
OTT-000115,Male,63,Standard,15.49,7,27.0,2,4,4,0,0
OTT-000116,Female,29,Basic,9.99,34,21.5,14,5,3,0,0
OTT-000117,Female,69,Basic,9.99,41,2.6,18,1,1,2,1
OTT-000118,Male,59,Premium,22.99,41,1.0,12,2,3,1,1
OTT-000119,Female,18,Premium,22.99,54,40.2,11,4,1,0,0
OTT-000120,Male,22,Basic,9.99,38,46.1,14,1,1,1,1
OTT-000121,Female,66,Basic,9.99,20,1.0,7,2,5,0,0
OTT-000122,Male,57,Basic,9.99,3,60.4,18,5,1,0,0
OTT-000123,Female,34,Basic,9.99,5,40.4,10,5,4,0,0
OTT-000124,Female,64,Premium,22.99,27,83.8,8,5,2,0,0
OTT-000125,Male,51,Basic,9.99,30,18.1,4,2,2,1,0
OTT-000126,Female,44,Basic,9.99,6,48.0,22,2,1,0,0
OTT-000127,Male,66,Premium,22.99,56,55.6,19,4,2,0,0
OTT-000128,Male,20,Basic,9.99,50,39.4,47,1,3,0,0
OTT-000129,Female,66,Standard,15.49,37,73.2,20,2,4,0,0
OTT-000130,Female,45,Standard,15.49,16,51.6,0,2,3,1,0
OTT-000131,Male,61,Premium,22.99,7,23.3,7,4,5,0,0
OTT-000132,Female,18,Premium,22.99,42,71.4,6,5,4,1,0
OTT-000133,Male,28,Standard,15.49,16,45.4,13,5,3,1,0
OTT-000134,Female,27,Basic,9.99,9,11.9,18,2,5,0,0
OTT-000135,Male,28,Basic,9.99,41,41.4,22,4,3,0,0
OTT-000136,Male,60,Premium,22.99,32,102.3,2,4,1,2,0
OTT-000137,Female,49,Standard,15.49,6,75.5,6,2,5,0,0
OTT-000138,Female,63,Standard,15.49,54,40.8,3,2,1,0,0
OTT-000139,Female,38,Premium,22.99,40,54.0,6,1,3,0,0
OTT-000140,Male,44,Basic,9.99,56,7.8,22,3,4,0,1
OTT-000141,Female,59,Premium,22.99,31,16.1,10,2,5,0,0
OTT-000142,Female,65,Standard,15.49,32,25.8,0,5,3,2,0
OTT-000143,Male,51,Standard,15.49,53,70.8,15,1,5,0,0
OTT-000144,Male,25,Basic,9.99,47,45.3,0,4,2,2,0
OTT-000145,Female,39,Standard,15.49,4,67.6,5,4,5,1,0
OTT-000146,Female,50,Standard,15.49,6,38.2,17,5,3,0,0
OTT-000147,Female,67,Premium,22.99,19,77.1,0,2,3,2,0
OTT-000148,Male,28,Basic,9.99,7,3.3,2,3,2,0,0
OTT-000149,Female,27,Standard,15.49,38,39.6,19,2,3,2,1
OTT-000150,Male,64,Premium,22.99,40,12.5,21,2,5,0,1
OTT-000151,Female,20,Standard,15.49,31,51.9,2,3,3,0,0
OTT-000152,Female,63,Basic,9.99,29,5.7,5,2,4,0,0
OTT-000153,Male,45,Standard,15.49,14,55.3,23,1,3,1,0
OTT-000154,Female,50,Standard,15.49,20,31.5,21,1,3,2,1
OTT-000155,Male,36,Premium,22.99,10,45.4,20,4,4,2,0
OTT-000156,Male,34,Basic,9.99,43,18.6,0,4,4,0,0
OTT-000157,Female,61,Basic,9.99,4,29.9,0,4,5,1,0
OTT-000158,Male,35,Standard,15.49,42,7.7,15,5,1,0,0
OTT-000159,Female,43,Standard,15.49,4,41.4,1,5,1,2,1
OTT-000160,Male,25,Basic,9.99,25,89.7,7,4,4,1,0
OTT-000161,Female,61,Basic,9.99,22,42.0,21,4,4,0,0
OTT-000162,Male,24,Basic,9.99,41,58.1,38,3,4,0,0
OTT-000163,Female,37,Basic,9.99,14,46.9,29,4,2,0,0
OTT-000164,Female,47,Basic,9.99,25,21.0,16,4,5,0,0
OTT-000165,Female,62,Basic,9.99,44,28.4,1,2,2,1,1
OTT-000166,Female,35,Standard,15.49,26,50.8,28,5,3,0,0
OTT-000167,Male,32,Standard,15.49,31,7.9,17,3,4,0,1
OTT-000168,Female,37,Premium,22.99,41,82.2,6,1,2,0,0
OTT-000169,Male,37,Premium,22.99,16,98.9,35,2,5,1,0
OTT-000170,Male,64,Basic,9.99,6,34.3,2,3,3,0,0
OTT-000171,Female,32,Basic,9.99,43,53.9,58,4,1,0,0
OTT-000172,Male,61,Basic,9.99,57,27.6,12,3,3,1,0
OTT-000173,Female,35,Basic,9.99,11,56.6,10,3,2,1,0
OTT-000174,Female,28,Basic,9.99,34,47.0,81,4,4,3,1
OTT-000175,Female,54,Standard,15.49,42,64.3,6,2,2,0,0
OTT-000176,Female,38,Premium,22.99,58,45.9,9,4,2,0,0
OTT-000177,Male,47,Standard,15.49,1,46.6,0,4,4,0,0
OTT-000178,Female,32,Basic,9.99,45,71.1,0,2,3,0,0
OTT-000179,Female,64,Standard,15.49,9,80.4,2,1,2,1,0
OTT-000180,Male,56,Standard,15.49,59,57.7,6,1,2,2,0
OTT-000181,Female,30,Premium,22.99,39,9.9,18,2,1,0,0
OTT-000182,Male,19,Basic,9.99,45,92.6,0,4,5,1,0
OTT-000183,Female,53,Premium,22.99,7,37.9,4,3,3,2,1
OTT-000184,Male,45,Standard,15.49,36,54.1,6,3,1,1,0
OTT-000185,Female,44,Premium,22.99,35,66.5,23,2,2,3,0
OTT-000186,Male,42,Standard,15.49,35,34.5,7,2,1,2,0
OTT-000187,Female,53,Basic,9.99,2,60.9,34,2,2,0,1
OTT-000188,Female,44,Basic,9.99,8,30.8,21,2,4,1,0
OTT-000189,Female,60,Premium,22.99,41,22.5,7,1,2,0,0
OTT-000190,Male,38,Standard,15.49,23,58.9,23,1,1,1,0
OTT-000191,Female,61,Basic,9.99,58,81.1,14,5,5,0,0
OTT-000192,Female,39,Basic,9.99,44,8.7,4,3,4,1,0
OTT-000193,Female,28,Standard,15.49,3,51.7,22,3,2,0,0
OTT-000194,Female,32,Basic,9.99,54,117.7,1,1,4,1,0
OTT-000195,Male,53,Standard,15.49,34,70.9,19,2,4,0,0
OTT-000196,Male,65,Basic,9.99,7,46.2,12,4,4,0,0
OTT-000197,Male,69,Basic,9.99,7,67.2,8,1,1,0,0
OTT-000198,Male,55,Standard,15.49,46,14.6,34,1,4,1,1
OTT-000199,Male,63,Premium,22.99,10,44.7,8,3,4,0,0
OTT-000200,Female,35,Basic,9.99,41,43.4,0,4,3,0,0
OTT-000201,Male,44,Premium,22.99,9,14.9,4,5,5,0,0
OTT-000202,Female,32,Basic,9.99,12,35.5,36,5,2,1,0
OTT-000203,Male,24,Premium,22.99,6,43.1,4,4,2,0,0
OTT-000204,Female,31,Premium,22.99,22,18.9,10,3,3,2,1
OTT-000205,Female,59,Standard,15.49,44,36.1,4,5,3,1,0
OTT-000206,Male,43,Basic,9.99,48,58.8,2,2,2,0,0
OTT-000207,Female,35,Premium,22.99,11,52.8,53,5,2,0,0
OTT-000208,Female,20,Basic,9.99,33,31.9,24,4,5,0,1
OTT-000209,Female,29,Premium,22.99,23,57.6,4,3,3,1,0
OTT-000210,Male,20,Premium,22.99,30,71.1,2,5,2,0,0
OTT-000211,Male,38,Standard,15.49,28,26.5,5,4,2,1,0
OTT-000212,Male,41,Premium,22.99,1,37.9,3,5,3,2,0
OTT-000213,Male,40,Premium,22.99,47,94.1,9,4,1,2,0
OTT-000214,Female,60,Basic,9.99,19,58.2,8,5,5,1,0
OTT-000215,Female,54,Basic,9.99,47,53.2,3,2,1,0,0
OTT-000216,Male,40,Basic,9.99,17,23.8,0,2,3,1,1
OTT-000217,Female,68,Standard,15.49,49,52.1,2,1,2,0,0
OTT-000218,Female,34,Basic,9.99,14,11.0,0,4,4,0,0
OTT-000219,Female,38,Basic,9.99,56,57.1,28,3,3,1,0
OTT-000220,Female,18,Standard,15.49,46,1.0,2,5,4,1,0
OTT-000221,Male,43,Standard,15.49,15,96.8,13,4,4,0,0
OTT-000222,Male,18,Premium,22.99,16,97.9,25,2,4,0,0
OTT-000223,Male,25,Basic,9.99,4,48.0,1,1,3,0,0
OTT-000224,Female,65,Basic,9.99,2,16.3,8,4,5,1,1
OTT-000225,Male,55,Basic,9.99,21,56.3,13,5,4,1,0
OTT-000226,Female,47,Basic,9.99,25,72.0,1,5,3,0,0
OTT-000227,Male,40,Premium,22.99,28,35.0,3,5,4,1,0
OTT-000228,Male,22,Standard,15.49,51,1.0,1,2,4,3,0
OTT-000229,Female,59,Premium,22.99,57,52.5,6,2,3,0,0
OTT-000230,Female,58,Basic,9.99,21,4.3,1,2,4,0,0
OTT-000231,Male,52,Basic,9.99,38,64.4,6,3,2,0,0
OTT-000232,Male,63,Basic,9.99,23,35.1,0,5,1,0,0
OTT-000233,Male,62,Basic,9.99,58,40.4,2,4,5,0,0
OTT-000234,Male,28,Premium,22.99,38,58.3,8,2,2,1,0
OTT-000235,Female,22,Basic,9.99,6,17.4,5,1,3,0,0
OTT-000236,Male,20,Premium,22.99,59,11.2,4,3,4,1,0
OTT-000237,Male,40,Basic,9.99,23,35.4,1,5,1,0,0
OTT-000238,Male,59,Premium,22.99,49,60.0,10,4,4,2,0
OTT-000239,Male,58,Premium,22.99,26,71.8,4,5,4,0,0
OTT-000240,Male,42,Basic,9.99,38,35.7,14,2,4,1,0
OTT-000241,Female,23,Standard,15.49,20,32.4,1,2,4,0,1
OTT-000242,Male,50,Basic,9.99,45,1.0,2,5,4,1,1
OTT-000243,Female,54,Standard,15.49,3,56.1,4,1,3,0,0
OTT-000244,Male,57,Standard,15.49,24,1.0,19,5,5,1,1
OTT-000245,Female,41,Premium,22.99,58,74.3,9,2,2,1,0
OTT-000246,Female,24,Premium,22.99,44,45.7,20,4,5,0,0
OTT-000247,Female,26,Premium,22.99,46,79.6,3,5,3,1,0
OTT-000248,Female,18,Standard,15.49,34,1.0,3,4,2,2,1
OTT-000249,Male,60,Standard,15.49,8,72.9,21,2,3,0,0
OTT-000250,Female,28,Premium,22.99,39,52.1,3,5,3,0,0
OTT-000251,Male,50,Basic,9.99,10,34.1,2,1,5,0,0
OTT-000252,Male,20,Standard,15.49,18,31.0,47,2,1,0,0
OTT-000253,Male,69,Basic,9.99,23,81.6,10,1,2,0,0
OTT-000254,Male,18,Standard,15.49,36,3.4,9,5,1,3,1
OTT-000255,Male,39,Standard,15.49,3,15.7,15,2,3,0,0
OTT-000256,Female,50,Premium,22.99,58,77.9,29,1,2,2,0
OTT-000257,Female,31,Basic,9.99,50,38.8,9,2,1,1,0
OTT-000258,Female,45,Standard,15.49,58,92.4,7,4,2,1,0
OTT-000259,Female,48,Basic,9.99,10,13.7,19,5,2,0,1
OTT-000260,Male,45,Premium,22.99,1,67.8,11,2,3,2,0
OTT-000261,Male,20,Standard,15.49,11,42.4,38,3,2,1,1
OTT-000262,Male,55,Standard,15.49,21,69.1,16,3,2,2,0
OTT-000263,Male,26,Basic,9.99,2,34.0,17,4,1,1,1
OTT-000264,Male,21,Standard,15.49,51,70.6,28,1,1,1,0
OTT-000265,Female,35,Basic,9.99,2,46.7,4,3,2,0,0
OTT-000266,Female,58,Basic,9.99,36,53.0,12,4,5,0,0
OTT-000267,Female,51,Basic,9.99,14,48.5,2,5,4,1,0
OTT-000268,Male,59,Standard,15.49,58,86.9,5,5,3,0,0
OTT-000269,Male,23,Standard,15.49,5,49.1,6,1,5,0,0
OTT-000270,Male,61,Standard,15.49,43,68.9,9,4,2,1,0
OTT-000271,Male,31,Basic,9.99,40,23.9,8,5,1,0,0
OTT-000272,Female,56,Standard,15.49,45,47.5,9,4,2,1,0
OTT-000273,Male,28,Standard,15.49,46,47.4,28,4,3,0,0
OTT-000274,Male,33,Premium,22.99,1,78.8,4,3,5,1,0
OTT-000275,Male,19,Premium,22.99,13,37.2,0,5,1,0,0
OTT-000276,Female,68,Basic,9.99,10,58.7,8,1,1,0,0
OTT-000277,Female,55,Premium,22.99,46,6.6,8,4,4,0,0
OTT-000278,Female,42,Basic,9.99,36,58.7,6,4,2,0,0
OTT-000279,Male,21,Standard,15.49,51,37.7,23,2,4,1,0
OTT-000280,Male,30,Standard,15.49,14,78.4,5,5,3,0,0
OTT-000281,Female,67,Premium,22.99,30,57.0,24,4,2,0,0
OTT-000282,Female,56,Premium,22.99,38,22.1,16,4,1,0,0
OTT-000283,Male,26,Premium,22.99,17,39.6,27,2,5,1,1
OTT-000284,Male,22,Basic,9.99,46,103.9,6,4,5,1,0
OTT-000285,Female,54,Standard,15.49,26,7.7,11,5,5,2,0
OTT-000286,Male,28,Standard,15.49,13,58.2,3,3,5,0,0
OTT-000287,Male,30,Premium,22.99,37,23.3,17,3,3,0,0
OTT-000288,Female,45,Premium,22.99,30,80.2,5,1,3,1,0
OTT-000289,Male,39,Standard,15.49,49,15.1,10,4,5,0,0
OTT-000290,Female,58,Basic,9.99,18,19.7,5,3,4,1,0
OTT-000291,Male,50,Basic,9.99,28,31.0,58,3,5,2,1
OTT-000292,Male,30,Premium,22.99,12,95.4,8,5,4,2,0
OTT-000293,Female,34,Standard,15.49,7,41.1,5,1,3,0,0
OTT-000294,Female,60,Basic,9.99,39,5.1,56,2,2,0,1
OTT-000295,Female,64,Standard,15.49,4,2.9,30,2,2,0,1
OTT-000296,Male,20,Basic,9.99,59,37.1,6,2,2,1,0
OTT-000297,Female,49,Standard,15.49,17,34.7,20,5,4,0,0
OTT-000298,Female,39,Standard,15.49,34,43.7,2,1,3,1,0
OTT-000299,Female,31,Basic,9.99,34,54.8,15,1,1,0,0
OTT-000300,Female,67,Standard,15.49,23,88.7,2,2,4,0,0
OTT-000301,Male,32,Standard,15.49,51,34.1,15,5,4,1,0
OTT-000302,Female,19,Standard,15.49,15,76.0,0,1,3,0,0
OTT-000303,Male,69,Standard,15.49,58,39.0,21,5,1,0,0
OTT-000304,Female,42,Standard,15.49,30,31.4,0,1,1,2,0
OTT-000305,Female,59,Basic,9.99,14,108.7,29,5,5,0,0
OTT-000306,Female,27,Basic,9.99,55,26.3,18,4,1,0,0
OTT-000307,Male,26,Standard,15.49,7,99.9,21,1,1,1,0
OTT-000308,Female,35,Basic,9.99,53,34.6,13,5,1,0,0
OTT-000309,Male,53,Standard,15.49,6,32.8,3,1,2,0,0
OTT-000310,Female,41,Basic,9.99,31,44.1,39,5,4,0,0
OTT-000311,Female,54,Standard,15.49,34,39.7,3,4,4,0,0
OTT-000312,Male,35,Standard,15.49,47,11.4,4,2,3,1,0
OTT-000313,Male,69,Premium,22.99,49,69.7,25,1,4,0,0
OTT-000314,Male,41,Standard,15.49,13,1.2,2,4,5,0,1
OTT-000315,Male,55,Standard,15.49,13,30.6,11,1,4,0,0
OTT-000316,Female,56,Standard,15.49,28,17.6,17,2,1,1,0
OTT-000317,Male,43,Basic,9.99,23,51.8,14,5,1,1,0
OTT-000318,Female,48,Standard,15.49,40,96.3,22,5,1,0,0
OTT-000319,Female,34,Standard,15.49,14,31.3,1,5,5,1,0
OTT-000320,Female,66,Basic,9.99,5,82.3,8,3,1,1,0
OTT-000321,Male,48,Standard,15.49,5,23.5,1,4,1,1,0
OTT-000322,Female,60,Standard,15.49,5,68.8,1,1,1,0,0
OTT-000323,Female,32,Standard,15.49,36,34.7,4,2,1,1,0
OTT-000324,Male,21,Standard,15.49,19,9.9,10,2,5,0,0
OTT-000325,Male,20,Basic,9.99,5,38.0,4,2,1,0,0
OTT-000326,Male,53,Standard,15.49,40,39.3,14,3,3,2,0
OTT-000327,Female,61,Standard,15.49,53,88.2,22,4,5,0,0
OTT-000328,Female,64,Basic,9.99,21,21.2,0,5,2,0,0
OTT-000329,Female,26,Basic,9.99,50,59.9,6,1,4,0,0
OTT-000330,Female,47,Standard,15.49,43,14.2,12,3,2,0,0
OTT-000331,Female,60,Basic,9.99,54,5.0,23,3,5,0,1
OTT-000332,Female,66,Basic,9.99,57,56.0,2,4,5,0,0
OTT-000333,Female,62,Premium,22.99,35,47.1,2,5,5,0,0
OTT-000334,Female,57,Basic,9.99,55,28.2,16,2,4,1,0
OTT-000335,Male,66,Basic,9.99,40,31.9,17,1,5,1,1
OTT-000336,Female,52,Basic,9.99,8,13.7,5,4,2,2,1
OTT-000337,Male,59,Basic,9.99,5,63.9,0,4,3,0,0
OTT-000338,Male,53,Standard,15.49,10,77.0,8,1,4,2,0
OTT-000339,Male,43,Basic,9.99,2,4.0,2,4,1,3,1
OTT-000340,Male,22,Premium,22.99,39,40.5,14,3,3,0,0
OTT-000341,Female,45,Standard,15.49,9,41.7,25,1,2,1,0
OTT-000342,Male,36,Standard,15.49,2,34.9,14,2,2,2,0
OTT-000343,Female,46,Standard,15.49,17,52.4,3,1,2,0,0
OTT-000344,Female,66,Standard,15.49,39,58.6,1,1,4,0,0
OTT-000345,Female,30,Premium,22.99,53,65.4,6,4,5,3,0
OTT-000346,Female,39,Premium,22.99,29,22.4,1,3,5,0,0
OTT-000347,Male,46,Standard,15.49,34,39.8,16,5,5,3,0
OTT-000348,Female,68,Standard,15.49,45,65.8,2,2,2,0,0
OTT-000349,Male,22,Basic,9.99,12,34.7,8,2,2,0,0
OTT-000350,Male,23,Basic,9.99,58,55.0,0,2,2,0,0
OTT-000351,Female,54,Standard,15.49,13,21.5,14,4,5,0,0
OTT-000352,Male,47,Basic,9.99,25,34.8,28,4,5,0,0
OTT-000353,Female,63,Basic,9.99,52,3.4,0,3,3,0,0
OTT-000354,Female,65,Premium,22.99,46,55.6,2,5,2,1,0
OTT-000355,Male,67,Standard,15.49,2,21.1,3,5,3,0,1
OTT-000356,Male,52,Premium,22.99,34,59.2,24,2,4,1,0
OTT-000357,Female,68,Standard,15.49,25,75.3,18,3,1,1,0
OTT-000358,Male,51,Premium,22.99,33,64.1,12,2,2,0,0
OTT-000359,Female,29,Basic,9.99,25,37.9,8,1,4,0,0
OTT-000360,Male,51,Standard,15.49,39,54.9,25,2,5,0,0
OTT-000361,Female,53,Standard,15.49,56,66.4,12,3,4,0,0
OTT-000362,Female,61,Basic,9.99,16,67.1,6,1,1,1,0
OTT-000363,Male,32,Premium,22.99,14,83.8,11,4,3,0,0
OTT-000364,Female,28,Basic,9.99,4,16.0,6,3,1,1,1
OTT-000365,Female,65,Basic,9.99,10,47.8,26,3,4,0,1
OTT-000366,Female,69,Standard,15.49,8,65.6,0,3,1,0,0
OTT-000367,Female,51,Standard,15.49,29,44.6,15,5,3,0,0
OTT-000368,Male,54,Basic,9.99,56,54.4,14,3,1,1,0
OTT-000369,Male,68,Basic,9.99,58,63.3,49,4,5,1,0
OTT-000370,Female,52,Basic,9.99,18,53.2,2,5,3,0,0
OTT-000371,Female,48,Standard,15.49,45,29.9,29,1,3,1,0
OTT-000372,Female,18,Standard,15.49,57,16.8,9,3,4,0,0
OTT-000373,Male,39,Standard,15.49,43,63.6,4,2,3,3,0
OTT-000374,Female,38,Standard,15.49,9,76.6,19,1,3,0,0
OTT-000375,Male,44,Basic,9.99,19,68.9,5,5,3,2,0
OTT-000376,Male,18,Basic,9.99,14,64.3,7,3,4,1,0
OTT-000377,Male,22,Basic,9.99,41,35.7,7,4,1,0,0
OTT-000378,Female,51,Basic,9.99,13,54.9,10,4,3,0,0
OTT-000379,Female,45,Standard,15.49,35,62.2,10,2,2,1,0
OTT-000380,Female,64,Standard,15.49,29,39.6,30,1,1,0,0
OTT-000381,Female,22,Premium,22.99,3,30.3,2,5,3,3,1
OTT-000382,Male,50,Basic,9.99,21,32.6,23,2,5,0,0
OTT-000383,Male,28,Basic,9.99,4,53.2,9,3,3,1,0
OTT-000384,Male,67,Basic,9.99,36,29.1,9,3,4,2,0
OTT-000385,Female,61,Standard,15.49,52,15.9,17,3,2,1,1
OTT-000386,Male,32,Standard,15.49,15,34.2,10,1,5,2,1
OTT-000387,Female,24,Basic,9.99,19,76.5,10,5,3,1,0
OTT-000388,Female,22,Basic,9.99,35,91.4,1,4,5,0,0
OTT-000389,Male,25,Basic,9.99,25,29.5,3,4,2,0,0
OTT-000390,Female,27,Basic,9.99,23,62.0,2,2,4,0,0
OTT-000391,Female,42,Basic,9.99,56,33.9,21,2,4,0,0
OTT-000392,Female,44,Standard,15.49,58,53.6,6,2,3,0,0
OTT-000393,Female,54,Standard,15.49,44,75.0,19,5,1,1,0
OTT-000394,Female,31,Standard,15.49,12,41.5,10,5,5,1,0
OTT-000395,Male,48,Standard,15.49,27,39.4,1,3,5,0,0
OTT-000396,Male,41,Premium,22.99,36,52.2,7,4,2,3,0
OTT-000397,Male,66,Basic,9.99,25,17.4,3,4,1,1,0
OTT-000398,Female,62,Basic,9.99,46,55.8,6,4,3,0,0
OTT-000399,Female,36,Standard,15.49,30,42.8,10,2,5,0,0
OTT-000400,Female,50,Premium,22.99,33,56.6,8,1,5,0,0
OTT-000401,Male,32,Basic,9.99,59,66.2,12,4,2,0,0
OTT-000402,Male,66,Basic,9.99,28,74.4,0,4,5,1,0
OTT-000403,Female,47,Basic,9.99,29,63.9,17,1,5,0,0
OTT-000404,Female,45,Standard,15.49,49,40.4,9,5,2,0,0
OTT-000405,Male,50,Basic,9.99,22,25.5,4,2,1,3,0
OTT-000406,Male,61,Premium,22.99,36,59.5,42,5,2,1,0
OTT-000407,Female,55,Premium,22.99,36,69.7,46,4,2,0,0
OTT-000408,Female,62,Standard,15.49,33,82.1,1,5,1,0,0
OTT-000409,Female,46,Premium,22.99,35,46.8,9,5,5,3,1
OTT-000410,Male,38,Basic,9.99,53,18.6,0,5,4,0,0
OTT-000411,Male,43,Basic,9.99,29,36.2,49,3,3,2,1
OTT-000412,Female,37,Standard,15.49,32,1.0,4,4,2,0,0
OTT-000413,Male,42,Standard,15.49,21,56.2,0,3,1,1,0
OTT-000414,Male,21,Standard,15.49,19,47.3,19,5,5,0,0
OTT-000415,Female,42,Basic,9.99,21,44.4,11,2,1,0,0
OTT-000416,Male,64,Basic,9.99,46,67.8,1,3,5,1,0
OTT-000417,Male,62,Basic,9.99,13,64.1,14,3,2,2,0
OTT-000418,Male,24,Basic,9.99,47,66.4,5,4,1,0,0
OTT-000419,Female,18,Standard,15.49,40,54.1,11,4,3,1,0
OTT-000420,Male,54,Standard,15.49,47,74.3,5,2,3,1,0
OTT-000421,Male,48,Premium,22.99,45,28.3,8,5,3,2,0
OTT-000422,Male,27,Basic,9.99,34,12.4,49,3,3,1,1
OTT-000423,Male,68,Standard,15.49,37,4.8,40,5,4,1,1
OTT-000424,Female,64,Standard,15.49,11,67.4,20,1,4,0,0
OTT-000425,Male,42,Premium,22.99,8,51.8,5,1,3,0,0
OTT-000426,Female,65,Standard,15.49,29,61.6,25,3,2,1,0
OTT-000427,Female,25,Premium,22.99,38,52.3,14,5,3,1,0
OTT-000428,Male,41,Premium,22.99,5,17.3,13,3,3,0,1
OTT-000429,Male,34,Standard,15.49,1,7.9,9,3,3,0,1
OTT-000430,Male,30,Standard,15.49,38,60.9,10,2,2,1,0
OTT-000431,Female,23,Standard,15.49,28,58.8,3,1,4,0,0
OTT-000432,Female,43,Premium,22.99,27,23.5,17,4,2,1,0
OTT-000433,Male,69,Basic,9.99,36,44.0,8,5,5,0,0
OTT-000434,Female,49,Standard,15.49,16,68.3,7,1,4,2,0
OTT-000435,Female,27,Basic,9.99,17,63.9,16,4,3,0,0
OTT-000436,Male,32,Standard,15.49,26,28.0,11,1,1,0,0
OTT-000437,Male,67,Standard,15.49,33,48.7,16,5,3,2,0
OTT-000438,Male,45,Standard,15.49,38,66.5,10,1,2,1,0
OTT-000439,Male,27,Basic,9.99,8,103.1,66,3,4,1,0
OTT-000440,Female,41,Premium,22.99,13,49.4,4,3,2,1,0
OTT-000441,Female,40,Standard,15.49,33,42.6,0,3,4,1,0
OTT-000442,Male,65,Basic,9.99,20,104.6,43,2,2,2,0
OTT-000443,Female,53,Basic,9.99,39,1.0,15,5,4,0,1
OTT-000444,Male,66,Standard,15.49,43,14.6,0,5,2,0,0
OTT-000445,Female,38,Basic,9.99,22,60.7,1,4,1,1,0
OTT-000446,Male,29,Premium,22.99,20,33.7,3,5,4,2,0
OTT-000447,Female,66,Standard,15.49,44,47.2,4,1,3,0,0
OTT-000448,Female,69,Standard,15.49,29,38.3,11,5,5,1,0
OTT-000449,Male,28,Basic,9.99,46,70.3,20,1,2,1,0
OTT-000450,Male,33,Basic,9.99,54,36.9,8,1,2,1,0
OTT-000451,Female,26,Basic,9.99,25,5.7,0,1,4,0,0
OTT-000452,Male,69,Basic,9.99,35,102.7,5,4,3,0,0
OTT-000453,Male,61,Standard,15.49,56,47.6,0,3,5,2,0
OTT-000454,Female,47,Standard,15.49,16,24.0,3,1,2,1,0
OTT-000455,Female,50,Standard,15.49,31,34.2,6,1,4,0,0
OTT-000456,Female,22,Standard,15.49,47,20.5,36,2,5,0,1
OTT-000457,Male,21,Basic,9.99,8,39.2,13,2,3,0,0
OTT-000458,Female,43,Premium,22.99,1,41.3,6,3,2,3,1
OTT-000459,Female,23,Standard,15.49,8,76.5,7,3,2,0,0
OTT-000460,Female,51,Basic,9.99,34,2.5,6,1,5,1,0
OTT-000461,Female,68,Standard,15.49,18,4.7,0,2,1,0,0
OTT-000462,Male,39,Basic,9.99,1,35.2,4,4,4,0,0
OTT-000463,Male,68,Basic,9.99,51,33.7,4,5,3,0,0
OTT-000464,Male,66,Basic,9.99,37,55.3,15,1,1,0,0
OTT-000465,Male,68,Premium,22.99,35,20.1,29,4,1,0,0
OTT-000466,Female,26,Standard,15.49,31,21.3,6,3,5,2,0
OTT-000467,Female,52,Basic,9.99,40,16.1,31,3,3,0,1
OTT-000468,Female,43,Standard,15.49,27,31.9,4,3,1,0,0
OTT-000469,Female,43,Standard,15.49,21,70.7,0,2,2,0,0
OTT-000470,Female,44,Premium,22.99,6,37.4,1,1,2,0,0
OTT-000471,Male,46,Basic,9.99,41,8.1,3,1,4,0,0
OTT-000472,Female,67,Basic,9.99,22,12.2,18,3,5,0,0
OTT-000473,Female,55,Standard,15.49,46,39.7,16,4,4,0,0
OTT-000474,Female,53,Basic,9.99,31,16.3,8,2,3,0,0
OTT-000475,Male,32,Standard,15.49,45,63.2,11,1,4,0,0
OTT-000476,Female,27,Basic,9.99,55,26.7,8,2,5,0,0
OTT-000477,Male,63,Basic,9.99,25,48.6,16,1,2,1,0
OTT-000478,Male,29,Premium,22.99,59,36.1,3,5,4,0,0
OTT-000479,Female,36,Premium,22.99,52,72.3,23,5,2,0,0
OTT-000480,Female,21,Basic,9.99,53,43.7,3,3,3,0,0
OTT-000481,Male,51,Standard,15.49,1,36.8,32,5,2,1,1
OTT-000482,Male,31,Premium,22.99,42,39.3,20,2,2,0,0
OTT-000483,Female,58,Basic,9.99,33,52.1,23,5,3,0,0
OTT-000484,Female,24,Standard,15.49,43,56.6,9,3,4,2,0
OTT-000485,Male,59,Basic,9.99,53,26.8,10,4,5,3,0
OTT-000486,Female,26,Basic,9.99,37,68.1,11,1,4,1,0
OTT-000487,Female,41,Basic,9.99,23,67.4,0,5,3,0,0
OTT-000488,Male,59,Standard,15.49,34,35.9,14,2,5,1,0
OTT-000489,Female,45,Standard,15.49,21,1.0,3,3,4,0,1
OTT-000490,Male,41,Basic,9.99,27,25.4,9,4,3,0,0
OTT-000491,Male,46,Basic,9.99,56,87.4,9,5,1,0,0
OTT-000492,Female,26,Basic,9.99,10,30.6,13,1,2,0,0
OTT-000493,Male,47,Standard,15.49,27,31.9,4,3,4,1,0
OTT-000494,Female,68,Premium,22.99,52,39.4,0,4,4,0,0
OTT-000495,Female,64,Basic,9.99,37,15.0,18,3,4,1,1
OTT-000496,Male,60,Premium,22.99,52,49.2,8,5,5,2,0
OTT-000497,Male,20,Standard,15.49,57,35.4,6,5,4,0,0
OTT-000498,Female,43,Basic,9.99,15,91.0,5,4,4,1,0
OTT-000499,Female,25,Basic,9.99,48,22.4,1,5,3,0,0
OTT-000500,Female,47,Standard,15.49,44,110.1,0,1,3,0,0
OTT-000501,Male,54,Basic,9.99,23,15.0,4,1,2,0,0
OTT-000502,Female,54,Basic,9.99,5,1.0,1,3,1,0,0
OTT-000503,Male,69,Standard,15.49,1,9.0,3,2,2,0,0
OTT-000504,Male,22,Basic,9.99,32,48.8,14,5,4,0,0
OTT-000505,Male,44,Standard,15.49,23,62.6,0,2,3,0,0
OTT-000506,Male,36,Standard,15.49,9,42.9,1,2,3,2,0
OTT-000507,Female,24,Standard,15.49,19,7.8,9,1,5,0,0
OTT-000508,Male,20,Standard,15.49,17,72.9,5,4,3,0,0
OTT-000509,Male,60,Standard,15.49,7,34.2,25,3,1,0,0
OTT-000510,Male,23,Premium,22.99,46,40.9,3,1,3,1,0
OTT-000511,Male,29,Standard,15.49,42,50.8,9,2,3,0,0
OTT-000512,Male,21,Basic,9.99,32,35.4,5,5,5,1,0
OTT-000513,Female,55,Basic,9.99,49,52.3,4,2,5,1,0
OTT-000514,Male,30,Standard,15.49,48,31.7,2,2,5,0,0
OTT-000515,Female,19,Basic,9.99,20,6.4,4,4,4,0,1
OTT-000516,Female,65,Basic,9.99,40,40.0,15,5,5,0,0
OTT-000517,Male,49,Basic,9.99,34,67.2,5,5,5,1,0
OTT-000518,Male,55,Standard,15.49,5,70.0,1,1,1,0,0
OTT-000519,Female,43,Basic,9.99,53,28.1,6,1,3,0,0
OTT-000520,Female,37,Standard,15.49,56,73.1,0,1,2,0,0
OTT-000521,Female,43,Basic,9.99,41,1.0,2,3,1,0,0
OTT-000522,Male,30,Standard,15.49,33,15.7,16,3,5,0,0
OTT-000523,Female,29,Basic,9.99,58,13.8,8,4,5,0,0
OTT-000524,Female,48,Basic,9.99,12,44.8,12,3,2,0,0
OTT-000525,Male,27,Basic,9.99,40,42.3,19,5,4,1,0
OTT-000526,Male,49,Premium,22.99,18,65.4,4,2,5,0,0
OTT-000527,Female,39,Standard,15.49,37,39.7,9,5,2,0,0
OTT-000528,Male,49,Basic,9.99,1,8.0,1,1,5,0,0
OTT-000529,Male,36,Standard,15.49,30,29.3,12,5,5,2,0
OTT-000530,Female,65,Standard,15.49,3,68.9,23,2,3,1,0
OTT-000531,Female,43,Premium,22.99,20,56.8,18,3,2,1,0
OTT-000532,Male,53,Standard,15.49,15,33.1,8,1,2,2,1
OTT-000533,Male,34,Basic,9.99,37,25.1,1,3,1,1,0
OTT-000534,Female,35,Basic,9.99,18,79.7,2,4,4,1,0
OTT-000535,Male,41,Standard,15.49,28,7.1,22,3,3,1,0
OTT-000536,Female,57,Premium,22.99,44,54.0,6,3,3,0,0
OTT-000537,Female,34,Standard,15.49,7,59.8,3,5,3,2,0
OTT-000538,Female,57,Standard,15.49,6,23.5,35,3,2,0,1
OTT-000539,Female,23,Standard,15.49,49,31.9,33,3,3,0,0
OTT-000540,Female,26,Standard,15.49,32,42.7,0,2,2,0,0
OTT-000541,Female,48,Standard,15.49,6,86.8,10,1,5,1,0
OTT-000542,Male,57,Standard,15.49,33,24.2,11,1,4,2,0
OTT-000543,Female,68,Basic,9.99,23,45.4,18,1,2,1,1
OTT-000544,Female,65,Basic,9.99,4,35.3,5,4,1,0,0
OTT-000545,Male,18,Basic,9.99,49,75.7,17,3,5,0,0
OTT-000546,Male,29,Standard,15.49,24,52.0,3,4,4,0,0
OTT-000547,Female,25,Basic,9.99,31,32.1,1,1,1,0,0
OTT-000548,Female,49,Basic,9.99,32,113.5,3,5,2,1,0
OTT-000549,Male,22,Basic,9.99,49,47.0,13,3,4,0,0
OTT-000550,Female,56,Premium,22.99,54,68.9,4,2,3,1,0
OTT-000551,Female,48,Basic,9.99,41,63.4,21,2,4,0,0
OTT-000552,Female,61,Premium,22.99,17,64.4,0,5,3,1,0
OTT-000553,Female,35,Standard,15.49,22,31.0,13,1,5,2,0
OTT-000554,Male,26,Basic,9.99,8,42.0,4,1,5,0,0
OTT-000555,Female,49,Basic,9.99,43,25.9,9,4,3,0,0
OTT-000556,Female,54,Standard,15.49,25,62.8,52,3,2,0,0
OTT-000557,Male,21,Basic,9.99,46,41.9,2,2,4,0,0
OTT-000558,Female,49,Basic,9.99,49,60.4,3,5,1,0,0
OTT-000559,Female,56,Basic,9.99,10,82.7,0,1,3,0,0
OTT-000560,Female,31,Basic,9.99,24,17.3,34,2,3,1,1
OTT-000561,Male,47,Basic,9.99,14,60.9,5,1,5,0,0
OTT-000562,Female,55,Basic,9.99,56,5.5,2,5,2,0,0
OTT-000563,Female,35,Premium,22.99,38,51.7,22,5,1,2,0
OTT-000564,Male,18,Basic,9.99,15,56.2,12,5,5,3,0
OTT-000565,Male,23,Standard,15.49,55,44.4,10,4,5,1,0
OTT-000566,Female,37,Standard,15.49,7,30.1,43,5,4,0,1
OTT-000567,Female,66,Standard,15.49,48,54.1,3,2,4,0,0
OTT-000568,Female,35,Standard,15.49,11,53.5,7,1,3,2,0
OTT-000569,Male,67,Standard,15.49,30,35.5,3,5,1,1,0
OTT-000570,Female,46,Standard,15.49,26,77.1,11,4,3,1,0
OTT-000571,Male,29,Premium,22.99,55,75.9,6,3,3,2,0
OTT-000572,Male,35,Standard,15.49,15,49.8,39,3,2,0,0
OTT-000573,Female,66,Premium,22.99,9,27.2,3,3,3,0,0
OTT-000574,Female,59,Premium,22.99,47,41.1,2,4,2,2,0
OTT-000575,Female,19,Premium,22.99,56,86.1,3,3,5,1,0
OTT-000576,Female,32,Standard,15.49,10,62.4,1,1,4,1,0
OTT-000577,Female,47,Basic,9.99,4,31.8,0,2,3,1,0
OTT-000578,Female,51,Standard,15.49,37,61.4,15,5,4,1,0
OTT-000579,Female,66,Standard,15.49,52,24.8,3,5,1,0,0
OTT-000580,Female,60,Standard,15.49,51,1.0,8,1,3,0,0
OTT-000581,Male,41,Basic,9.99,8,11.5,3,4,1,0,0
OTT-000582,Female,34,Standard,15.49,27,52.1,5,2,4,0,0
OTT-000583,Female,22,Basic,9.99,12,32.8,1,1,4,0,0
OTT-000584,Male,22,Basic,9.99,26,45.8,34,2,1,3,1
OTT-000585,Female,26,Premium,22.99,20,23.9,0,1,3,0,0
OTT-000586,Female,20,Basic,9.99,25,69.6,53,1,1,0,1
OTT-000587,Male,58,Basic,9.99,55,37.2,6,5,1,2,0
OTT-000588,Male,21,Premium,22.99,12,20.8,8,5,3,2,1
OTT-000589,Female,38,Basic,9.99,35,49.2,4,4,3,1,0
OTT-000590,Male,38,Basic,9.99,42,43.7,5,4,3,0,0
OTT-000591,Female,45,Standard,15.49,42,31.4,34,4,3,0,0
OTT-000592,Male,44,Standard,15.49,22,51.3,1,2,1,0,0
OTT-000593,Male,64,Standard,15.49,35,35.8,9,5,3,0,0
OTT-000594,Female,22,Standard,15.49,9,48.5,28,5,3,0,0
OTT-000595,Female,48,Basic,9.99,6,40.1,0,4,5,0,0
OTT-000596,Male,55,Basic,9.99,24,74.7,38,2,3,0,0
OTT-000597,Female,68,Basic,9.99,44,41.9,0,4,5,1,0
OTT-000598,Female,42,Standard,15.49,51,20.9,5,2,1,0,0
OTT-000599,Female,66,Standard,15.49,53,41.6,17,3,3,0,0
OTT-000600,Male,21,Basic,9.99,12,42.8,10,1,5,0,0
OTT-000601,Female,33,Basic,9.99,4,25.8,4,4,2,0,0
OTT-000602,Female,58,Basic,9.99,33,63.0,1,5,3,1,0
OTT-000603,Male,46,Premium,22.99,40,19.4,2,3,2,0,0
OTT-000604,Female,41,Premium,22.99,12,28.1,28,3,1,1,0
OTT-000605,Male,55,Premium,22.99,5,63.7,9,4,1,0,0
OTT-000606,Male,57,Basic,9.99,48,72.0,58,5,5,0,0
OTT-000607,Female,25,Basic,9.99,21,61.5,17,4,2,1,0
OTT-000608,Male,20,Basic,9.99,34,28.3,7,5,1,0,0
OTT-000609,Male,65,Standard,15.49,40,55.5,21,3,5,0,0
OTT-000610,Male,60,Standard,15.49,12,64.6,7,1,2,0,0
OTT-000611,Male,48,Standard,15.49,30,85.4,3,3,1,0,0
OTT-000612,Male,22,Premium,22.99,20,14.4,11,5,3,1,0
OTT-000613,Male,39,Basic,9.99,17,58.8,3,4,1,0,0
OTT-000614,Female,25,Premium,22.99,1,29.7,10,3,1,0,1
OTT-000615,Male,24,Basic,9.99,33,1.0,18,2,4,0,0
OTT-000616,Male,47,Standard,15.49,32,76.0,5,1,5,0,0
OTT-000617,Female,31,Basic,9.99,56,44.5,8,4,5,0,0
OTT-000618,Male,40,Premium,22.99,32,35.5,0,4,2,0,0
OTT-000619,Female,67,Premium,22.99,25,71.2,9,5,4,1,0
OTT-000620,Male,62,Standard,15.49,8,80.0,25,2,2,1,0
OTT-000621,Male,24,Standard,15.49,37,52.6,10,1,4,0,0
OTT-000622,Male,33,Basic,9.99,53,67.7,6,1,3,0,0
OTT-000623,Male,50,Standard,15.49,56,20.5,29,3,1,0,0
OTT-000624,Male,36,Standard,15.49,29,31.2,5,1,1,1,0
OTT-000625,Female,53,Premium,22.99,42,59.0,10,3,1,1,0
OTT-000626,Male,53,Premium,22.99,53,71.9,11,2,3,0,0
OTT-000627,Female,27,Standard,15.49,27,32.2,5,2,3,0,0
OTT-000628,Female,38,Standard,15.49,46,79.3,10,1,1,2,0
OTT-000629,Male,31,Basic,9.99,53,44.9,0,1,4,0,0
OTT-000630,Female,20,Basic,9.99,8,66.2,2,1,3,0,0
OTT-000631,Female,69,Premium,22.99,4,21.1,31,2,2,1,1
OTT-000632,Male,31,Standard,15.49,43,47.2,13,2,4,0,0
OTT-000633,Male,61,Basic,9.99,37,42.4,8,3,5,0,0
OTT-000634,Male,18,Standard,15.49,50,53.9,8,2,4,0,0
OTT-000635,Female,56,Basic,9.99,45,28.1,5,4,4,0,0
OTT-000636,Female,19,Basic,9.99,31,73.6,28,2,2,2,0
OTT-000637,Female,67,Standard,15.49,49,55.1,11,4,5,1,0
OTT-000638,Female,39,Premium,22.99,10,106.6,12,3,2,0,0
OTT-000639,Male,18,Basic,9.99,19,51.8,9,4,2,0,0
OTT-000640,Female,46,Basic,9.99,26,45.3,4,3,5,0,0
OTT-000641,Male,44,Standard,15.49,20,5.3,1,1,2,1,0
OTT-000642,Female,19,Basic,9.99,2,92.0,0,1,1,0,0
OTT-000643,Male,59,Basic,9.99,52,3.6,20,2,3,0,0
OTT-000644,Female,24,Premium,22.99,40,60.4,2,1,3,1,0
OTT-000645,Female,65,Premium,22.99,52,63.0,14,4,3,1,0
OTT-000646,Male,51,Standard,15.49,45,33.8,6,5,2,0,0
OTT-000647,Female,24,Basic,9.99,12,54.4,9,2,4,3,1
OTT-000648,Female,49,Basic,9.99,4,37.7,9,2,1,3,1
OTT-000649,Male,32,Basic,9.99,44,32.4,7,5,1,1,0
OTT-000650,Female,29,Standard,15.49,54,81.9,16,1,4,0,0
OTT-000651,Female,42,Standard,15.49,1,52.1,10,2,1,1,0
OTT-000652,Male,45,Standard,15.49,42,56.4,1,1,4,1,0
OTT-000653,Male,68,Standard,15.49,19,39.7,15,3,4,0,0
OTT-000654,Female,58,Standard,15.49,18,43.0,27,3,5,1,1
OTT-000655,Female,28,Basic,9.99,10,63.8,23,2,3,0,0
OTT-000656,Female,27,Basic,9.99,55,8.7,40,3,3,0,1
OTT-000657,Male,54,Premium,22.99,55,10.8,23,4,5,1,0
OTT-000658,Female,67,Basic,9.99,57,15.9,0,4,1,1,0
OTT-000659,Male,35,Basic,9.99,18,46.6,2,1,4,0,0
OTT-000660,Female,31,Standard,15.49,29,57.0,4,1,1,3,0
OTT-000661,Female,29,Standard,15.49,53,74.2,6,2,1,2,0
OTT-000662,Female,59,Basic,9.99,29,20.6,10,4,1,0,0
OTT-000663,Female,45,Basic,9.99,1,119.7,6,2,2,2,0
OTT-000664,Female,41,Basic,9.99,17,67.1,8,1,3,0,0
OTT-000665,Female,33,Premium,22.99,41,32.4,5,4,2,1,0
OTT-000666,Female,59,Premium,22.99,18,18.0,0,4,2,1,0
OTT-000667,Female,32,Standard,15.49,25,45.4,10,5,5,1,0
OTT-000668,Male,69,Premium,22.99,49,68.4,4,1,4,0,0
OTT-000669,Female,38,Premium,22.99,10,70.1,11,5,2,2,1
OTT-000670,Male,38,Standard,15.49,52,39.9,0,3,5,1,0
OTT-000671,Male,40,Basic,9.99,16,11.4,1,2,4,2,0
OTT-000672,Female,33,Basic,9.99,40,63.7,29,2,2,0,0
OTT-000673,Female,43,Basic,9.99,17,20.5,7,3,4,1,0
OTT-000674,Female,22,Standard,15.49,49,37.9,13,1,5,0,0
OTT-000675,Male,38,Basic,9.99,7,1.0,14,1,3,0,1
OTT-000676,Female,56,Basic,9.99,56,27.6,12,2,3,1,0
OTT-000677,Male,20,Basic,9.99,18,29.6,0,5,1,0,0
OTT-000678,Male,49,Premium,22.99,21,57.9,37,4,3,0,0
OTT-000679,Male,27,Standard,15.49,59,100.8,13,2,5,2,0
OTT-000680,Female,53,Basic,9.99,46,55.0,40,5,4,0,0
OTT-000681,Female,69,Standard,15.49,38,34.0,1,5,3,1,0
OTT-000682,Male,22,Basic,9.99,30,68.2,46,1,2,1,1
OTT-000683,Female,50,Basic,9.99,1,28.1,3,4,5,0,0
OTT-000684,Male,47,Premium,22.99,3,14.4,54,3,5,1,1
OTT-000685,Male,29,Basic,9.99,55,58.5,24,1,2,0,0
OTT-000686,Female,49,Standard,15.49,33,45.0,12,1,2,1,0
OTT-000687,Female,64,Basic,9.99,17,65.6,33,5,5,1,0
OTT-000688,Male,26,Basic,9.99,12,71.6,8,2,4,0,0
OTT-000689,Male,21,Basic,9.99,52,62.1,1,1,2,0,0
OTT-000690,Female,43,Premium,22.99,46,3.7,1,4,4,0,0
OTT-000691,Female,19,Basic,9.99,29,7.3,9,5,2,0,0
OTT-000692,Male,62,Standard,15.49,59,22.4,19,1,5,2,1
OTT-000693,Female,20,Basic,9.99,15,59.3,16,2,5,0,0
OTT-000694,Male,48,Premium,22.99,41,31.8,4,5,1,0,0
OTT-000695,Male,61,Standard,15.49,45,21.3,14,4,3,0,0
OTT-000696,Female,62,Basic,9.99,56,12.5,11,5,2,1,1
OTT-000697,Female,41,Standard,15.49,55,12.8,10,2,4,0,0
OTT-000698,Male,69,Basic,9.99,18,81.7,3,2,3,0,0
OTT-000699,Female,63,Premium,22.99,16,47.3,0,3,4,2,0
OTT-000700,Female,61,Premium,22.99,2,32.2,9,1,1,1,1
OTT-000701,Female,39,Premium,22.99,15,62.8,1,2,5,0,0
OTT-000702,Male,23,Premium,22.99,27,1.0,10,2,5,2,1
OTT-000703,Female,30,Basic,9.99,32,36.2,35,1,3,1,1
OTT-000704,Female,58,Premium,22.99,48,88.0,8,4,5,0,0
OTT-000705,Female,21,Basic,9.99,28,40.9,10,5,2,0,0
OTT-000706,Female,37,Basic,9.99,1,53.8,38,5,5,3,1
OTT-000707,Male,63,Standard,15.49,59,43.3,16,4,4,1,0
OTT-000708,Female,42,Basic,9.99,49,4.2,8,2,1,0,0
OTT-000709,Female,28,Standard,15.49,17,20.2,22,1,3,0,0
OTT-000710,Male,63,Basic,9.99,44,45.7,3,3,4,0,0
OTT-000711,Female,25,Basic,9.99,54,74.6,3,4,1,0,0
OTT-000712,Male,55,Standard,15.49,35,13.8,16,5,2,0,0
OTT-000713,Male,61,Premium,22.99,24,29.3,7,5,3,0,0
OTT-000714,Male,18,Standard,15.49,12,1.0,11,5,1,0,1
OTT-000715,Male,56,Basic,9.99,23,59.0,7,5,2,0,0
OTT-000716,Male,69,Standard,15.49,27,64.9,73,1,5,2,1
OTT-000717,Female,61,Standard,15.49,54,63.4,13,1,1,0,0
OTT-000718,Female,60,Basic,9.99,15,45.1,2,2,1,0,0
OTT-000719,Male,34,Standard,15.49,12,3.6,0,1,4,2,1
OTT-000720,Male,28,Basic,9.99,45,49.2,3,4,1,0,0
OTT-000721,Male,30,Standard,15.49,14,64.3,13,1,3,0,0
OTT-000722,Male,60,Basic,9.99,8,74.6,6,5,2,1,0
OTT-000723,Male,42,Standard,15.49,58,25.9,7,3,3,2,0
OTT-000724,Female,62,Premium,22.99,8,39.2,19,3,2,1,1
OTT-000725,Male,63,Basic,9.99,27,48.7,4,4,3,1,0
OTT-000726,Male,60,Standard,15.49,49,60.5,18,2,2,2,0
OTT-000727,Male,30,Standard,15.49,24,66.2,18,4,3,0,0
OTT-000728,Male,20,Standard,15.49,43,32.2,7,5,1,0,0
OTT-000729,Male,52,Standard,15.49,16,24.1,3,2,3,0,0
OTT-000730,Female,60,Standard,15.49,32,56.2,15,3,3,0,0
OTT-000731,Female,34,Standard,15.49,17,35.9,2,3,1,0,0
OTT-000732,Male,40,Standard,15.49,50,54.0,30,5,5,0,0
OTT-000733,Male,40,Premium,22.99,16,115.1,49,3,4,0,0
OTT-000734,Female,49,Basic,9.99,30,27.4,1,5,5,1,0
OTT-000735,Male,61,Basic,9.99,21,26.0,6,1,3,2,0
OTT-000736,Male,47,Standard,15.49,57,73.6,3,3,4,0,0
OTT-000737,Female,37,Standard,15.49,34,17.1,28,4,2,0,0
OTT-000738,Male,63,Basic,9.99,48,36.8,7,2,5,1,0
OTT-000739,Female,47,Basic,9.99,54,44.4,19,2,3,1,0
OTT-000740,Female,21,Standard,15.49,9,45.2,23,3,4,1,0
OTT-000741,Female,50,Basic,9.99,56,69.8,4,4,3,0,0
OTT-000742,Male,44,Basic,9.99,37,9.3,2,2,1,0,0
OTT-000743,Male,64,Premium,22.99,39,38.8,13,3,1,1,0
OTT-000744,Female,29,Premium,22.99,28,43.4,0,5,2,1,0
OTT-000745,Female,62,Standard,15.49,18,54.4,8,5,3,1,0
OTT-000746,Male,55,Basic,9.99,54,93.1,3,2,3,1,0
OTT-000747,Male,38,Basic,9.99,46,20.5,2,4,1,1,0
OTT-000748,Male,42,Basic,9.99,32,41.8,9,4,5,1,0
OTT-000749,Female,33,Basic,9.99,15,76.6,3,3,3,1,0
OTT-000750,Female,19,Premium,22.99,47,1.0,3,4,5,0,0
OTT-000751,Male,58,Standard,15.49,39,81.5,4,5,2,0,0
OTT-000752,Male,31,Basic,9.99,14,60.8,9,4,1,2,0
OTT-000753,Male,59,Premium,22.99,13,57.8,11,2,1,1,0
OTT-000754,Male,35,Premium,22.99,45,76.5,4,5,4,0,0
OTT-000755,Male,61,Standard,15.49,18,28.8,10,1,4,1,0
OTT-000756,Female,49,Standard,15.49,56,22.1,5,3,2,1,0
OTT-000757,Male,24,Basic,9.99,14,103.8,11,2,5,1,0
OTT-000758,Male,40,Standard,15.49,56,53.0,25,3,5,0,0
OTT-000759,Male,18,Standard,15.49,58,30.2,22,4,5,0,0
OTT-000760,Female,57,Standard,15.49,32,69.3,40,4,4,0,0
OTT-000761,Female,30,Standard,15.49,24,62.4,13,1,4,2,0
OTT-000762,Male,67,Basic,9.99,25,27.9,13,3,2,0,0
OTT-000763,Female,52,Premium,22.99,5,42.9,13,5,5,0,0
OTT-000764,Female,48,Premium,22.99,56,42.4,2,1,3,0,0
OTT-000765,Male,49,Basic,9.99,46,56.7,6,3,5,0,0
OTT-000766,Female,68,Basic,9.99,22,20.2,1,5,5,0,0
OTT-000767,Male,60,Basic,9.99,22,27.3,12,5,3,1,0
OTT-000768,Male,69,Basic,9.99,3,28.1,11,2,5,0,0
OTT-000769,Female,50,Basic,9.99,7,13.0,3,3,5,0,1
OTT-000770,Male,53,Standard,15.49,51,11.5,1,5,5,0,0
OTT-000771,Female,56,Premium,22.99,46,78.4,7,2,5,0,0
OTT-000772,Female,56,Standard,15.49,16,1.0,3,2,5,1,0
OTT-000773,Female,64,Premium,22.99,43,48.7,3,3,1,1,0
OTT-000774,Male,69,Basic,9.99,29,48.0,5,1,4,0,0
OTT-000775,Female,25,Basic,9.99,16,96.8,22,1,2,0,0
OTT-000776,Male,61,Basic,9.99,20,63.5,3,1,2,1,0
OTT-000777,Female,54,Basic,9.99,1,29.5,26,2,5,0,1
OTT-000778,Male,56,Standard,15.49,16,54.7,2,1,1,0,0
OTT-000779,Male,52,Premium,22.99,16,36.0,13,4,4,0,0
OTT-000780,Female,62,Standard,15.49,8,64.9,8,1,2,2,0
OTT-000781,Male,58,Standard,15.49,33,46.3,0,5,2,0,0
OTT-000782,Male,47,Premium,22.99,13,5.0,2,5,2,2,0
OTT-000783,Male,32,Basic,9.99,22,4.7,0,2,4,0,0
OTT-000784,Male,43,Premium,22.99,18,49.5,2,4,4,0,0
OTT-000785,Female,21,Basic,9.99,6,16.8,5,2,1,0,0
OTT-000786,Female,49,Basic,9.99,24,22.2,9,1,5,2,0
OTT-000787,Male,49,Premium,22.99,46,29.7,5,5,5,1,0
OTT-000788,Female,35,Standard,15.49,3,47.9,5,5,5,0,0
OTT-000789,Male,41,Basic,9.99,58,54.7,1,3,5,1,0
OTT-000790,Female,55,Premium,22.99,34,50.0,6,5,1,1,0
OTT-000791,Male,29,Standard,15.49,24,41.7,21,2,5,1,0
OTT-000792,Male,65,Basic,9.99,43,50.6,3,5,1,0,0
OTT-000793,Female,64,Basic,9.99,37,33.0,0,2,5,2,0
OTT-000794,Male,53,Basic,9.99,14,63.6,1,3,2,0,0
OTT-000795,Male,54,Premium,22.99,56,48.4,12,5,5,0,0
OTT-000796,Male,23,Basic,9.99,51,48.3,3,5,2,2,0
OTT-000797,Female,20,Basic,9.99,48,55.2,0,5,4,0,0
OTT-000798,Female,47,Premium,22.99,4,35.3,20,5,4,1,0
OTT-000799,Male,44,Premium,22.99,36,43.2,4,2,1,0,0
OTT-000800,Male,65,Basic,9.99,24,38.1,25,4,4,1,1
OTT-000801,Female,58,Standard,15.49,34,76.2,45,1,4,0,0
OTT-000802,Male,31,Basic,9.99,26,29.1,3,4,5,2,0
OTT-000803,Female,57,Standard,15.49,32,1.0,40,3,3,1,1
OTT-000804,Female,34,Standard,15.49,27,13.6,43,4,4,1,1
OTT-000805,Male,66,Basic,9.99,23,41.7,23,3,4,1,0
OTT-000806,Female,51,Premium,22.99,33,32.6,1,4,1,1,0
OTT-000807,Female,32,Premium,22.99,24,67.1,4,4,4,0,0
OTT-000808,Female,69,Standard,15.49,14,31.0,15,4,3,0,0
OTT-000809,Male,23,Basic,9.99,58,37.6,11,2,4,2,0
OTT-000810,Male,38,Basic,9.99,8,54.9,10,2,2,0,0
OTT-000811,Male,67,Standard,15.49,52,19.5,4,4,3,0,0
OTT-000812,Male,21,Standard,15.49,22,1.0,19,3,2,1,1
OTT-000813,Male,64,Standard,15.49,17,114.8,0,1,1,0,0
OTT-000814,Female,32,Standard,15.49,7,1.0,10,3,3,1,1
OTT-000815,Male,69,Standard,15.49,50,91.4,6,3,1,1,0
OTT-000816,Male,54,Basic,9.99,11,51.5,22,3,1,0,0
OTT-000817,Female,69,Standard,15.49,40,57.2,1,2,3,1,0
OTT-000818,Male,63,Premium,22.99,24,28.1,5,2,4,0,0
OTT-000819,Male,20,Basic,9.99,26,58.9,10,2,3,0,0
OTT-000820,Female,31,Standard,15.49,46,20.8,0,1,5,0,0
OTT-000821,Male,64,Standard,15.49,27,46.6,3,4,2,0,0
OTT-000822,Female,56,Premium,22.99,1,77.1,2,1,2,1,0
OTT-000823,Female,35,Basic,9.99,48,12.6,2,4,3,0,0
OTT-000824,Male,52,Standard,15.49,39,95.1,0,3,5,0,0
OTT-000825,Male,19,Basic,9.99,46,59.1,14,2,3,0,0
OTT-000826,Male,21,Standard,15.49,29,21.7,15,1,2,0,1
OTT-000827,Female,28,Standard,15.49,53,40.2,9,2,3,2,0
OTT-000828,Male,64,Premium,22.99,15,94.1,31,3,3,1,0
OTT-000829,Female,69,Standard,15.49,59,40.8,25,2,5,0,0
OTT-000830,Female,20,Standard,15.49,45,29.8,17,2,5,0,0
OTT-000831,Male,23,Basic,9.99,44,78.7,12,5,2,0,0
OTT-000832,Male,20,Basic,9.99,50,64.8,6,5,4,0,0
OTT-000833,Male,62,Standard,15.49,16,39.4,4,3,3,1,0
OTT-000834,Male,24,Basic,9.99,20,1.0,51,2,5,2,1
OTT-000835,Female,33,Standard,15.49,37,40.8,16,3,4,1,0
OTT-000836,Female,21,Basic,9.99,9,45.6,7,4,2,0,0
OTT-000837,Male,31,Premium,22.99,49,73.7,1,2,5,2,0
OTT-000838,Female,27,Standard,15.49,46,68.1,13,4,4,0,0
OTT-000839,Male,36,Standard,15.49,25,15.6,1,3,1,1,0
OTT-000840,Female,34,Basic,9.99,13,34.2,9,1,3,0,0
OTT-000841,Male,43,Standard,15.49,4,56.4,29,2,4,1,0
OTT-000842,Female,65,Standard,15.49,49,32.0,8,4,1,2,0
OTT-000843,Female,41,Standard,15.49,30,69.7,8,2,3,0,0
OTT-000844,Male,68,Basic,9.99,34,61.1,1,2,5,1,0
OTT-000845,Male,69,Standard,15.49,18,32.6,36,5,4,0,0
OTT-000846,Male,57,Premium,22.99,37,23.8,12,5,1,1,0
OTT-000847,Male,31,Standard,15.49,56,73.7,24,1,5,0,0
OTT-000848,Female,23,Standard,15.49,33,86.4,17,2,2,0,0
OTT-000849,Female,60,Basic,9.99,11,24.9,2,2,4,0,0
OTT-000850,Male,57,Standard,15.49,18,76.4,9,4,1,0,0
OTT-000851,Male,32,Basic,9.99,57,31.6,1,4,5,0,0
OTT-000852,Male,23,Premium,22.99,10,84.1,0,1,2,1,0
OTT-000853,Female,45,Basic,9.99,18,99.1,15,1,2,2,0
OTT-000854,Male,35,Basic,9.99,17,47.1,11,5,4,0,0
OTT-000855,Male,28,Basic,9.99,57,49.6,3,1,1,2,0
OTT-000856,Female,64,Standard,15.49,14,28.9,8,2,1,0,0
OTT-000857,Male,42,Standard,15.49,28,30.9,5,3,3,0,0
OTT-000858,Female,46,Premium,22.99,34,43.9,3,3,2,1,0
OTT-000859,Male,64,Basic,9.99,41,49.2,1,2,3,1,0
OTT-000860,Female,49,Basic,9.99,41,41.1,1,4,1,1,0
OTT-000861,Male,37,Standard,15.49,44,4.9,21,1,2,0,0
OTT-000862,Male,44,Basic,9.99,28,72.1,2,1,1,3,0
OTT-000863,Male,68,Standard,15.49,30,76.7,2,3,5,1,0
OTT-000864,Female,49,Basic,9.99,57,15.5,29,4,1,0,0
OTT-000865,Male,62,Premium,22.99,16,11.9,13,2,5,1,1
OTT-000866,Male,26,Basic,9.99,22,1.7,19,3,1,0,1
OTT-000867,Male,26,Standard,15.49,8,51.7,67,4,2,1,1
OTT-000868,Male,30,Basic,9.99,8,30.9,9,4,5,0,0
OTT-000869,Male,53,Standard,15.49,57,38.2,22,2,2,3,1
OTT-000870,Male,28,Standard,15.49,44,104.1,5,5,4,0,0
OTT-000871,Female,39,Premium,22.99,3,1.0,7,2,2,1,1
OTT-000872,Male,20,Standard,15.49,14,16.9,14,5,1,0,0
OTT-000873,Female,18,Basic,9.99,20,12.7,2,1,2,1,1
OTT-000874,Male,59,Basic,9.99,30,80.9,17,3,4,0,0
OTT-000875,Male,61,Premium,22.99,12,57.8,0,5,2,1,0
OTT-000876,Male,52,Standard,15.49,55,36.6,18,3,2,0,0
OTT-000877,Male,27,Standard,15.49,16,36.9,33,2,3,0,1
OTT-000878,Male,69,Standard,15.49,56,59.3,5,1,1,0,0
OTT-000879,Male,26,Standard,15.49,37,36.0,6,4,3,0,0
OTT-000880,Female,52,Standard,15.49,52,41.6,13,2,2,0,0
OTT-000881,Female,26,Premium,22.99,18,26.3,9,4,4,0,0
OTT-000882,Female,23,Standard,15.49,48,22.8,0,3,4,2,0
OTT-000883,Female,19,Basic,9.99,28,84.7,3,1,1,0,0
OTT-000884,Female,41,Standard,15.49,19,55.4,3,5,1,2,0
OTT-000885,Male,63,Basic,9.99,16,32.1,49,1,3,0,1
OTT-000886,Male,27,Premium,22.99,39,53.4,3,3,2,1,0
OTT-000887,Male,51,Standard,15.49,57,34.9,1,2,2,0,0
OTT-000888,Female,37,Basic,9.99,58,61.7,0,4,4,2,0
OTT-000889,Female,67,Standard,15.49,18,56.4,11,1,2,0,0
OTT-000890,Female,65,Standard,15.49,5,74.1,11,4,1,0,0
OTT-000891,Male,22,Standard,15.49,27,27.9,19,2,2,0,0
OTT-000892,Female,28,Standard,15.49,52,49.7,19,4,1,2,0
OTT-000893,Female,48,Standard,15.49,27,70.6,0,4,5,0,0
OTT-000894,Male,56,Premium,22.99,7,1.0,3,1,1,2,0
OTT-000895,Female,35,Basic,9.99,59,45.1,14,5,1,1,0
OTT-000896,Male,39,Standard,15.49,22,96.4,13,2,4,0,0
OTT-000897,Female,52,Standard,15.49,17,35.8,4,3,1,1,0
OTT-000898,Female,53,Basic,9.99,20,28.6,19,1,2,0,1
OTT-000899,Male,55,Basic,9.99,21,37.0,21,5,4,3,1
OTT-000900,Male,28,Standard,15.49,8,1.4,6,1,1,0,1
OTT-000901,Male,33,Premium,22.99,37,58.6,14,4,3,0,0
OTT-000902,Male,24,Premium,22.99,45,44.6,2,2,5,2,0
OTT-000903,Male,25,Premium,22.99,38,59.9,19,2,3,2,0
OTT-000904,Female,52,Standard,15.49,50,59.1,0,4,3,2,0
OTT-000905,Male,36,Premium,22.99,6,28.6,5,5,5,1,0
OTT-000906,Female,41,Basic,9.99,20,23.5,2,1,4,0,0
OTT-000907,Male,20,Basic,9.99,23,40.3,9,1,4,0,0
OTT-000908,Female,34,Standard,15.49,12,95.4,4,2,3,0,0
OTT-000909,Female,20,Standard,15.49,50,26.7,0,4,3,0,0
OTT-000910,Female,41,Basic,9.99,48,37.3,13,4,4,0,0
OTT-000911,Male,44,Standard,15.49,25,27.2,21,3,3,2,0
OTT-000912,Female,48,Premium,22.99,31,38.3,2,4,2,1,0
OTT-000913,Female,23,Basic,9.99,15,34.4,2,5,5,1,0
OTT-000914,Male,55,Basic,9.99,20,19.6,14,4,2,0,0
OTT-000915,Male,30,Basic,9.99,37,24.6,4,1,4,2,1
OTT-000916,Female,33,Basic,9.99,19,31.6,24,3,3,2,1
OTT-000917,Female,49,Premium,22.99,56,38.3,9,3,3,0,0
OTT-000918,Female,19,Standard,15.49,12,48.9,4,1,5,1,0
OTT-000919,Female,23,Premium,22.99,18,61.0,39,3,4,1,0
OTT-000920,Male,65,Standard,15.49,43,11.0,8,4,5,0,0
OTT-000921,Male,31,Standard,15.49,47,45.0,24,1,5,0,0
OTT-000922,Female,57,Basic,9.99,24,37.3,10,2,2,0,0
OTT-000923,Male,44,Basic,9.99,39,34.6,7,4,2,0,0
OTT-000924,Female,27,Basic,9.99,14,1.0,1,1,5,0,0
OTT-000925,Female,62,Basic,9.99,49,4.8,1,2,1,0,0
OTT-000926,Male,61,Standard,15.49,20,60.9,8,5,1,0,0
OTT-000927,Male,55,Basic,9.99,38,70.0,2,3,4,1,0
OTT-000928,Male,63,Premium,22.99,55,64.4,5,4,1,1,0
OTT-000929,Male,44,Basic,9.99,12,54.9,15,1,1,0,0
OTT-000930,Female,45,Premium,22.99,28,8.9,25,5,5,1,0
OTT-000931,Female,24,Standard,15.49,12,86.1,9,3,1,0,0
OTT-000932,Male,28,Premium,22.99,26,9.0,0,5,2,3,0
OTT-000933,Male,29,Standard,15.49,26,25.4,0,5,5,0,0
OTT-000934,Male,68,Basic,9.99,7,53.5,38,5,1,0,1
OTT-000935,Female,36,Standard,15.49,19,49.3,1,2,4,1,0
OTT-000936,Male,37,Premium,22.99,46,74.6,5,4,1,2,0
OTT-000937,Male,69,Standard,15.49,50,45.0,32,1,1,0,0
OTT-000938,Female,19,Premium,22.99,54,48.7,4,5,5,0,0
OTT-000939,Male,53,Basic,9.99,11,31.2,8,4,4,0,0
OTT-000940,Male,50,Standard,15.49,42,54.0,3,2,1,0,0
OTT-000941,Female,18,Basic,9.99,17,43.8,11,3,5,0,0
OTT-000942,Female,26,Premium,22.99,51,85.1,40,2,4,0,0
OTT-000943,Male,64,Standard,15.49,12,1.0,7,2,4,0,0
OTT-000944,Female,36,Basic,9.99,19,48.1,4,3,1,1,0
OTT-000945,Male,56,Basic,9.99,5,28.8,0,3,3,0,0
OTT-000946,Male,57,Premium,22.99,52,19.3,0,2,5,2,0
OTT-000947,Female,29,Premium,22.99,13,76.8,1,5,5,1,0
OTT-000948,Male,38,Basic,9.99,55,88.3,4,5,1,1,0
OTT-000949,Female,41,Premium,22.99,36,29.4,16,4,3,1,0
OTT-000950,Female,53,Standard,15.49,6,57.5,6,5,3,0,0
OTT-000951,Male,41,Basic,9.99,11,31.5,29,1,5,0,0
OTT-000952,Female,57,Standard,15.49,51,110.9,11,3,2,1,0
OTT-000953,Female,68,Standard,15.49,4,47.9,19,2,2,0,0
OTT-000954,Female,58,Standard,15.49,12,57.5,25,5,4,1,0
OTT-000955,Male,54,Standard,15.49,43,34.0,3,3,2,0,0
OTT-000956,Male,61,Basic,9.99,12,37.6,4,2,4,0,0
OTT-000957,Female,47,Standard,15.49,32,5.2,10,5,4,0,0
OTT-000958,Male,66,Basic,9.99,24,22.0,13,4,3,1,0
OTT-000959,Female,67,Standard,15.49,49,31.2,12,4,4,0,0
OTT-000960,Female,33,Basic,9.99,59,31.9,17,5,1,1,0
OTT-000961,Female,56,Basic,9.99,53,23.7,39,1,4,1,1
OTT-000962,Female,62,Basic,9.99,45,59.2,7,3,1,0,0
OTT-000963,Male,54,Basic,9.99,11,8.1,2,1,4,0,0
OTT-000964,Male,61,Basic,9.99,7,22.6,2,5,5,3,1
OTT-000965,Male,48,Standard,15.49,31,83.9,5,5,1,1,0
OTT-000966,Female,27,Standard,15.49,46,54.6,7,4,5,1,0
OTT-000967,Male,53,Standard,15.49,47,40.2,14,2,1,0,0
OTT-000968,Female,60,Standard,15.49,32,84.8,0,4,1,0,0
OTT-000969,Male,46,Basic,9.99,1,25.7,31,2,2,0,0
OTT-000970,Female,31,Standard,15.49,5,57.7,21,2,3,1,0
OTT-000971,Female,36,Standard,15.49,39,80.7,3,1,2,1,0
OTT-000972,Male,38,Basic,9.99,22,79.4,21,4,3,0,0
OTT-000973,Male,49,Premium,22.99,57,68.5,24,1,2,1,0
OTT-000974,Male,21,Basic,9.99,30,27.2,6,2,4,0,0
OTT-000975,Female,20,Standard,15.49,9,67.9,23,1,4,0,0
OTT-000976,Female,61,Basic,9.99,2,81.8,21,2,3,0,0
OTT-000977,Male,49,Standard,15.49,33,51.9,5,3,4,3,0
OTT-000978,Male,61,Premium,22.99,7,24.1,6,1,4,0,0
OTT-000979,Female,45,Basic,9.99,34,72.2,34,1,4,1,0
OTT-000980,Male,59,Premium,22.99,3,14.7,0,3,1,0,0
OTT-000981,Female,24,Basic,9.99,47,36.8,14,5,5,1,0
OTT-000982,Male,30,Basic,9.99,49,35.7,15,3,3,1,0
OTT-000983,Male,67,Standard,15.49,9,64.2,23,2,4,1,0
OTT-000984,Male,33,Premium,22.99,31,31.4,10,4,1,1,0
OTT-000985,Female,53,Basic,9.99,35,31.7,0,1,3,1,0
OTT-000986,Female,69,Basic,9.99,2,1.0,5,3,4,2,1
OTT-000987,Female,69,Standard,15.49,25,48.6,10,4,4,1,0
OTT-000988,Male,39,Basic,9.99,19,71.4,5,1,1,0,0
OTT-000989,Male,44,Basic,9.99,48,11.0,2,1,2,0,0
OTT-000990,Female,50,Standard,15.49,23,44.0,6,5,2,1,0
OTT-000991,Female,37,Premium,22.99,50,68.8,8,5,2,0,0
OTT-000992,Female,43,Basic,9.99,45,53.8,2,4,3,1,0
OTT-000993,Male,38,Basic,9.99,38,27.1,7,4,3,2,0
OTT-000994,Female,46,Basic,9.99,50,42.9,18,4,3,1,0
OTT-000995,Male,57,Standard,15.49,52,58.4,7,1,4,1,0
OTT-000996,Male,35,Basic,9.99,12,32.2,12,2,3,2,1
OTT-000997,Male,20,Standard,15.49,24,37.7,15,1,4,0,0
OTT-000998,Female,24,Basic,9.99,36,114.6,2,5,1,2,0
OTT-000999,Female,24,Standard,15.49,22,54.0,33,1,4,1,0
OTT-001000,Male,28,Premium,22.99,3,80.7,22,4,2,2,0
OTT-001001,Female,30,Standard,15.49,8,25.3,0,4,4,1,0
OTT-001002,Male,57,Standard,15.49,45,14.5,9,4,3,1,0
OTT-001003,Male,38,Premium,22.99,6,44.4,9,5,1,1,0
OTT-001004,Female,56,Premium,22.99,54,45.8,51,5,4,1,0
OTT-001005,Female,40,Premium,22.99,31,54.9,14,2,4,0,0
OTT-001006,Female,22,Premium,22.99,34,46.5,26,5,4,2,0
OTT-001007,Male,56,Basic,9.99,20,63.1,16,5,1,0,0
OTT-001008,Male,63,Basic,9.99,18,45.3,6,5,1,0,0
OTT-001009,Male,28,Premium,22.99,4,15.3,3,3,3,1,0
OTT-001010,Female,63,Standard,15.49,1,49.7,27,1,2,0,0
OTT-001011,Female,44,Premium,22.99,50,17.8,10,4,4,2,0
OTT-001012,Male,31,Standard,15.49,51,67.4,4,1,4,0,0
OTT-001013,Male,55,Basic,9.99,8,57.9,7,4,3,1,0
OTT-001014,Female,47,Basic,9.99,5,75.6,54,2,2,1,1
OTT-001015,Female,42,Basic,9.99,53,13.4,4,3,4,0,0
OTT-001016,Male,23,Standard,15.49,33,107.8,45,5,5,1,0
OTT-001017,Male,28,Basic,9.99,59,14.2,34,5,2,2,1
OTT-001018,Female,28,Standard,15.49,13,46.9,18,2,4,1,1
OTT-001019,Female,26,Premium,22.99,11,41.3,7,2,3,0,0
OTT-001020,Female,67,Standard,15.49,11,5.4,4,4,1,1,1
OTT-001021,Male,67,Basic,9.99,28,30.0,5,5,2,0,0
OTT-001022,Female,45,Standard,15.49,16,44.3,1,5,5,0,0
OTT-001023,Female,21,Standard,15.49,29,41.0,15,3,2,0,0
OTT-001024,Female,18,Premium,22.99,45,33.4,8,2,5,1,0
OTT-001025,Female,21,Standard,15.49,25,30.9,15,1,2,1,0
OTT-001026,Male,58,Premium,22.99,50,1.0,0,5,1,0,0
OTT-001027,Male,30,Basic,9.99,52,20.1,14,2,2,2,1
OTT-001028,Male,59,Basic,9.99,13,12.2,3,1,5,2,0
OTT-001029,Female,48,Basic,9.99,54,53.6,3,1,5,1,0
OTT-001030,Male,66,Premium,22.99,58,39.7,10,3,4,1,0
OTT-001031,Male,19,Basic,9.99,39,58.3,23,1,5,1,0
OTT-001032,Female,37,Premium,22.99,21,53.9,5,3,3,2,0
OTT-001033,Female,63,Basic,9.99,2,11.5,7,5,2,0,0
OTT-001034,Male,53,Premium,22.99,11,40.8,9,4,4,0,0
OTT-001035,Male,57,Premium,22.99,18,1.0,9,4,4,1,0
OTT-001036,Male,35,Basic,9.99,48,53.7,7,5,4,1,0
OTT-001037,Male,19,Standard,15.49,44,42.2,4,3,5,2,0
OTT-001038,Female,42,Basic,9.99,45,20.1,64,4,1,1,1
OTT-001039,Male,55,Standard,15.49,8,71.2,1,2,2,1,0
OTT-001040,Male,23,Basic,9.99,15,33.1,16,4,1,1,0
OTT-001041,Female,60,Basic,9.99,30,73.1,3,3,2,0,0
OTT-001042,Male,42,Standard,15.49,24,27.4,53,5,1,1,1
OTT-001043,Female,61,Basic,9.99,18,53.9,7,4,5,1,0
OTT-001044,Male,64,Basic,9.99,39,1.0,0,1,3,0,0
OTT-001045,Male,24,Basic,9.99,38,89.2,2,4,2,2,0
OTT-001046,Female,38,Basic,9.99,8,58.4,4,5,2,0,0
OTT-001047,Female,45,Premium,22.99,28,23.2,0,4,2,0,0
OTT-001048,Male,48,Premium,22.99,25,48.4,0,4,3,0,0
OTT-001049,Female,39,Premium,22.99,39,52.4,12,4,1,1,0
OTT-001050,Male,28,Basic,9.99,53,75.0,3,4,3,1,0
OTT-001051,Male,62,Standard,15.49,16,44.4,12,4,1,0,0
OTT-001052,Female,51,Basic,9.99,22,34.5,18,5,4,0,0
OTT-001053,Male,35,Standard,15.49,31,4.4,12,1,2,1,0
OTT-001054,Male,52,Standard,15.49,53,48.5,38,2,3,1,0
OTT-001055,Male,42,Basic,9.99,45,14.9,7,2,4,0,0
OTT-001056,Male,49,Standard,15.49,14,95.5,31,2,4,0,0
OTT-001057,Female,61,Premium,22.99,17,40.7,10,5,3,2,1
OTT-001058,Female,43,Basic,9.99,26,12.6,4,4,1,1,1
OTT-001059,Male,36,Premium,22.99,17,84.1,2,2,3,0,0
OTT-001060,Male,38,Basic,9.99,16,23.1,8,5,4,0,0
OTT-001061,Female,40,Basic,9.99,23,56.0,70,3,4,1,1
OTT-001062,Male,54,Basic,9.99,23,51.1,0,1,4,0,0
OTT-001063,Female,50,Standard,15.49,53,77.2,2,3,3,2,0
OTT-001064,Male,57,Basic,9.99,59,69.9,9,2,4,0,0
OTT-001065,Male,39,Basic,9.99,56,89.7,53,4,1,2,1
OTT-001066,Female,61,Standard,15.49,56,48.6,12,4,1,3,0
OTT-001067,Female,51,Standard,15.49,19,38.1,39,2,3,2,1
OTT-001068,Female,67,Basic,9.99,31,64.4,5,2,4,0,0
OTT-001069,Female,57,Standard,15.49,16,83.3,22,1,3,1,0
OTT-001070,Male,26,Basic,9.99,25,56.3,4,2,4,1,0
OTT-001071,Male,63,Basic,9.99,2,59.0,21,1,4,1,0
OTT-001072,Female,63,Basic,9.99,6,47.8,9,1,5,0,0
OTT-001073,Female,51,Standard,15.49,25,56.0,30,3,1,1,1
OTT-001074,Female,24,Premium,22.99,6,107.5,3,2,5,2,0
OTT-001075,Female,41,Standard,15.49,17,48.6,7,1,3,1,0
OTT-001076,Male,18,Basic,9.99,1,45.2,1,2,4,2,0
OTT-001077,Male,26,Standard,15.49,44,59.1,11,2,4,0,0
OTT-001078,Male,25,Standard,15.49,22,43.2,13,4,1,0,0
OTT-001079,Male,22,Standard,15.49,22,70.9,18,5,4,1,0
OTT-001080,Female,26,Standard,15.49,18,51.8,5,3,5,0,0
OTT-001081,Female,41,Basic,9.99,35,13.0,10,4,4,0,0
OTT-001082,Male,40,Basic,9.99,54,78.2,3,2,3,0,0
OTT-001083,Female,58,Premium,22.99,4,94.9,12,1,1,0,0
OTT-001084,Female,19,Basic,9.99,34,2.4,29,1,5,0,1
OTT-001085,Male,23,Premium,22.99,1,44.9,15,4,3,0,0
OTT-001086,Male,28,Premium,22.99,43,33.3,2,2,1,0,0
OTT-001087,Female,36,Basic,9.99,4,63.0,31,1,2,2,0
OTT-001088,Female,49,Premium,22.99,32,45.0,19,2,1,1,0
OTT-001089,Female,55,Standard,15.49,53,1.0,1,3,1,0,0
OTT-001090,Male,20,Basic,9.99,26,16.3,14,2,2,1,1
OTT-001091,Female,47,Standard,15.49,53,65.5,7,3,5,1,0
OTT-001092,Male,30,Basic,9.99,8,63.1,3,4,4,2,0
OTT-001093,Female,54,Standard,15.49,37,26.1,1,5,2,3,0
OTT-001094,Male,39,Standard,15.49,24,14.1,2,1,4,0,0
OTT-001095,Female,28,Standard,15.49,55,13.7,26,3,1,0,0
OTT-001096,Male,47,Basic,9.99,37,30.3,1,3,4,0,0
OTT-001097,Male,24,Basic,9.99,28,33.7,4,4,1,0,0
OTT-001098,Male,39,Basic,9.99,35,57.9,19,5,4,1,0
OTT-001099,Female,60,Basic,9.99,16,40.5,1,1,1,0,0
OTT-001100,Female,60,Premium,22.99,58,27.3,9,5,2,2,1
OTT-001101,Female,39,Standard,15.49,11,54.7,0,5,2,0,0
OTT-001102,Male,63,Standard,15.49,27,51.7,5,5,2,1,0
OTT-001103,Female,63,Basic,9.99,50,43.4,1,4,4,0,0
OTT-001104,Male,38,Premium,22.99,46,36.6,2,5,4,1,0
OTT-001105,Male,51,Basic,9.99,26,40.4,0,3,5,0,0
OTT-001106,Male,27,Basic,9.99,58,1.0,6,2,5,0,0
OTT-001107,Female,37,Standard,15.49,26,17.6,8,1,2,0,1
OTT-001108,Male,39,Basic,9.99,7,1.0,22,5,2,0,1
OTT-001109,Male,20,Basic,9.99,26,75.6,34,5,1,0,0
OTT-001110,Female,41,Basic,9.99,38,14.4,18,4,2,2,1
OTT-001111,Female,54,Premium,22.99,38,12.5,6,1,4,1,0
OTT-001112,Female,41,Basic,9.99,44,37.8,19,3,2,0,0
OTT-001113,Female,63,Premium,22.99,18,33.6,1,4,4,1,0
OTT-001114,Female,36,Standard,15.49,9,44.1,8,4,5,0,0
OTT-001115,Female,21,Basic,9.99,27,50.2,7,4,2,0,0
OTT-001116,Female,30,Standard,15.49,9,83.0,11,1,4,0,0
OTT-001117,Male,23,Standard,15.49,42,45.4,7,5,2,2,0
OTT-001118,Male,31,Premium,22.99,20,93.8,5,3,4,0,0
OTT-001119,Female,68,Basic,9.99,46,46.3,5,3,3,0,0
OTT-001120,Female,55,Premium,22.99,37,1.0,6,4,4,2,0
OTT-001121,Female,42,Premium,22.99,57,1.8,2,1,2,0,0
OTT-001122,Female,51,Basic,9.99,59,39.2,10,1,4,1,0
OTT-001123,Female,68,Premium,22.99,7,1.0,12,5,5,0,0
OTT-001124,Female,20,Basic,9.99,35,53.6,1,2,3,0,0
OTT-001125,Male,32,Standard,15.49,46,87.6,43,1,4,2,0
OTT-001126,Female,63,Standard,15.49,19,81.3,32,3,4,0,0
OTT-001127,Male,43,Basic,9.99,38,48.9,23,3,5,1,0
OTT-001128,Male,30,Standard,15.49,10,52.2,16,3,1,0,0
OTT-001129,Female,59,Basic,9.99,17,23.0,5,3,5,1,0
OTT-001130,Male,48,Premium,22.99,20,58.9,1,3,1,0,0
OTT-001131,Female,38,Basic,9.99,20,40.0,31,3,4,0,0
OTT-001132,Male,36,Standard,15.49,42,70.5,2,4,3,1,0
OTT-001133,Male,20,Premium,22.99,42,55.0,10,5,2,0,0
OTT-001134,Male,31,Standard,15.49,11,65.4,9,5,2,1,0
OTT-001135,Female,42,Basic,9.99,25,51.9,31,1,2,0,0
OTT-001136,Female,19,Basic,9.99,15,91.6,0,3,1,0,0
OTT-001137,Female,32,Basic,9.99,22,13.5,36,4,4,0,0
OTT-001138,Female,51,Premium,22.99,50,78.6,13,3,5,0,0
OTT-001139,Female,49,Standard,15.49,13,30.8,22,4,3,0,0
OTT-001140,Male,62,Basic,9.99,24,75.7,3,5,3,0,0
OTT-001141,Female,50,Standard,15.49,56,95.0,57,3,5,0,0
OTT-001142,Female,42,Basic,9.99,17,46.1,14,1,2,0,0
OTT-001143,Female,23,Standard,15.49,48,17.6,0,4,5,0,0
OTT-001144,Female,30,Premium,22.99,29,1.0,1,4,4,0,0
OTT-001145,Female,68,Standard,15.49,21,54.4,6,3,1,0,0
OTT-001146,Female,35,Standard,15.49,22,36.5,10,4,1,1,0
OTT-001147,Male,58,Basic,9.99,18,18.4,6,5,5,2,0
OTT-001148,Female,43,Standard,15.49,24,11.7,3,1,1,0,0
OTT-001149,Male,64,Basic,9.99,56,24.6,12,3,1,0,0
OTT-001150,Male,20,Basic,9.99,27,64.2,3,3,4,0,0
OTT-001151,Female,67,Basic,9.99,50,66.0,15,4,3,0,0
OTT-001152,Male,19,Premium,22.99,3,45.7,8,2,1,1,0
OTT-001153,Female,37,Standard,15.49,1,41.1,67,5,3,1,1
OTT-001154,Male,25,Standard,15.49,52,81.0,4,4,1,2,0
OTT-001155,Male,60,Premium,22.99,15,58.6,41,1,3,0,0
OTT-001156,Male,27,Premium,22.99,10,26.8,2,3,3,0,0
OTT-001157,Female,29,Basic,9.99,29,34.6,16,2,4,2,1
OTT-001158,Male,67,Standard,15.49,35,21.8,10,1,1,0,0
OTT-001159,Male,44,Premium,22.99,33,1.0,12,4,2,1,0
OTT-001160,Female,49,Basic,9.99,6,59.8,22,4,2,1,0
OTT-001161,Female,63,Standard,15.49,36,36.7,4,1,2,0,0
OTT-001162,Female,25,Standard,15.49,37,20.7,3,4,2,0,0
OTT-001163,Male,60,Standard,15.49,29,20.8,6,1,2,1,0
OTT-001164,Female,23,Basic,9.99,13,37.9,4,3,1,0,0
OTT-001165,Female,22,Standard,15.49,32,42.5,9,2,5,2,0
OTT-001166,Female,55,Standard,15.49,21,71.1,1,2,4,0,0
OTT-001167,Female,35,Standard,15.49,37,36.8,2,1,4,1,0
OTT-001168,Male,63,Basic,9.99,8,68.9,2,2,1,1,0
OTT-001169,Female,40,Premium,22.99,35,36.8,8,3,3,1,0
OTT-001170,Male,19,Premium,22.99,42,19.2,18,3,5,0,0
OTT-001171,Male,60,Standard,15.49,2,1.0,0,1,1,1,1
OTT-001172,Male,48,Standard,15.49,5,16.2,31,4,2,1,1
OTT-001173,Male,47,Standard,15.49,40,26.1,14,3,1,0,0
OTT-001174,Male,28,Standard,15.49,32,71.9,5,3,1,1,0
OTT-001175,Female,39,Standard,15.49,40,67.5,3,2,1,0,0
OTT-001176,Male,19,Basic,9.99,35,49.1,4,5,2,0,0
OTT-001177,Male,50,Basic,9.99,5,32.1,12,3,4,1,0
OTT-001178,Male,21,Basic,9.99,5,49.0,22,5,5,0,0
OTT-001179,Male,30,Standard,15.49,30,1.0,30,5,3,1,1
OTT-001180,Male,69,Basic,9.99,15,43.2,1,3,3,0,0
OTT-001181,Female,44,Basic,9.99,12,62.3,27,3,5,2,0
OTT-001182,Male,58,Standard,15.49,12,33.7,14,3,3,1,0
OTT-001183,Female,64,Standard,15.49,22,54.4,27,3,4,0,0
OTT-001184,Male,66,Premium,22.99,39,48.5,17,2,2,2,0
OTT-001185,Male,66,Standard,15.49,28,28.8,0,5,4,2,0
OTT-001186,Female,56,Standard,15.49,46,36.5,6,3,1,0,0
OTT-001187,Male,42,Standard,15.49,30,27.1,11,1,2,0,1
OTT-001188,Male,51,Premium,22.99,43,42.1,2,4,2,1,0
OTT-001189,Female,24,Basic,9.99,34,27.5,11,5,3,0,0
OTT-001190,Male,64,Basic,9.99,1,60.3,9,3,1,0,0
OTT-001191,Female,31,Basic,9.99,13,51.2,1,3,4,0,0
OTT-001192,Female,26,Standard,15.49,21,74.5,5,3,3,0,0
OTT-001193,Male,53,Standard,15.49,44,66.0,31,5,3,1,0
OTT-001194,Female,67,Basic,9.99,45,79.3,15,5,2,0,0
OTT-001195,Female,59,Basic,9.99,50,35.2,22,3,1,0,0
OTT-001196,Female,22,Premium,22.99,8,62.7,14,3,2,2,0
OTT-001197,Male,65,Basic,9.99,50,1.0,36,3,3,1,1
OTT-001198,Male,26,Standard,15.49,40,76.0,14,3,1,1,0
OTT-001199,Male,56,Basic,9.99,44,40.6,16,3,5,1,0
OTT-001200,Male,32,Premium,22.99,50,53.5,2,1,2,2,0
OTT-001201,Male,18,Basic,9.99,21,68.7,5,1,5,0,0
OTT-001202,Male,68,Standard,15.49,24,64.6,8,2,3,0,0
OTT-001203,Female,23,Basic,9.99,47,49.1,18,2,5,0,0
OTT-001204,Female,34,Basic,9.99,58,25.4,13,4,3,0,0
OTT-001205,Male,19,Standard,15.49,58,52.6,8,5,4,0,0
OTT-001206,Male,65,Standard,15.49,20,13.7,5,3,1,0,0
OTT-001207,Male,35,Standard,15.49,56,15.6,29,4,2,1,1
OTT-001208,Female,46,Basic,9.99,3,48.1,5,4,3,1,0
OTT-001209,Male,20,Standard,15.49,24,32.6,10,4,2,0,0
OTT-001210,Male,39,Standard,15.49,32,50.1,7,4,4,1,0
OTT-001211,Male,25,Premium,22.99,49,3.3,2,5,4,1,0
OTT-001212,Male,45,Premium,22.99,41,59.1,9,3,4,0,0
OTT-001213,Female,67,Basic,9.99,26,67.7,1,5,4,1,0
OTT-001214,Male,37,Premium,22.99,23,42.1,62,2,2,0,0
OTT-001215,Female,27,Premium,22.99,49,79.1,18,2,4,0,0
OTT-001216,Female,48,Standard,15.49,49,64.0,10,4,2,0,0
OTT-001217,Male,21,Standard,15.49,6,82.5,1,1,3,0,0
OTT-001218,Male,26,Standard,15.49,41,68.1,10,1,5,0,0
OTT-001219,Male,42,Premium,22.99,22,59.8,1,5,1,1,0
OTT-001220,Male,22,Standard,15.49,28,64.2,7,2,2,3,0
OTT-001221,Male,40,Basic,9.99,21,61.0,5,3,1,0,0
OTT-001222,Male,43,Basic,9.99,31,40.4,12,2,3,0,0
OTT-001223,Female,55,Basic,9.99,42,26.3,25,4,2,1,1
OTT-001224,Female,49,Basic,9.99,58,30.9,1,3,1,0,0
OTT-001225,Male,51,Basic,9.99,12,1.0,40,3,1,2,1
OTT-001226,Male,37,Standard,15.49,19,53.2,6,4,3,0,0
OTT-001227,Male,45,Standard,15.49,24,58.6,29,2,3,0,1
OTT-001228,Male,65,Standard,15.49,28,25.2,1,5,5,2,0
OTT-001229,Female,24,Basic,9.99,6,69.1,0,2,4,1,0
OTT-001230,Female,50,Basic,9.99,22,47.5,0,4,3,2,0
OTT-001231,Male,40,Standard,15.49,13,60.8,9,2,5,0,0
OTT-001232,Male,18,Basic,9.99,19,80.0,13,1,1,0,0
OTT-001233,Female,58,Standard,15.49,9,26.6,3,3,2,0,1
OTT-001234,Male,68,Basic,9.99,21,70.9,40,2,2,0,0
OTT-001235,Female,27,Basic,9.99,2,41.2,5,5,4,1,0
OTT-001236,Female,53,Basic,9.99,52,72.3,19,1,1,0,0
OTT-001237,Male,47,Basic,9.99,14,21.3,2,4,5,1,0
OTT-001238,Male,29,Basic,9.99,42,38.3,2,2,1,0,0
OTT-001239,Female,45,Standard,15.49,1,1.0,0,3,1,2,1
OTT-001240,Female,57,Standard,15.49,5,6.5,5,1,5,0,0
OTT-001241,Female,58,Basic,9.99,32,70.7,33,4,4,1,0
OTT-001242,Male,38,Basic,9.99,3,57.2,3,2,5,0,0
OTT-001243,Female,68,Basic,9.99,11,63.8,19,2,1,0,0
OTT-001244,Male,59,Standard,15.49,10,37.4,6,2,2,0,0
OTT-001245,Male,46,Basic,9.99,40,29.7,18,2,3,0,0
OTT-001246,Female,58,Basic,9.99,29,23.6,12,5,1,2,0
OTT-001247,Male,56,Premium,22.99,54,42.4,5,1,3,1,0
OTT-001248,Female,67,Standard,15.49,42,42.8,11,5,3,1,0
OTT-001249,Male,35,Standard,15.49,27,1.0,24,4,4,1,1
OTT-001250,Female,68,Basic,9.99,17,33.4,2,2,5,1,0
OTT-001251,Female,20,Basic,9.99,50,81.7,5,5,3,1,0
OTT-001252,Female,28,Basic,9.99,8,44.5,5,1,1,1,0
OTT-001253,Female,30,Premium,22.99,39,1.0,3,5,1,4,1
OTT-001254,Male,21,Standard,15.49,28,51.4,19,5,4,1,0
OTT-001255,Female,26,Basic,9.99,1,28.2,1,5,4,2,1
OTT-001256,Male,64,Basic,9.99,52,51.0,16,1,1,1,0
OTT-001257,Male,58,Basic,9.99,38,85.7,2,3,2,0,0
OTT-001258,Male,27,Basic,9.99,14,82.5,9,1,5,1,0
OTT-001259,Female,28,Standard,15.49,56,1.0,12,3,4,0,0
OTT-001260,Male,47,Basic,9.99,42,54.3,27,5,3,2,1
OTT-001261,Male,69,Standard,15.49,39,34.9,2,3,4,2,0
OTT-001262,Male,52,Standard,15.49,26,41.6,1,5,3,5,1
OTT-001263,Male,45,Standard,15.49,2,49.9,3,4,2,0,0
OTT-001264,Male,47,Basic,9.99,53,26.2,0,3,4,2,0
OTT-001265,Male,31,Premium,22.99,20,44.4,0,3,4,0,0
OTT-001266,Female,49,Standard,15.49,18,31.3,4,5,1,3,1
OTT-001267,Male,21,Standard,15.49,41,45.2,24,5,1,0,0
OTT-001268,Male,38,Basic,9.99,11,69.1,5,3,5,0,0
OTT-001269,Male,45,Basic,9.99,51,69.6,15,5,2,1,0
OTT-001270,Male,23,Standard,15.49,45,55.3,11,5,1,0,0
OTT-001271,Female,68,Basic,9.99,13,45.2,30,5,2,0,0
OTT-001272,Male,57,Standard,15.49,43,41.9,3,1,1,2,0
OTT-001273,Female,38,Basic,9.99,21,36.8,33,4,3,1,0
OTT-001274,Female,56,Standard,15.49,24,38.5,24,5,5,0,0
OTT-001275,Female,46,Premium,22.99,7,49.3,2,4,5,0,1
OTT-001276,Female,48,Basic,9.99,56,58.7,13,1,3,0,0
OTT-001277,Female,49,Premium,22.99,3,84.4,23,4,5,1,0
OTT-001278,Female,20,Basic,9.99,40,22.0,6,5,4,0,0
OTT-001279,Female,19,Standard,15.49,52,58.7,3,2,2,0,0
OTT-001280,Female,24,Premium,22.99,50,44.8,3,2,3,1,0
OTT-001281,Female,48,Basic,9.99,50,24.8,0,2,2,1,0
OTT-001282,Female,59,Basic,9.99,45,62.2,3,2,4,0,0
OTT-001283,Female,52,Basic,9.99,45,1.0,3,3,4,1,0
OTT-001284,Male,31,Basic,9.99,7,19.5,15,1,2,0,1
OTT-001285,Male,48,Standard,15.49,50,61.6,6,3,1,0,0
OTT-001286,Male,27,Standard,15.49,56,47.5,3,4,2,2,0
OTT-001287,Female,45,Standard,15.49,25,31.1,3,3,5,2,0
OTT-001288,Male,59,Standard,15.49,42,64.9,46,3,3,1,0
OTT-001289,Male,53,Basic,9.99,9,57.0,1,3,4,1,0
OTT-001290,Male,37,Basic,9.99,33,44.6,24,4,5,0,0
OTT-001291,Female,39,Standard,15.49,27,54.1,6,3,4,2,0
OTT-001292,Male,57,Basic,9.99,55,78.4,24,1,1,0,0
OTT-001293,Female,52,Basic,9.99,1,21.3,11,5,5,0,0
OTT-001294,Female,28,Standard,15.49,15,26.0,2,4,1,0,0
OTT-001295,Female,49,Standard,15.49,19,42.1,2,5,3,1,0
OTT-001296,Male,31,Basic,9.99,10,1.0,38,1,4,1,1
OTT-001297,Male,60,Basic,9.99,18,51.7,10,5,3,0,0
OTT-001298,Male,64,Premium,22.99,59,1.0,13,3,2,0,0
OTT-001299,Male,52,Basic,9.99,2,25.6,4,4,3,0,0
OTT-001300,Male,37,Premium,22.99,34,13.7,6,4,5,1,0
OTT-001301,Male,18,Premium,22.99,59,24.1,27,5,2,1,1
OTT-001302,Male,45,Standard,15.49,54,10.5,6,5,3,2,0
OTT-001303,Male,44,Premium,22.99,54,1.0,4,5,4,0,0
OTT-001304,Female,45,Standard,15.49,3,40.4,20,1,4,2,1
OTT-001305,Female,19,Basic,9.99,49,76.0,10,1,5,0,0
OTT-001306,Female,39,Basic,9.99,24,49.2,34,3,4,0,0
OTT-001307,Male,24,Basic,9.99,43,47.6,27,3,5,1,0
OTT-001308,Female,62,Basic,9.99,6,60.0,22,1,5,1,0
OTT-001309,Male,69,Premium,22.99,25,37.3,3,4,1,0,0
OTT-001310,Female,31,Basic,9.99,41,48.1,12,3,2,0,0
OTT-001311,Male,59,Standard,15.49,26,55.7,3,2,5,3,0
OTT-001312,Male,66,Basic,9.99,58,39.0,2,1,2,0,0
OTT-001313,Female,55,Standard,15.49,35,34.7,7,4,5,0,0
OTT-001314,Male,68,Premium,22.99,24,75.8,3,2,3,0,0
OTT-001315,Male,54,Premium,22.99,27,35.3,16,4,4,1,0
OTT-001316,Female,51,Basic,9.99,27,57.1,8,3,1,0,0
OTT-001317,Male,27,Basic,9.99,35,36.2,27,5,3,1,0
OTT-001318,Female,57,Premium,22.99,12,12.7,3,3,2,0,0
OTT-001319,Male,67,Premium,22.99,21,51.4,0,5,5,3,0
OTT-001320,Male,45,Basic,9.99,35,65.4,5,5,4,2,0
OTT-001321,Female,37,Basic,9.99,55,55.1,21,4,2,1,0
OTT-001322,Female,55,Standard,15.49,49,54.4,17,3,1,0,0
OTT-001323,Male,21,Standard,15.49,52,77.6,24,4,2,0,0
OTT-001324,Male,30,Premium,22.99,37,66.9,4,3,4,1,0
OTT-001325,Female,22,Basic,9.99,11,8.0,11,1,4,0,1
OTT-001326,Female,38,Standard,15.49,15,26.3,8,5,1,3,1
OTT-001327,Female,62,Standard,15.49,33,40.3,4,1,4,1,0
OTT-001328,Male,26,Standard,15.49,55,47.4,13,3,2,1,0
OTT-001329,Male,54,Standard,15.49,56,30.5,3,4,1,2,0
OTT-001330,Male,67,Basic,9.99,27,87.4,28,5,1,0,0
OTT-001331,Male,46,Basic,9.99,2,53.6,4,3,4,0,0
OTT-001332,Female,28,Basic,9.99,31,34.5,22,4,1,0,0
OTT-001333,Male,31,Standard,15.49,39,9.6,0,5,2,0,0
OTT-001334,Male,20,Standard,15.49,48,57.0,8,2,2,0,0
OTT-001335,Female,64,Basic,9.99,47,51.4,1,3,4,2,0
OTT-001336,Female,59,Basic,9.99,50,93.5,14,4,5,1,0
OTT-001337,Female,40,Standard,15.49,59,33.3,20,3,4,0,0
OTT-001338,Male,55,Standard,15.49,10,7.1,1,1,3,2,1
OTT-001339,Male,32,Basic,9.99,45,30.4,27,1,4,0,0
OTT-001340,Male,45,Standard,15.49,29,41.2,1,4,1,1,0
OTT-001341,Female,27,Standard,15.49,36,57.2,12,1,3,1,0
OTT-001342,Male,23,Standard,15.49,22,57.8,4,5,4,2,0
OTT-001343,Male,32,Standard,15.49,29,50.7,33,4,1,1,0
OTT-001344,Male,30,Basic,9.99,32,37.1,12,1,3,0,0
OTT-001345,Female,45,Standard,15.49,41,40.2,47,5,3,2,0
OTT-001346,Male,40,Standard,15.49,43,89.4,6,3,1,2,0
OTT-001347,Male,29,Standard,15.49,50,32.0,2,1,2,0,0
OTT-001348,Female,34,Standard,15.49,6,64.2,9,5,2,1,0
OTT-001349,Male,37,Standard,15.49,58,70.2,29,4,2,0,0
OTT-001350,Male,35,Basic,9.99,31,72.5,15,5,5,1,0
OTT-001351,Male,51,Standard,15.49,16,20.8,5,4,1,0,0
OTT-001352,Female,35,Standard,15.49,50,63.8,26,2,1,1,0
OTT-001353,Female,39,Basic,9.99,18,31.5,4,3,2,1,0
OTT-001354,Female,35,Premium,22.99,56,63.7,8,2,4,0,0
OTT-001355,Male,54,Basic,9.99,53,22.1,1,1,5,2,0
OTT-001356,Female,40,Basic,9.99,13,32.1,11,5,3,0,0
OTT-001357,Female,32,Basic,9.99,28,32.0,21,2,5,1,0
OTT-001358,Male,37,Premium,22.99,19,62.6,1,2,5,1,0
OTT-001359,Male,40,Premium,22.99,6,57.8,4,5,5,0,0
OTT-001360,Female,59,Basic,9.99,41,60.0,2,4,5,0,0
OTT-001361,Female,61,Premium,22.99,54,46.4,19,2,2,1,0
OTT-001362,Female,59,Basic,9.99,35,54.5,11,4,4,0,0
OTT-001363,Male,49,Standard,15.49,23,36.4,2,1,4,1,0
OTT-001364,Female,40,Standard,15.49,35,47.6,7,4,3,0,0
OTT-001365,Male,38,Standard,15.49,41,73.2,30,2,3,2,0
OTT-001366,Female,20,Standard,15.49,42,39.9,0,2,5,1,0
OTT-001367,Female,22,Standard,15.49,38,72.8,1,4,1,2,0
OTT-001368,Male,37,Basic,9.99,12,35.3,14,3,1,0,0
OTT-001369,Female,21,Standard,15.49,55,46.6,19,2,4,0,0
OTT-001370,Female,40,Basic,9.99,31,29.5,9,2,3,1,0
OTT-001371,Female,36,Premium,22.99,47,13.0,29,3,5,0,1
OTT-001372,Female,28,Basic,9.99,38,8.6,24,4,3,1,0
OTT-001373,Male,42,Standard,15.49,2,55.5,0,1,3,1,0
OTT-001374,Male,68,Standard,15.49,19,67.2,18,1,2,1,0
OTT-001375,Female,51,Basic,9.99,17,41.2,9,2,1,0,0
OTT-001376,Male,64,Standard,15.49,34,52.8,22,2,3,0,0
OTT-001377,Male,66,Standard,15.49,32,83.6,20,5,2,0,0
OTT-001378,Female,66,Basic,9.99,18,44.5,2,4,5,0,0
OTT-001379,Female,44,Premium,22.99,13,44.5,14,2,3,0,0
OTT-001380,Male,59,Basic,9.99,17,40.0,13,3,5,0,0
OTT-001381,Female,59,Standard,15.49,37,65.0,12,3,4,1,0
OTT-001382,Female,20,Basic,9.99,22,30.2,17,3,2,0,0
OTT-001383,Female,26,Premium,22.99,4,63.0,4,2,1,1,0
OTT-001384,Female,32,Standard,15.49,44,35.9,8,1,5,3,0
OTT-001385,Female,67,Basic,9.99,22,54.8,17,5,5,1,0
OTT-001386,Male,28,Basic,9.99,50,34.9,29,2,4,0,0
OTT-001387,Female,31,Premium,22.99,57,32.0,7,1,4,0,0
OTT-001388,Male,42,Basic,9.99,58,1.0,14,1,1,0,0
OTT-001389,Female,54,Basic,9.99,12,38.8,31,4,2,0,0
OTT-001390,Female,61,Standard,15.49,46,74.7,4,3,4,1,0
OTT-001391,Female,23,Basic,9.99,53,40.9,46,4,1,1,0
OTT-001392,Male,27,Basic,9.99,8,1.0,2,4,3,0,1
OTT-001393,Male,22,Standard,15.49,35,39.0,11,1,5,1,0
OTT-001394,Female,59,Basic,9.99,29,60.2,6,3,4,1,0
OTT-001395,Male,65,Standard,15.49,39,30.7,13,3,1,0,0
OTT-001396,Female,18,Standard,15.49,19,71.2,3,3,2,1,0
OTT-001397,Female,23,Basic,9.99,58,63.2,29,1,2,1,0
OTT-001398,Male,40,Standard,15.49,42,43.3,16,3,5,2,0
OTT-001399,Male,47,Standard,15.49,35,67.7,3,4,1,3,0
OTT-001400,Female,64,Basic,9.99,27,78.3,20,5,5,2,0
OTT-001401,Male,68,Standard,15.49,43,95.6,27,1,1,0,0
OTT-001402,Female,69,Premium,22.99,42,47.2,18,5,4,2,0
OTT-001403,Male,41,Standard,15.49,45,40.8,8,4,1,0,0
OTT-001404,Male,27,Standard,15.49,59,42.4,20,5,3,1,0
OTT-001405,Female,22,Basic,9.99,28,1.0,6,2,3,2,1
OTT-001406,Female,21,Basic,9.99,2,1.5,7,5,2,2,1
OTT-001407,Male,41,Basic,9.99,43,34.9,12,5,3,1,0
OTT-001408,Male,61,Basic,9.99,26,10.9,1,1,1,0,0
OTT-001409,Male,65,Premium,22.99,8,67.1,1,2,3,1,0
OTT-001410,Male,33,Premium,22.99,22,71.4,5,4,4,1,0
OTT-001411,Male,18,Standard,15.49,33,11.1,24,5,4,0,1
OTT-001412,Male,35,Standard,15.49,7,28.1,18,1,3,1,0
OTT-001413,Female,30,Standard,15.49,54,3.5,2,3,5,2,1
OTT-001414,Male,66,Basic,9.99,33,61.1,15,2,1,0,0
OTT-001415,Female,58,Basic,9.99,59,57.9,15,3,3,2,0
OTT-001416,Male,63,Basic,9.99,12,61.2,3,1,2,2,0
OTT-001417,Male,53,Basic,9.99,14,66.8,29,5,2,0,0
OTT-001418,Female,25,Standard,15.49,41,28.1,0,5,5,0,0
OTT-001419,Male,63,Basic,9.99,50,8.2,7,4,5,0,0
OTT-001420,Female,27,Standard,15.49,7,27.7,8,1,5,2,1
OTT-001421,Male,41,Basic,9.99,9,59.3,3,1,4,1,0
OTT-001422,Female,65,Premium,22.99,13,96.5,10,3,1,0,0
OTT-001423,Female,65,Standard,15.49,27,40.3,12,4,5,0,0
OTT-001424,Female,23,Basic,9.99,1,62.6,43,2,5,0,0
OTT-001425,Male,29,Standard,15.49,59,2.9,6,5,4,1,0
OTT-001426,Male,48,Basic,9.99,45,48.6,5,5,1,0,0
OTT-001427,Male,41,Standard,15.49,12,14.6,18,3,2,0,1
OTT-001428,Male,18,Standard,15.49,39,72.8,9,5,4,0,0
OTT-001429,Female,28,Basic,9.99,52,82.0,2,1,4,0,0
OTT-001430,Female,56,Standard,15.49,42,60.6,5,4,2,1,0
OTT-001431,Male,37,Basic,9.99,21,18.0,2,4,3,1,0
OTT-001432,Male,51,Premium,22.99,15,62.7,3,2,2,0,0
OTT-001433,Female,36,Premium,22.99,18,74.8,7,5,5,0,0
OTT-001434,Female,52,Standard,15.49,9,61.4,2,3,1,0,0
OTT-001435,Male,18,Standard,15.49,58,39.2,4,3,5,1,0
OTT-001436,Male,24,Basic,9.99,55,35.5,28,4,2,0,0
OTT-001437,Female,39,Basic,9.99,6,1.0,1,1,4,1,1
OTT-001438,Male,26,Basic,9.99,6,21.3,1,3,1,2,1
OTT-001439,Female,58,Standard,15.49,19,44.9,2,3,4,0,0
OTT-001440,Male,21,Basic,9.99,50,69.6,4,4,5,0,0
OTT-001441,Male,51,Standard,15.49,18,48.2,6,1,1,0,0
OTT-001442,Female,41,Basic,9.99,7,26.7,19,5,2,1,0
OTT-001443,Female,31,Premium,22.99,49,75.7,6,2,1,1,0
OTT-001444,Female,19,Premium,22.99,31,37.1,5,2,4,0,0
OTT-001445,Male,47,Basic,9.99,47,44.0,6,3,4,1,0
OTT-001446,Male,58,Standard,15.49,51,16.6,20,2,2,1,0
OTT-001447,Female,18,Premium,22.99,2,22.0,7,4,3,0,0
OTT-001448,Male,62,Premium,22.99,13,60.2,0,3,4,1,0
OTT-001449,Female,44,Basic,9.99,36,31.7,35,3,4,1,1
OTT-001450,Male,18,Basic,9.99,46,38.8,3,5,3,1,0
OTT-001451,Female,47,Basic,9.99,31,22.1,6,4,5,3,0
OTT-001452,Male,51,Premium,22.99,36,39.1,3,5,4,1,0
OTT-001453,Female,37,Premium,22.99,58,1.0,0,3,1,1,0
OTT-001454,Female,35,Standard,15.49,16,36.1,5,1,3,1,0
OTT-001455,Male,41,Premium,22.99,15,56.8,6,2,4,1,0
OTT-001456,Male,23,Basic,9.99,33,62.8,14,2,1,0,0
OTT-001457,Male,68,Basic,9.99,46,27.8,16,5,4,1,0
OTT-001458,Female,51,Standard,15.49,42,47.5,4,2,1,1,0
OTT-001459,Female,39,Standard,15.49,8,68.3,6,1,4,1,0
OTT-001460,Female,34,Premium,22.99,50,55.4,0,2,1,0,0
OTT-001461,Female,43,Basic,9.99,31,52.8,3,5,1,1,0
OTT-001462,Female,37,Standard,15.49,16,44.5,2,1,1,0,0
OTT-001463,Male,59,Basic,9.99,10,78.2,4,5,3,1,0
OTT-001464,Male,32,Basic,9.99,57,33.7,13,5,5,0,0
OTT-001465,Male,44,Standard,15.49,47,10.7,30,2,1,2,1
OTT-001466,Female,23,Standard,15.49,11,26.5,15,5,4,0,0
OTT-001467,Male,41,Basic,9.99,10,63.0,87,3,4,0,1
OTT-001468,Male,68,Premium,22.99,8,44.1,5,2,2,0,0
OTT-001469,Female,62,Basic,9.99,52,55.1,7,2,3,1,0
OTT-001470,Male,51,Standard,15.49,4,51.2,2,2,1,0,0
OTT-001471,Male,46,Standard,15.49,42,40.3,11,2,4,0,0
OTT-001472,Female,63,Standard,15.49,43,37.3,9,5,5,0,0
OTT-001473,Male,67,Basic,9.99,13,70.4,10,2,4,2,0
OTT-001474,Male,26,Standard,15.49,36,56.7,1,3,1,1,0
OTT-001475,Male,27,Basic,9.99,45,40.7,0,1,2,0,0
OTT-001476,Male,37,Standard,15.49,31,65.3,7,1,5,1,0
OTT-001477,Female,33,Basic,9.99,21,60.2,14,3,1,0,0
OTT-001478,Female,63,Premium,22.99,9,28.0,0,4,4,0,0
OTT-001479,Male,21,Standard,15.49,44,18.4,4,5,3,2,0
OTT-001480,Male,42,Premium,22.99,45,75.3,45,2,3,0,0
OTT-001481,Female,53,Standard,15.49,50,34.1,7,1,3,0,0
OTT-001482,Female,25,Premium,22.99,36,86.8,3,3,4,0,0
OTT-001483,Male,19,Standard,15.49,25,1.0,13,5,3,0,0
OTT-001484,Male,50,Premium,22.99,4,20.2,3,4,5,0,0
OTT-001485,Male,50,Premium,22.99,1,6.2,0,4,2,0,1
OTT-001486,Female,47,Standard,15.49,1,28.3,72,2,1,0,1
OTT-001487,Male,26,Standard,15.49,41,72.6,11,3,1,0,0
OTT-001488,Female,36,Standard,15.49,35,47.5,14,4,3,1,0
OTT-001489,Female,28,Basic,9.99,57,69.4,3,5,1,0,0
OTT-001490,Male,20,Basic,9.99,48,37.1,4,2,2,2,0
OTT-001491,Female,37,Premium,22.99,34,8.8,0,3,5,1,0
OTT-001492,Female,33,Basic,9.99,17,24.7,38,3,1,0,1
OTT-001493,Female,44,Basic,9.99,34,14.2,6,2,2,0,0
OTT-001494,Female,35,Basic,9.99,31,54.1,6,3,4,0,0
OTT-001495,Female,63,Standard,15.49,48,34.4,3,5,2,0,0
OTT-001496,Female,64,Premium,22.99,51,97.9,11,4,5,3,0
OTT-001497,Male,41,Basic,9.99,41,1.0,14,3,3,0,0
OTT-001498,Male,56,Standard,15.49,12,28.4,12,2,1,1,0
OTT-001499,Male,23,Standard,15.49,16,32.8,0,3,2,2,0
OTT-001500,Female,68,Standard,15.49,33,21.5,19,5,5,1,1
OTT-001501,Male,65,Basic,9.99,24,56.6,6,5,4,0,0
OTT-001502,Male,60,Standard,15.49,44,93.6,1,3,3,1,0
OTT-001503,Female,67,Basic,9.99,58,21.0,0,2,3,0,0
OTT-001504,Male,48,Standard,15.49,32,54.7,33,3,4,0,0
OTT-001505,Male,48,Premium,22.99,59,41.9,66,5,4,0,0
OTT-001506,Male,41,Basic,9.99,59,46.1,17,5,3,1,0
OTT-001507,Male,38,Premium,22.99,52,87.8,8,1,3,1,0
OTT-001508,Male,59,Premium,22.99,40,47.7,7,1,5,0,0
OTT-001509,Female,45,Standard,15.49,19,3.2,9,1,1,0,0
OTT-001510,Female,62,Standard,15.49,18,77.1,22,4,5,0,0
OTT-001511,Female,68,Standard,15.49,28,51.4,22,2,2,1,0
OTT-001512,Male,42,Basic,9.99,35,25.8,7,1,3,0,0
OTT-001513,Male,54,Basic,9.99,25,63.9,12,3,1,0,0
OTT-001514,Female,60,Standard,15.49,40,17.6,20,5,3,0,0
OTT-001515,Male,34,Premium,22.99,56,54.1,10,3,4,1,0
OTT-001516,Male,68,Standard,15.49,47,57.8,3,3,1,1,0
OTT-001517,Female,62,Standard,15.49,37,55.8,16,4,2,2,0
OTT-001518,Male,34,Standard,15.49,29,74.1,1,4,4,1,0
OTT-001519,Female,53,Basic,9.99,25,47.2,1,1,5,0,0
OTT-001520,Female,36,Standard,15.49,1,45.4,16,3,3,1,0
OTT-001521,Male,23,Basic,9.99,14,28.3,16,2,3,0,0
OTT-001522,Female,25,Basic,9.99,40,43.0,14,2,1,2,0
OTT-001523,Male,40,Standard,15.49,57,41.3,2,3,3,0,0
OTT-001524,Female,64,Basic,9.99,36,17.9,4,5,4,0,0
OTT-001525,Male,44,Basic,9.99,6,33.4,2,4,1,2,0
OTT-001526,Male,52,Standard,15.49,39,71.2,2,2,1,2,0
OTT-001527,Male,52,Premium,22.99,24,10.7,5,4,3,0,0
OTT-001528,Female,65,Standard,15.49,1,66.2,1,1,5,0,0
OTT-001529,Female,31,Basic,9.99,36,67.8,9,4,4,0,0
OTT-001530,Male,34,Basic,9.99,4,70.0,2,1,1,0,0
OTT-001531,Female,21,Standard,15.49,6,37.4,13,1,3,1,0
OTT-001532,Male,63,Standard,15.49,33,57.0,7,4,2,0,0
OTT-001533,Female,64,Premium,22.99,43,42.8,8,1,2,0,0
OTT-001534,Female,34,Premium,22.99,58,20.1,3,3,1,2,0
OTT-001535,Female,26,Standard,15.49,41,40.9,20,5,4,0,0
OTT-001536,Male,56,Basic,9.99,48,68.7,0,2,1,1,0
OTT-001537,Female,41,Basic,9.99,53,59.1,22,3,1,1,0
OTT-001538,Male,38,Basic,9.99,27,63.9,12,2,5,0,0
OTT-001539,Female,36,Standard,15.49,23,45.9,12,4,4,0,0
OTT-001540,Female,47,Basic,9.99,49,60.8,43,5,1,1,0
OTT-001541,Female,38,Premium,22.99,58,15.4,29,5,5,2,1
OTT-001542,Male,55,Basic,9.99,56,34.3,8,4,1,2,0
OTT-001543,Female,51,Basic,9.99,39,22.8,9,4,2,2,1
OTT-001544,Female,54,Premium,22.99,55,50.4,0,5,1,1,0
OTT-001545,Female,59,Standard,15.49,40,56.9,2,3,1,1,0
OTT-001546,Female,36,Standard,15.49,1,18.1,26,2,3,0,1
OTT-001547,Female,60,Standard,15.49,59,57.8,22,1,1,1,0
OTT-001548,Male,37,Standard,15.49,4,34.7,10,4,3,1,1
OTT-001549,Female,37,Standard,15.49,39,54.2,1,2,5,2,0
OTT-001550,Female,38,Standard,15.49,47,34.7,9,5,4,3,0
OTT-001551,Male,24,Basic,9.99,59,62.0,3,4,3,0,0
OTT-001552,Female,27,Basic,9.99,32,37.6,14,4,3,1,0
OTT-001553,Female,32,Basic,9.99,59,45.9,0,5,5,0,0
OTT-001554,Male,43,Standard,15.49,28,25.7,3,2,2,1,1
OTT-001555,Male,46,Standard,15.49,24,49.4,0,2,3,1,0
OTT-001556,Male,56,Standard,15.49,39,27.8,5,1,3,1,0
OTT-001557,Female,22,Standard,15.49,26,35.6,13,4,3,1,0
OTT-001558,Male,47,Standard,15.49,47,40.7,0,3,2,0,0
OTT-001559,Female,49,Premium,22.99,30,39.4,4,1,5,0,0
OTT-001560,Male,37,Basic,9.99,56,16.0,7,3,3,1,0
OTT-001561,Female,68,Premium,22.99,55,56.1,16,2,2,2,0
OTT-001562,Female,58,Standard,15.49,42,54.1,5,2,1,0,0
OTT-001563,Male,50,Standard,15.49,29,49.5,24,1,3,0,0
OTT-001564,Male,27,Standard,15.49,47,38.6,26,5,1,1,1
OTT-001565,Male,57,Basic,9.99,40,28.1,0,2,5,1,0
OTT-001566,Female,21,Standard,15.49,38,64.9,1,1,2,0,0
OTT-001567,Female,19,Standard,15.49,28,46.8,36,3,4,0,0
OTT-001568,Female,29,Premium,22.99,44,33.5,18,1,5,1,0
OTT-001569,Male,43,Premium,22.99,54,75.3,0,4,4,0,0
OTT-001570,Female,62,Premium,22.99,34,25.5,1,1,1,1,0
OTT-001571,Female,48,Standard,15.49,48,7.3,24,1,5,1,0
OTT-001572,Female,69,Standard,15.49,19,1.0,3,2,4,0,0
OTT-001573,Male,67,Basic,9.99,23,60.0,4,2,3,1,0
OTT-001574,Male,64,Premium,22.99,52,52.4,11,2,4,1,0
OTT-001575,Male,42,Premium,22.99,20,31.8,6,3,1,1,0
OTT-001576,Male,58,Standard,15.49,36,17.8,5,5,2,0,0
OTT-001577,Male,52,Basic,9.99,13,32.9,1,3,2,0,0
OTT-001578,Female,44,Standard,15.49,32,94.8,13,4,4,0,0
OTT-001579,Male,49,Standard,15.49,41,70.4,2,5,5,0,0
OTT-001580,Male,57,Standard,15.49,31,29.8,8,4,3,0,0
OTT-001581,Female,33,Basic,9.99,38,36.2,1,5,2,0,0
OTT-001582,Male,45,Standard,15.49,59,45.5,1,5,1,1,0
OTT-001583,Male,25,Basic,9.99,2,41.5,27,1,4,2,0
OTT-001584,Female,46,Premium,22.99,45,22.4,13,4,5,0,0
OTT-001585,Female,19,Standard,15.49,42,84.2,8,2,4,1,0
OTT-001586,Female,52,Basic,9.99,17,44.1,0,3,5,1,0
OTT-001587,Female,30,Standard,15.49,29,55.8,1,1,5,1,0
OTT-001588,Male,19,Basic,9.99,7,62.4,25,2,2,0,0
OTT-001589,Female,50,Standard,15.49,18,66.5,4,2,5,1,0
OTT-001590,Male,19,Basic,9.99,34,71.5,18,2,2,1,0
OTT-001591,Female,26,Basic,9.99,4,57.3,3,1,3,0,0
OTT-001592,Female,48,Standard,15.49,35,50.5,8,1,1,0,0
OTT-001593,Male,36,Basic,9.99,11,49.7,6,3,4,1,0
OTT-001594,Female,25,Standard,15.49,51,6.6,28,4,5,0,0
OTT-001595,Female,32,Basic,9.99,43,84.0,32,5,3,0,0
OTT-001596,Male,58,Premium,22.99,40,50.8,11,3,3,0,0
OTT-001597,Female,68,Standard,15.49,9,18.5,31,3,3,1,1
OTT-001598,Female,62,Basic,9.99,14,56.5,10,5,3,0,0
OTT-001599,Female,61,Premium,22.99,27,61.2,11,1,2,0,0
OTT-001600,Male,46,Standard,15.49,4,38.1,16,4,4,2,1
OTT-001601,Female,39,Standard,15.49,31,58.4,2,5,4,1,0
OTT-001602,Female,36,Basic,9.99,26,51.1,8,2,4,1,0
OTT-001603,Male,34,Premium,22.99,8,67.6,0,2,4,1,0
OTT-001604,Female,20,Standard,15.49,34,67.2,11,5,2,0,0
OTT-001605,Male,64,Basic,9.99,58,21.1,14,2,1,1,0
OTT-001606,Female,65,Standard,15.49,49,59.8,1,2,1,0,0
OTT-001607,Female,29,Standard,15.49,39,87.5,33,5,4,1,0
OTT-001608,Male,25,Standard,15.49,27,73.1,15,3,3,1,0
OTT-001609,Female,35,Basic,9.99,14,72.5,13,2,4,0,0
OTT-001610,Male,56,Basic,9.99,54,48.5,46,4,4,0,0
OTT-001611,Female,33,Premium,22.99,50,52.6,7,5,2,1,0
OTT-001612,Male,29,Standard,15.49,20,1.0,18,3,4,1,1
OTT-001613,Female,62,Standard,15.49,39,18.7,5,5,3,2,0
OTT-001614,Female,48,Standard,15.49,38,4.6,4,4,1,1,1
OTT-001615,Male,22,Standard,15.49,35,5.6,1,2,4,0,0
OTT-001616,Female,54,Basic,9.99,21,58.0,1,1,1,1,0
OTT-001617,Male,58,Premium,22.99,48,32.2,23,5,2,0,0
OTT-001618,Male,25,Premium,22.99,50,66.4,20,5,4,1,0
OTT-001619,Female,40,Premium,22.99,7,45.9,4,4,1,0,0
OTT-001620,Female,30,Standard,15.49,12,62.5,13,4,3,1,0
OTT-001621,Female,68,Standard,15.49,35,39.4,4,1,2,0,0
OTT-001622,Female,25,Basic,9.99,11,67.6,13,3,5,0,0
OTT-001623,Female,27,Premium,22.99,47,74.5,30,3,5,0,0
OTT-001624,Male,68,Standard,15.49,6,39.3,9,5,3,2,0
OTT-001625,Female,22,Basic,9.99,16,39.3,11,2,4,1,0
OTT-001626,Male,38,Standard,15.49,50,50.1,10,1,1,0,0
OTT-001627,Female,58,Basic,9.99,2,47.6,10,5,3,0,0
OTT-001628,Female,44,Standard,15.49,10,34.6,13,5,5,4,1
OTT-001629,Male,53,Standard,15.49,12,20.8,6,2,2,0,0
OTT-001630,Female,34,Basic,9.99,9,89.5,21,5,4,0,0
OTT-001631,Male,38,Basic,9.99,47,50.7,15,5,2,0,0
OTT-001632,Female,69,Premium,22.99,45,5.0,20,3,5,1,0
OTT-001633,Female,18,Standard,15.49,1,48.4,1,4,1,0,0
OTT-001634,Male,41,Premium,22.99,43,76.7,14,5,1,0,0
OTT-001635,Male,31,Basic,9.99,5,28.0,27,3,4,0,0
OTT-001636,Female,24,Standard,15.49,55,47.8,9,5,3,2,0
OTT-001637,Male,23,Basic,9.99,40,83.6,0,5,4,0,0
OTT-001638,Male,36,Basic,9.99,14,33.6,2,4,5,0,0
OTT-001639,Male,28,Basic,9.99,21,55.0,3,5,3,0,0
OTT-001640,Male,45,Standard,15.49,58,84.8,39,3,1,0,0
OTT-001641,Female,64,Premium,22.99,14,57.6,9,2,4,1,1
OTT-001642,Female,65,Basic,9.99,34,40.8,3,1,4,0,0
OTT-001643,Female,27,Standard,15.49,29,85.8,26,5,2,0,0
OTT-001644,Male,69,Basic,9.99,17,28.7,6,2,3,1,0
OTT-001645,Male,40,Standard,15.49,22,7.6,6,5,1,0,0
OTT-001646,Male,55,Premium,22.99,32,16.3,17,4,4,2,1
OTT-001647,Female,53,Basic,9.99,42,51.9,1,3,1,0,0
OTT-001648,Male,47,Basic,9.99,53,62.7,4,3,4,0,0
OTT-001649,Female,31,Basic,9.99,19,64.3,3,1,1,2,0
OTT-001650,Male,58,Basic,9.99,2,15.9,15,4,1,1,0
OTT-001651,Male,62,Standard,15.49,16,55.4,2,1,2,0,0
OTT-001652,Female,26,Basic,9.99,4,101.1,1,1,1,1,0
OTT-001653,Male,63,Premium,22.99,50,55.7,4,5,2,1,0
OTT-001654,Male,61,Basic,9.99,22,26.5,4,3,5,1,0
OTT-001655,Female,43,Basic,9.99,48,15.4,15,1,1,0,0
OTT-001656,Male,35,Standard,15.49,1,38.2,14,5,4,0,0
OTT-001657,Female,48,Basic,9.99,57,64.1,15,3,3,1,0
OTT-001658,Male,49,Standard,15.49,30,49.4,0,5,2,0,0
OTT-001659,Male,64,Basic,9.99,29,48.7,15,1,1,1,0
OTT-001660,Female,49,Basic,9.99,11,42.2,43,4,5,1,1
OTT-001661,Male,28,Premium,22.99,47,16.1,0,3,1,4,1
OTT-001662,Female,46,Standard,15.49,22,98.1,20,3,5,1,0
OTT-001663,Male,53,Standard,15.49,51,66.6,17,1,1,0,0
OTT-001664,Female,63,Basic,9.99,45,59.8,3,4,1,0,0
OTT-001665,Female,52,Standard,15.49,34,33.6,7,1,3,1,0
OTT-001666,Male,33,Basic,9.99,56,24.1,1,2,4,0,0
OTT-001667,Male,21,Standard,15.49,23,8.4,2,4,3,0,0
OTT-001668,Male,18,Standard,15.49,8,37.5,5,2,3,0,0
OTT-001669,Male,43,Standard,15.49,11,73.9,0,5,2,1,0
OTT-001670,Female,30,Premium,22.99,13,11.6,4,5,4,0,0
OTT-001671,Female,58,Basic,9.99,58,59.0,14,2,1,0,0
OTT-001672,Female,40,Basic,9.99,9,26.0,14,4,1,0,0
OTT-001673,Female,29,Basic,9.99,23,23.5,0,4,2,1,0
OTT-001674,Male,24,Basic,9.99,17,17.8,2,1,3,2,1
OTT-001675,Female,54,Standard,15.49,38,35.2,28,4,2,0,0
OTT-001676,Female,19,Standard,15.49,20,34.8,34,5,5,2,1
OTT-001677,Male,42,Standard,15.49,18,46.9,9,5,2,0,0
OTT-001678,Female,58,Basic,9.99,48,33.5,28,2,1,0,0
OTT-001679,Male,68,Standard,15.49,12,25.5,7,5,1,0,0
OTT-001680,Female,37,Basic,9.99,27,14.2,1,3,5,0,0
OTT-001681,Female,25,Premium,22.99,49,53.3,3,4,3,1,0
OTT-001682,Male,54,Basic,9.99,20,31.8,0,5,5,0,0
OTT-001683,Male,53,Basic,9.99,7,6.5,2,2,2,0,1
OTT-001684,Female,52,Basic,9.99,21,7.0,11,2,3,1,1
OTT-001685,Male,55,Standard,15.49,26,67.6,27,5,3,2,0
OTT-001686,Female,27,Standard,15.49,7,60.6,8,1,2,1,0
OTT-001687,Female,40,Basic,9.99,25,40.7,6,3,2,1,0
OTT-001688,Female,54,Standard,15.49,8,51.6,4,1,4,0,0
OTT-001689,Female,59,Standard,15.49,31,24.6,7,4,5,0,0
OTT-001690,Female,29,Basic,9.99,11,10.7,0,2,3,1,0
OTT-001691,Female,58,Basic,9.99,36,18.6,7,4,5,2,0
OTT-001692,Male,23,Premium,22.99,31,77.4,1,4,3,0,0
OTT-001693,Male,27,Basic,9.99,30,42.5,8,1,1,0,0
OTT-001694,Male,42,Standard,15.49,53,33.7,9,4,5,0,0
OTT-001695,Male,58,Basic,9.99,51,43.1,12,1,3,0,0
OTT-001696,Male,48,Standard,15.49,51,31.4,4,5,4,2,0
OTT-001697,Female,28,Basic,9.99,28,44.9,9,5,5,0,0
OTT-001698,Male,40,Basic,9.99,39,69.6,1,3,3,1,0
OTT-001699,Female,63,Standard,15.49,44,1.0,17,4,3,0,0
OTT-001700,Female,41,Basic,9.99,47,33.6,3,2,4,0,0
OTT-001701,Male,34,Standard,15.49,46,27.2,0,1,2,1,0
OTT-001702,Female,66,Basic,9.99,38,76.8,6,3,3,0,0
OTT-001703,Female,44,Basic,9.99,50,70.1,16,1,5,2,0
OTT-001704,Female,30,Premium,22.99,27,27.2,12,2,1,2,0
OTT-001705,Female,20,Standard,15.49,10,74.1,2,1,2,0,0
OTT-001706,Female,39,Standard,15.49,40,47.7,1,5,1,1,0
OTT-001707,Female,58,Premium,22.99,18,69.5,1,1,4,0,0
OTT-001708,Male,69,Basic,9.99,2,48.8,0,5,5,1,1
OTT-001709,Male,18,Standard,15.49,6,66.0,1,3,5,2,0
OTT-001710,Male,21,Basic,9.99,16,68.7,1,3,3,0,0
OTT-001711,Male,21,Standard,15.49,43,26.6,5,1,1,0,0
OTT-001712,Male,39,Standard,15.49,8,25.8,12,5,5,0,1
OTT-001713,Female,58,Standard,15.49,53,26.5,18,3,3,0,0
OTT-001714,Male,23,Basic,9.99,47,77.7,19,1,1,2,0
OTT-001715,Male,37,Standard,15.49,50,1.0,2,4,1,1,0
OTT-001716,Male,55,Standard,15.49,10,51.6,13,1,1,1,0
OTT-001717,Male,40,Premium,22.99,30,22.3,12,5,5,0,0
OTT-001718,Female,21,Basic,9.99,39,36.1,7,2,4,0,0
OTT-001719,Male,48,Basic,9.99,14,40.0,1,5,4,0,0
OTT-001720,Female,36,Standard,15.49,31,68.8,2,1,2,0,0
OTT-001721,Male,41,Basic,9.99,5,27.6,26,2,3,0,0
OTT-001722,Female,67,Standard,15.49,17,28.3,4,5,1,0,0
OTT-001723,Female,52,Premium,22.99,49,106.1,4,2,2,0,0
OTT-001724,Female,50,Premium,22.99,25,15.4,26,5,3,1,1
OTT-001725,Female,40,Standard,15.49,44,72.5,4,4,1,0,0
OTT-001726,Male,29,Standard,15.49,3,19.0,1,1,3,0,0
OTT-001727,Male,42,Premium,22.99,13,12.0,9,4,5,0,0
OTT-001728,Female,41,Basic,9.99,42,66.7,24,3,1,1,0
OTT-001729,Female,63,Standard,15.49,56,21.9,9,3,3,0,0
OTT-001730,Female,32,Standard,15.49,38,38.3,3,5,2,0,0
OTT-001731,Male,18,Standard,15.49,23,53.6,17,4,4,0,0
OTT-001732,Male,20,Standard,15.49,51,64.5,40,5,2,0,1
OTT-001733,Female,45,Basic,9.99,47,73.2,10,1,5,1,0
OTT-001734,Male,56,Basic,9.99,24,32.7,4,1,1,1,0
OTT-001735,Female,36,Standard,15.49,35,60.8,11,2,1,0,0
OTT-001736,Female,39,Standard,15.49,53,82.9,7,2,5,2,0
OTT-001737,Female,27,Standard,15.49,2,80.4,5,3,3,0,0
OTT-001738,Female,35,Basic,9.99,38,1.0,1,2,1,0,0
OTT-001739,Male,51,Standard,15.49,54,22.1,2,1,4,0,0
OTT-001740,Female,36,Premium,22.99,43,87.6,8,2,4,1,0
OTT-001741,Female,53,Basic,9.99,47,103.7,3,2,4,2,0
OTT-001742,Female,56,Standard,15.49,42,65.6,40,1,4,2,0
OTT-001743,Male,30,Basic,9.99,38,53.1,7,2,1,1,0
OTT-001744,Male,33,Premium,22.99,15,57.2,11,2,5,0,0
OTT-001745,Female,28,Basic,9.99,14,38.8,7,1,5,0,0
OTT-001746,Female,27,Basic,9.99,45,59.7,1,1,3,0,0
OTT-001747,Male,39,Basic,9.99,17,113.3,3,2,1,0,0
OTT-001748,Female,47,Standard,15.49,46,29.2,3,2,4,0,0
OTT-001749,Female,55,Basic,9.99,56,17.6,6,5,3,0,0
OTT-001750,Male,64,Basic,9.99,53,48.3,8,5,2,0,0
OTT-001751,Female,41,Basic,9.99,28,52.7,0,4,2,1,0
OTT-001752,Male,69,Standard,15.49,23,27.0,40,2,2,2,1
OTT-001753,Female,49,Standard,15.49,29,67.2,0,3,1,0,0
OTT-001754,Female,48,Basic,9.99,20,79.6,11,1,2,1,0
OTT-001755,Female,65,Premium,22.99,58,42.8,29,5,5,1,0
OTT-001756,Female,22,Basic,9.99,41,18.8,11,5,4,0,0
OTT-001757,Female,65,Standard,15.49,29,91.9,7,3,4,0,0
OTT-001758,Female,26,Standard,15.49,13,58.5,8,4,1,2,0
OTT-001759,Female,37,Standard,15.49,5,16.7,6,2,5,0,1
OTT-001760,Female,39,Standard,15.49,59,1.0,10,3,5,1,1
OTT-001761,Female,45,Basic,9.99,38,40.9,7,2,2,1,0
OTT-001762,Female,23,Standard,15.49,13,96.9,19,1,3,0,0
OTT-001763,Male,32,Basic,9.99,29,70.4,0,2,2,0,0
OTT-001764,Female,37,Premium,22.99,25,14.3,5,5,4,0,0
OTT-001765,Male,24,Premium,22.99,29,58.6,1,4,3,0,0
OTT-001766,Female,47,Basic,9.99,32,48.7,16,1,1,1,0
OTT-001767,Female,64,Standard,15.49,18,66.1,9,4,3,0,0
OTT-001768,Male,65,Premium,22.99,34,14.1,6,3,5,0,0
OTT-001769,Male,68,Standard,15.49,40,28.8,1,3,5,0,0
OTT-001770,Female,25,Standard,15.49,41,60.1,16,5,4,0,0
OTT-001771,Female,60,Basic,9.99,35,36.6,15,3,2,0,0
OTT-001772,Female,48,Basic,9.99,9,35.4,22,4,3,0,0
OTT-001773,Male,69,Standard,15.49,35,56.9,3,5,3,3,1
OTT-001774,Female,26,Standard,15.49,14,61.5,3,1,5,0,0
OTT-001775,Male,52,Basic,9.99,36,6.7,3,2,4,0,0
OTT-001776,Female,50,Basic,9.99,49,61.0,23,5,1,2,0
OTT-001777,Male,42,Basic,9.99,31,71.5,6,3,4,1,0
OTT-001778,Male,65,Premium,22.99,5,21.7,17,5,5,0,0
OTT-001779,Female,37,Basic,9.99,1,74.8,16,1,5,1,0
OTT-001780,Female,25,Standard,15.49,25,37.7,5,1,2,0,0
OTT-001781,Male,24,Basic,9.99,47,59.8,16,3,2,0,0
OTT-001782,Male,41,Premium,22.99,49,56.6,10,5,4,0,0
OTT-001783,Male,58,Premium,22.99,32,34.7,17,2,2,0,0
OTT-001784,Female,40,Premium,22.99,30,43.8,8,5,1,0,0
OTT-001785,Male,65,Basic,9.99,26,55.7,4,3,4,2,0
OTT-001786,Female,30,Standard,15.49,56,20.6,0,4,5,0,0
OTT-001787,Female,66,Standard,15.49,57,32.7,5,4,1,0,0
OTT-001788,Female,54,Standard,15.49,57,32.3,24,4,5,0,0
OTT-001789,Male,69,Basic,9.99,19,17.5,23,3,1,1,1
OTT-001790,Female,48,Premium,22.99,55,45.1,9,3,1,1,0
OTT-001791,Female,57,Premium,22.99,37,45.0,0,1,3,2,0
OTT-001792,Male,49,Basic,9.99,41,30.6,5,1,5,0,0
OTT-001793,Male,49,Premium,22.99,3,1.0,0,3,4,0,0
OTT-001794,Male,34,Standard,15.49,36,50.0,7,2,1,0,0
OTT-001795,Male,59,Standard,15.49,19,50.1,9,3,2,0,0
OTT-001796,Female,22,Standard,15.49,14,31.8,2,4,4,0,0
OTT-001797,Male,50,Standard,15.49,42,1.0,8,1,2,0,0
OTT-001798,Female,61,Basic,9.99,33,35.4,6,5,1,2,0
OTT-001799,Male,66,Premium,22.99,51,91.4,7,5,3,1,0
OTT-001800,Male,60,Premium,22.99,40,70.0,7,4,5,0,0
OTT-001801,Male,54,Basic,9.99,36,60.4,2,3,4,1,0
OTT-001802,Female,54,Standard,15.49,49,43.9,5,2,2,1,0
OTT-001803,Female,46,Basic,9.99,43,58.5,23,1,4,1,0
OTT-001804,Male,60,Standard,15.49,36,82.1,14,2,1,0,0
OTT-001805,Male,60,Standard,15.49,7,82.4,0,1,5,2,0
OTT-001806,Male,54,Premium,22.99,2,4.0,6,5,3,2,1
OTT-001807,Female,46,Standard,15.49,11,59.9,19,1,3,0,0
OTT-001808,Male,63,Premium,22.99,17,5.0,5,1,3,0,0
OTT-001809,Male,33,Standard,15.49,17,10.9,12,3,1,0,0
OTT-001810,Male,54,Standard,15.49,44,62.4,0,1,5,0,0
OTT-001811,Female,68,Standard,15.49,5,66.0,6,4,4,1,0
OTT-001812,Female,52,Basic,9.99,36,54.0,3,2,1,3,0
OTT-001813,Female,24,Basic,9.99,41,68.0,10,3,1,1,0
OTT-001814,Female,52,Standard,15.49,15,83.8,24,3,2,0,0
OTT-001815,Female,19,Basic,9.99,23,75.5,6,2,4,0,0
OTT-001816,Male,18,Basic,9.99,21,45.9,6,1,4,0,0
OTT-001817,Female,56,Basic,9.99,58,20.0,24,5,3,1,1
OTT-001818,Female,21,Basic,9.99,28,71.5,9,4,3,1,0
OTT-001819,Female,47,Standard,15.49,31,39.6,0,3,4,1,0
OTT-001820,Female,63,Basic,9.99,11,63.5,28,1,4,1,0
OTT-001821,Female,39,Premium,22.99,12,41.1,19,4,4,1,0
OTT-001822,Female,24,Standard,15.49,58,60.1,17,5,3,1,0
OTT-001823,Female,39,Basic,9.99,42,3.1,24,4,2,0,1
OTT-001824,Female,55,Standard,15.49,55,33.8,15,1,3,0,0
OTT-001825,Female,64,Basic,9.99,12,4.2,9,4,3,0,1
OTT-001826,Female,37,Basic,9.99,25,50.3,1,2,3,0,0
OTT-001827,Female,36,Basic,9.99,17,80.9,27,2,4,0,0
OTT-001828,Female,60,Premium,22.99,6,22.5,3,1,4,1,1
OTT-001829,Female,23,Basic,9.99,8,45.5,1,4,3,1,0
OTT-001830,Female,25,Premium,22.99,15,43.8,2,3,2,0,0
OTT-001831,Female,32,Standard,15.49,35,65.3,11,2,1,1,0
OTT-001832,Female,46,Standard,15.49,50,36.4,12,2,3,0,0
OTT-001833,Male,24,Standard,15.49,40,1.0,19,5,3,1,1
OTT-001834,Female,67,Standard,15.49,13,74.5,10,5,5,0,0
OTT-001835,Female,34,Standard,15.49,45,47.7,21,4,1,1,0
OTT-001836,Male,36,Basic,9.99,36,1.0,6,4,2,1,0
OTT-001837,Male,28,Premium,22.99,57,89.3,12,5,4,0,0
OTT-001838,Male,37,Premium,22.99,5,76.6,1,1,4,0,0
OTT-001839,Female,46,Basic,9.99,32,61.6,7,1,1,0,0
OTT-001840,Female,24,Standard,15.49,17,68.8,4,1,1,1,0
OTT-001841,Male,51,Premium,22.99,23,47.5,7,2,2,0,0
OTT-001842,Female,45,Standard,15.49,23,84.4,8,2,4,1,0
OTT-001843,Male,61,Basic,9.99,3,12.1,2,4,2,0,0
OTT-001844,Female,36,Basic,9.99,24,35.4,6,1,4,0,0
OTT-001845,Male,60,Standard,15.49,33,60.3,3,3,4,0,0
OTT-001846,Female,36,Standard,15.49,16,33.8,3,3,1,0,0
OTT-001847,Female,19,Basic,9.99,35,65.4,18,3,2,1,0
OTT-001848,Male,45,Standard,15.49,30,41.4,1,5,4,0,0
OTT-001849,Female,34,Basic,9.99,34,77.6,1,3,5,0,0
OTT-001850,Male,43,Standard,15.49,39,39.7,22,3,1,1,0
OTT-001851,Female,28,Premium,22.99,1,24.4,21,2,3,0,1
OTT-001852,Female,53,Basic,9.99,19,39.4,22,1,4,1,1
OTT-001853,Female,31,Basic,9.99,26,41.3,9,4,5,1,0
OTT-001854,Male,54,Premium,22.99,41,37.6,0,3,4,0,0
OTT-001855,Male,67,Basic,9.99,39,68.9,24,1,3,0,0
OTT-001856,Female,36,Standard,15.49,37,102.4,10,2,3,0,0
OTT-001857,Female,31,Basic,9.99,27,52.4,4,5,4,0,0
OTT-001858,Female,55,Basic,9.99,50,40.5,2,5,1,0,0
OTT-001859,Male,62,Basic,9.99,35,31.4,6,2,1,0,0
OTT-001860,Male,23,Basic,9.99,40,67.8,1,2,1,0,0
OTT-001861,Male,37,Basic,9.99,25,1.7,16,3,4,1,0
OTT-001862,Female,64,Premium,22.99,1,18.1,4,3,5,1,0
OTT-001863,Male,44,Premium,22.99,27,55.1,24,4,5,0,0
OTT-001864,Male,32,Standard,15.49,45,38.3,0,1,3,0,0
OTT-001865,Female,49,Standard,15.49,4,55.3,5,4,1,0,0
OTT-001866,Male,32,Basic,9.99,5,48.2,9,5,1,0,0
OTT-001867,Female,43,Basic,9.99,15,51.2,10,3,4,0,0
OTT-001868,Female,54,Basic,9.99,21,56.5,28,3,3,0,0
OTT-001869,Female,34,Standard,15.49,11,5.6,3,3,3,1,1
OTT-001870,Female,69,Premium,22.99,43,64.4,12,4,3,1,0
OTT-001871,Female,35,Basic,9.99,38,60.2,0,2,5,1,0
OTT-001872,Female,57,Premium,22.99,4,62.6,0,1,2,0,0
OTT-001873,Male,45,Premium,22.99,55,68.5,8,4,2,0,0
OTT-001874,Male,56,Basic,9.99,13,55.1,8,4,3,2,0
OTT-001875,Female,43,Standard,15.49,17,1.0,26,4,1,0,1
OTT-001876,Female,67,Basic,9.99,33,34.9,8,3,3,1,0
OTT-001877,Female,58,Standard,15.49,53,64.5,15,5,1,1,0
OTT-001878,Female,59,Basic,9.99,41,74.8,5,3,5,0,0
OTT-001879,Female,58,Premium,22.99,11,1.0,10,2,4,1,0
OTT-001880,Male,45,Basic,9.99,36,27.4,3,4,4,0,0
OTT-001881,Male,20,Basic,9.99,11,54.3,1,1,1,1,0
OTT-001882,Male,33,Standard,15.49,29,1.0,6,2,1,0,0
OTT-001883,Male,24,Premium,22.99,3,71.3,1,5,3,1,0
OTT-001884,Male,22,Basic,9.99,36,48.1,20,5,5,0,0
OTT-001885,Female,62,Premium,22.99,41,25.8,4,1,5,0,0
OTT-001886,Female,64,Basic,9.99,34,1.0,2,1,2,1,0
OTT-001887,Male,22,Standard,15.49,41,48.1,15,1,2,0,0
OTT-001888,Male,61,Basic,9.99,5,28.4,7,1,3,1,0
OTT-001889,Female,48,Standard,15.49,57,58.9,8,5,1,1,0
OTT-001890,Female,33,Basic,9.99,42,68.9,13,2,2,1,0
OTT-001891,Female,18,Standard,15.49,37,48.3,11,2,2,1,0
OTT-001892,Female,49,Basic,9.99,23,51.3,2,3,5,0,0
OTT-001893,Female,49,Basic,9.99,4,61.9,14,5,2,0,0
OTT-001894,Female,44,Basic,9.99,39,41.1,15,2,3,1,0
OTT-001895,Male,36,Premium,22.99,57,30.6,7,4,4,1,0
OTT-001896,Male,24,Standard,15.49,31,47.9,5,1,5,1,0
OTT-001897,Male,28,Premium,22.99,18,26.8,0,3,3,0,0
OTT-001898,Male,66,Basic,9.99,3,41.4,7,1,5,1,0
OTT-001899,Male,36,Premium,22.99,48,47.7,3,1,3,1,0
OTT-001900,Male,42,Standard,15.49,59,60.8,45,1,1,1,0
OTT-001901,Female,57,Basic,9.99,7,51.4,0,4,3,0,0
OTT-001902,Female,31,Basic,9.99,42,1.0,5,1,4,0,0
OTT-001903,Male,56,Standard,15.49,36,71.1,4,1,1,0,0
OTT-001904,Female,26,Premium,22.99,26,19.4,6,4,1,0,0
OTT-001905,Male,56,Basic,9.99,43,27.3,6,4,3,0,0
OTT-001906,Male,67,Premium,22.99,4,39.6,18,5,2,1,1
OTT-001907,Female,62,Basic,9.99,36,23.6,2,3,1,0,0
OTT-001908,Male,34,Standard,15.49,28,27.4,6,5,5,0,0
OTT-001909,Female,18,Premium,22.99,47,14.9,9,4,3,0,0
OTT-001910,Female,43,Basic,9.99,13,21.7,9,2,4,1,0
OTT-001911,Male,31,Standard,15.49,42,23.3,15,4,5,1,0
OTT-001912,Female,68,Standard,15.49,55,43.4,18,5,1,0,0
OTT-001913,Male,58,Basic,9.99,15,6.3,15,3,2,2,1
OTT-001914,Male,62,Basic,9.99,6,38.6,10,4,4,3,1
OTT-001915,Female,35,Basic,9.99,53,28.1,11,4,5,0,0
OTT-001916,Male,30,Standard,15.49,12,84.8,3,1,3,0,0
OTT-001917,Male,40,Standard,15.49,51,28.6,8,1,3,0,0
OTT-001918,Male,30,Standard,15.49,2,65.4,0,1,1,0,0
OTT-001919,Female,40,Standard,15.49,1,68.0,12,1,4,3,0
OTT-001920,Male,29,Basic,9.99,22,33.5,2,4,5,1,0
OTT-001921,Male,58,Standard,15.49,57,67.4,22,4,5,0,0
OTT-001922,Male,57,Premium,22.99,52,59.4,27,3,5,1,0
OTT-001923,Male,46,Standard,15.49,28,44.4,12,1,5,0,0
OTT-001924,Male,21,Basic,9.99,54,51.6,4,3,1,0,0
OTT-001925,Female,39,Basic,9.99,5,29.2,8,5,4,0,0
OTT-001926,Male,22,Basic,9.99,51,54.8,9,2,4,1,0
OTT-001927,Male,50,Standard,15.49,17,34.5,5,5,5,0,0
OTT-001928,Male,25,Standard,15.49,50,72.6,6,5,4,1,0
OTT-001929,Female,67,Standard,15.49,18,39.0,2,1,3,1,0
OTT-001930,Male,38,Basic,9.99,22,61.9,13,5,2,0,0
OTT-001931,Female,54,Basic,9.99,58,110.8,20,4,4,0,0
OTT-001932,Male,40,Premium,22.99,20,19.7,0,3,2,0,0
OTT-001933,Male,62,Basic,9.99,54,95.8,40,4,3,0,0
OTT-001934,Female,58,Standard,15.49,1,68.4,0,1,1,0,0
OTT-001935,Male,50,Standard,15.49,59,35.4,39,2,2,1,0
OTT-001936,Male,40,Premium,22.99,4,24.3,3,5,2,2,0
OTT-001937,Male,39,Standard,15.49,58,50.2,26,1,5,0,0
OTT-001938,Female,42,Standard,15.49,6,1.0,2,2,1,0,1
OTT-001939,Female,35,Basic,9.99,37,24.4,10,2,2,0,1
OTT-001940,Male,41,Basic,9.99,8,89.9,3,5,5,1,0
OTT-001941,Male,22,Standard,15.49,6,1.0,4,3,4,1,1
OTT-001942,Female,41,Basic,9.99,40,23.3,7,1,1,1,0
OTT-001943,Male,44,Standard,15.49,39,51.5,8,4,2,0,0
OTT-001944,Male,59,Basic,9.99,16,28.6,3,1,4,0,0
OTT-001945,Female,60,Basic,9.99,4,65.9,6,4,3,0,0
OTT-001946,Male,59,Basic,9.99,1,44.1,25,2,5,0,0
OTT-001947,Female,40,Standard,15.49,42,52.1,23,1,3,0,0
OTT-001948,Female,63,Basic,9.99,2,42.5,1,4,3,0,0
OTT-001949,Female,26,Standard,15.49,48,13.6,33,2,3,0,0
OTT-001950,Female,56,Standard,15.49,13,32.7,34,3,3,3,1
OTT-001951,Male,32,Basic,9.99,13,63.9,1,5,4,1,0
OTT-001952,Male,38,Standard,15.49,57,5.3,5,3,2,0,0
OTT-001953,Male,44,Premium,22.99,34,40.5,1,2,2,2,0
OTT-001954,Female,22,Basic,9.99,28,62.8,7,3,4,0,0
OTT-001955,Male,58,Premium,22.99,27,39.0,5,4,1,2,0
OTT-001956,Female,27,Standard,15.49,59,43.9,18,5,1,1,0
OTT-001957,Female,64,Standard,15.49,7,1.7,9,5,1,0,1
OTT-001958,Female,53,Basic,9.99,17,39.3,0,4,2,1,0
OTT-001959,Male,44,Basic,9.99,39,56.3,27,2,3,1,0
OTT-001960,Female,31,Standard,15.49,59,51.0,12,5,2,0,0
OTT-001961,Male,41,Standard,15.49,17,57.5,0,1,3,3,0
OTT-001962,Male,46,Basic,9.99,49,1.0,3,5,5,3,1
OTT-001963,Female,23,Basic,9.99,25,72.6,3,3,3,1,0
OTT-001964,Male,56,Standard,15.49,37,56.0,6,2,4,1,0
OTT-001965,Male,29,Standard,15.49,13,19.0,14,4,3,1,0
OTT-001966,Female,45,Premium,22.99,24,49.4,24,5,2,0,0
OTT-001967,Male,52,Standard,15.49,27,54.2,13,4,3,0,0
OTT-001968,Female,52,Premium,22.99,53,62.2,11,3,3,1,0
OTT-001969,Male,66,Standard,15.49,45,42.4,2,3,4,0,0
OTT-001970,Male,68,Premium,22.99,52,47.3,10,3,5,0,0
OTT-001971,Male,23,Basic,9.99,18,31.6,12,4,5,2,1
OTT-001972,Female,61,Basic,9.99,38,28.8,7,3,1,1,0
OTT-001973,Male,29,Premium,22.99,18,45.4,7,2,1,1,0
OTT-001974,Female,18,Premium,22.99,53,21.3,3,1,5,1,0
OTT-001975,Female,56,Standard,15.49,49,73.6,23,4,1,0,0
OTT-001976,Female,64,Standard,15.49,58,1.0,2,1,4,2,0
OTT-001977,Male,30,Premium,22.99,50,32.8,11,3,2,0,0
OTT-001978,Male,40,Standard,15.49,26,63.9,8,3,5,0,0
OTT-001979,Female,27,Standard,15.49,6,44.4,1,5,4,1,0
OTT-001980,Male,50,Basic,9.99,28,43.6,42,5,3,0,0
OTT-001981,Male,28,Basic,9.99,31,54.3,18,1,1,2,0
OTT-001982,Male,25,Basic,9.99,29,38.5,28,3,1,3,1
OTT-001983,Male,45,Basic,9.99,13,59.6,19,4,1,2,1
OTT-001984,Female,57,Basic,9.99,55,40.4,27,2,3,0,0
OTT-001985,Male,42,Standard,15.49,56,47.3,8,5,4,1,0
OTT-001986,Male,25,Basic,9.99,36,20.5,6,2,3,1,0
OTT-001987,Female,39,Premium,22.99,7,37.8,12,4,2,0,0
OTT-001988,Male,61,Basic,9.99,44,46.1,0,4,4,0,0
OTT-001989,Female,42,Basic,9.99,50,43.8,0,2,3,1,0
OTT-001990,Male,32,Premium,22.99,38,109.6,9,4,4,1,0
OTT-001991,Male,23,Standard,15.49,39,19.6,9,5,1,0,0
OTT-001992,Female,56,Standard,15.49,4,21.7,5,1,4,0,0
OTT-001993,Male,57,Basic,9.99,28,18.1,2,1,3,0,0
OTT-001994,Male,69,Premium,22.99,16,59.4,13,4,4,2,0
OTT-001995,Female,28,Premium,22.99,20,54.1,5,5,3,2,0
OTT-001996,Female,30,Premium,22.99,46,36.6,1,2,5,0,0
OTT-001997,Female,57,Standard,15.49,37,52.7,10,5,3,2,0
OTT-001998,Male,34,Premium,22.99,13,58.8,10,1,3,0,0
OTT-001999,Female,39,Standard,15.49,21,23.6,11,4,5,1,0
OTT-002000,Male,41,Premium,22.99,56,83.6,16,2,5,0,0
OTT-002001,Male,48,Basic,9.99,32,30.4,3,3,5,1,0
OTT-002002,Female,22,Standard,15.49,27,61.7,8,1,1,2,0
OTT-002003,Female,52,Standard,15.49,17,26.7,72,2,4,0,1
OTT-002004,Male,18,Basic,9.99,11,71.9,32,3,3,1,0
OTT-002005,Male,54,Basic,9.99,8,101.7,14,4,5,0,0
OTT-002006,Female,21,Standard,15.49,47,49.2,16,5,3,1,0
OTT-002007,Female,25,Standard,15.49,2,8.1,12,5,5,0,1
OTT-002008,Male,33,Standard,15.49,41,60.0,6,4,5,0,0
OTT-002009,Male,68,Standard,15.49,35,57.6,11,1,4,1,0
OTT-002010,Female,64,Basic,9.99,28,26.1,14,5,1,1,0
OTT-002011,Female,58,Standard,15.49,51,39.7,3,3,2,0,0
OTT-002012,Female,36,Standard,15.49,9,55.4,9,3,5,0,0
OTT-002013,Male,32,Standard,15.49,13,1.0,48,4,5,1,1
OTT-002014,Female,66,Standard,15.49,21,42.7,24,3,5,0,0
OTT-002015,Male,65,Standard,15.49,47,99.0,20,3,3,1,0
OTT-002016,Male,34,Standard,15.49,38,45.3,5,5,2,0,0
OTT-002017,Male,23,Premium,22.99,14,66.1,11,5,1,1,0
OTT-002018,Female,37,Standard,15.49,27,60.0,4,5,5,1,0
OTT-002019,Male,48,Premium,22.99,35,45.2,2,5,2,1,0
OTT-002020,Male,64,Standard,15.49,30,14.3,11,2,3,0,0
OTT-002021,Male,30,Standard,15.49,53,46.5,11,3,2,3,0
OTT-002022,Female,52,Standard,15.49,49,53.2,5,5,4,1,0
OTT-002023,Female,64,Premium,22.99,51,101.5,25,3,2,2,0
OTT-002024,Male,44,Standard,15.49,43,33.1,20,3,3,0,0
OTT-002025,Male,37,Basic,9.99,43,29.3,0,4,2,0,0
OTT-002026,Female,66,Standard,15.49,14,19.4,4,4,5,1,0
OTT-002027,Female,25,Basic,9.99,36,81.2,1,1,3,0,0
OTT-002028,Female,23,Basic,9.99,46,62.8,28,5,3,1,0
OTT-002029,Female,34,Premium,22.99,37,35.7,24,3,2,0,0
OTT-002030,Male,50,Standard,15.49,38,43.3,4,5,5,2,0
OTT-002031,Male,49,Premium,22.99,29,70.1,15,1,3,0,0
OTT-002032,Female,48,Premium,22.99,38,46.8,13,5,4,3,1
OTT-002033,Male,41,Standard,15.49,53,54.3,2,2,3,0,0
OTT-002034,Male,31,Standard,15.49,46,50.9,2,5,4,0,0
OTT-002035,Female,59,Basic,9.99,38,8.8,12,4,1,1,0
OTT-002036,Female,60,Standard,15.49,56,11.0,2,5,2,0,0
OTT-002037,Female,30,Standard,15.49,52,51.2,17,5,2,0,0
OTT-002038,Female,50,Standard,15.49,17,28.1,5,1,2,1,0
OTT-002039,Female,48,Basic,9.99,55,35.0,3,5,3,0,0
OTT-002040,Female,44,Standard,15.49,41,9.5,7,5,5,1,1
OTT-002041,Male,29,Standard,15.49,18,1.0,2,5,1,0,0
OTT-002042,Female,67,Standard,15.49,9,64.8,18,3,3,0,0
OTT-002043,Female,41,Standard,15.49,32,27.0,16,3,5,1,0
OTT-002044,Female,24,Premium,22.99,58,44.1,14,4,3,0,0
OTT-002045,Female,53,Basic,9.99,26,46.5,14,3,2,1,0
OTT-002046,Female,57,Basic,9.99,20,18.1,13,1,4,1,0
OTT-002047,Female,28,Basic,9.99,57,65.7,19,5,2,0,0
OTT-002048,Male,52,Premium,22.99,58,38.6,4,3,4,0,0
OTT-002049,Female,68,Premium,22.99,27,39.0,41,3,1,1,1
OTT-002050,Male,65,Premium,22.99,27,37.7,3,5,1,3,1
OTT-002051,Female,58,Standard,15.49,10,40.1,0,4,5,1,0
OTT-002052,Male,67,Basic,9.99,56,47.0,13,3,2,0,0
OTT-002053,Female,23,Premium,22.99,37,26.4,3,1,5,0,0
OTT-002054,Male,34,Premium,22.99,42,84.0,11,3,4,0,0
OTT-002055,Female,47,Basic,9.99,33,14.4,10,5,4,0,0
OTT-002056,Female,64,Standard,15.49,54,72.2,2,3,3,1,0
OTT-002057,Female,47,Premium,22.99,54,18.8,4,2,1,0,0
OTT-002058,Male,18,Standard,15.49,37,25.1,1,2,1,1,0
OTT-002059,Female,47,Basic,9.99,50,72.6,4,2,1,1,0
OTT-002060,Female,40,Standard,15.49,11,1.0,5,2,1,0,0
OTT-002061,Female,45,Basic,9.99,15,59.0,2,3,2,1,0
OTT-002062,Female,56,Basic,9.99,35,10.9,4,3,3,0,0
OTT-002063,Male,60,Standard,15.49,36,61.0,12,3,2,0,0
OTT-002064,Male,52,Standard,15.49,19,56.0,3,1,4,1,0
OTT-002065,Male,18,Premium,22.99,44,48.4,2,2,3,1,0
OTT-002066,Male,29,Basic,9.99,3,60.0,0,3,3,0,0
OTT-002067,Female,69,Standard,15.49,57,70.3,1,2,1,0,0
OTT-002068,Male,36,Standard,15.49,7,35.4,3,4,4,1,0
OTT-002069,Female,21,Standard,15.49,12,1.0,1,3,1,2,1
OTT-002070,Female,41,Basic,9.99,44,57.1,17,2,5,0,0
OTT-002071,Male,25,Basic,9.99,38,1.0,39,1,3,0,1
OTT-002072,Female,55,Basic,9.99,38,65.3,3,1,4,0,0
OTT-002073,Male,47,Premium,22.99,29,80.8,14,1,1,0,0
OTT-002074,Male,51,Basic,9.99,41,73.2,19,5,5,0,0
OTT-002075,Male,67,Standard,15.49,24,72.9,15,3,4,1,0
OTT-002076,Male,37,Basic,9.99,47,25.1,35,4,1,3,1
OTT-002077,Female,48,Standard,15.49,17,57.9,5,3,1,1,0
OTT-002078,Female,60,Premium,22.99,45,46.6,0,5,3,0,0
OTT-002079,Female,26,Basic,9.99,2,30.2,3,3,1,0,0
OTT-002080,Female,65,Standard,15.49,17,50.0,4,5,4,2,0
OTT-002081,Male,63,Basic,9.99,22,17.2,10,5,3,2,0
OTT-002082,Female,48,Standard,15.49,29,72.1,13,4,3,1,0
OTT-002083,Male,21,Basic,9.99,3,19.5,11,5,3,1,1
OTT-002084,Female,38,Basic,9.99,13,46.6,17,3,4,0,0
OTT-002085,Female,58,Premium,22.99,51,61.4,1,4,4,1,0
OTT-002086,Female,19,Standard,15.49,43,45.8,9,5,3,0,0
OTT-002087,Female,27,Premium,22.99,39,40.0,11,3,1,0,0
OTT-002088,Male,18,Basic,9.99,52,88.0,2,3,3,0,0
OTT-002089,Male,21,Basic,9.99,38,73.4,3,2,3,0,0
OTT-002090,Female,26,Standard,15.49,35,1.0,0,2,2,1,0
OTT-002091,Female,65,Standard,15.49,54,56.3,5,2,5,0,0
OTT-002092,Male,34,Basic,9.99,48,32.3,9,4,4,0,0
OTT-002093,Male,43,Basic,9.99,57,61.0,16,2,5,1,0
OTT-002094,Female,43,Premium,22.99,20,20.7,3,1,5,0,0
OTT-002095,Female,52,Basic,9.99,5,45.4,3,5,5,2,1
OTT-002096,Female,19,Standard,15.49,2,53.6,10,1,4,0,0
OTT-002097,Female,41,Standard,15.49,25,31.9,5,3,1,3,1
OTT-002098,Female,69,Standard,15.49,9,43.3,4,4,2,0,0
OTT-002099,Male,59,Basic,9.99,19,25.5,23,3,5,0,1
OTT-002100,Female,60,Standard,15.49,47,16.2,0,2,2,0,0
OTT-002101,Female,26,Basic,9.99,53,33.4,9,4,1,0,0
OTT-002102,Female,48,Basic,9.99,38,15.9,12,3,3,0,0
OTT-002103,Male,28,Standard,15.49,5,28.2,26,2,1,0,1
OTT-002104,Male,47,Standard,15.49,10,55.2,19,1,2,0,0
OTT-002105,Male,49,Standard,15.49,15,72.7,2,3,2,1,0
OTT-002106,Female,65,Basic,9.99,50,44.9,15,5,4,0,0
OTT-002107,Male,32,Standard,15.49,30,1.0,0,1,4,1,0
OTT-002108,Female,62,Standard,15.49,49,9.7,6,4,4,0,0
OTT-002109,Male,63,Standard,15.49,34,38.0,24,5,5,0,0
OTT-002110,Male,63,Basic,9.99,1,48.5,4,4,2,0,0
OTT-002111,Female,47,Standard,15.49,44,84.0,4,1,4,1,0
OTT-002112,Female,33,Basic,9.99,22,24.2,2,1,4,0,0
OTT-002113,Male,18,Standard,15.49,46,65.1,4,3,5,1,0
OTT-002114,Female,20,Standard,15.49,26,59.7,2,4,4,1,0
OTT-002115,Female,46,Basic,9.99,16,102.6,6,4,5,0,0
OTT-002116,Male,38,Standard,15.49,41,68.2,16,4,4,1,0
OTT-002117,Male,39,Basic,9.99,34,24.6,15,3,1,3,1
OTT-002118,Female,41,Standard,15.49,48,40.2,9,5,2,2,0
OTT-002119,Male,62,Premium,22.99,5,38.5,5,5,5,0,0
OTT-002120,Female,23,Standard,15.49,6,31.1,7,5,3,0,0
OTT-002121,Male,66,Basic,9.99,11,46.6,17,1,4,1,0
OTT-002122,Female,32,Standard,15.49,27,75.4,25,5,4,1,0
OTT-002123,Male,21,Basic,9.99,32,99.5,5,4,3,0,0
OTT-002124,Female,66,Standard,15.49,56,1.0,11,3,4,1,0
OTT-002125,Male,69,Standard,15.49,10,66.9,17,2,5,1,0
OTT-002126,Male,66,Premium,22.99,5,27.4,13,2,4,0,0
OTT-002127,Male,36,Premium,22.99,51,41.5,14,1,5,0,0
OTT-002128,Male,43,Standard,15.49,22,21.8,5,5,5,0,0
OTT-002129,Male,41,Premium,22.99,22,1.0,15,3,2,1,0
OTT-002130,Female,63,Basic,9.99,5,47.5,3,3,2,0,0
OTT-002131,Female,19,Standard,15.49,2,17.3,5,1,3,1,0
OTT-002132,Male,24,Premium,22.99,7,65.9,1,4,2,0,0
OTT-002133,Female,23,Premium,22.99,6,49.6,8,2,1,0,0
OTT-002134,Male,31,Premium,22.99,33,13.5,14,3,1,1,1
OTT-002135,Male,20,Basic,9.99,23,50.9,5,1,3,0,0
OTT-002136,Female,43,Basic,9.99,35,59.7,10,5,1,1,0
OTT-002137,Female,43,Basic,9.99,7,40.4,14,4,5,0,0
OTT-002138,Male,58,Standard,15.49,43,10.8,8,1,4,1,1
OTT-002139,Female,18,Standard,15.49,50,15.0,21,4,2,0,0
OTT-002140,Male,45,Basic,9.99,3,82.4,21,5,5,0,0
OTT-002141,Male,36,Premium,22.99,40,60.8,39,3,4,1,0
OTT-002142,Male,32,Standard,15.49,57,45.7,9,4,2,2,0
OTT-002143,Female,30,Standard,15.49,22,1.7,6,1,1,0,1
OTT-002144,Male,61,Standard,15.49,47,75.3,3,3,3,0,0
OTT-002145,Male,53,Standard,15.49,49,45.7,37,4,4,1,0
OTT-002146,Female,29,Standard,15.49,48,64.0,2,5,3,1,0
OTT-002147,Female,29,Standard,15.49,13,41.9,2,1,2,1,0
OTT-002148,Female,61,Standard,15.49,9,61.9,0,2,4,0,0
OTT-002149,Female,41,Basic,9.99,47,55.6,19,4,2,0,0
OTT-002150,Female,21,Basic,9.99,49,75.1,13,4,1,0,0
OTT-002151,Male,62,Basic,9.99,36,43.0,1,2,1,0,0
OTT-002152,Male,29,Basic,9.99,23,26.7,4,2,5,0,0
OTT-002153,Female,21,Basic,9.99,39,53.6,18,3,2,1,0
OTT-002154,Male,64,Basic,9.99,24,61.5,9,4,1,0,0
OTT-002155,Male,55,Basic,9.99,7,26.6,7,4,1,0,0
OTT-002156,Male,38,Basic,9.99,45,48.3,1,5,5,0,0
OTT-002157,Female,35,Standard,15.49,20,86.0,23,1,4,2,0
OTT-002158,Female,51,Basic,9.99,23,17.1,11,5,5,0,0
OTT-002159,Female,38,Standard,15.49,19,81.2,7,3,2,1,0
OTT-002160,Female,35,Premium,22.99,14,47.3,30,4,3,1,0
OTT-002161,Female,44,Standard,15.49,11,1.0,0,2,4,0,0
OTT-002162,Male,40,Basic,9.99,20,71.9,10,5,3,2,0
OTT-002163,Male,57,Standard,15.49,6,88.9,2,2,5,1,0
OTT-002164,Female,58,Standard,15.49,59,45.9,9,1,4,0,0
OTT-002165,Male,48,Premium,22.99,36,36.3,18,5,3,0,0
OTT-002166,Male,23,Standard,15.49,10,43.3,9,1,4,0,0
OTT-002167,Male,44,Standard,15.49,24,12.2,2,3,1,1,1
OTT-002168,Male,62,Basic,9.99,11,49.4,33,3,2,1,1
OTT-002169,Male,53,Premium,22.99,48,53.4,14,3,5,0,0
OTT-002170,Female,68,Basic,9.99,39,7.7,8,1,2,1,0
OTT-002171,Male,62,Premium,22.99,47,65.4,49,1,4,3,1
OTT-002172,Male,23,Standard,15.49,24,72.7,3,4,3,1,0
OTT-002173,Female,46,Premium,22.99,29,65.9,5,1,4,2,0
OTT-002174,Male,48,Basic,9.99,52,73.1,48,5,5,1,0
OTT-002175,Female,66,Basic,9.99,9,55.0,4,4,5,0,0
OTT-002176,Female,66,Premium,22.99,58,30.7,33,1,5,1,0
OTT-002177,Female,59,Basic,9.99,18,30.7,6,5,1,0,0
OTT-002178,Male,68,Basic,9.99,24,37.7,11,4,4,0,0
OTT-002179,Female,54,Basic,9.99,1,18.0,18,2,4,0,1
OTT-002180,Female,69,Basic,9.99,27,44.9,5,3,5,0,0
OTT-002181,Female,36,Standard,15.49,4,58.3,1,2,3,0,0
OTT-002182,Male,53,Basic,9.99,56,40.2,7,2,1,0,0
OTT-002183,Female,22,Premium,22.99,50,61.3,14,2,1,0,0
OTT-002184,Female,38,Standard,15.49,6,15.5,1,3,5,0,0
OTT-002185,Female,29,Standard,15.49,10,50.1,44,4,4,0,0
OTT-002186,Male,52,Standard,15.49,24,30.7,8,1,3,1,0
OTT-002187,Male,60,Basic,9.99,30,20.2,4,1,1,1,0
OTT-002188,Male,33,Basic,9.99,27,15.7,3,2,2,0,0
OTT-002189,Female,33,Standard,15.49,59,72.4,11,4,1,1,0
OTT-002190,Male,38,Premium,22.99,30,49.9,13,5,2,0,0
OTT-002191,Male,21,Basic,9.99,37,55.9,28,3,1,0,0
OTT-002192,Male,51,Standard,15.49,1,20.5,2,4,1,1,0
OTT-002193,Male,60,Standard,15.49,48,56.3,28,1,2,1,0
OTT-002194,Female,36,Basic,9.99,38,30.9,12,3,5,1,0
OTT-002195,Female,21,Premium,22.99,27,69.3,5,1,2,2,0
OTT-002196,Male,33,Standard,15.49,13,21.6,16,2,1,0,1
OTT-002197,Female,20,Standard,15.49,51,48.1,2,5,1,0,0
OTT-002198,Female,40,Standard,15.49,20,21.7,28,2,3,0,0
OTT-002199,Female,50,Premium,22.99,49,74.2,8,5,2,0,0
OTT-002200,Female,47,Standard,15.49,20,42.9,3,5,3,1,0
OTT-002201,Male,39,Basic,9.99,3,90.7,6,1,3,3,0
OTT-002202,Female,41,Premium,22.99,44,39.7,11,5,5,1,0
OTT-002203,Female,68,Basic,9.99,29,16.1,4,2,2,1,0
OTT-002204,Male,25,Premium,22.99,24,54.2,14,1,3,1,0
OTT-002205,Female,19,Basic,9.99,40,46.7,8,5,4,0,0
OTT-002206,Female,69,Basic,9.99,5,68.2,2,1,5,0,0
OTT-002207,Female,32,Standard,15.49,33,97.8,32,1,2,0,0
OTT-002208,Female,22,Premium,22.99,30,87.9,3,2,4,0,0
OTT-002209,Female,60,Basic,9.99,25,54.0,7,1,3,0,0
OTT-002210,Female,60,Standard,15.49,34,72.1,7,3,4,0,0
OTT-002211,Female,19,Standard,15.49,55,47.6,7,4,4,0,0
OTT-002212,Male,59,Basic,9.99,45,11.3,3,4,1,0,0
OTT-002213,Female,35,Standard,15.49,54,50.9,16,5,1,1,0
OTT-002214,Female,28,Standard,15.49,40,73.3,2,3,4,0,0
OTT-002215,Female,42,Basic,9.99,5,45.4,8,1,4,0,0
OTT-002216,Female,31,Standard,15.49,57,66.4,11,2,5,1,0
OTT-002217,Female,27,Standard,15.49,37,39.5,6,4,3,0,0
OTT-002218,Female,43,Premium,22.99,50,66.7,56,3,4,3,1
OTT-002219,Male,40,Standard,15.49,58,28.2,20,1,1,1,0
OTT-002220,Male,43,Basic,9.99,42,74.2,14,1,1,1,0
OTT-002221,Male,50,Basic,9.99,57,39.6,10,2,1,0,0
OTT-002222,Female,38,Standard,15.49,18,75.3,5,5,2,1,0
OTT-002223,Female,50,Standard,15.49,27,60.5,38,5,1,1,0
OTT-002224,Female,42,Premium,22.99,49,27.3,9,5,1,0,0
OTT-002225,Male,48,Standard,15.49,15,45.7,3,3,4,0,0
OTT-002226,Female,52,Premium,22.99,18,80.9,22,5,2,0,0
OTT-002227,Female,60,Basic,9.99,50,34.5,46,4,1,0,1
OTT-002228,Male,33,Basic,9.99,51,79.7,16,1,5,0,0
OTT-002229,Male,23,Standard,15.49,14,34.7,1,5,4,1,0
OTT-002230,Female,19,Standard,15.49,20,1.0,44,3,1,2,1
OTT-002231,Male,49,Basic,9.99,8,39.8,9,3,2,0,1
OTT-002232,Male,19,Basic,9.99,36,50.7,6,2,2,2,0
OTT-002233,Male,58,Standard,15.49,34,68.8,1,2,2,1,0
OTT-002234,Female,56,Basic,9.99,1,76.6,4,4,3,0,0
OTT-002235,Female,65,Premium,22.99,28,1.0,30,2,2,1,1
OTT-002236,Female,65,Basic,9.99,21,21.8,7,3,5,0,0
OTT-002237,Male,68,Basic,9.99,11,11.0,4,2,4,0,1
OTT-002238,Male,24,Premium,22.99,1,77.5,3,4,4,0,0
OTT-002239,Female,61,Basic,9.99,46,57.2,49,1,3,1,0
OTT-002240,Male,19,Standard,15.49,42,21.6,6,2,2,0,0
OTT-002241,Female,29,Basic,9.99,14,49.6,7,1,2,1,0
OTT-002242,Male,60,Basic,9.99,35,14.4,24,5,3,1,1
OTT-002243,Male,54,Basic,9.99,35,1.0,19,1,1,0,1
OTT-002244,Female,39,Premium,22.99,40,14.2,43,4,5,0,1
OTT-002245,Male,40,Standard,15.49,12,44.2,19,4,5,0,0
OTT-002246,Male,52,Basic,9.99,39,21.9,1,5,1,0,0
OTT-002247,Male,49,Standard,15.49,51,28.4,3,5,3,0,0
OTT-002248,Male,23,Standard,15.49,19,57.0,34,1,3,0,0
OTT-002249,Female,44,Standard,15.49,17,58.4,0,2,1,0,0
OTT-002250,Female,42,Standard,15.49,9,36.2,8,4,2,2,0
OTT-002251,Male,18,Premium,22.99,15,41.7,25,3,2,1,1
OTT-002252,Male,24,Basic,9.99,55,43.5,32,2,2,1,0
OTT-002253,Female,27,Standard,15.49,24,40.7,25,2,2,0,0
OTT-002254,Female,21,Basic,9.99,29,65.9,2,2,1,0,0
OTT-002255,Male,35,Basic,9.99,26,50.8,1,5,4,0,0
OTT-002256,Female,25,Standard,15.49,44,63.8,23,1,5,1,0
OTT-002257,Female,31,Standard,15.49,43,46.3,7,5,1,1,0
OTT-002258,Male,63,Basic,9.99,51,50.5,1,5,4,2,0
OTT-002259,Female,29,Basic,9.99,28,32.4,0,5,1,0,0
OTT-002260,Male,32,Basic,9.99,39,66.9,9,1,5,0,0
OTT-002261,Male,61,Basic,9.99,50,92.7,3,5,5,1,0
OTT-002262,Male,36,Basic,9.99,51,110.1,19,3,5,0,0
OTT-002263,Male,32,Basic,9.99,50,21.2,10,3,3,1,0
OTT-002264,Male,68,Basic,9.99,15,25.5,2,4,5,0,0
OTT-002265,Male,49,Premium,22.99,14,29.9,7,4,2,1,1
OTT-002266,Male,30,Basic,9.99,30,79.2,16,1,1,0,0
OTT-002267,Male,29,Basic,9.99,8,39.0,37,5,5,1,1
OTT-002268,Male,68,Standard,15.49,14,56.7,12,3,2,0,0
OTT-002269,Male,59,Standard,15.49,47,38.6,1,2,1,0,0
OTT-002270,Female,62,Basic,9.99,57,75.9,6,3,3,1,0
OTT-002271,Male,33,Basic,9.99,39,65.2,0,4,4,0,0
OTT-002272,Female,65,Premium,22.99,35,53.6,11,1,1,0,0
OTT-002273,Male,55,Standard,15.49,25,35.1,12,4,2,1,0
OTT-002274,Female,60,Standard,15.49,11,22.0,5,2,4,1,1
OTT-002275,Female,24,Standard,15.49,47,15.4,13,1,4,0,0
OTT-002276,Male,57,Standard,15.49,31,60.8,5,4,1,1,0
OTT-002277,Female,35,Standard,15.49,57,68.8,4,2,5,0,0
OTT-002278,Male,28,Basic,9.99,27,94.3,3,5,4,1,0
OTT-002279,Female,22,Standard,15.49,2,77.4,19,1,4,0,0
OTT-002280,Male,66,Standard,15.49,5,44.5,2,1,2,1,0
OTT-002281,Male,21,Basic,9.99,36,82.6,3,1,3,0,0
OTT-002282,Male,58,Basic,9.99,37,40.6,39,3,5,0,0
OTT-002283,Male,33,Standard,15.49,57,23.3,4,4,1,0,0
OTT-002284,Male,46,Basic,9.99,15,31.7,2,4,3,2,0
OTT-002285,Female,36,Standard,15.49,32,47.2,13,3,1,0,0
OTT-002286,Female,67,Premium,22.99,40,39.6,4,2,1,0,0
OTT-002287,Male,25,Basic,9.99,12,42.4,6,1,5,3,1
OTT-002288,Female,45,Premium,22.99,37,39.2,14,3,5,0,0
OTT-002289,Male,24,Basic,9.99,22,58.8,6,1,5,2,0
OTT-002290,Male,53,Standard,15.49,44,81.5,1,4,4,1,0
OTT-002291,Female,22,Standard,15.49,56,13.6,7,3,3,0,0
OTT-002292,Male,64,Standard,15.49,3,1.0,5,5,2,1,1
OTT-002293,Male,67,Standard,15.49,35,13.5,0,4,1,1,0
OTT-002294,Male,41,Basic,9.99,1,9.1,22,3,5,0,1
OTT-002295,Female,54,Premium,22.99,43,82.5,0,1,4,2,0
OTT-002296,Male,53,Standard,15.49,15,70.0,32,5,2,0,0
OTT-002297,Male,19,Premium,22.99,9,35.1,7,2,5,1,0
OTT-002298,Female,69,Basic,9.99,24,41.2,44,4,3,0,0
OTT-002299,Female,69,Standard,15.49,42,34.3,2,1,3,1,0
OTT-002300,Male,63,Standard,15.49,35,47.9,18,4,3,1,0
OTT-002301,Female,32,Standard,15.49,14,65.7,3,4,5,0,0
OTT-002302,Female,60,Premium,22.99,29,1.0,5,3,3,1,0
OTT-002303,Female,29,Standard,15.49,17,90.1,5,2,3,0,0
OTT-002304,Male,36,Standard,15.49,39,70.5,3,2,2,0,0
OTT-002305,Male,53,Standard,15.49,6,32.1,7,2,3,1,0
OTT-002306,Male,54,Standard,15.49,6,68.1,1,4,1,0,0
OTT-002307,Female,36,Premium,22.99,49,1.0,14,1,5,0,0
OTT-002308,Female,65,Premium,22.99,40,32.9,11,3,1,0,0
OTT-002309,Male,32,Basic,9.99,55,25.2,8,4,4,1,0
OTT-002310,Female,29,Basic,9.99,45,58.5,0,5,3,1,0
OTT-002311,Male,65,Standard,15.49,56,38.7,28,1,1,0,0
OTT-002312,Male,45,Premium,22.99,40,63.2,51,4,3,1,0
OTT-002313,Male,40,Standard,15.49,16,41.9,14,1,2,1,0
OTT-002314,Male,53,Basic,9.99,32,46.0,28,1,4,0,0
OTT-002315,Male,60,Premium,22.99,27,28.7,29,5,2,0,0
OTT-002316,Male,45,Premium,22.99,1,45.1,5,1,1,0,0
OTT-002317,Female,22,Standard,15.49,21,6.7,16,3,1,1,0
OTT-002318,Male,42,Standard,15.49,12,39.4,3,3,4,0,0
OTT-002319,Female,62,Standard,15.49,47,47.1,5,1,3,0,0
OTT-002320,Male,45,Basic,9.99,2,75.5,2,3,4,1,0
OTT-002321,Female,37,Basic,9.99,1,55.1,9,5,5,0,0
OTT-002322,Male,42,Standard,15.49,24,45.2,4,1,5,0,0
OTT-002323,Female,29,Standard,15.49,54,88.7,0,5,5,1,0
OTT-002324,Male,38,Basic,9.99,44,18.5,14,3,3,0,0
OTT-002325,Male,29,Premium,22.99,39,27.4,33,3,5,1,1
OTT-002326,Male,30,Basic,9.99,59,34.0,41,1,2,3,1
OTT-002327,Female,55,Standard,15.49,3,33.6,2,5,2,2,1
OTT-002328,Female,44,Premium,22.99,33,1.0,15,1,2,1,1
OTT-002329,Male,41,Basic,9.99,42,73.7,1,4,5,0,0
OTT-002330,Male,69,Premium,22.99,5,60.4,3,4,2,0,0
OTT-002331,Male,35,Basic,9.99,20,67.1,36,1,5,0,0
OTT-002332,Male,60,Basic,9.99,28,66.5,10,3,3,0,0
OTT-002333,Female,48,Premium,22.99,26,11.1,14,2,3,1,0
OTT-002334,Male,34,Premium,22.99,30,44.3,42,1,5,0,1
OTT-002335,Male,37,Basic,9.99,45,16.5,46,1,3,0,1
OTT-002336,Male,30,Premium,22.99,49,60.5,25,4,4,3,0
OTT-002337,Male,30,Basic,9.99,48,88.8,2,5,5,1,0
OTT-002338,Male,56,Basic,9.99,28,73.4,15,4,1,1,0
OTT-002339,Male,18,Basic,9.99,35,49.8,0,4,3,2,0
OTT-002340,Male,20,Standard,15.49,9,42.4,1,2,2,0,0
OTT-002341,Male,65,Standard,15.49,7,37.6,0,5,3,1,0
OTT-002342,Male,39,Basic,9.99,10,63.0,3,5,5,1,0
OTT-002343,Male,61,Standard,15.49,1,70.9,10,3,4,0,0
OTT-002344,Female,69,Basic,9.99,14,47.0,1,4,3,1,0
OTT-002345,Female,55,Basic,9.99,22,43.4,54,3,2,0,0
OTT-002346,Male,21,Premium,22.99,41,56.1,15,2,1,0,0
OTT-002347,Female,43,Standard,15.49,43,66.5,1,5,4,3,0
OTT-002348,Female,49,Premium,22.99,14,41.3,5,2,2,0,0
OTT-002349,Female,27,Premium,22.99,12,47.0,4,3,1,2,1
OTT-002350,Male,29,Standard,15.49,34,87.7,14,2,1,0,0
OTT-002351,Female,37,Premium,22.99,15,59.8,28,1,3,2,0
OTT-002352,Female,49,Standard,15.49,52,34.9,19,2,4,2,0
OTT-002353,Female,34,Premium,22.99,51,62.9,8,4,3,0,0
OTT-002354,Female,33,Basic,9.99,46,20.0,12,2,1,1,0
OTT-002355,Female,66,Standard,15.49,31,46.5,25,5,4,0,1
OTT-002356,Male,62,Standard,15.49,16,37.2,2,1,2,0,0
OTT-002357,Female,67,Standard,15.49,41,61.2,9,2,2,0,0
OTT-002358,Female,39,Standard,15.49,55,40.8,24,3,5,0,0
OTT-002359,Male,69,Basic,9.99,43,55.3,1,2,5,0,0
OTT-002360,Male,67,Basic,9.99,15,32.2,25,2,5,0,0
OTT-002361,Female,57,Basic,9.99,2,52.5,3,2,3,1,0
OTT-002362,Male,18,Standard,15.49,48,61.3,6,2,1,1,0
OTT-002363,Male,23,Standard,15.49,44,44.2,7,3,2,1,0
OTT-002364,Female,63,Basic,9.99,55,43.5,15,4,5,1,0
OTT-002365,Female,36,Premium,22.99,18,55.6,6,5,2,0,0
OTT-002366,Male,48,Premium,22.99,34,6.8,45,2,5,0,1
OTT-002367,Male,47,Standard,15.49,15,28.1,2,1,3,1,0
OTT-002368,Female,67,Standard,15.49,1,67.1,24,4,3,0,0
OTT-002369,Female,43,Standard,15.49,25,51.0,26,1,3,1,0
OTT-002370,Female,65,Basic,9.99,25,3.7,0,3,1,0,0
OTT-002371,Male,37,Basic,9.99,59,27.7,2,5,5,0,0
OTT-002372,Male,53,Premium,22.99,53,66.4,7,4,5,1,0
OTT-002373,Female,20,Basic,9.99,40,49.1,32,4,1,1,1
OTT-002374,Male,26,Basic,9.99,23,24.2,21,2,5,3,1
OTT-002375,Female,66,Basic,9.99,12,53.7,16,3,1,2,1
OTT-002376,Male,36,Basic,9.99,24,40.8,14,1,4,1,0
OTT-002377,Male,36,Standard,15.49,11,50.9,5,5,5,1,0
OTT-002378,Male,44,Basic,9.99,2,48.3,1,3,3,1,0
OTT-002379,Female,54,Standard,15.49,49,20.5,26,5,2,0,0
OTT-002380,Female,39,Standard,15.49,51,55.5,11,2,1,0,0
OTT-002381,Male,50,Standard,15.49,55,10.6,39,1,5,1,1
OTT-002382,Female,28,Standard,15.49,28,52.5,0,4,2,0,0
OTT-002383,Male,62,Basic,9.99,14,47.3,0,5,2,0,0
OTT-002384,Male,45,Standard,15.49,50,25.4,4,2,4,1,0
OTT-002385,Female,27,Standard,15.49,5,40.5,13,2,4,2,1
OTT-002386,Male,57,Standard,15.49,33,35.4,10,5,3,0,0
OTT-002387,Male,33,Basic,9.99,47,94.0,5,2,2,0,0
OTT-002388,Male,43,Standard,15.49,20,8.5,42,1,3,0,1
OTT-002389,Female,24,Basic,9.99,19,83.4,7,3,4,2,0
OTT-002390,Male,31,Standard,15.49,21,28.1,2,2,3,0,0
OTT-002391,Male,22,Standard,15.49,42,62.0,7,2,2,1,0
OTT-002392,Female,19,Basic,9.99,19,45.2,3,3,4,1,0
OTT-002393,Female,50,Premium,22.99,18,59.2,9,5,5,0,0
OTT-002394,Female,66,Premium,22.99,31,24.2,2,5,1,0,0
OTT-002395,Female,58,Premium,22.99,26,45.4,15,3,4,0,0
OTT-002396,Female,66,Basic,9.99,5,52.9,1,3,1,0,0
OTT-002397,Female,40,Basic,9.99,38,47.5,0,4,2,1,0
OTT-002398,Female,43,Standard,15.49,28,4.1,7,1,4,1,0
OTT-002399,Female,47,Basic,9.99,47,36.7,6,4,5,1,0
OTT-002400,Male,58,Premium,22.99,31,55.9,21,5,2,2,0
OTT-002401,Male,50,Basic,9.99,8,32.1,2,5,5,1,0
OTT-002402,Male,22,Standard,15.49,17,31.0,1,5,4,1,0
OTT-002403,Female,20,Basic,9.99,5,49.0,6,2,1,0,0
OTT-002404,Female,55,Basic,9.99,50,10.8,6,2,2,1,0
OTT-002405,Male,65,Basic,9.99,33,80.1,15,2,4,0,0
OTT-002406,Male,47,Premium,22.99,16,78.2,3,3,3,0,0
OTT-002407,Female,21,Premium,22.99,10,69.3,8,3,1,0,0
OTT-002408,Female,55,Premium,22.99,12,76.3,9,1,3,3,0
OTT-002409,Male,21,Standard,15.49,14,24.1,10,4,2,1,1
OTT-002410,Female,26,Premium,22.99,44,60.6,8,3,5,0,0
OTT-002411,Female,34,Basic,9.99,27,41.0,12,2,1,0,0
OTT-002412,Female,35,Basic,9.99,51,21.3,7,4,5,0,0
OTT-002413,Female,37,Basic,9.99,25,12.7,9,4,3,0,0
OTT-002414,Male,67,Basic,9.99,18,31.0,19,1,5,0,0
OTT-002415,Male,57,Standard,15.49,37,22.0,38,1,4,1,1
OTT-002416,Male,58,Basic,9.99,35,17.2,2,5,4,0,0
OTT-002417,Female,55,Basic,9.99,53,67.4,6,2,2,2,0
OTT-002418,Female,51,Premium,22.99,4,58.7,0,2,1,0,0
OTT-002419,Male,63,Premium,22.99,41,68.8,24,1,2,0,0
OTT-002420,Male,21,Basic,9.99,32,1.0,9,1,3,1,0
OTT-002421,Female,37,Standard,15.49,2,47.2,0,5,2,0,0
OTT-002422,Male,65,Basic,9.99,50,10.3,12,3,4,3,1
OTT-002423,Female,30,Basic,9.99,36,87.6,11,4,1,0,0
OTT-002424,Female,69,Basic,9.99,35,10.2,14,1,3,0,1
OTT-002425,Male,33,Basic,9.99,31,51.1,4,3,4,1,0
OTT-002426,Female,34,Standard,15.49,55,2.6,6,1,3,0,0
OTT-002427,Male,68,Basic,9.99,8,59.6,14,4,2,0,0
OTT-002428,Male,44,Standard,15.49,21,109.7,26,2,1,1,0
OTT-002429,Female,65,Basic,9.99,14,27.4,3,3,3,2,0
OTT-002430,Female,26,Basic,9.99,55,102.1,7,1,3,0,0
OTT-002431,Female,69,Standard,15.49,30,34.9,1,4,2,0,0
OTT-002432,Female,64,Standard,15.49,32,93.9,23,2,3,2,0
OTT-002433,Female,32,Premium,22.99,44,122.2,17,3,1,1,0
OTT-002434,Female,54,Standard,15.49,26,52.6,11,2,1,0,1
OTT-002435,Male,53,Standard,15.49,54,50.1,1,2,1,1,0
OTT-002436,Male,38,Basic,9.99,8,3.7,19,3,4,1,1
OTT-002437,Female,27,Standard,15.49,29,27.2,30,3,5,0,1
OTT-002438,Female,57,Basic,9.99,15,1.0,4,3,2,0,0
OTT-002439,Female,32,Standard,15.49,9,62.5,14,3,5,0,0
OTT-002440,Female,36,Standard,15.49,5,5.9,26,4,3,1,1
OTT-002441,Female,66,Premium,22.99,27,1.0,4,5,3,0,0
OTT-002442,Male,53,Standard,15.49,7,37.9,11,2,5,1,0
OTT-002443,Male,52,Premium,22.99,31,71.5,2,5,2,1,0
OTT-002444,Female,39,Basic,9.99,30,64.8,14,3,2,2,0
OTT-002445,Female,36,Standard,15.49,13,82.3,11,5,5,0,0
OTT-002446,Female,51,Premium,22.99,55,37.3,3,3,2,1,0
OTT-002447,Male,59,Standard,15.49,13,60.0,33,1,4,0,0
OTT-002448,Male,20,Standard,15.49,48,40.9,10,3,2,1,0
OTT-002449,Male,43,Standard,15.49,37,22.3,74,4,5,1,1
OTT-002450,Male,50,Standard,15.49,59,29.5,5,4,4,0,0
OTT-002451,Female,65,Premium,22.99,30,54.1,16,1,3,0,0
OTT-002452,Female,63,Standard,15.49,3,69.8,4,2,5,1,0
OTT-002453,Male,43,Basic,9.99,32,60.7,48,2,1,0,0
OTT-002454,Female,64,Basic,9.99,47,24.5,33,3,5,1,1
OTT-002455,Female,52,Basic,9.99,36,54.1,10,2,1,0,0
OTT-002456,Female,25,Premium,22.99,20,72.1,26,1,4,0,0
OTT-002457,Female,18,Standard,15.49,18,16.0,4,4,5,0,0
OTT-002458,Female,65,Basic,9.99,20,44.5,5,2,1,0,0
OTT-002459,Female,24,Basic,9.99,51,62.2,0,5,2,0,0
OTT-002460,Female,40,Basic,9.99,6,7.5,34,4,4,0,1
OTT-002461,Female,43,Premium,22.99,20,84.9,13,1,4,0,0
OTT-002462,Male,59,Basic,9.99,33,37.8,18,4,5,0,0
OTT-002463,Male,23,Premium,22.99,45,37.3,2,3,2,1,0
OTT-002464,Male,60,Basic,9.99,19,103.6,6,3,5,0,0
OTT-002465,Female,68,Basic,9.99,17,32.0,13,4,3,0,0
OTT-002466,Male,32,Basic,9.99,43,73.1,8,2,2,1,0
OTT-002467,Female,42,Standard,15.49,13,42.6,5,1,4,0,0
OTT-002468,Male,52,Premium,22.99,14,37.5,12,3,1,4,1
OTT-002469,Female,47,Basic,9.99,45,43.2,34,4,2,1,0
OTT-002470,Female,65,Basic,9.99,46,12.7,9,1,4,1,0
OTT-002471,Female,57,Premium,22.99,54,23.5,9,4,4,0,0
OTT-002472,Male,23,Premium,22.99,51,59.5,12,2,5,2,0
OTT-002473,Female,54,Basic,9.99,20,33.1,13,5,5,0,0
OTT-002474,Female,58,Basic,9.99,25,71.9,4,3,3,2,0
OTT-002475,Female,57,Standard,15.49,51,37.1,6,5,1,0,0
OTT-002476,Female,39,Basic,9.99,36,42.9,8,2,3,1,0
OTT-002477,Female,59,Standard,15.49,58,7.2,18,1,1,0,0
OTT-002478,Female,27,Standard,15.49,34,47.8,13,2,1,0,0
OTT-002479,Female,30,Basic,9.99,30,50.7,2,1,3,0,0
OTT-002480,Female,31,Premium,22.99,11,58.1,6,3,5,0,0
OTT-002481,Female,63,Premium,22.99,31,1.0,8,1,4,2,0
OTT-002482,Male,58,Standard,15.49,24,42.2,5,2,4,1,0
OTT-002483,Male,41,Basic,9.99,22,51.6,3,5,4,1,0
OTT-002484,Female,59,Standard,15.49,15,78.4,15,5,2,0,0
OTT-002485,Female,61,Standard,15.49,24,59.8,0,3,1,1,0
OTT-002486,Male,53,Basic,9.99,7,72.1,12,5,4,0,0
OTT-002487,Male,27,Premium,22.99,30,7.5,4,2,1,2,1
OTT-002488,Male,47,Standard,15.49,42,27.3,13,2,5,1,0
OTT-002489,Female,64,Standard,15.49,30,61.0,18,3,3,0,0
OTT-002490,Female,55,Basic,9.99,15,21.4,29,2,1,2,1
OTT-002491,Male,43,Basic,9.99,52,30.6,22,4,1,1,1
OTT-002492,Female,43,Premium,22.99,1,30.2,42,1,4,1,1
OTT-002493,Female,26,Standard,15.49,10,1.0,6,5,1,0,0
OTT-002494,Female,63,Premium,22.99,19,34.5,5,5,5,0,0
OTT-002495,Male,47,Premium,22.99,19,81.9,3,5,4,2,0
OTT-002496,Male,50,Standard,15.49,7,24.1,3,2,5,0,0
OTT-002497,Female,48,Premium,22.99,54,50.5,1,5,4,0,0
OTT-002498,Male,31,Basic,9.99,50,75.8,5,5,2,2,0
OTT-002499,Male,40,Basic,9.99,41,28.5,4,2,4,0,0
OTT-002500,Male,51,Standard,15.49,4,32.8,3,5,1,1,0
OTT-002501,Female,20,Standard,15.49,57,74.2,1,5,5,0,0
OTT-002502,Male,55,Premium,22.99,30,27.6,42,4,2,0,1
OTT-002503,Male,37,Premium,22.99,32,16.4,12,5,3,1,1
OTT-002504,Female,23,Basic,9.99,25,25.8,0,3,5,1,1
OTT-002505,Male,29,Basic,9.99,49,30.8,43,5,2,1,1
OTT-002506,Male,23,Basic,9.99,7,24.6,3,5,2,0,0
OTT-002507,Male,22,Basic,9.99,6,60.7,34,5,2,2,0
OTT-002508,Male,21,Premium,22.99,16,35.3,14,1,2,0,0
OTT-002509,Male,53,Standard,15.49,34,72.6,0,1,5,0,0
OTT-002510,Female,21,Basic,9.99,37,71.3,12,3,3,0,0
OTT-002511,Female,21,Basic,9.99,22,43.1,6,4,5,0,0
OTT-002512,Female,46,Standard,15.49,26,55.0,0,5,4,1,0
OTT-002513,Female,48,Premium,22.99,54,36.5,1,5,5,0,0
OTT-002514,Male,65,Premium,22.99,48,57.3,2,4,1,0,0
OTT-002515,Male,26,Premium,22.99,11,54.8,27,1,4,0,0
OTT-002516,Female,18,Standard,15.49,7,79.2,7,3,5,0,0
OTT-002517,Male,63,Standard,15.49,59,36.7,1,5,1,0,0
OTT-002518,Female,66,Basic,9.99,50,62.5,16,4,1,0,0
OTT-002519,Male,28,Basic,9.99,9,62.3,11,1,1,1,0
OTT-002520,Male,60,Basic,9.99,36,76.6,0,3,3,0,0
OTT-002521,Female,43,Premium,22.99,47,48.9,0,2,4,0,0
OTT-002522,Male,63,Standard,15.49,26,46.3,28,4,5,1,0
OTT-002523,Male,66,Basic,9.99,23,1.0,3,5,1,0,0
OTT-002524,Female,51,Premium,22.99,47,52.1,17,4,2,0,0
OTT-002525,Male,23,Standard,15.49,20,60.6,2,2,4,1,0
OTT-002526,Male,61,Standard,15.49,38,13.0,52,5,4,1,1
OTT-002527,Male,60,Standard,15.49,5,29.6,5,3,5,0,0
OTT-002528,Female,18,Standard,15.49,10,49.3,9,4,4,1,0
OTT-002529,Female,42,Basic,9.99,21,93.8,2,4,2,0,0
OTT-002530,Female,61,Premium,22.99,34,31.7,7,1,3,0,0
OTT-002531,Female,35,Basic,9.99,20,28.1,8,4,4,0,0
OTT-002532,Female,61,Basic,9.99,48,7.8,6,2,5,2,0
OTT-002533,Male,47,Standard,15.49,40,5.1,3,4,3,1,0
OTT-002534,Male,60,Basic,9.99,22,49.5,1,2,3,1,0
OTT-002535,Male,52,Standard,15.49,16,23.2,3,5,5,0,0
OTT-002536,Female,38,Standard,15.49,30,84.2,8,3,2,0,0
OTT-002537,Male,42,Standard,15.49,20,62.1,7,4,3,2,0
OTT-002538,Male,62,Basic,9.99,29,66.3,21,2,1,1,0
OTT-002539,Male,40,Premium,22.99,20,52.3,4,2,5,1,0
OTT-002540,Female,54,Basic,9.99,38,29.1,17,2,1,2,0
OTT-002541,Female,53,Standard,15.49,19,1.0,18,3,5,1,0
OTT-002542,Male,68,Standard,15.49,58,68.9,17,2,1,3,0
OTT-002543,Female,23,Basic,9.99,13,103.4,7,2,4,0,0
OTT-002544,Female,68,Premium,22.99,15,27.8,31,1,3,2,1
OTT-002545,Male,64,Standard,15.49,53,25.2,9,5,4,0,0
OTT-002546,Female,59,Premium,22.99,48,26.3,10,1,4,1,0
OTT-002547,Female,63,Basic,9.99,14,43.1,1,3,5,1,0
OTT-002548,Male,28,Basic,9.99,23,11.0,6,3,5,1,1
OTT-002549,Male,36,Standard,15.49,43,45.5,27,3,1,1,0
OTT-002550,Female,21,Premium,22.99,37,14.1,3,2,5,1,0
OTT-002551,Female,51,Standard,15.49,8,29.3,8,2,3,0,1
OTT-002552,Male,54,Basic,9.99,9,44.0,33,4,1,2,1
OTT-002553,Male,29,Standard,15.49,5,54.1,34,3,1,0,0
OTT-002554,Female,31,Standard,15.49,39,54.9,1,5,5,0,0
OTT-002555,Female,43,Standard,15.49,16,50.7,1,4,4,1,0
OTT-002556,Female,41,Standard,15.49,4,26.8,22,4,2,1,1
OTT-002557,Female,58,Premium,22.99,46,42.5,27,4,1,0,0
OTT-002558,Male,59,Basic,9.99,29,40.1,0,2,4,0,0
OTT-002559,Female,34,Standard,15.49,29,53.2,7,3,5,2,0
OTT-002560,Male,57,Standard,15.49,22,16.2,8,3,1,2,0
OTT-002561,Female,47,Basic,9.99,23,42.1,2,5,5,2,0
OTT-002562,Male,55,Basic,9.99,36,66.3,1,3,5,0,0
OTT-002563,Male,41,Basic,9.99,55,39.9,13,4,5,0,0
OTT-002564,Male,58,Standard,15.49,17,82.3,7,3,1,0,0
OTT-002565,Male,56,Premium,22.99,36,59.4,15,3,2,1,0
OTT-002566,Female,66,Standard,15.49,6,53.4,4,5,5,1,0
OTT-002567,Male,39,Basic,9.99,53,31.1,15,5,3,0,0
OTT-002568,Female,51,Basic,9.99,41,42.0,3,4,3,0,0
OTT-002569,Female,26,Premium,22.99,14,43.3,25,5,4,3,1
OTT-002570,Male,22,Premium,22.99,38,59.3,8,5,1,0,0
OTT-002571,Male,36,Basic,9.99,56,74.6,22,2,3,0,0
OTT-002572,Female,45,Standard,15.49,45,4.1,1,3,4,0,0
OTT-002573,Male,49,Basic,9.99,7,28.8,18,2,2,0,1
OTT-002574,Female,61,Standard,15.49,44,33.5,5,3,1,0,0
OTT-002575,Male,48,Premium,22.99,23,82.7,18,3,3,0,0
OTT-002576,Female,30,Standard,15.49,55,59.4,8,2,5,0,0
OTT-002577,Male,55,Basic,9.99,51,21.2,9,4,3,0,0
OTT-002578,Male,20,Basic,9.99,51,83.0,14,3,4,0,0
OTT-002579,Female,28,Standard,15.49,43,33.5,6,2,5,1,0
OTT-002580,Male,55,Premium,22.99,32,38.6,0,5,1,0,0
OTT-002581,Female,41,Basic,9.99,26,29.0,4,3,5,0,0
OTT-002582,Male,24,Standard,15.49,45,30.2,4,1,1,1,0
OTT-002583,Female,46,Standard,15.49,49,49.9,10,4,3,1,0
OTT-002584,Female,41,Standard,15.49,51,44.6,29,2,3,0,0
OTT-002585,Female,25,Premium,22.99,5,70.5,3,5,3,1,0
OTT-002586,Female,22,Standard,15.49,39,57.9,11,5,2,2,0
OTT-002587,Male,60,Standard,15.49,11,53.1,13,2,4,0,0
OTT-002588,Female,21,Basic,9.99,57,80.8,8,4,3,1,0
OTT-002589,Female,63,Basic,9.99,3,70.2,0,1,1,0,0
OTT-002590,Female,65,Basic,9.99,40,21.6,1,1,5,1,0
OTT-002591,Male,21,Premium,22.99,13,43.4,7,3,4,0,0
OTT-002592,Male,45,Standard,15.49,55,69.6,4,3,5,1,0
OTT-002593,Female,44,Premium,22.99,25,39.5,7,2,1,0,0
OTT-002594,Female,57,Basic,9.99,44,51.2,8,1,5,0,0
OTT-002595,Female,23,Standard,15.49,19,7.8,21,5,3,1,1
OTT-002596,Male,38,Basic,9.99,52,19.6,1,1,2,0,0
OTT-002597,Male,18,Premium,22.99,34,27.3,4,2,4,0,0
OTT-002598,Female,69,Premium,22.99,52,61.6,27,2,1,1,0
OTT-002599,Female,48,Standard,15.49,11,1.0,28,3,4,1,1
OTT-002600,Female,42,Standard,15.49,43,13.9,11,1,2,0,0
OTT-002601,Male,59,Basic,9.99,19,41.0,51,2,5,2,1
OTT-002602,Female,55,Premium,22.99,24,63.5,4,1,5,0,0
OTT-002603,Female,44,Basic,9.99,22,41.9,18,5,4,0,0
OTT-002604,Male,56,Standard,15.49,47,77.2,24,3,2,2,0
OTT-002605,Female,31,Standard,15.49,46,35.9,21,4,3,1,0
OTT-002606,Female,50,Standard,15.49,52,65.9,4,2,1,2,0
OTT-002607,Female,31,Premium,22.99,20,41.4,9,1,2,2,0
OTT-002608,Male,56,Basic,9.99,8,33.7,1,5,3,0,0
OTT-002609,Male,21,Basic,9.99,36,35.3,15,2,3,0,1
OTT-002610,Female,62,Basic,9.99,3,55.4,10,1,1,1,0
OTT-002611,Male,27,Premium,22.99,31,63.5,42,2,4,0,0
OTT-002612,Female,18,Standard,15.49,40,36.5,0,2,3,0,0
OTT-002613,Female,56,Premium,22.99,21,1.0,6,4,1,0,0
OTT-002614,Female,69,Standard,15.49,27,55.8,0,2,3,1,0
OTT-002615,Female,55,Premium,22.99,47,32.2,25,3,4,0,0
OTT-002616,Female,40,Basic,9.99,27,54.2,1,3,4,1,0
OTT-002617,Male,46,Premium,22.99,28,44.1,2,2,1,0,0
OTT-002618,Male,41,Basic,9.99,32,26.4,18,5,5,1,0
OTT-002619,Male,63,Standard,15.49,34,1.0,4,3,4,2,1
OTT-002620,Male,33,Basic,9.99,57,83.2,11,1,4,1,0
OTT-002621,Female,34,Standard,15.49,9,60.4,5,2,1,0,0
OTT-002622,Female,62,Standard,15.49,17,40.7,31,4,1,0,1
OTT-002623,Male,67,Standard,15.49,56,53.9,49,1,5,1,0
OTT-002624,Male,52,Basic,9.99,19,26.1,5,4,3,0,0
OTT-002625,Male,29,Basic,9.99,27,66.0,0,3,1,1,0
OTT-002626,Female,33,Basic,9.99,47,49.5,0,1,1,1,0
OTT-002627,Female,50,Standard,15.49,45,27.6,13,3,5,0,0
OTT-002628,Female,25,Basic,9.99,19,62.6,2,5,4,3,0
OTT-002629,Male,57,Basic,9.99,54,1.0,4,3,3,0,0
OTT-002630,Male,22,Basic,9.99,18,2.0,0,4,5,1,0
OTT-002631,Female,33,Basic,9.99,21,37.5,0,5,1,1,0
OTT-002632,Male,32,Standard,15.49,52,44.4,2,5,5,0,0
OTT-002633,Female,28,Basic,9.99,32,39.4,0,1,4,0,0
OTT-002634,Male,63,Standard,15.49,13,53.0,23,1,4,0,0
OTT-002635,Female,18,Basic,9.99,28,25.6,4,4,4,0,0
OTT-002636,Male,28,Premium,22.99,38,16.5,9,5,4,0,0
OTT-002637,Female,39,Standard,15.49,13,18.2,47,1,3,2,1
OTT-002638,Female,21,Standard,15.49,37,45.1,7,4,3,2,0
OTT-002639,Male,57,Standard,15.49,12,23.3,2,1,2,0,0
OTT-002640,Male,55,Standard,15.49,9,5.5,4,5,4,1,0
OTT-002641,Female,51,Standard,15.49,16,1.0,8,1,5,0,0
OTT-002642,Female,59,Basic,9.99,3,1.0,10,1,5,0,1
OTT-002643,Female,48,Basic,9.99,8,57.3,26,5,2,0,0
OTT-002644,Male,55,Premium,22.99,53,51.4,14,1,3,0,0
OTT-002645,Female,60,Standard,15.49,55,80.0,11,2,2,2,0
OTT-002646,Male,18,Basic,9.99,8,58.0,9,3,1,0,0
OTT-002647,Male,52,Standard,15.49,53,40.3,11,3,5,2,0
OTT-002648,Female,31,Standard,15.49,47,36.3,0,1,1,1,0
OTT-002649,Male,60,Premium,22.99,26,64.3,12,1,4,0,0
OTT-002650,Male,43,Standard,15.49,18,24.8,0,1,3,0,0
OTT-002651,Female,21,Standard,15.49,21,30.5,5,5,3,0,0
OTT-002652,Male,44,Standard,15.49,3,76.7,20,1,2,0,0
OTT-002653,Male,66,Basic,9.99,16,70.8,17,3,1,0,0
OTT-002654,Male,44,Standard,15.49,7,1.0,7,2,2,0,0
OTT-002655,Male,67,Basic,9.99,23,29.5,7,3,5,0,0
OTT-002656,Male,48,Standard,15.49,47,52.8,16,3,1,0,0
OTT-002657,Female,65,Premium,22.99,7,52.5,36,4,5,1,1
OTT-002658,Male,49,Premium,22.99,44,59.5,13,1,3,1,0
OTT-002659,Male,48,Basic,9.99,32,40.6,2,2,5,1,0
OTT-002660,Male,52,Basic,9.99,41,38.4,23,1,3,0,0
OTT-002661,Male,21,Standard,15.49,49,35.4,8,1,3,1,0
OTT-002662,Male,32,Standard,15.49,18,61.8,1,2,2,0,0
OTT-002663,Female,25,Basic,9.99,51,45.0,9,3,2,0,0
OTT-002664,Male,29,Basic,9.99,8,32.0,10,3,5,0,0
OTT-002665,Female,26,Basic,9.99,14,65.3,8,2,5,1,0
OTT-002666,Male,33,Standard,15.49,55,59.7,1,3,2,0,0
OTT-002667,Male,57,Basic,9.99,43,52.7,3,2,1,1,0
OTT-002668,Female,49,Premium,22.99,1,20.5,5,5,4,0,0
OTT-002669,Male,57,Premium,22.99,44,32.9,11,4,5,2,1
OTT-002670,Female,20,Premium,22.99,52,43.1,12,1,1,0,0
OTT-002671,Male,47,Basic,9.99,40,35.3,8,5,3,1,0
OTT-002672,Female,65,Standard,15.49,23,22.5,2,2,2,0,0
OTT-002673,Female,39,Premium,22.99,5,1.0,5,3,1,1,0
OTT-002674,Female,18,Premium,22.99,8,78.0,5,2,1,0,0
OTT-002675,Female,31,Premium,22.99,25,79.8,9,4,2,3,0
OTT-002676,Male,42,Basic,9.99,29,22.1,44,2,2,0,1
OTT-002677,Male,46,Basic,9.99,59,20.9,2,4,3,0,0
OTT-002678,Male,34,Premium,22.99,20,70.7,2,2,4,0,0
OTT-002679,Female,55,Standard,15.49,4,12.2,13,2,1,2,0
OTT-002680,Male,45,Premium,22.99,11,2.5,8,3,5,2,1
OTT-002681,Female,40,Standard,15.49,43,14.2,0,3,5,4,1
OTT-002682,Female,25,Standard,15.49,5,83.4,19,3,2,0,0
OTT-002683,Female,20,Standard,15.49,21,23.6,2,4,2,0,0
OTT-002684,Female,46,Premium,22.99,35,59.4,20,1,3,1,0
OTT-002685,Male,52,Basic,9.99,6,1.8,8,4,2,1,1
OTT-002686,Male,37,Premium,22.99,28,38.1,12,4,1,0,0
OTT-002687,Male,24,Basic,9.99,55,15.5,7,2,2,2,0
OTT-002688,Male,21,Basic,9.99,23,46.5,12,2,1,1,0
OTT-002689,Male,24,Basic,9.99,55,65.9,16,4,1,0,0
OTT-002690,Female,61,Basic,9.99,2,38.7,5,1,1,0,0
OTT-002691,Female,32,Standard,15.49,9,87.6,4,2,5,1,0
OTT-002692,Female,29,Basic,9.99,19,71.5,21,5,4,0,0
OTT-002693,Male,51,Premium,22.99,35,89.5,3,4,2,1,0
OTT-002694,Female,51,Basic,9.99,24,46.3,5,2,2,1,0
OTT-002695,Female,52,Basic,9.99,1,71.0,5,3,3,0,0
OTT-002696,Female,37,Premium,22.99,2,16.2,30,2,5,0,0
OTT-002697,Female,42,Premium,22.99,40,54.0,2,4,5,1,0
OTT-002698,Male,19,Standard,15.49,19,61.2,4,3,3,0,0
OTT-002699,Male,28,Basic,9.99,15,51.0,1,3,5,0,0
OTT-002700,Male,68,Premium,22.99,8,63.5,2,4,4,1,0
OTT-002701,Female,38,Premium,22.99,29,51.0,22,5,1,0,0
OTT-002702,Male,57,Basic,9.99,49,12.1,23,3,2,0,0
OTT-002703,Female,66,Basic,9.99,58,58.4,4,2,2,0,0
OTT-002704,Female,28,Basic,9.99,35,39.5,24,3,3,1,0
OTT-002705,Male,62,Basic,9.99,41,41.6,16,2,5,0,0
OTT-002706,Male,64,Standard,15.49,25,39.3,9,1,3,0,0
OTT-002707,Female,53,Standard,15.49,49,31.8,1,3,2,0,0
OTT-002708,Male,41,Basic,9.99,13,14.9,4,5,4,1,1
OTT-002709,Male,26,Basic,9.99,42,53.8,43,2,1,0,0
OTT-002710,Male,67,Standard,15.49,7,61.6,6,3,5,0,0
OTT-002711,Male,64,Basic,9.99,42,10.9,17,2,3,0,0
OTT-002712,Female,58,Standard,15.49,31,1.0,5,1,5,1,0
OTT-002713,Male,57,Standard,15.49,34,16.9,19,3,4,1,0
OTT-002714,Female,62,Standard,15.49,9,64.6,45,2,3,1,1
OTT-002715,Male,61,Standard,15.49,12,57.7,12,3,5,1,0
OTT-002716,Male,53,Premium,22.99,18,104.0,12,4,4,1,0
OTT-002717,Male,68,Premium,22.99,44,1.0,24,3,3,0,0
OTT-002718,Male,62,Premium,22.99,54,53.7,6,3,5,0,0
OTT-002719,Male,18,Basic,9.99,33,43.7,9,3,5,1,0
OTT-002720,Female,19,Standard,15.49,5,60.5,0,1,1,1,0
OTT-002721,Female,59,Standard,15.49,1,35.0,27,5,4,0,1
OTT-002722,Male,60,Standard,15.49,59,1.0,4,4,5,0,0
OTT-002723,Female,55,Basic,9.99,33,70.5,4,4,1,1,0
OTT-002724,Male,65,Basic,9.99,1,50.8,59,4,1,0,1
OTT-002725,Female,47,Premium,22.99,51,62.2,3,5,1,0,0
OTT-002726,Male,29,Standard,15.49,40,63.1,30,4,2,0,0
OTT-002727,Female,25,Basic,9.99,28,50.6,6,5,5,1,0
OTT-002728,Female,37,Standard,15.49,12,22.4,1,3,4,2,1
OTT-002729,Female,28,Standard,15.49,23,51.8,13,5,2,1,0
OTT-002730,Male,19,Standard,15.49,59,16.8,22,3,4,0,0
OTT-002731,Male,37,Premium,22.99,35,48.2,9,4,1,0,0
OTT-002732,Male,48,Standard,15.49,1,11.9,36,5,3,2,1
OTT-002733,Male,35,Basic,9.99,31,74.6,2,3,2,1,0
OTT-002734,Male,35,Basic,9.99,24,87.4,19,5,3,1,0
OTT-002735,Male,29,Standard,15.49,11,24.6,11,3,3,0,0
OTT-002736,Female,31,Basic,9.99,57,50.5,3,1,2,1,0
OTT-002737,Male,45,Standard,15.49,56,72.2,2,2,5,2,0
OTT-002738,Male,66,Standard,15.49,7,41.8,1,5,3,1,0
OTT-002739,Female,65,Standard,15.49,25,53.5,7,3,4,0,0
OTT-002740,Female,29,Basic,9.99,19,71.3,1,5,2,1,0
OTT-002741,Male,29,Basic,9.99,18,79.0,20,4,1,0,0
OTT-002742,Female,41,Standard,15.49,22,18.2,0,4,4,0,0
OTT-002743,Female,21,Basic,9.99,59,39.5,5,3,1,0,0
OTT-002744,Female,44,Basic,9.99,45,58.6,0,5,4,1,0
OTT-002745,Male,44,Premium,22.99,52,50.1,13,4,1,0,0
OTT-002746,Female,44,Basic,9.99,21,22.7,1,1,5,1,1
OTT-002747,Male,25,Premium,22.99,36,52.2,23,3,5,1,0
OTT-002748,Male,67,Standard,15.49,11,49.2,17,4,5,0,0
OTT-002749,Male,29,Premium,22.99,21,83.9,0,2,2,1,0
OTT-002750,Female,39,Standard,15.49,27,58.5,10,2,3,2,0
OTT-002751,Male,52,Basic,9.99,13,69.6,3,3,1,1,0
OTT-002752,Female,34,Standard,15.49,51,104.4,12,4,2,1,0
OTT-002753,Male,62,Basic,9.99,33,81.8,1,1,5,2,0
OTT-002754,Female,60,Standard,15.49,27,103.9,6,2,2,2,0
OTT-002755,Male,42,Premium,22.99,51,47.4,16,3,3,0,0
OTT-002756,Male,47,Basic,9.99,39,15.1,1,5,1,0,0
OTT-002757,Female,31,Basic,9.99,31,1.0,23,3,2,1,0
OTT-002758,Male,23,Standard,15.49,14,48.4,68,1,3,3,1
OTT-002759,Female,22,Basic,9.99,59,3.5,0,2,1,5,1
OTT-002760,Male,29,Basic,9.99,39,7.4,2,1,2,1,1
OTT-002761,Male,27,Basic,9.99,13,7.1,4,3,4,0,0
OTT-002762,Female,43,Premium,22.99,37,66.8,2,3,2,2,0
OTT-002763,Male,66,Basic,9.99,51,36.9,14,5,2,0,0
OTT-002764,Male,55,Basic,9.99,7,53.4,23,1,1,2,0
OTT-002765,Female,54,Premium,22.99,14,24.3,4,5,2,2,0
OTT-002766,Female,30,Basic,9.99,31,42.7,5,5,5,1,0
OTT-002767,Male,20,Standard,15.49,4,31.9,17,3,1,1,1
OTT-002768,Male,58,Premium,22.99,25,25.9,30,3,4,1,0
OTT-002769,Female,50,Premium,22.99,59,48.0,1,4,3,1,0
OTT-002770,Male,40,Standard,15.49,52,58.7,10,4,2,1,0
OTT-002771,Female,25,Standard,15.49,38,56.1,1,4,2,1,0
OTT-002772,Female,34,Basic,9.99,34,18.5,8,1,4,1,0
OTT-002773,Male,26,Basic,9.99,35,39.1,15,1,1,0,0
OTT-002774,Female,24,Basic,9.99,20,96.2,17,4,2,0,0
OTT-002775,Male,48,Basic,9.99,38,23.5,53,3,5,0,1
OTT-002776,Female,50,Standard,15.49,27,1.2,9,4,2,1,0
OTT-002777,Male,18,Premium,22.99,32,62.7,3,2,3,0,0
OTT-002778,Male,19,Basic,9.99,50,123.8,1,1,5,1,0
OTT-002779,Male,41,Standard,15.49,25,45.0,3,4,5,1,0
OTT-002780,Male,26,Standard,15.49,37,85.1,4,1,3,2,0
OTT-002781,Male,32,Standard,15.49,55,46.4,6,2,3,1,0
OTT-002782,Male,42,Basic,9.99,22,43.2,1,1,2,1,0
OTT-002783,Female,42,Standard,15.49,23,74.0,7,3,5,0,0
OTT-002784,Female,27,Standard,15.49,12,42.7,2,1,4,1,0
OTT-002785,Male,69,Premium,22.99,40,28.5,19,2,5,1,0
OTT-002786,Male,33,Standard,15.49,39,89.8,1,4,3,1,0
OTT-002787,Female,46,Standard,15.49,58,34.4,12,2,3,0,0
OTT-002788,Male,50,Basic,9.99,40,31.2,13,4,3,3,0
OTT-002789,Male,58,Standard,15.49,4,71.6,3,3,2,0,0
OTT-002790,Female,23,Standard,15.49,13,51.8,17,3,4,1,0
OTT-002791,Female,36,Standard,15.49,25,80.9,1,1,1,4,0
OTT-002792,Female,61,Basic,9.99,22,72.7,14,2,1,1,0
OTT-002793,Male,25,Basic,9.99,13,20.3,3,1,1,1,0
OTT-002794,Female,63,Standard,15.49,37,32.6,0,2,3,2,0
OTT-002795,Male,64,Basic,9.99,22,70.2,12,2,5,1,0
OTT-002796,Female,62,Standard,15.49,52,5.6,8,2,3,0,0
OTT-002797,Male,52,Basic,9.99,37,73.9,4,5,1,0,0
OTT-002798,Male,29,Premium,22.99,54,94.8,4,1,1,1,0
OTT-002799,Female,36,Premium,22.99,10,40.4,40,1,3,1,1
OTT-002800,Female,64,Premium,22.99,28,67.7,4,2,3,0,0
OTT-002801,Female,22,Standard,15.49,40,6.8,5,1,2,0,0
OTT-002802,Male,55,Basic,9.99,16,73.2,0,4,5,0,0
OTT-002803,Male,54,Premium,22.99,1,45.8,9,3,4,1,0
OTT-002804,Male,27,Standard,15.49,16,47.6,35,3,5,1,0
OTT-002805,Female,32,Basic,9.99,9,68.7,4,2,2,0,0
OTT-002806,Female,29,Basic,9.99,32,36.1,2,1,3,2,0
OTT-002807,Female,47,Basic,9.99,34,94.2,28,2,1,0,0
OTT-002808,Female,19,Basic,9.99,50,43.4,25,3,3,1,0
OTT-002809,Male,43,Premium,22.99,47,38.4,17,3,2,2,0
OTT-002810,Female,42,Standard,15.49,22,1.0,25,3,2,3,1
OTT-002811,Female,61,Basic,9.99,22,53.0,5,2,4,0,0
OTT-002812,Female,68,Basic,9.99,6,74.0,8,1,2,0,0
OTT-002813,Male,38,Standard,15.49,21,81.9,10,1,3,1,0
OTT-002814,Male,62,Standard,15.49,19,35.5,7,1,2,0,0
OTT-002815,Female,26,Premium,22.99,49,61.6,18,5,1,1,0
OTT-002816,Female,65,Premium,22.99,50,17.4,1,2,4,0,0
OTT-002817,Male,52,Premium,22.99,25,23.7,10,4,1,1,0
OTT-002818,Male,37,Basic,9.99,55,19.1,7,3,5,2,0
OTT-002819,Female,52,Premium,22.99,14,54.5,4,1,3,1,0
OTT-002820,Female,53,Standard,15.49,39,38.1,17,4,3,0,0
OTT-002821,Female,63,Standard,15.49,12,51.0,25,2,4,1,0
OTT-002822,Female,18,Basic,9.99,25,25.3,14,1,5,1,0
OTT-002823,Female,62,Premium,22.99,37,56.3,17,4,4,2,0
OTT-002824,Male,55,Standard,15.49,57,52.1,30,4,4,0,0
OTT-002825,Male,55,Premium,22.99,15,43.5,0,4,3,0,0
OTT-002826,Female,24,Basic,9.99,5,32.0,22,5,4,0,0
OTT-002827,Female,56,Premium,22.99,19,73.9,22,2,2,0,0
OTT-002828,Male,45,Basic,9.99,52,1.0,2,2,3,0,0
OTT-002829,Female,64,Standard,15.49,44,49.5,4,5,4,1,0
OTT-002830,Female,46,Standard,15.49,26,31.9,29,5,2,1,1
OTT-002831,Male,48,Standard,15.49,55,24.0,3,2,1,0,0
OTT-002832,Female,55,Premium,22.99,22,3.0,29,1,2,0,1
OTT-002833,Female,61,Standard,15.49,23,83.6,0,2,4,2,0
OTT-002834,Male,53,Premium,22.99,48,28.0,0,3,3,2,0
OTT-002835,Female,47,Standard,15.49,7,39.1,6,3,5,1,0
OTT-002836,Female,24,Basic,9.99,32,22.1,2,1,4,1,0
OTT-002837,Male,37,Basic,9.99,16,33.6,3,1,5,1,1
OTT-002838,Female,50,Standard,15.49,22,59.6,38,4,3,0,0
OTT-002839,Female,46,Basic,9.99,53,55.7,5,5,3,0,0
OTT-002840,Female,30,Basic,9.99,32,70.5,4,1,5,0,0
OTT-002841,Female,67,Standard,15.49,18,46.4,32,5,5,1,1
OTT-002842,Female,46,Premium,22.99,14,84.7,3,5,2,1,0
OTT-002843,Female,60,Standard,15.49,22,55.3,1,4,2,1,0
OTT-002844,Female,30,Basic,9.99,47,20.8,0,5,5,2,0
OTT-002845,Male,28,Standard,15.49,5,15.2,2,5,4,0,0
OTT-002846,Female,49,Standard,15.49,4,23.1,3,5,4,1,0
OTT-002847,Male,23,Basic,9.99,10,63.8,1,1,2,0,0
OTT-002848,Male,30,Standard,15.49,34,47.6,1,3,2,0,0
OTT-002849,Female,28,Basic,9.99,29,81.2,4,3,1,0,0
OTT-002850,Male,35,Premium,22.99,37,5.1,4,4,5,1,0
OTT-002851,Female,25,Standard,15.49,56,89.3,4,4,5,0,0
OTT-002852,Female,65,Standard,15.49,49,31.3,0,4,1,0,0
OTT-002853,Male,36,Standard,15.49,59,26.5,5,2,5,1,0
OTT-002854,Male,29,Basic,9.99,18,73.3,3,3,4,2,0
OTT-002855,Female,55,Basic,9.99,27,35.8,9,5,4,0,0
OTT-002856,Male,47,Premium,22.99,18,53.3,18,4,3,0,0
OTT-002857,Female,36,Standard,15.49,52,22.3,15,5,5,1,0
OTT-002858,Female,62,Standard,15.49,14,2.6,8,2,2,1,0
OTT-002859,Male,35,Standard,15.49,47,19.0,5,2,2,1,0
OTT-002860,Male,60,Standard,15.49,41,43.8,6,4,5,1,0
OTT-002861,Male,52,Basic,9.99,48,49.9,12,5,2,0,0
OTT-002862,Female,34,Standard,15.49,20,47.0,1,1,1,0,0
OTT-002863,Female,27,Standard,15.49,40,6.7,34,4,5,0,0
OTT-002864,Female,47,Basic,9.99,43,69.0,6,5,4,1,0
OTT-002865,Male,55,Basic,9.99,33,20.0,0,2,4,0,0
OTT-002866,Female,29,Premium,22.99,24,44.6,6,3,1,0,0
OTT-002867,Female,44,Basic,9.99,48,36.5,12,2,1,1,1
OTT-002868,Female,57,Standard,15.49,28,99.0,20,3,4,1,0
OTT-002869,Female,35,Standard,15.49,1,54.9,11,2,1,0,0
OTT-002870,Female,52,Basic,9.99,10,55.9,0,1,5,0,0
OTT-002871,Female,42,Standard,15.49,39,86.4,43,5,5,2,0
OTT-002872,Female,37,Standard,15.49,7,65.5,7,5,4,0,0
OTT-002873,Female,67,Premium,22.99,4,45.7,0,1,1,2,1
OTT-002874,Male,28,Basic,9.99,3,58.2,15,1,5,0,0
OTT-002875,Female,43,Basic,9.99,39,96.5,4,2,4,0,0
OTT-002876,Female,39,Premium,22.99,42,26.4,56,2,2,1,1
OTT-002877,Male,56,Standard,15.49,51,33.6,2,3,2,1,0
OTT-002878,Female,31,Basic,9.99,1,8.3,11,4,5,0,0
OTT-002879,Male,56,Standard,15.49,21,95.2,21,4,3,0,0
OTT-002880,Female,47,Basic,9.99,56,42.4,24,4,4,0,0
OTT-002881,Male,36,Standard,15.49,25,39.4,5,3,4,1,0
OTT-002882,Male,25,Standard,15.49,10,84.5,13,5,1,0,0
OTT-002883,Male,25,Basic,9.99,53,51.6,0,3,2,0,0
OTT-002884,Male,67,Basic,9.99,57,70.0,6,2,2,1,0
OTT-002885,Male,49,Basic,9.99,31,36.3,4,4,3,1,0
OTT-002886,Male,60,Basic,9.99,14,69.2,0,1,4,1,0
OTT-002887,Male,52,Basic,9.99,35,15.2,16,5,5,1,1
OTT-002888,Male,55,Standard,15.49,25,48.9,5,1,1,0,0
OTT-002889,Female,39,Premium,22.99,59,50.9,46,2,5,0,0
OTT-002890,Female,35,Basic,9.99,32,53.8,8,5,1,1,0
OTT-002891,Female,32,Basic,9.99,31,65.6,7,1,5,0,0
OTT-002892,Male,65,Basic,9.99,37,48.1,20,5,4,0,0
OTT-002893,Male,39,Standard,15.49,8,49.6,17,4,5,1,0
OTT-002894,Male,57,Basic,9.99,52,36.9,5,3,3,0,0
OTT-002895,Male,55,Basic,9.99,16,52.4,12,2,1,1,0
OTT-002896,Female,20,Basic,9.99,48,38.0,28,4,3,0,0
OTT-002897,Male,62,Basic,9.99,19,43.9,0,4,3,0,0
OTT-002898,Female,48,Premium,22.99,35,37.1,22,4,2,1,0
OTT-002899,Female,50,Premium,22.99,16,14.9,15,5,3,3,1
OTT-002900,Male,39,Basic,9.99,25,72.3,23,1,2,1,0
OTT-002901,Male,62,Standard,15.49,15,37.4,4,5,5,0,0
OTT-002902,Female,25,Standard,15.49,31,3.6,7,4,2,1,0
OTT-002903,Male,56,Basic,9.99,29,22.0,0,4,2,2,0
OTT-002904,Female,24,Basic,9.99,41,8.5,2,2,2,0,0
OTT-002905,Female,48,Standard,15.49,35,35.0,12,4,1,2,0
OTT-002906,Female,55,Standard,15.49,16,37.4,0,1,3,1,0
OTT-002907,Female,46,Basic,9.99,55,28.6,5,1,1,0,0
OTT-002908,Male,37,Standard,15.49,42,60.9,46,1,3,2,1
OTT-002909,Male,33,Standard,15.49,16,25.7,11,2,3,1,0
OTT-002910,Male,56,Basic,9.99,13,93.2,4,3,1,0,0
OTT-002911,Male,60,Basic,9.99,48,37.2,3,1,4,0,0
OTT-002912,Female,54,Premium,22.99,49,80.6,6,1,2,1,0
OTT-002913,Female,22,Basic,9.99,39,29.5,4,5,3,0,0
OTT-002914,Male,50,Basic,9.99,19,45.4,11,1,3,0,0
OTT-002915,Male,65,Premium,22.99,5,37.5,5,5,2,1,0
OTT-002916,Male,56,Premium,22.99,42,11.8,2,4,5,0,0
OTT-002917,Male,48,Basic,9.99,52,50.5,7,3,2,0,0
OTT-002918,Male,44,Premium,22.99,40,64.6,16,3,4,0,0
OTT-002919,Male,48,Standard,15.49,53,35.6,2,4,3,1,0
OTT-002920,Female,41,Standard,15.49,34,98.7,2,5,3,0,0
OTT-002921,Female,59,Standard,15.49,56,68.6,0,5,4,0,0
OTT-002922,Male,39,Basic,9.99,52,32.8,10,1,3,1,0
OTT-002923,Female,28,Basic,9.99,57,36.4,10,5,3,0,0
OTT-002924,Male,67,Standard,15.49,59,44.0,8,4,5,1,0
OTT-002925,Male,54,Standard,15.49,50,25.5,2,1,3,0,0
OTT-002926,Female,37,Standard,15.49,36,105.6,5,3,1,1,0
OTT-002927,Male,61,Basic,9.99,35,70.7,12,5,5,0,0
OTT-002928,Male,56,Standard,15.49,44,92.4,2,1,3,0,0
OTT-002929,Male,46,Basic,9.99,10,40.5,1,4,1,0,0
OTT-002930,Female,21,Standard,15.49,55,56.5,6,1,4,3,0
OTT-002931,Female,21,Premium,22.99,45,99.6,7,2,4,1,0
OTT-002932,Male,49,Standard,15.49,31,17.9,3,5,3,0,0
OTT-002933,Female,64,Standard,15.49,57,92.8,1,3,3,1,0
OTT-002934,Female,42,Basic,9.99,53,1.0,12,3,2,1,0
OTT-002935,Male,31,Standard,15.49,29,39.9,26,2,2,1,0
OTT-002936,Male,65,Premium,22.99,14,56.8,8,5,5,0,0
OTT-002937,Female,20,Standard,15.49,32,95.6,6,5,5,0,0
OTT-002938,Female,55,Premium,22.99,33,66.1,17,5,5,0,0
OTT-002939,Female,25,Basic,9.99,2,1.0,8,2,1,1,1
OTT-002940,Female,30,Standard,15.49,41,61.3,3,1,3,2,0
OTT-002941,Female,39,Basic,9.99,54,28.6,1,4,3,2,0
OTT-002942,Male,47,Premium,22.99,46,46.0,16,2,2,0,0
OTT-002943,Female,33,Basic,9.99,52,24.2,8,1,1,1,0
OTT-002944,Female,22,Standard,15.49,51,61.7,18,4,5,2,0
OTT-002945,Female,49,Basic,9.99,24,78.6,8,1,4,0,0
OTT-002946,Female,65,Standard,15.49,7,48.2,2,1,2,0,0
OTT-002947,Male,49,Standard,15.49,40,91.7,10,5,1,0,0
OTT-002948,Male,66,Basic,9.99,48,6.9,3,3,5,0,0
OTT-002949,Female,44,Basic,9.99,26,57.6,9,5,3,0,0
OTT-002950,Male,51,Standard,15.49,33,33.4,0,1,3,1,0
OTT-002951,Female,47,Standard,15.49,49,92.3,7,2,1,0,0
OTT-002952,Female,19,Premium,22.99,29,80.2,23,4,2,0,0
OTT-002953,Male,33,Standard,15.49,42,37.5,1,5,4,0,0
OTT-002954,Male,69,Standard,15.49,20,22.2,2,2,2,0,0
OTT-002955,Female,62,Standard,15.49,4,68.4,5,3,3,0,0
OTT-002956,Female,63,Standard,15.49,15,34.9,22,3,2,1,0
OTT-002957,Female,19,Basic,9.99,18,79.4,11,3,3,0,0
OTT-002958,Female,25,Basic,9.99,23,32.9,2,2,2,0,0
OTT-002959,Female,22,Basic,9.99,38,80.1,10,3,3,0,0
OTT-002960,Female,26,Premium,22.99,58,22.0,19,1,2,1,0
OTT-002961,Male,23,Standard,15.49,12,34.5,4,3,2,1,0
OTT-002962,Male,37,Basic,9.99,2,70.2,9,4,3,0,0
OTT-002963,Female,54,Basic,9.99,3,1.3,26,2,5,0,1
OTT-002964,Male,56,Standard,15.49,41,53.7,16,4,3,0,0
OTT-002965,Male,27,Premium,22.99,39,46.5,7,2,1,1,0
OTT-002966,Male,61,Premium,22.99,40,66.3,1,2,1,1,0
OTT-002967,Female,65,Standard,15.49,49,37.3,1,2,3,0,0
OTT-002968,Male,37,Basic,9.99,32,40.8,14,5,4,3,1
OTT-002969,Female,57,Premium,22.99,5,47.6,27,3,2,0,0
OTT-002970,Female,38,Premium,22.99,30,23.9,6,1,3,0,0
OTT-002971,Male,31,Premium,22.99,16,1.0,9,3,2,0,0
OTT-002972,Female,20,Standard,15.49,57,56.0,0,3,5,0,0
OTT-002973,Male,38,Basic,9.99,35,54.7,7,4,4,0,0
OTT-002974,Female,39,Standard,15.49,28,45.9,0,3,4,0,0
OTT-002975,Male,42,Standard,15.49,22,56.1,0,5,3,1,0
OTT-002976,Male,55,Basic,9.99,11,56.9,14,3,1,0,0
OTT-002977,Female,52,Basic,9.99,4,52.4,44,4,5,0,0
OTT-002978,Female,18,Basic,9.99,11,49.6,19,2,1,0,0
OTT-002979,Male,37,Basic,9.99,24,23.0,9,4,3,1,0
OTT-002980,Female,42,Basic,9.99,17,76.7,14,5,4,2,0
OTT-002981,Female,42,Basic,9.99,54,71.2,5,5,2,0,0
OTT-002982,Male,25,Basic,9.99,48,55.9,7,4,3,0,0
OTT-002983,Male,56,Premium,22.99,35,67.3,11,2,3,1,0
OTT-002984,Male,55,Standard,15.49,57,40.1,18,2,5,0,0
OTT-002985,Male,43,Standard,15.49,39,63.5,53,4,4,0,0
OTT-002986,Male,35,Standard,15.49,26,27.0,25,2,1,1,0
OTT-002987,Male,58,Premium,22.99,31,65.9,1,3,4,1,0
OTT-002988,Female,32,Standard,15.49,24,38.4,5,3,5,1,0
OTT-002989,Female,65,Standard,15.49,7,51.7,5,2,2,0,0
OTT-002990,Female,47,Standard,15.49,14,55.2,8,2,5,1,0
OTT-002991,Female,28,Basic,9.99,51,68.1,10,4,5,0,0
OTT-002992,Female,66,Basic,9.99,59,43.5,0,2,2,1,0
OTT-002993,Female,41,Basic,9.99,44,46.2,11,5,1,0,0
OTT-002994,Male,40,Basic,9.99,26,80.1,3,2,1,0,0
OTT-002995,Female,34,Basic,9.99,44,65.8,23,4,5,1,0
OTT-002996,Male,48,Basic,9.99,7,72.5,0,5,1,0,0
OTT-002997,Male,54,Premium,22.99,7,81.6,0,5,2,1,0
OTT-002998,Female,51,Basic,9.99,36,47.6,15,3,4,0,0
OTT-002999,Female,54,Basic,9.99,46,83.0,6,5,2,1,0
OTT-003000,Male,27,Standard,15.49,9,35.2,8,2,1,1,1
OTT-003001,Male,33,Standard,15.49,46,87.9,15,3,1,0,0
OTT-003002,Female,54,Basic,9.99,19,35.1,13,5,1,1,0
OTT-003003,Female,19,Standard,15.49,1,65.7,23,4,1,1,1
OTT-003004,Male,55,Standard,15.49,49,5.7,0,2,2,2,0
OTT-003005,Female,59,Basic,9.99,34,47.8,7,3,1,0,0
OTT-003006,Female,54,Basic,9.99,11,68.6,3,3,4,0,0
OTT-003007,Male,65,Basic,9.99,41,71.7,16,3,2,0,0
OTT-003008,Male,35,Standard,15.49,15,15.9,10,3,1,0,0
OTT-003009,Male,46,Standard,15.49,35,77.4,13,4,1,1,0
OTT-003010,Female,38,Basic,9.99,32,55.7,1,2,3,0,0
OTT-003011,Female,40,Basic,9.99,52,36.7,25,1,2,2,0
OTT-003012,Male,57,Standard,15.49,46,34.6,1,5,1,0,0
OTT-003013,Female,54,Basic,9.99,41,54.0,5,3,4,2,0
OTT-003014,Male,31,Standard,15.49,58,69.7,30,2,5,0,0
OTT-003015,Female,43,Standard,15.49,52,42.5,2,3,2,0,0
OTT-003016,Female,25,Basic,9.99,29,36.0,3,5,5,1,0
OTT-003017,Male,51,Premium,22.99,48,68.6,1,1,3,1,0
OTT-003018,Male,25,Basic,9.99,11,52.7,8,3,3,1,0
OTT-003019,Female,22,Premium,22.99,1,90.8,3,3,3,2,0
OTT-003020,Male,65,Standard,15.49,33,69.1,0,2,5,0,0
OTT-003021,Male,55,Standard,15.49,53,73.9,3,4,4,1,0
OTT-003022,Female,64,Standard,15.49,42,37.8,4,4,5,0,0
OTT-003023,Female,34,Standard,15.49,48,1.0,9,1,2,0,0
OTT-003024,Female,28,Standard,15.49,51,20.6,2,4,1,0,0
OTT-003025,Female,42,Standard,15.49,44,13.7,19,4,5,1,0
OTT-003026,Female,69,Standard,15.49,39,43.9,23,4,2,0,0
OTT-003027,Female,34,Basic,9.99,27,15.0,5,1,5,3,0
OTT-003028,Male,42,Premium,22.99,15,66.6,8,2,1,0,0
OTT-003029,Female,41,Standard,15.49,19,49.0,10,3,1,0,0
OTT-003030,Female,33,Standard,15.49,56,55.4,0,2,2,2,0
OTT-003031,Female,31,Standard,15.49,23,25.8,9,3,3,0,0
OTT-003032,Female,24,Basic,9.99,56,36.7,50,5,3,1,0
OTT-003033,Male,48,Basic,9.99,26,20.5,20,1,4,0,0
OTT-003034,Male,22,Standard,15.49,24,40.7,10,3,3,0,0
OTT-003035,Male,68,Basic,9.99,28,42.6,19,4,4,0,0
OTT-003036,Male,49,Standard,15.49,6,8.9,5,1,2,0,0
OTT-003037,Male,30,Standard,15.49,9,52.7,13,3,2,0,0
OTT-003038,Male,49,Basic,9.99,19,62.2,17,2,5,1,0
OTT-003039,Male,22,Basic,9.99,6,1.2,56,1,5,2,1
OTT-003040,Female,64,Standard,15.49,46,89.1,27,1,1,0,0
OTT-003041,Female,22,Standard,15.49,41,36.0,12,5,5,0,0
OTT-003042,Female,59,Basic,9.99,13,61.8,41,4,4,0,0
OTT-003043,Male,51,Standard,15.49,9,17.0,31,4,4,0,0
OTT-003044,Female,23,Standard,15.49,25,25.8,1,3,2,1,0
OTT-003045,Female,67,Standard,15.49,26,61.9,10,5,5,0,0
OTT-003046,Female,24,Standard,15.49,47,70.4,1,4,2,0,0
OTT-003047,Female,41,Basic,9.99,36,50.4,23,4,3,1,0
OTT-003048,Male,20,Standard,15.49,45,29.3,5,3,4,1,0
OTT-003049,Male,43,Standard,15.49,28,59.9,11,3,4,2,0
OTT-003050,Male,53,Standard,15.49,41,74.0,17,4,1,0,0
OTT-003051,Female,28,Standard,15.49,12,63.3,4,1,1,1,0
OTT-003052,Male,37,Standard,15.49,57,76.8,6,1,2,1,0
OTT-003053,Female,61,Basic,9.99,7,56.4,0,4,4,1,0
OTT-003054,Male,48,Standard,15.49,5,38.9,23,1,4,1,1
OTT-003055,Male,62,Premium,22.99,37,79.0,27,4,1,0,0
OTT-003056,Female,20,Premium,22.99,9,111.1,0,2,4,0,0
OTT-003057,Male,44,Basic,9.99,20,51.9,24,4,3,2,0
OTT-003058,Male,53,Basic,9.99,35,55.7,21,1,4,1,0
OTT-003059,Female,35,Premium,22.99,47,66.0,37,5,1,0,0
OTT-003060,Female,29,Premium,22.99,41,66.8,7,5,1,0,0
OTT-003061,Female,24,Basic,9.99,22,56.9,22,1,5,0,0
OTT-003062,Male,54,Standard,15.49,14,1.0,4,2,3,0,0
OTT-003063,Female,65,Standard,15.49,42,62.6,4,3,5,0,0
OTT-003064,Female,27,Standard,15.49,52,36.3,0,3,5,3,0
OTT-003065,Male,60,Basic,9.99,33,35.0,8,5,3,1,0
OTT-003066,Male,37,Standard,15.49,53,38.7,3,3,3,0,0
OTT-003067,Male,49,Premium,22.99,22,23.3,15,4,5,0,0
OTT-003068,Female,40,Basic,9.99,18,37.1,7,4,4,0,0
OTT-003069,Female,45,Standard,15.49,37,40.0,4,1,3,1,0
OTT-003070,Female,57,Premium,22.99,55,25.5,5,4,2,1,0
OTT-003071,Female,51,Standard,15.49,39,36.9,23,5,1,1,0
OTT-003072,Female,34,Standard,15.49,34,53.0,2,2,3,0,0
OTT-003073,Male,38,Premium,22.99,6,54.9,26,5,2,0,0
OTT-003074,Male,44,Premium,22.99,32,37.1,5,3,4,0,0
OTT-003075,Male,37,Basic,9.99,39,1.0,7,5,1,1,1
OTT-003076,Female,45,Premium,22.99,14,41.5,3,1,5,0,0
OTT-003077,Male,22,Standard,15.49,13,16.7,2,1,3,0,0
OTT-003078,Female,32,Standard,15.49,13,81.3,11,1,1,2,0
OTT-003079,Male,38,Standard,15.49,42,56.7,7,1,4,0,0
OTT-003080,Female,36,Standard,15.49,53,7.4,35,1,5,0,0
OTT-003081,Female,67,Basic,9.99,26,34.2,15,3,2,2,0
OTT-003082,Female,54,Premium,22.99,59,31.3,15,1,5,1,0
OTT-003083,Male,69,Basic,9.99,33,56.4,25,4,1,0,0
OTT-003084,Female,19,Basic,9.99,22,20.7,4,4,2,2,0
OTT-003085,Female,33,Premium,22.99,48,45.5,4,5,2,1,0
OTT-003086,Male,38,Basic,9.99,25,76.7,7,4,2,1,0
OTT-003087,Male,68,Standard,15.49,20,46.3,3,2,4,0,0
OTT-003088,Male,25,Basic,9.99,55,3.4,7,2,1,2,1
OTT-003089,Male,59,Basic,9.99,13,70.1,6,3,3,0,0
OTT-003090,Female,40,Premium,22.99,24,64.8,2,3,5,1,0
OTT-003091,Female,60,Basic,9.99,37,23.7,4,2,3,4,1
OTT-003092,Male,18,Basic,9.99,29,71.2,22,4,3,0,0
OTT-003093,Male,53,Standard,15.49,24,12.1,11,2,5,2,1
OTT-003094,Male,45,Basic,9.99,56,61.4,3,5,1,0,0
OTT-003095,Male,35,Basic,9.99,58,75.3,20,3,5,1,0
OTT-003096,Female,41,Basic,9.99,10,37.1,14,5,3,1,1
OTT-003097,Male,26,Standard,15.49,17,46.2,21,2,3,0,0
OTT-003098,Female,60,Basic,9.99,38,51.6,7,2,5,0,0
OTT-003099,Male,52,Basic,9.99,23,41.7,8,3,4,1,0
OTT-003100,Male,55,Standard,15.49,36,4.7,7,3,2,0,0
OTT-003101,Male,25,Standard,15.49,14,76.2,9,1,3,0,0
OTT-003102,Female,28,Basic,9.99,40,70.0,66,2,4,1,0
OTT-003103,Female,18,Standard,15.49,9,49.4,8,3,2,1,1
OTT-003104,Female,43,Basic,9.99,5,25.6,0,2,4,0,0
OTT-003105,Male,40,Standard,15.49,10,50.4,1,4,1,1,0
OTT-003106,Female,56,Basic,9.99,48,44.5,25,2,2,2,0
OTT-003107,Male,19,Standard,15.49,36,58.4,83,2,1,0,1
OTT-003108,Male,40,Basic,9.99,41,40.3,5,4,2,0,0
OTT-003109,Female,47,Standard,15.49,35,63.1,21,5,1,1,0
OTT-003110,Female,57,Basic,9.99,33,73.2,1,2,5,0,0
OTT-003111,Male,21,Basic,9.99,29,58.3,9,3,4,0,0
OTT-003112,Female,47,Basic,9.99,39,15.8,9,5,5,0,0
OTT-003113,Male,46,Standard,15.49,4,61.9,13,5,3,0,0
OTT-003114,Male,64,Standard,15.49,32,19.4,8,4,4,0,0
OTT-003115,Male,58,Basic,9.99,3,68.3,69,1,5,2,1
OTT-003116,Female,57,Premium,22.99,12,64.6,53,2,4,0,0
OTT-003117,Female,67,Standard,15.49,20,28.3,0,1,3,0,0
OTT-003118,Male,65,Basic,9.99,56,64.9,2,2,2,0,0
OTT-003119,Male,35,Basic,9.99,4,11.0,4,1,3,1,0
OTT-003120,Female,24,Premium,22.99,8,68.7,5,5,5,0,0
OTT-003121,Female,49,Standard,15.49,39,28.8,0,2,2,0,0
OTT-003122,Female,25,Standard,15.49,38,42.8,14,3,1,1,0
OTT-003123,Male,56,Standard,15.49,7,24.3,0,4,2,0,0
OTT-003124,Female,20,Premium,22.99,48,59.7,8,5,3,0,0
OTT-003125,Female,50,Basic,9.99,34,7.3,5,3,1,0,0
OTT-003126,Female,32,Basic,9.99,53,23.0,28,1,1,1,0
OTT-003127,Male,62,Standard,15.49,3,43.2,0,4,3,1,0
OTT-003128,Female,52,Standard,15.49,52,27.7,0,1,5,2,0
OTT-003129,Female,19,Standard,15.49,21,62.6,5,2,4,1,0
OTT-003130,Female,63,Standard,15.49,9,72.7,7,4,2,0,0
OTT-003131,Male,53,Standard,15.49,33,27.9,19,4,5,0,0
OTT-003132,Male,69,Standard,15.49,16,22.6,16,5,1,0,0
OTT-003133,Male,32,Basic,9.99,54,19.8,1,2,2,0,0
OTT-003134,Female,19,Standard,15.49,44,56.1,3,2,2,0,0
OTT-003135,Male,51,Standard,15.49,28,53.9,5,5,4,0,0
OTT-003136,Male,39,Basic,9.99,16,46.6,19,3,1,0,0
OTT-003137,Female,47,Basic,9.99,24,36.3,12,4,4,1,0
OTT-003138,Female,44,Standard,15.49,32,26.7,6,5,4,1,0
OTT-003139,Female,21,Basic,9.99,37,90.6,4,4,2,1,0
OTT-003140,Female,67,Basic,9.99,2,1.0,2,2,4,1,1
OTT-003141,Male,33,Basic,9.99,37,20.1,11,5,1,0,0
OTT-003142,Female,26,Standard,15.49,24,58.9,8,1,2,0,0
OTT-003143,Female,67,Basic,9.99,13,88.5,3,1,3,0,0
OTT-003144,Male,43,Standard,15.49,58,40.7,0,2,5,1,0
OTT-003145,Male,40,Standard,15.49,57,20.3,2,2,5,0,0
OTT-003146,Male,52,Basic,9.99,7,33.2,8,5,5,1,0
OTT-003147,Female,39,Premium,22.99,34,20.8,3,3,1,1,0
OTT-003148,Female,56,Basic,9.99,51,24.2,13,5,4,0,0
OTT-003149,Male,53,Basic,9.99,53,60.7,0,1,1,0,0
OTT-003150,Male,57,Premium,22.99,53,74.2,27,4,1,1,0
OTT-003151,Male,49,Basic,9.99,45,1.0,14,3,5,1,1
OTT-003152,Male,43,Basic,9.99,6,36.5,1,3,5,2,0
OTT-003153,Male,37,Standard,15.49,28,57.2,2,5,2,1,0
OTT-003154,Female,57,Standard,15.49,21,9.8,3,1,4,1,0
OTT-003155,Male,62,Premium,22.99,56,66.5,14,3,1,0,0
OTT-003156,Male,68,Standard,15.49,28,71.9,2,4,2,0,0
OTT-003157,Female,28,Basic,9.99,18,49.0,30,2,1,1,0
OTT-003158,Male,40,Standard,15.49,1,1.0,5,2,5,0,0
OTT-003159,Female,22,Basic,9.99,53,41.3,9,5,4,1,0
OTT-003160,Male,30,Standard,15.49,13,45.2,0,4,3,0,0
OTT-003161,Male,60,Premium,22.99,57,37.2,0,4,4,2,0
OTT-003162,Female,42,Premium,22.99,14,19.8,1,4,4,0,0
OTT-003163,Female,31,Standard,15.49,58,66.1,3,4,4,1,0
OTT-003164,Male,67,Standard,15.49,19,14.1,39,4,3,1,1
OTT-003165,Male,51,Basic,9.99,27,18.8,4,3,4,2,1
OTT-003166,Male,37,Standard,15.49,7,56.9,11,5,3,0,0
OTT-003167,Male,45,Standard,15.49,3,41.7,2,1,5,0,0
OTT-003168,Male,66,Basic,9.99,28,17.3,6,4,1,0,0
OTT-003169,Female,28,Basic,9.99,37,60.4,9,1,5,2,0
OTT-003170,Female,57,Basic,9.99,23,75.5,12,2,3,1,0
OTT-003171,Male,42,Premium,22.99,38,84.7,31,5,3,1,0
OTT-003172,Female,62,Basic,9.99,6,29.9,3,4,1,0,0
OTT-003173,Female,46,Premium,22.99,32,71.0,6,3,1,0,0
OTT-003174,Female,25,Basic,9.99,25,81.4,2,4,5,0,0
OTT-003175,Male,35,Premium,22.99,57,88.7,22,1,2,0,0
OTT-003176,Female,45,Standard,15.49,37,60.7,57,2,3,0,0
OTT-003177,Male,23,Basic,9.99,58,34.5,3,2,3,1,0
OTT-003178,Male,45,Premium,22.99,2,48.8,13,4,1,1,0
OTT-003179,Female,65,Basic,9.99,22,21.2,9,1,4,0,0
OTT-003180,Male,46,Premium,22.99,41,61.8,4,4,2,0,0
OTT-003181,Female,32,Standard,15.49,3,63.9,3,5,4,2,0
OTT-003182,Female,54,Standard,15.49,27,65.0,15,3,2,0,0
OTT-003183,Female,35,Standard,15.49,41,62.0,1,5,2,0,0
OTT-003184,Female,68,Standard,15.49,50,14.1,1,1,5,0,0
OTT-003185,Male,27,Premium,22.99,1,34.2,7,5,4,0,0
OTT-003186,Female,68,Premium,22.99,14,19.3,3,5,4,0,0
OTT-003187,Female,27,Standard,15.49,55,64.8,25,1,3,0,0
OTT-003188,Male,49,Standard,15.49,23,46.5,9,2,5,1,0
OTT-003189,Female,48,Standard,15.49,48,50.5,11,4,1,1,0
OTT-003190,Female,62,Basic,9.99,30,26.7,9,4,1,1,0
OTT-003191,Male,24,Basic,9.99,45,116.2,8,2,3,0,0
OTT-003192,Female,69,Premium,22.99,48,14.6,10,2,1,0,0
OTT-003193,Female,52,Basic,9.99,25,26.7,13,1,4,0,0
OTT-003194,Female,42,Standard,15.49,39,59.0,10,4,1,0,0
OTT-003195,Female,65,Basic,9.99,16,35.7,12,4,1,0,0
OTT-003196,Female,37,Standard,15.49,20,22.2,6,4,2,1,0
OTT-003197,Male,25,Basic,9.99,6,54.7,30,2,2,0,0
OTT-003198,Male,59,Standard,15.49,55,38.1,17,1,2,1,0
OTT-003199,Female,66,Basic,9.99,36,102.9,25,1,2,2,0
OTT-003200,Female,50,Basic,9.99,15,67.0,3,3,3,1,0
OTT-003201,Female,35,Standard,15.49,5,15.4,20,1,1,1,1
OTT-003202,Female,68,Basic,9.99,4,80.5,8,5,4,0,0
OTT-003203,Female,56,Standard,15.49,35,45.1,14,3,1,0,0
OTT-003204,Male,61,Basic,9.99,56,59.6,0,4,2,0,0
OTT-003205,Female,43,Basic,9.99,26,49.9,17,2,5,0,0
OTT-003206,Male,28,Basic,9.99,5,36.5,7,2,5,0,0
OTT-003207,Male,32,Standard,15.49,11,45.5,3,2,5,0,0
OTT-003208,Female,20,Standard,15.49,33,33.3,0,2,1,3,0
OTT-003209,Male,27,Basic,9.99,10,28.7,11,3,1,0,0
OTT-003210,Female,67,Standard,15.49,15,1.2,13,1,1,0,0
OTT-003211,Female,48,Standard,15.49,7,1.0,13,4,4,0,1
OTT-003212,Female,42,Basic,9.99,33,33.6,34,1,1,0,1
OTT-003213,Female,67,Standard,15.49,35,62.0,18,5,4,2,0
OTT-003214,Female,20,Basic,9.99,57,37.3,5,5,1,0,0
OTT-003215,Male,51,Standard,15.49,33,14.3,5,5,1,2,0
OTT-003216,Female,59,Standard,15.49,54,10.2,0,1,1,0,0
OTT-003217,Female,64,Basic,9.99,30,63.2,9,2,4,1,0
OTT-003218,Male,23,Basic,9.99,23,27.3,2,1,1,1,0
OTT-003219,Male,47,Basic,9.99,16,1.0,8,5,5,0,0
OTT-003220,Female,35,Basic,9.99,29,22.6,0,5,4,1,0
OTT-003221,Female,38,Standard,15.49,35,20.4,4,2,3,1,0
OTT-003222,Female,34,Premium,22.99,23,68.5,0,2,1,0,0
OTT-003223,Female,39,Standard,15.49,24,67.7,22,3,4,1,0
OTT-003224,Female,58,Basic,9.99,41,64.0,33,5,3,0,0
OTT-003225,Male,39,Premium,22.99,48,4.2,8,2,3,0,0
OTT-003226,Female,51,Basic,9.99,15,21.2,18,2,4,1,1
OTT-003227,Female,27,Basic,9.99,51,53.6,64,3,5,1,0
OTT-003228,Male,61,Basic,9.99,37,35.9,2,3,4,1,0
OTT-003229,Male,53,Standard,15.49,50,29.4,2,3,3,0,0
OTT-003230,Male,42,Premium,22.99,11,12.2,3,3,3,0,0
OTT-003231,Male,18,Standard,15.49,3,53.9,0,3,2,1,0
OTT-003232,Female,66,Premium,22.99,34,49.0,4,4,3,0,0
OTT-003233,Male,19,Basic,9.99,28,71.7,0,4,4,0,0
OTT-003234,Male,45,Standard,15.49,8,85.5,3,3,4,0,0
OTT-003235,Male,34,Standard,15.49,22,34.7,7,1,4,0,0
OTT-003236,Male,52,Standard,15.49,17,24.6,6,4,2,1,0
OTT-003237,Female,56,Basic,9.99,5,74.9,2,1,4,0,0
OTT-003238,Female,19,Premium,22.99,32,61.2,11,2,2,3,0
OTT-003239,Male,28,Standard,15.49,24,5.7,15,1,3,0,0
OTT-003240,Male,54,Standard,15.49,24,58.0,9,2,5,1,0
OTT-003241,Female,47,Standard,15.49,53,23.3,3,5,5,0,0
OTT-003242,Female,39,Premium,22.99,45,42.2,27,5,4,0,0
OTT-003243,Male,40,Basic,9.99,13,65.7,3,2,2,0,0
OTT-003244,Male,40,Standard,15.49,24,28.5,0,1,4,0,0
OTT-003245,Female,41,Basic,9.99,54,25.5,6,3,1,1,0
OTT-003246,Female,26,Basic,9.99,54,43.4,15,3,4,0,0
OTT-003247,Male,37,Basic,9.99,32,45.5,3,5,5,1,0
OTT-003248,Female,56,Standard,15.49,42,1.0,22,3,3,1,0
OTT-003249,Female,28,Premium,22.99,51,36.1,0,2,3,2,0
OTT-003250,Male,57,Standard,15.49,8,15.0,24,1,1,0,0
OTT-003251,Female,30,Basic,9.99,40,30.2,0,2,2,0,0
OTT-003252,Male,33,Premium,22.99,20,41.9,7,2,5,0,0
OTT-003253,Female,20,Standard,15.49,6,31.9,0,4,5,1,0
OTT-003254,Male,68,Premium,22.99,4,23.8,2,2,5,1,1
OTT-003255,Female,55,Standard,15.49,44,85.7,25,5,3,3,0
OTT-003256,Male,45,Basic,9.99,25,25.0,4,2,2,2,0
OTT-003257,Male,55,Basic,9.99,1,1.4,3,5,5,1,1
OTT-003258,Male,62,Basic,9.99,56,11.9,14,1,5,0,0
OTT-003259,Female,21,Standard,15.49,29,71.7,4,1,4,0,0
OTT-003260,Male,29,Standard,15.49,1,75.6,41,5,1,0,0
OTT-003261,Male,57,Basic,9.99,27,50.3,2,4,1,0,0
OTT-003262,Female,60,Basic,9.99,28,94.7,13,2,3,2,0
OTT-003263,Male,38,Premium,22.99,39,32.2,12,1,5,0,0
OTT-003264,Female,64,Standard,15.49,9,82.7,15,4,1,0,0
OTT-003265,Male,64,Premium,22.99,15,104.8,3,2,5,2,0
OTT-003266,Female,31,Standard,15.49,46,95.1,0,3,4,0,0
OTT-003267,Male,64,Basic,9.99,6,55.6,32,5,2,0,0
OTT-003268,Female,35,Standard,15.49,16,30.1,1,4,2,0,0
OTT-003269,Male,48,Premium,22.99,5,19.5,12,5,3,0,0
OTT-003270,Male,36,Basic,9.99,23,8.6,17,5,4,0,0
OTT-003271,Female,27,Standard,15.49,19,45.5,14,2,4,0,0
OTT-003272,Male,26,Premium,22.99,9,42.5,1,5,4,1,0
OTT-003273,Male,68,Basic,9.99,45,68.5,13,3,1,0,0
OTT-003274,Female,34,Standard,15.49,25,26.0,9,1,3,1,0
OTT-003275,Male,54,Standard,15.49,37,51.8,25,1,1,2,0
OTT-003276,Male,60,Premium,22.99,16,36.2,3,2,5,0,0
OTT-003277,Female,26,Basic,9.99,36,46.9,9,4,3,1,0
OTT-003278,Female,31,Standard,15.49,6,49.7,5,3,5,0,0
OTT-003279,Female,64,Standard,15.49,21,76.4,19,5,4,1,0
OTT-003280,Female,23,Standard,15.49,57,40.6,35,5,2,0,0
OTT-003281,Female,67,Premium,22.99,56,89.0,7,3,2,0,0
OTT-003282,Male,26,Basic,9.99,37,47.0,3,1,3,1,0
OTT-003283,Female,53,Premium,22.99,46,75.9,5,2,3,0,0
OTT-003284,Female,20,Standard,15.49,21,16.3,14,2,1,0,0
OTT-003285,Male,48,Premium,22.99,23,6.3,6,3,5,0,1
OTT-003286,Male,37,Standard,15.49,19,53.0,4,4,2,1,0
OTT-003287,Female,54,Premium,22.99,10,23.5,4,5,1,1,0
OTT-003288,Female,69,Premium,22.99,16,13.8,6,2,3,1,0
OTT-003289,Female,60,Standard,15.49,14,68.1,2,5,3,0,0
OTT-003290,Male,28,Standard,15.49,5,47.0,17,2,4,0,0
OTT-003291,Male,54,Basic,9.99,49,64.3,16,2,4,1,0
OTT-003292,Female,35,Standard,15.49,32,10.4,11,1,1,2,0
OTT-003293,Female,33,Basic,9.99,33,61.6,15,3,3,1,0
OTT-003294,Male,68,Basic,9.99,38,44.6,5,4,3,1,0
OTT-003295,Male,29,Basic,9.99,32,22.7,19,2,1,0,0
OTT-003296,Female,25,Standard,15.49,57,41.3,2,3,5,0,0
OTT-003297,Female,23,Basic,9.99,57,45.3,3,1,4,1,0
OTT-003298,Male,41,Standard,15.49,15,57.6,5,5,2,0,0
OTT-003299,Female,37,Premium,22.99,49,90.7,6,5,3,1,0
OTT-003300,Male,21,Premium,22.99,21,32.1,7,2,3,0,0
OTT-003301,Male,63,Standard,15.49,24,49.7,4,1,5,0,0
OTT-003302,Female,47,Basic,9.99,20,34.1,16,4,4,0,0
OTT-003303,Male,33,Basic,9.99,39,59.6,0,2,3,0,0
OTT-003304,Male,58,Basic,9.99,54,20.9,13,4,1,0,0
OTT-003305,Female,21,Basic,9.99,54,39.1,13,1,3,0,0
OTT-003306,Male,23,Basic,9.99,12,30.7,19,4,1,1,1
OTT-003307,Female,59,Basic,9.99,42,63.6,2,2,5,0,0
OTT-003308,Female,26,Premium,22.99,29,45.6,0,3,2,0,0
OTT-003309,Female,62,Basic,9.99,33,29.3,11,5,5,1,0
OTT-003310,Male,43,Standard,15.49,16,24.9,1,5,1,0,0
OTT-003311,Female,25,Standard,15.49,44,49.2,4,2,1,0,0
OTT-003312,Male,61,Premium,22.99,40,83.7,1,2,3,0,0
OTT-003313,Male,47,Standard,15.49,12,9.3,18,1,4,1,1
OTT-003314,Female,30,Basic,9.99,33,40.6,11,4,1,0,0
OTT-003315,Male,39,Standard,15.49,50,32.8,3,4,2,0,0
OTT-003316,Male,24,Standard,15.49,48,20.9,24,2,2,0,1
OTT-003317,Female,25,Basic,9.99,5,42.9,10,5,1,0,0
OTT-003318,Male,51,Standard,15.49,6,52.8,13,1,5,0,0
OTT-003319,Female,38,Premium,22.99,24,72.1,4,3,4,1,0
OTT-003320,Female,56,Standard,15.49,5,40.4,1,4,4,1,0
OTT-003321,Female,42,Basic,9.99,13,44.5,24,3,4,0,0
OTT-003322,Female,61,Basic,9.99,21,46.5,12,2,4,1,0
OTT-003323,Male,47,Basic,9.99,52,47.0,1,5,1,0,0
OTT-003324,Male,47,Basic,9.99,58,67.5,62,4,1,0,0
OTT-003325,Female,60,Standard,15.49,37,61.2,1,4,1,0,0
OTT-003326,Female,20,Standard,15.49,1,85.7,27,4,2,1,0
OTT-003327,Male,24,Basic,9.99,21,54.7,0,1,3,0,0
OTT-003328,Male,25,Basic,9.99,50,30.8,34,5,3,0,0
OTT-003329,Female,68,Basic,9.99,13,35.2,10,5,5,1,0
OTT-003330,Female,68,Standard,15.49,10,1.0,0,2,4,0,1
OTT-003331,Male,60,Basic,9.99,41,52.1,11,1,2,1,0
OTT-003332,Male,61,Basic,9.99,40,6.2,0,5,2,1,0
OTT-003333,Female,31,Premium,22.99,15,44.4,2,4,4,0,0
OTT-003334,Female,54,Premium,22.99,56,33.6,16,5,3,0,0
OTT-003335,Female,41,Basic,9.99,9,79.7,5,2,2,1,0
OTT-003336,Female,32,Basic,9.99,7,8.5,4,1,1,1,1
OTT-003337,Female,48,Standard,15.49,45,74.1,4,4,3,1,0
OTT-003338,Male,21,Standard,15.49,22,35.7,18,4,3,0,0
OTT-003339,Male,54,Basic,9.99,16,9.8,1,4,3,1,0
OTT-003340,Female,68,Standard,15.49,45,55.6,5,5,5,1,0
OTT-003341,Male,48,Standard,15.49,17,75.3,4,2,3,1,0
OTT-003342,Male,19,Basic,9.99,44,46.0,7,4,3,0,0
OTT-003343,Female,45,Basic,9.99,54,42.4,6,5,5,0,0
OTT-003344,Female,42,Basic,9.99,19,1.0,33,5,3,0,1
OTT-003345,Female,27,Basic,9.99,13,42.3,3,4,5,3,1
OTT-003346,Male,52,Standard,15.49,52,117.8,2,3,1,2,0
OTT-003347,Male,67,Premium,22.99,7,39.3,7,1,3,0,0
OTT-003348,Male,54,Standard,15.49,41,38.5,56,4,3,0,1
OTT-003349,Male,18,Standard,15.49,3,40.2,4,4,1,0,0
OTT-003350,Female,38,Basic,9.99,37,37.9,10,2,2,1,0
OTT-003351,Female,60,Standard,15.49,33,22.6,11,3,1,0,0
OTT-003352,Male,57,Standard,15.49,39,68.6,12,1,4,1,0
OTT-003353,Male,22,Standard,15.49,57,18.5,16,4,5,0,0
OTT-003354,Male,55,Basic,9.99,14,36.7,11,5,2,1,0
OTT-003355,Male,24,Standard,15.49,14,56.9,0,5,4,0,0
OTT-003356,Male,19,Premium,22.99,34,28.4,24,2,1,0,0
OTT-003357,Male,22,Standard,15.49,5,54.9,0,5,5,1,0
OTT-003358,Male,35,Standard,15.49,15,103.5,0,3,1,0,0
OTT-003359,Female,52,Basic,9.99,33,83.3,3,4,5,2,0
OTT-003360,Female,44,Premium,22.99,58,45.9,11,3,4,1,0
OTT-003361,Female,41,Basic,9.99,50,49.2,0,3,3,1,0
OTT-003362,Male,53,Basic,9.99,11,39.1,18,4,2,0,0
OTT-003363,Male,66,Premium,22.99,1,28.0,13,1,3,1,1
OTT-003364,Male,51,Standard,15.49,12,58.6,41,2,2,2,1
OTT-003365,Male,34,Premium,22.99,25,63.4,1,5,1,1,0
OTT-003366,Male,40,Basic,9.99,44,58.4,7,3,5,2,0
OTT-003367,Female,36,Basic,9.99,49,15.3,1,2,4,1,0
OTT-003368,Male,25,Basic,9.99,36,71.5,27,4,1,3,0
OTT-003369,Female,24,Basic,9.99,8,18.9,7,2,3,0,0
OTT-003370,Female,48,Standard,15.49,28,40.8,13,2,2,0,0
OTT-003371,Female,60,Standard,15.49,9,89.1,2,1,5,1,0
OTT-003372,Female,44,Premium,22.99,12,32.9,4,4,4,0,0
OTT-003373,Male,53,Basic,9.99,59,57.2,37,3,1,1,0
OTT-003374,Female,49,Basic,9.99,41,42.0,1,4,4,1,0
OTT-003375,Male,36,Basic,9.99,47,35.0,12,3,1,0,0
OTT-003376,Female,56,Standard,15.49,1,43.3,20,5,5,1,0
OTT-003377,Female,33,Standard,15.49,36,36.0,10,1,1,0,0
OTT-003378,Male,58,Standard,15.49,15,79.5,11,4,3,2,0
OTT-003379,Male,19,Basic,9.99,26,55.8,8,3,2,0,0
OTT-003380,Female,40,Standard,15.49,2,51.0,6,1,1,1,0
OTT-003381,Female,42,Standard,15.49,56,28.7,7,1,3,2,0
OTT-003382,Female,61,Standard,15.49,59,40.5,0,4,5,0,0
OTT-003383,Female,53,Basic,9.99,56,79.5,8,4,2,0,0
OTT-003384,Female,25,Premium,22.99,33,46.8,9,5,3,2,0
OTT-003385,Male,45,Standard,15.49,16,27.0,7,3,5,0,0
OTT-003386,Male,63,Basic,9.99,39,15.7,7,1,1,0,0
OTT-003387,Male,34,Basic,9.99,18,42.6,2,2,3,1,0
OTT-003388,Female,56,Premium,22.99,13,38.2,5,1,1,2,1
OTT-003389,Female,65,Premium,22.99,50,40.3,4,1,5,1,0
OTT-003390,Female,47,Basic,9.99,53,7.0,6,5,4,0,0
OTT-003391,Male,37,Standard,15.49,59,70.4,17,4,2,1,0
OTT-003392,Female,54,Premium,22.99,48,69.8,11,5,2,1,0
OTT-003393,Female,31,Standard,15.49,54,22.8,3,2,2,1,0
OTT-003394,Male,53,Basic,9.99,57,55.0,4,1,4,0,0
OTT-003395,Female,37,Basic,9.99,13,78.4,16,2,3,0,0
OTT-003396,Male,47,Standard,15.49,29,39.4,42,4,3,1,0
OTT-003397,Male,45,Basic,9.99,24,47.9,2,3,2,0,0
OTT-003398,Female,28,Premium,22.99,52,54.8,7,1,2,0,0
OTT-003399,Male,20,Basic,9.99,50,8.2,6,4,1,0,0
OTT-003400,Male,58,Basic,9.99,39,56.6,10,5,4,0,0
OTT-003401,Female,35,Standard,15.49,8,1.0,3,2,3,0,1
OTT-003402,Male,28,Standard,15.49,57,55.3,1,1,4,2,0
OTT-003403,Male,56,Basic,9.99,16,28.4,25,1,2,1,1
OTT-003404,Male,37,Standard,15.49,34,69.7,32,1,3,0,0
OTT-003405,Female,46,Basic,9.99,36,42.3,11,1,2,2,0
OTT-003406,Male,23,Premium,22.99,10,47.3,2,2,4,1,0
OTT-003407,Male,43,Basic,9.99,4,47.8,18,2,1,0,0
OTT-003408,Male,27,Basic,9.99,54,62.1,23,4,3,1,0
OTT-003409,Female,41,Premium,22.99,12,90.7,8,5,5,0,0
OTT-003410,Male,66,Standard,15.49,39,21.5,6,3,2,0,0
OTT-003411,Female,68,Premium,22.99,56,41.9,26,5,2,0,0
OTT-003412,Male,39,Standard,15.49,59,45.7,10,5,2,1,0
OTT-003413,Female,20,Premium,22.99,56,41.1,4,5,5,1,0
OTT-003414,Male,58,Basic,9.99,28,59.9,9,1,5,0,0
OTT-003415,Male,51,Basic,9.99,36,55.5,15,4,4,0,0
OTT-003416,Male,46,Premium,22.99,49,36.9,2,3,4,1,0
OTT-003417,Female,61,Basic,9.99,11,15.2,29,1,5,0,1
OTT-003418,Male,57,Standard,15.49,30,21.5,3,2,5,1,0
OTT-003419,Female,27,Premium,22.99,50,36.6,11,5,5,0,0
OTT-003420,Female,28,Basic,9.99,59,27.9,6,2,5,3,0
OTT-003421,Male,35,Standard,15.49,2,39.6,3,1,1,0,0
OTT-003422,Female,37,Basic,9.99,6,65.4,11,2,5,1,0
OTT-003423,Male,35,Basic,9.99,44,57.4,36,5,3,0,0
OTT-003424,Female,54,Standard,15.49,10,16.7,8,4,2,0,1
OTT-003425,Female,49,Standard,15.49,53,51.8,18,2,5,1,0
OTT-003426,Male,26,Premium,22.99,22,62.9,33,3,1,0,0
OTT-003427,Male,27,Standard,15.49,34,1.0,3,5,1,2,0
OTT-003428,Female,47,Standard,15.49,35,37.2,7,3,3,0,0
OTT-003429,Male,60,Basic,9.99,22,75.2,7,1,1,0,0
OTT-003430,Female,58,Basic,9.99,1,68.4,18,2,5,2,0
OTT-003431,Male,64,Basic,9.99,39,50.5,26,4,4,1,0
OTT-003432,Female,21,Premium,22.99,54,33.8,11,3,2,0,0
OTT-003433,Male,37,Standard,15.49,38,70.3,6,4,4,0,0
OTT-003434,Male,56,Premium,22.99,51,48.9,5,4,3,1,0
OTT-003435,Female,53,Premium,22.99,8,69.0,0,4,1,0,0
OTT-003436,Female,51,Basic,9.99,54,5.1,14,4,3,2,1
OTT-003437,Female,64,Standard,15.49,17,50.4,36,4,3,0,1
OTT-003438,Female,18,Basic,9.99,47,70.4,14,2,5,2,0
OTT-003439,Female,60,Standard,15.49,11,34.2,13,3,5,0,0
OTT-003440,Male,31,Basic,9.99,43,19.2,2,1,2,2,0
OTT-003441,Female,31,Standard,15.49,58,15.0,10,1,1,0,0
OTT-003442,Female,39,Standard,15.49,13,44.2,12,3,2,0,0
OTT-003443,Male,24,Premium,22.99,56,71.4,0,5,5,0,0
OTT-003444,Male,31,Premium,22.99,19,50.5,27,4,3,0,0
OTT-003445,Female,45,Standard,15.49,37,31.8,3,3,5,1,0
OTT-003446,Male,43,Basic,9.99,17,34.8,5,2,1,0,0
OTT-003447,Female,52,Standard,15.49,29,64.4,8,4,1,1,0
OTT-003448,Male,66,Standard,15.49,47,72.2,21,3,3,0,0
OTT-003449,Male,49,Standard,15.49,59,70.8,16,4,3,1,0
OTT-003450,Male,65,Standard,15.49,17,66.4,1,2,2,1,0
OTT-003451,Male,58,Basic,9.99,43,102.9,5,2,2,0,0
OTT-003452,Female,53,Standard,15.49,42,11.2,1,1,2,1,0
OTT-003453,Male,20,Standard,15.49,29,43.2,5,5,4,0,0
OTT-003454,Male,26,Standard,15.49,35,37.3,17,1,3,0,0
OTT-003455,Male,44,Basic,9.99,45,71.0,7,5,3,0,0
OTT-003456,Male,56,Standard,15.49,56,34.1,25,1,4,0,0
OTT-003457,Female,65,Standard,15.49,37,24.0,11,5,3,0,0
OTT-003458,Female,60,Basic,9.99,38,34.8,10,3,5,2,0
OTT-003459,Female,68,Standard,15.49,20,77.9,10,5,5,0,0
OTT-003460,Female,26,Premium,22.99,42,27.1,10,3,5,1,0
OTT-003461,Male,27,Standard,15.49,29,60.4,1,3,4,2,0
OTT-003462,Male,61,Basic,9.99,16,1.0,13,3,3,0,0
OTT-003463,Male,64,Basic,9.99,7,106.0,23,1,1,3,0
OTT-003464,Male,59,Premium,22.99,24,62.5,5,2,2,0,0
OTT-003465,Female,33,Premium,22.99,40,39.5,3,1,3,1,0
OTT-003466,Male,41,Standard,15.49,45,50.0,7,4,1,1,0
OTT-003467,Male,49,Standard,15.49,44,61.9,2,2,5,2,0
OTT-003468,Male,62,Basic,9.99,32,32.2,29,5,5,1,0
OTT-003469,Male,25,Premium,22.99,23,28.1,15,2,1,4,1
OTT-003470,Male,38,Basic,9.99,2,38.8,13,3,3,0,0
OTT-003471,Male,33,Basic,9.99,7,28.7,23,1,5,0,1
OTT-003472,Female,18,Basic,9.99,2,29.6,2,5,4,0,0
OTT-003473,Female,44,Standard,15.49,40,94.1,4,4,5,1,0
OTT-003474,Male,55,Premium,22.99,54,19.9,7,5,2,0,0
OTT-003475,Female,28,Basic,9.99,45,45.4,2,1,4,0,0
OTT-003476,Female,40,Basic,9.99,42,38.0,3,4,5,0,0
OTT-003477,Male,66,Standard,15.49,53,34.8,6,4,1,0,0
OTT-003478,Female,59,Basic,9.99,17,70.8,2,3,2,0,0
OTT-003479,Male,69,Basic,9.99,3,35.1,9,1,4,0,0
OTT-003480,Male,36,Premium,22.99,1,8.7,1,1,5,0,0
OTT-003481,Female,28,Basic,9.99,55,73.0,2,1,2,1,0
OTT-003482,Female,18,Basic,9.99,57,26.2,1,1,3,1,0
OTT-003483,Female,31,Standard,15.49,9,14.4,4,2,3,1,1
OTT-003484,Male,49,Standard,15.49,51,66.4,5,1,4,0,0
OTT-003485,Female,68,Basic,9.99,30,35.4,9,4,4,1,0
OTT-003486,Female,22,Standard,15.49,23,51.9,3,1,5,0,0
OTT-003487,Male,64,Standard,15.49,38,32.8,6,4,3,0,0
OTT-003488,Female,24,Basic,9.99,31,11.9,3,2,3,1,0
OTT-003489,Female,45,Basic,9.99,26,71.4,12,1,3,0,0
OTT-003490,Male,48,Standard,15.49,18,31.5,10,4,2,1,0
OTT-003491,Female,25,Basic,9.99,56,13.1,1,3,5,0,0
OTT-003492,Female,45,Premium,22.99,30,1.0,7,4,3,2,1
OTT-003493,Male,49,Premium,22.99,36,78.9,18,3,3,1,0
OTT-003494,Female,38,Standard,15.49,26,50.6,17,1,3,1,0
OTT-003495,Male,32,Basic,9.99,16,29.6,25,2,4,1,1
OTT-003496,Female,35,Standard,15.49,15,65.7,4,3,3,0,0
OTT-003497,Male,67,Standard,15.49,24,57.1,8,2,3,1,0
OTT-003498,Male,48,Standard,15.49,42,73.8,7,2,1,0,0
OTT-003499,Male,43,Standard,15.49,48,58.7,4,1,5,0,0
OTT-003500,Female,55,Basic,9.99,13,27.8,9,2,2,0,0
OTT-003501,Female,63,Standard,15.49,53,42.2,18,2,1,1,0
OTT-003502,Male,28,Basic,9.99,5,40.2,0,2,3,0,0
OTT-003503,Female,54,Premium,22.99,39,1.0,27,1,4,3,1
OTT-003504,Female,50,Standard,15.49,12,40.8,2,1,3,0,0
OTT-003505,Male,37,Standard,15.49,7,15.8,25,3,5,1,1
OTT-003506,Female,36,Standard,15.49,57,35.8,7,1,1,0,0
OTT-003507,Female,65,Standard,15.49,4,40.3,5,1,1,2,0
OTT-003508,Female,47,Standard,15.49,38,42.4,17,2,3,1,0
OTT-003509,Female,54,Standard,15.49,12,58.6,12,4,5,1,0
OTT-003510,Female,68,Standard,15.49,55,22.4,15,2,2,0,0
OTT-003511,Female,23,Premium,22.99,54,62.7,9,2,2,0,0
OTT-003512,Female,53,Standard,15.49,29,80.9,7,4,5,1,0
OTT-003513,Male,35,Basic,9.99,17,69.8,19,5,2,0,0
OTT-003514,Male,37,Standard,15.49,59,77.9,6,5,1,0,0
OTT-003515,Male,66,Basic,9.99,33,36.6,7,4,4,0,0
OTT-003516,Male,64,Standard,15.49,13,53.2,13,4,1,0,0
OTT-003517,Male,47,Basic,9.99,25,22.5,22,3,1,2,1
OTT-003518,Female,67,Basic,9.99,49,77.0,11,5,1,1,0
OTT-003519,Male,56,Premium,22.99,51,21.7,12,2,4,1,0
OTT-003520,Female,38,Premium,22.99,15,83.5,0,5,4,0,0
OTT-003521,Female,46,Basic,9.99,23,33.7,19,3,1,0,0
OTT-003522,Female,58,Basic,9.99,32,90.5,12,4,1,1,0
OTT-003523,Male,58,Basic,9.99,36,18.3,12,3,4,0,0
OTT-003524,Female,59,Standard,15.49,13,55.8,6,2,1,0,0
OTT-003525,Male,18,Standard,15.49,8,40.6,1,5,3,0,0
OTT-003526,Male,52,Standard,15.49,58,56.1,1,3,5,0,0
OTT-003527,Male,64,Standard,15.49,16,63.4,7,5,2,0,0
OTT-003528,Male,54,Premium,22.99,30,34.6,2,2,1,1,0
OTT-003529,Male,58,Basic,9.99,30,31.8,24,1,5,1,0
OTT-003530,Male,37,Basic,9.99,54,66.5,8,5,1,1,0
OTT-003531,Male,35,Basic,9.99,18,71.5,20,3,2,0,0
OTT-003532,Female,41,Premium,22.99,21,84.2,11,2,2,2,0
OTT-003533,Female,61,Standard,15.49,29,53.7,5,4,3,1,0
OTT-003534,Female,59,Basic,9.99,4,59.3,1,2,4,1,0
OTT-003535,Male,49,Standard,15.49,55,21.7,0,5,5,3,0
OTT-003536,Female,56,Standard,15.49,45,24.8,12,3,5,1,1
OTT-003537,Female,54,Standard,15.49,36,21.3,5,3,2,2,0
OTT-003538,Male,63,Premium,22.99,48,36.9,3,5,4,1,0
OTT-003539,Male,33,Basic,9.99,28,28.0,0,2,3,1,0
OTT-003540,Female,31,Basic,9.99,50,83.9,10,4,3,1,0
OTT-003541,Female,57,Standard,15.49,1,72.8,4,5,3,1,0
OTT-003542,Male,45,Basic,9.99,21,27.2,0,1,3,0,0
OTT-003543,Male,20,Basic,9.99,39,73.7,12,1,2,1,0
OTT-003544,Female,23,Standard,15.49,2,71.0,9,5,2,3,0
OTT-003545,Female,19,Standard,15.49,14,50.9,0,2,1,0,0
OTT-003546,Female,67,Basic,9.99,52,59.5,1,4,4,1,0
OTT-003547,Female,53,Basic,9.99,29,55.4,21,5,1,1,0
OTT-003548,Female,68,Standard,15.49,54,38.5,2,3,5,0,0
OTT-003549,Male,18,Premium,22.99,21,36.1,5,1,5,1,0
OTT-003550,Male,61,Basic,9.99,15,52.8,7,4,1,0,0
OTT-003551,Female,67,Basic,9.99,9,57.1,2,3,4,1,0
OTT-003552,Male,65,Standard,15.49,36,53.7,3,5,4,0,0
OTT-003553,Male,57,Standard,15.49,35,5.9,23,3,5,1,0
OTT-003554,Male,19,Premium,22.99,57,29.4,23,1,4,1,0
OTT-003555,Male,22,Standard,15.49,22,51.5,3,3,2,0,0
OTT-003556,Female,27,Standard,15.49,36,57.6,32,2,1,2,0
OTT-003557,Female,61,Standard,15.49,45,18.9,0,3,2,1,0
OTT-003558,Female,52,Basic,9.99,52,38.2,6,4,5,1,0
OTT-003559,Male,28,Standard,15.49,29,67.3,18,5,4,0,0
OTT-003560,Female,45,Premium,22.99,2,45.5,4,5,4,0,0
OTT-003561,Female,37,Standard,15.49,46,37.4,3,1,1,1,0
OTT-003562,Female,25,Basic,9.99,30,45.6,11,4,5,0,0
OTT-003563,Male,64,Basic,9.99,17,63.3,3,1,1,1,0
OTT-003564,Male,27,Standard,15.49,16,44.7,2,1,1,0,0
OTT-003565,Male,24,Premium,22.99,37,85.8,3,4,4,0,0
OTT-003566,Male,66,Basic,9.99,5,49.0,5,2,4,0,0
OTT-003567,Female,45,Premium,22.99,55,42.2,6,3,3,0,0
OTT-003568,Female,28,Basic,9.99,10,51.6,28,2,2,1,0
OTT-003569,Female,34,Standard,15.49,49,54.3,0,2,5,1,0
OTT-003570,Female,30,Basic,9.99,16,49.4,3,5,4,1,0
OTT-003571,Male,19,Basic,9.99,42,72.9,14,1,2,0,0
OTT-003572,Female,46,Premium,22.99,37,95.5,3,1,2,1,0
OTT-003573,Female,63,Premium,22.99,12,35.1,5,2,1,3,0
OTT-003574,Male,19,Standard,15.49,23,47.4,19,1,1,0,0
OTT-003575,Male,62,Standard,15.49,45,47.4,8,5,5,0,0
OTT-003576,Male,19,Standard,15.49,38,59.3,90,5,2,0,1
OTT-003577,Male,61,Standard,15.49,45,76.1,10,3,1,1,0
OTT-003578,Male,62,Basic,9.99,14,24.6,3,3,5,0,0
OTT-003579,Male,62,Basic,9.99,41,85.7,5,1,1,0,0
OTT-003580,Female,66,Basic,9.99,27,10.7,18,4,4,0,0
OTT-003581,Female,56,Premium,22.99,34,37.6,0,2,3,0,0
OTT-003582,Male,21,Premium,22.99,2,6.6,1,2,1,1,0
OTT-003583,Male,51,Standard,15.49,47,42.4,1,2,4,0,0
OTT-003584,Female,43,Basic,9.99,36,14.6,43,5,1,0,1
OTT-003585,Male,58,Basic,9.99,41,33.4,8,2,4,0,0
OTT-003586,Male,62,Standard,15.49,30,18.1,7,1,4,0,0
OTT-003587,Male,55,Standard,15.49,38,76.1,25,2,3,1,0
OTT-003588,Female,56,Premium,22.99,25,47.7,15,1,3,0,0
OTT-003589,Female,27,Standard,15.49,21,67.8,0,2,4,0,0
OTT-003590,Male,67,Standard,15.49,54,22.3,0,1,2,1,0
OTT-003591,Female,50,Standard,15.49,29,66.4,0,3,1,2,0
OTT-003592,Female,53,Basic,9.99,37,1.0,1,2,4,0,0
OTT-003593,Male,55,Premium,22.99,44,44.0,30,3,5,0,0
OTT-003594,Male,32,Standard,15.49,11,82.3,8,2,2,0,0
OTT-003595,Female,49,Standard,15.49,16,84.2,8,2,5,0,0
OTT-003596,Male,59,Basic,9.99,52,48.3,0,1,1,1,0
OTT-003597,Male,50,Basic,9.99,16,25.5,2,4,5,0,0
OTT-003598,Female,50,Basic,9.99,47,18.2,2,2,2,0,0
OTT-003599,Male,48,Premium,22.99,52,28.4,6,5,1,2,0
OTT-003600,Male,32,Premium,22.99,34,70.0,14,1,4,1,0
OTT-003601,Female,29,Standard,15.49,31,62.3,28,4,2,0,0
OTT-003602,Female,41,Basic,9.99,25,75.9,0,4,1,2,0
OTT-003603,Female,19,Standard,15.49,37,35.8,3,4,4,0,0
OTT-003604,Male,36,Basic,9.99,46,53.8,3,2,2,1,0
OTT-003605,Female,30,Basic,9.99,17,66.2,11,4,1,0,0
OTT-003606,Female,56,Basic,9.99,4,58.7,9,4,4,1,0
OTT-003607,Male,27,Standard,15.49,58,3.8,4,2,5,1,0
OTT-003608,Female,47,Standard,15.49,58,28.5,4,5,4,1,0
OTT-003609,Male,69,Premium,22.99,37,89.4,6,4,3,0,0
OTT-003610,Male,34,Basic,9.99,49,1.0,12,2,1,0,0
OTT-003611,Female,57,Standard,15.49,34,73.4,4,3,5,0,0
OTT-003612,Female,18,Premium,22.99,12,28.3,29,5,2,3,1
OTT-003613,Male,57,Standard,15.49,6,50.3,2,3,4,0,0
OTT-003614,Male,39,Basic,9.99,46,50.5,15,1,5,1,0
OTT-003615,Male,19,Standard,15.49,35,20.1,4,5,1,1,0
OTT-003616,Female,36,Basic,9.99,40,53.2,1,2,5,0,0
OTT-003617,Male,67,Standard,15.49,16,44.8,9,5,2,0,0
OTT-003618,Male,57,Basic,9.99,59,76.8,12,2,5,0,0
OTT-003619,Male,28,Premium,22.99,34,65.8,12,4,3,1,0
OTT-003620,Male,45,Standard,15.49,59,40.8,17,5,5,0,0
OTT-003621,Male,65,Standard,15.49,34,61.5,20,5,2,1,0
OTT-003622,Female,57,Standard,15.49,51,97.6,8,1,3,0,0
OTT-003623,Female,53,Standard,15.49,40,27.1,42,1,3,1,1
OTT-003624,Female,33,Basic,9.99,5,65.3,13,4,4,2,0
OTT-003625,Female,58,Premium,22.99,19,69.1,4,2,5,1,0
OTT-003626,Male,64,Basic,9.99,47,1.0,36,5,2,1,1
OTT-003627,Female,37,Basic,9.99,54,70.5,11,4,5,2,0
OTT-003628,Male,63,Premium,22.99,19,12.4,0,5,3,0,0
OTT-003629,Male,44,Standard,15.49,11,74.1,15,5,1,0,0
OTT-003630,Female,24,Basic,9.99,3,32.4,29,4,4,0,1
OTT-003631,Male,27,Premium,22.99,14,28.7,46,5,3,0,1
OTT-003632,Female,31,Basic,9.99,45,84.8,8,2,3,2,0
OTT-003633,Male,65,Premium,22.99,20,62.3,4,3,3,1,0
OTT-003634,Male,65,Standard,15.49,11,37.2,11,5,5,0,0
OTT-003635,Male,31,Basic,9.99,12,84.2,7,4,1,0,0
OTT-003636,Female,67,Basic,9.99,28,28.5,19,5,5,1,0
OTT-003637,Male,31,Standard,15.49,52,30.4,9,4,1,0,0
OTT-003638,Female,53,Basic,9.99,40,51.7,22,5,2,0,0
OTT-003639,Male,49,Standard,15.49,27,10.7,16,3,2,1,1
OTT-003640,Male,66,Standard,15.49,10,15.5,35,4,1,2,1
OTT-003641,Female,22,Standard,15.49,55,46.3,9,4,5,1,0
OTT-003642,Female,53,Standard,15.49,46,20.6,12,2,4,1,0
OTT-003643,Female,64,Basic,9.99,50,53.3,22,5,1,1,0
OTT-003644,Male,53,Basic,9.99,59,12.3,5,4,5,2,1
OTT-003645,Male,36,Basic,9.99,46,1.0,14,2,5,0,0
OTT-003646,Male,20,Standard,15.49,42,27.0,7,2,4,0,0
OTT-003647,Male,32,Premium,22.99,53,2.5,1,4,2,0,0
OTT-003648,Female,18,Basic,9.99,27,73.1,0,4,4,0,0
OTT-003649,Male,43,Standard,15.49,28,57.8,0,1,2,1,0
OTT-003650,Female,27,Basic,9.99,34,39.5,1,1,4,2,0
OTT-003651,Female,52,Standard,15.49,17,15.2,14,4,1,1,0
OTT-003652,Male,43,Basic,9.99,36,40.8,24,2,4,2,0
OTT-003653,Female,27,Basic,9.99,45,47.2,6,2,5,2,0
OTT-003654,Female,52,Basic,9.99,46,3.8,7,5,5,0,0
OTT-003655,Male,56,Basic,9.99,25,70.3,2,3,1,1,0
OTT-003656,Male,43,Premium,22.99,7,73.8,0,1,1,0,0
OTT-003657,Female,28,Standard,15.49,51,48.2,41,5,3,1,0
OTT-003658,Male,54,Premium,22.99,31,52.6,4,5,1,0,0
OTT-003659,Female,43,Premium,22.99,54,74.6,9,5,2,1,0
OTT-003660,Male,29,Basic,9.99,57,69.8,4,1,5,2,0
OTT-003661,Male,40,Basic,9.99,33,80.9,16,3,3,1,0
OTT-003662,Male,47,Basic,9.99,58,44.5,5,1,2,0,0
OTT-003663,Male,44,Premium,22.99,31,17.4,30,4,1,0,1
OTT-003664,Male,54,Standard,15.49,23,89.4,5,1,4,0,0
OTT-003665,Female,20,Basic,9.99,16,77.3,18,3,2,0,0
OTT-003666,Female,51,Standard,15.49,43,40.7,21,2,3,2,0
OTT-003667,Female,45,Basic,9.99,12,55.5,1,2,4,0,0
OTT-003668,Male,38,Basic,9.99,2,48.8,6,5,1,1,0
OTT-003669,Male,19,Standard,15.49,48,19.1,2,5,3,1,0
OTT-003670,Female,52,Standard,15.49,42,11.8,4,4,4,2,0
OTT-003671,Female,37,Basic,9.99,27,46.5,6,5,4,2,1
OTT-003672,Female,67,Standard,15.49,56,40.0,13,4,5,0,0
OTT-003673,Female,26,Basic,9.99,6,15.6,7,1,2,1,0
OTT-003674,Male,29,Standard,15.49,13,30.8,2,5,4,0,0
OTT-003675,Male,34,Standard,15.49,57,47.1,6,4,4,2,0
OTT-003676,Male,53,Basic,9.99,11,36.4,25,4,1,0,0
OTT-003677,Male,39,Basic,9.99,22,53.3,6,5,4,0,0
OTT-003678,Male,29,Premium,22.99,48,65.4,28,2,5,0,0
OTT-003679,Female,18,Standard,15.49,1,29.4,10,2,3,0,0
OTT-003680,Female,31,Basic,9.99,51,31.8,47,3,5,0,0
OTT-003681,Male,23,Basic,9.99,26,24.1,5,5,3,0,0
OTT-003682,Female,67,Premium,22.99,4,72.8,32,3,4,0,0
OTT-003683,Female,36,Basic,9.99,44,71.8,22,1,2,1,0
OTT-003684,Male,60,Standard,15.49,57,72.4,13,3,4,0,0
OTT-003685,Female,29,Basic,9.99,5,43.9,8,3,5,4,0
OTT-003686,Male,49,Basic,9.99,30,78.0,1,4,2,0,0
OTT-003687,Male,61,Basic,9.99,23,50.5,5,4,4,0,0
OTT-003688,Male,24,Basic,9.99,56,1.0,13,1,1,0,0
OTT-003689,Female,56,Standard,15.49,37,62.5,0,1,1,0,0
OTT-003690,Female,39,Standard,15.49,39,11.2,10,4,2,0,0
OTT-003691,Female,26,Basic,9.99,37,68.7,7,1,4,0,0
OTT-003692,Female,38,Standard,15.49,11,40.8,5,2,2,1,0
OTT-003693,Male,46,Basic,9.99,35,65.2,0,3,5,0,0
OTT-003694,Male,22,Standard,15.49,28,68.6,23,2,2,0,0
OTT-003695,Male,66,Standard,15.49,20,28.6,11,4,4,0,0
OTT-003696,Female,50,Basic,9.99,23,59.5,7,2,3,0,0
OTT-003697,Female,54,Standard,15.49,30,1.0,17,5,3,0,0
OTT-003698,Male,31,Basic,9.99,2,1.0,8,1,1,1,0
OTT-003699,Female,39,Basic,9.99,6,43.7,48,2,4,1,1
OTT-003700,Male,48,Standard,15.49,52,57.0,10,5,2,0,0
OTT-003701,Female,43,Standard,15.49,13,67.6,29,2,5,0,0
OTT-003702,Male,38,Standard,15.49,5,54.8,16,3,2,0,0
OTT-003703,Male,45,Basic,9.99,41,17.6,8,4,2,0,0
OTT-003704,Female,29,Basic,9.99,23,80.8,24,5,3,0,0
OTT-003705,Male,53,Basic,9.99,44,42.3,17,3,2,2,0
OTT-003706,Female,53,Basic,9.99,47,98.6,15,1,2,1,0
OTT-003707,Female,44,Standard,15.49,57,14.2,13,4,2,1,0
OTT-003708,Male,26,Standard,15.49,50,49.8,11,3,4,0,0
OTT-003709,Male,33,Premium,22.99,4,72.6,4,3,5,1,0
OTT-003710,Male,43,Standard,15.49,5,70.9,5,1,4,1,0
OTT-003711,Female,32,Standard,15.49,21,15.6,42,5,1,1,1
OTT-003712,Male,28,Premium,22.99,16,1.1,5,3,5,0,0
OTT-003713,Female,41,Standard,15.49,33,49.5,26,3,5,2,1
OTT-003714,Female,22,Basic,9.99,51,53.9,5,1,4,0,0
OTT-003715,Female,23,Standard,15.49,31,34.5,9,5,5,2,1
OTT-003716,Female,63,Standard,15.49,36,19.8,3,2,3,0,0
OTT-003717,Male,34,Premium,22.99,18,22.5,2,2,5,1,0
OTT-003718,Female,48,Basic,9.99,40,104.8,13,4,5,1,0
OTT-003719,Female,69,Basic,9.99,10,35.5,1,5,2,0,0
OTT-003720,Female,49,Premium,22.99,44,21.0,9,2,1,0,0
OTT-003721,Male,27,Basic,9.99,27,20.2,2,1,1,2,1
OTT-003722,Male,52,Basic,9.99,22,52.0,28,2,4,0,0
OTT-003723,Male,53,Standard,15.49,29,43.5,12,5,1,1,0
OTT-003724,Female,40,Basic,9.99,32,52.6,18,4,3,0,0
OTT-003725,Female,64,Basic,9.99,42,18.6,6,3,2,0,0
OTT-003726,Female,53,Standard,15.49,5,1.0,7,3,5,0,0
OTT-003727,Female,21,Premium,22.99,10,42.2,36,1,4,0,0
OTT-003728,Male,57,Basic,9.99,23,82.4,5,4,3,1,0
OTT-003729,Male,48,Standard,15.49,56,80.4,2,4,4,1,0
OTT-003730,Male,40,Premium,22.99,48,19.9,11,1,5,0,0
OTT-003731,Female,69,Standard,15.49,30,25.1,9,5,5,2,1
OTT-003732,Female,56,Standard,15.49,4,12.8,2,5,4,0,0
OTT-003733,Female,65,Basic,9.99,4,44.4,20,1,2,0,0
OTT-003734,Female,27,Standard,15.49,9,22.9,7,4,5,0,0
OTT-003735,Male,20,Basic,9.99,10,98.9,7,1,3,1,0
OTT-003736,Female,33,Basic,9.99,10,36.6,7,2,4,0,0
OTT-003737,Male,26,Basic,9.99,36,22.8,13,5,1,0,0
OTT-003738,Female,60,Basic,9.99,24,60.4,4,3,4,0,0
OTT-003739,Female,32,Basic,9.99,16,22.8,1,4,2,0,0
OTT-003740,Female,55,Premium,22.99,50,33.6,14,1,2,0,0
OTT-003741,Female,19,Standard,15.49,28,48.3,5,4,4,0,0
OTT-003742,Female,61,Standard,15.49,19,112.7,44,2,2,2,0
OTT-003743,Male,62,Premium,22.99,22,69.2,4,5,3,2,0
OTT-003744,Male,35,Basic,9.99,19,27.6,9,1,3,0,0
OTT-003745,Female,60,Basic,9.99,10,39.3,8,2,5,0,0
OTT-003746,Female,68,Standard,15.49,36,72.5,3,2,3,1,0
OTT-003747,Male,39,Basic,9.99,30,24.1,0,2,4,0,0
OTT-003748,Male,39,Standard,15.49,11,39.5,26,2,4,1,1
OTT-003749,Male,67,Standard,15.49,51,101.9,14,1,4,0,0
OTT-003750,Female,46,Premium,22.99,33,59.9,4,4,3,0,0
OTT-003751,Female,24,Standard,15.49,30,27.4,29,5,3,1,1
OTT-003752,Male,65,Basic,9.99,58,100.8,13,2,4,0,0
OTT-003753,Female,38,Basic,9.99,27,34.0,18,3,4,0,0
OTT-003754,Male,62,Premium,22.99,33,78.0,5,5,2,1,0
OTT-003755,Female,18,Standard,15.49,34,53.4,1,5,1,0,0
OTT-003756,Female,38,Standard,15.49,28,1.0,6,1,1,1,0
OTT-003757,Male,54,Premium,22.99,21,19.7,2,1,3,1,0
OTT-003758,Female,37,Premium,22.99,59,1.3,7,4,1,1,0
OTT-003759,Male,40,Basic,9.99,10,49.9,1,2,5,2,0
OTT-003760,Female,39,Standard,15.49,37,45.9,16,1,3,0,0
OTT-003761,Female,18,Basic,9.99,22,71.2,0,5,3,2,0
OTT-003762,Male,22,Premium,22.99,53,56.9,11,3,2,1,0
OTT-003763,Male,47,Premium,22.99,38,39.9,8,4,4,0,0
OTT-003764,Female,34,Premium,22.99,42,1.0,8,3,4,1,1
OTT-003765,Female,68,Basic,9.99,40,38.6,10,5,3,2,0
OTT-003766,Male,63,Basic,9.99,6,1.0,8,4,4,1,1
OTT-003767,Male,25,Standard,15.49,44,23.1,32,4,4,1,0
OTT-003768,Male,27,Standard,15.49,53,72.1,22,3,3,0,0
OTT-003769,Male,59,Premium,22.99,48,26.9,13,1,1,2,0
OTT-003770,Female,62,Basic,9.99,8,39.3,0,2,2,1,0
OTT-003771,Male,35,Premium,22.99,47,35.3,1,2,4,0,0
OTT-003772,Male,68,Premium,22.99,39,60.0,19,1,2,0,0
OTT-003773,Male,50,Standard,15.49,39,17.0,3,4,3,2,0
OTT-003774,Female,38,Basic,9.99,42,26.5,6,5,3,2,0
OTT-003775,Female,22,Basic,9.99,23,49.5,11,5,4,0,0
OTT-003776,Female,20,Basic,9.99,37,11.3,12,2,4,1,0
OTT-003777,Female,18,Basic,9.99,59,41.2,12,3,1,0,0
OTT-003778,Male,37,Standard,15.49,34,55.3,18,4,1,0,0
OTT-003779,Male,69,Basic,9.99,23,51.7,3,4,1,1,0
OTT-003780,Female,55,Basic,9.99,45,1.1,6,2,5,0,0
OTT-003781,Female,49,Standard,15.49,23,47.3,14,2,3,1,0
OTT-003782,Female,45,Basic,9.99,52,38.9,30,3,1,0,0
OTT-003783,Female,59,Basic,9.99,49,39.7,9,1,1,2,0
OTT-003784,Male,30,Premium,22.99,17,49.7,1,5,1,0,0
OTT-003785,Male,54,Standard,15.49,56,57.5,2,2,5,0,0
OTT-003786,Male,46,Standard,15.49,10,64.2,1,1,5,0,0
OTT-003787,Female,64,Standard,15.49,12,52.8,21,3,1,1,0
OTT-003788,Female,46,Standard,15.49,42,28.0,0,5,3,0,0
OTT-003789,Male,33,Standard,15.49,53,61.4,2,2,4,1,0
OTT-003790,Female,64,Standard,15.49,52,62.3,12,3,3,1,0
OTT-003791,Female,63,Standard,15.49,5,23.4,18,3,1,0,1
OTT-003792,Male,20,Basic,9.99,32,28.3,4,1,1,0,0
OTT-003793,Female,58,Standard,15.49,7,54.1,1,1,2,0,0
OTT-003794,Male,54,Premium,22.99,19,49.3,13,3,4,0,0
OTT-003795,Male,50,Premium,22.99,31,27.7,12,2,1,0,0
OTT-003796,Male,56,Basic,9.99,20,24.8,29,2,5,1,0
OTT-003797,Female,34,Basic,9.99,36,7.3,5,2,1,0,0
OTT-003798,Male,18,Basic,9.99,55,58.8,11,4,5,3,0
OTT-003799,Male,25,Standard,15.49,2,50.1,9,5,1,1,0
OTT-003800,Female,26,Premium,22.99,5,83.5,19,5,2,1,0
OTT-003801,Male,55,Standard,15.49,59,73.8,7,1,2,1,0
OTT-003802,Female,45,Basic,9.99,5,75.8,9,1,2,0,0
OTT-003803,Female,34,Basic,9.99,45,57.7,6,4,1,0,0
OTT-003804,Male,53,Premium,22.99,13,46.7,0,2,5,0,0
OTT-003805,Male,51,Standard,15.49,45,51.1,4,3,1,1,0
OTT-003806,Male,29,Standard,15.49,14,45.9,6,4,1,1,0
OTT-003807,Female,48,Standard,15.49,46,28.5,13,5,5,1,0
OTT-003808,Female,25,Standard,15.49,30,82.5,34,5,1,0,0
OTT-003809,Female,46,Standard,15.49,43,1.0,9,5,3,0,0
OTT-003810,Male,41,Premium,22.99,59,56.9,9,3,2,0,0
OTT-003811,Male,66,Premium,22.99,23,48.4,1,4,5,0,0
OTT-003812,Male,56,Standard,15.49,26,44.2,12,5,4,1,0
OTT-003813,Male,20,Premium,22.99,41,73.1,1,3,3,0,0
OTT-003814,Female,55,Standard,15.49,12,65.7,0,5,3,0,0
OTT-003815,Female,30,Premium,22.99,32,2.6,9,5,4,0,0
OTT-003816,Female,57,Premium,22.99,44,59.4,3,4,4,1,0
OTT-003817,Female,19,Premium,22.99,36,59.9,0,2,4,0,0
OTT-003818,Female,29,Basic,9.99,40,50.6,5,5,5,1,0
OTT-003819,Female,63,Premium,22.99,19,60.2,2,4,1,1,0
OTT-003820,Male,18,Basic,9.99,49,65.6,0,3,4,0,0
OTT-003821,Female,67,Premium,22.99,40,17.9,7,1,2,1,0
OTT-003822,Male,27,Standard,15.49,46,34.6,3,3,4,0,0
OTT-003823,Female,36,Standard,15.49,21,73.6,17,4,5,0,0
OTT-003824,Female,46,Basic,9.99,23,46.9,4,5,5,0,0
OTT-003825,Female,59,Standard,15.49,21,1.0,5,3,3,2,0
OTT-003826,Male,18,Premium,22.99,4,17.1,27,4,1,0,1
OTT-003827,Female,28,Standard,15.49,48,23.5,1,5,5,0,0
OTT-003828,Male,69,Premium,22.99,30,41.3,4,3,1,0,0
OTT-003829,Female,59,Standard,15.49,43,60.9,2,3,2,1,0
OTT-003830,Male,32,Standard,15.49,43,58.8,75,4,5,0,1
OTT-003831,Male,69,Premium,22.99,36,71.2,24,3,4,0,0
OTT-003832,Female,28,Basic,9.99,27,77.0,3,4,1,0,0
OTT-003833,Male,39,Standard,15.49,9,32.5,8,4,4,2,1
OTT-003834,Female,69,Standard,15.49,41,35.5,6,3,5,0,0
OTT-003835,Male,63,Basic,9.99,34,88.7,30,3,1,1,0
OTT-003836,Female,48,Basic,9.99,49,40.0,16,4,3,0,0
OTT-003837,Male,23,Basic,9.99,8,73.0,5,1,3,1,0
OTT-003838,Male,51,Basic,9.99,14,5.6,15,3,5,1,1
OTT-003839,Female,25,Standard,15.49,54,76.2,36,5,5,1,0
OTT-003840,Female,67,Premium,22.99,11,18.8,3,2,3,1,0
OTT-003841,Male,19,Basic,9.99,3,87.2,12,4,4,0,0
OTT-003842,Female,59,Premium,22.99,5,47.0,2,2,4,1,0
OTT-003843,Male,45,Standard,15.49,6,26.7,11,2,2,1,1
OTT-003844,Male,34,Premium,22.99,8,20.8,1,3,1,2,1
OTT-003845,Female,61,Basic,9.99,59,58.3,3,2,4,0,0
OTT-003846,Female,25,Basic,9.99,49,52.6,24,3,2,0,0
OTT-003847,Female,65,Standard,15.49,36,52.2,10,1,3,1,0
OTT-003848,Female,21,Standard,15.49,53,31.6,4,5,4,1,0
OTT-003849,Male,50,Standard,15.49,55,32.8,7,3,2,0,0
OTT-003850,Male,69,Basic,9.99,18,41.1,29,3,3,0,0
OTT-003851,Female,67,Standard,15.49,26,52.9,19,2,4,1,0
OTT-003852,Male,37,Standard,15.49,51,48.8,14,4,3,0,0
OTT-003853,Female,58,Standard,15.49,52,11.2,18,2,4,2,0
OTT-003854,Female,61,Basic,9.99,54,20.4,13,3,5,0,0
OTT-003855,Female,26,Basic,9.99,14,57.2,1,4,1,1,0
OTT-003856,Male,23,Premium,22.99,14,66.1,50,2,4,0,0
OTT-003857,Female,58,Basic,9.99,40,59.3,8,1,1,0,0
OTT-003858,Female,55,Standard,15.49,18,12.3,0,3,5,0,0
OTT-003859,Male,25,Standard,15.49,26,35.8,9,4,3,2,0
OTT-003860,Male,21,Standard,15.49,3,57.2,5,2,2,0,0
OTT-003861,Female,37,Basic,9.99,43,40.4,5,4,3,0,0
OTT-003862,Male,27,Standard,15.49,15,39.4,8,2,4,0,0
OTT-003863,Female,69,Basic,9.99,3,47.7,5,4,2,0,0
OTT-003864,Male,34,Basic,9.99,29,33.6,16,2,5,2,0
OTT-003865,Male,38,Premium,22.99,45,96.0,9,4,3,1,0
OTT-003866,Female,35,Standard,15.49,7,46.6,14,5,4,0,0
OTT-003867,Male,54,Standard,15.49,40,81.1,12,2,2,1,0
OTT-003868,Female,38,Premium,22.99,24,40.4,9,1,2,0,0
OTT-003869,Female,67,Basic,9.99,42,41.3,28,2,1,0,0
OTT-003870,Female,54,Standard,15.49,23,1.0,30,2,1,2,1
OTT-003871,Female,43,Basic,9.99,24,62.2,1,4,4,0,0
OTT-003872,Female,59,Basic,9.99,26,46.7,13,3,2,1,0
OTT-003873,Male,24,Basic,9.99,28,39.3,14,3,5,1,0
OTT-003874,Female,18,Premium,22.99,13,97.6,5,2,3,1,0
OTT-003875,Male,34,Basic,9.99,25,43.8,1,1,3,1,0
OTT-003876,Female,56,Basic,9.99,11,27.7,20,3,2,1,1
OTT-003877,Female,66,Premium,22.99,51,74.7,2,1,5,1,0
OTT-003878,Female,37,Standard,15.49,25,65.3,22,5,2,0,0
OTT-003879,Male,40,Standard,15.49,3,85.9,14,4,5,1,0
OTT-003880,Male,35,Premium,22.99,12,22.2,1,5,2,0,0
OTT-003881,Female,63,Premium,22.99,29,52.9,7,3,3,1,0
OTT-003882,Male,23,Premium,22.99,37,23.9,9,3,2,0,0
OTT-003883,Male,19,Standard,15.49,43,49.1,21,3,2,0,0
OTT-003884,Male,67,Standard,15.49,25,37.3,47,5,3,0,1
OTT-003885,Female,31,Basic,9.99,1,7.2,10,2,2,3,1
OTT-003886,Female,22,Standard,15.49,45,95.1,9,4,3,1,0
OTT-003887,Male,43,Basic,9.99,13,59.3,2,3,2,0,0
OTT-003888,Male,61,Basic,9.99,52,1.0,3,1,4,0,0
OTT-003889,Male,28,Basic,9.99,37,87.1,14,1,4,0,0
OTT-003890,Female,29,Standard,15.49,51,46.0,0,5,1,0,0
OTT-003891,Male,65,Premium,22.99,18,60.8,4,1,2,0,0
OTT-003892,Female,43,Premium,22.99,43,69.7,11,4,1,1,0
OTT-003893,Female,33,Basic,9.99,11,63.6,1,1,3,0,0
OTT-003894,Male,69,Basic,9.99,43,24.2,17,1,5,0,1
OTT-003895,Female,43,Standard,15.49,41,73.8,39,5,3,0,0
OTT-003896,Male,34,Basic,9.99,13,29.9,31,2,1,1,0
OTT-003897,Female,61,Basic,9.99,5,72.4,20,1,2,0,0
OTT-003898,Male,49,Premium,22.99,24,70.3,9,1,4,1,0
OTT-003899,Female,41,Standard,15.49,38,44.5,16,1,2,0,0
OTT-003900,Female,65,Premium,22.99,21,20.3,50,5,5,0,1
OTT-003901,Female,56,Basic,9.99,29,6.6,27,5,5,0,0
OTT-003902,Female,25,Standard,15.49,37,38.9,4,1,5,0,0
OTT-003903,Female,56,Premium,22.99,13,1.0,17,4,5,0,1
OTT-003904,Female,49,Standard,15.49,42,62.6,6,5,4,0,0
OTT-003905,Male,38,Basic,9.99,56,33.0,6,1,5,0,0
OTT-003906,Male,57,Basic,9.99,57,58.2,17,5,1,1,0
OTT-003907,Male,26,Basic,9.99,13,45.0,38,2,4,1,1
OTT-003908,Male,29,Premium,22.99,40,35.7,7,1,4,2,0
OTT-003909,Male,34,Basic,9.99,17,73.0,3,2,3,0,0
OTT-003910,Female,28,Standard,15.49,55,48.9,0,2,5,1,0
OTT-003911,Male,36,Standard,15.49,22,66.5,1,1,2,0,0
OTT-003912,Female,69,Basic,9.99,2,45.8,4,3,3,0,0
OTT-003913,Female,69,Basic,9.99,18,50.4,2,3,2,1,0
OTT-003914,Female,33,Premium,22.99,14,28.9,10,4,3,0,0
OTT-003915,Male,24,Premium,22.99,58,40.7,3,3,3,1,0
OTT-003916,Female,20,Standard,15.49,10,54.5,4,2,1,1,0
OTT-003917,Female,68,Standard,15.49,4,45.6,6,3,4,1,0
OTT-003918,Female,49,Standard,15.49,54,50.7,7,1,2,0,0
OTT-003919,Female,25,Standard,15.49,30,74.8,4,5,5,1,0
OTT-003920,Male,21,Premium,22.99,8,74.8,7,1,5,1,0
OTT-003921,Female,49,Standard,15.49,21,25.0,14,2,1,0,1
OTT-003922,Female,39,Basic,9.99,25,15.3,3,1,3,0,0
OTT-003923,Female,28,Basic,9.99,20,44.9,0,5,1,0,0
OTT-003924,Male,51,Premium,22.99,27,66.7,4,1,5,0,0
OTT-003925,Male,65,Standard,15.49,51,77.7,10,4,1,0,0
OTT-003926,Female,36,Standard,15.49,28,33.0,0,1,1,0,0
OTT-003927,Male,40,Standard,15.49,32,1.0,4,3,2,0,0
OTT-003928,Male,31,Premium,22.99,45,53.6,9,1,3,0,0
OTT-003929,Male,41,Standard,15.49,16,47.3,10,3,5,1,0
OTT-003930,Male,51,Basic,9.99,38,64.2,16,3,2,0,0
OTT-003931,Female,43,Basic,9.99,35,48.6,16,2,4,0,0
OTT-003932,Female,47,Standard,15.49,56,71.9,19,3,2,0,0
OTT-003933,Female,29,Standard,15.49,3,32.5,15,3,1,0,1
OTT-003934,Male,28,Standard,15.49,49,1.0,2,5,1,0,0
OTT-003935,Male,65,Basic,9.99,5,70.0,2,5,3,0,0
OTT-003936,Male,45,Premium,22.99,29,26.7,7,4,2,1,0
OTT-003937,Female,37,Standard,15.49,4,41.4,12,4,3,1,0
OTT-003938,Female,48,Premium,22.99,7,53.7,24,2,4,1,0
OTT-003939,Male,55,Standard,15.49,29,41.4,2,5,2,3,0
OTT-003940,Male,51,Standard,15.49,24,49.5,16,5,3,0,0
OTT-003941,Female,35,Basic,9.99,44,5.8,10,5,2,0,0
OTT-003942,Female,41,Standard,15.49,48,37.5,6,2,2,0,0
OTT-003943,Male,45,Basic,9.99,12,13.0,19,4,2,1,1
OTT-003944,Male,35,Basic,9.99,33,68.2,1,3,3,1,0
OTT-003945,Female,30,Standard,15.49,42,22.4,4,3,3,0,0
OTT-003946,Male,39,Standard,15.49,12,61.8,17,3,1,1,0
OTT-003947,Male,28,Basic,9.99,26,13.5,7,2,3,1,1
OTT-003948,Female,18,Standard,15.49,54,61.3,52,1,2,0,0
OTT-003949,Male,35,Basic,9.99,9,29.2,21,2,5,1,1
OTT-003950,Male,65,Standard,15.49,3,15.9,39,2,5,0,1
OTT-003951,Male,30,Basic,9.99,49,1.0,32,4,1,0,1
OTT-003952,Female,52,Basic,9.99,4,84.2,14,2,1,0,0
OTT-003953,Female,23,Basic,9.99,16,88.3,34,3,5,0,0
OTT-003954,Male,26,Standard,15.49,10,87.8,26,4,1,0,0
OTT-003955,Female,45,Standard,15.49,41,42.2,1,3,2,0,0
OTT-003956,Female,69,Premium,22.99,50,27.5,3,1,2,2,0
OTT-003957,Male,62,Standard,15.49,15,39.5,35,3,1,1,1
OTT-003958,Male,45,Standard,15.49,50,44.1,32,2,5,0,0
OTT-003959,Female,62,Premium,22.99,27,96.0,14,2,4,1,0
OTT-003960,Male,65,Standard,15.49,17,63.2,7,5,1,0,0
OTT-003961,Female,56,Standard,15.49,28,51.4,18,4,2,1,0
OTT-003962,Male,54,Basic,9.99,48,36.0,11,3,2,0,0
OTT-003963,Male,26,Standard,15.49,3,80.0,43,5,1,0,0
OTT-003964,Male,22,Standard,15.49,51,53.7,22,4,4,1,0
OTT-003965,Female,58,Standard,15.49,1,82.6,11,5,5,1,0
OTT-003966,Female,50,Standard,15.49,28,51.1,7,3,3,0,0
OTT-003967,Female,31,Standard,15.49,16,56.9,4,2,4,0,0
OTT-003968,Female,55,Standard,15.49,17,55.8,12,3,5,2,0
OTT-003969,Female,69,Premium,22.99,46,41.4,3,3,3,0,0
OTT-003970,Male,22,Basic,9.99,25,61.4,14,2,4,0,0
OTT-003971,Male,56,Standard,15.49,14,31.4,2,3,4,1,1
OTT-003972,Female,50,Basic,9.99,30,66.7,12,5,3,0,0
OTT-003973,Female,20,Basic,9.99,2,19.1,59,2,1,0,1
OTT-003974,Male,35,Standard,15.49,39,54.7,5,3,2,0,0
OTT-003975,Female,55,Premium,22.99,30,36.9,1,3,5,0,0
OTT-003976,Female,56,Premium,22.99,3,68.8,11,3,4,0,0
OTT-003977,Male,49,Standard,15.49,57,21.0,8,5,1,1,0
OTT-003978,Male,52,Premium,22.99,16,52.2,11,1,1,2,0
OTT-003979,Male,55,Basic,9.99,32,49.0,0,1,3,1,0
OTT-003980,Female,45,Premium,22.99,22,60.9,2,3,5,0,0
OTT-003981,Female,51,Basic,9.99,52,1.0,65,2,1,0,1
OTT-003982,Female,39,Standard,15.49,44,105.7,10,3,3,0,0
OTT-003983,Male,48,Standard,15.49,20,68.3,21,4,2,0,0
OTT-003984,Female,49,Standard,15.49,8,91.6,42,5,4,0,0
OTT-003985,Male,29,Basic,9.99,18,45.4,8,1,4,0,0
OTT-003986,Female,42,Standard,15.49,49,57.5,20,3,4,0,0
OTT-003987,Female,49,Premium,22.99,34,16.5,6,1,1,0,0
OTT-003988,Male,28,Premium,22.99,9,84.1,10,1,4,1,0
OTT-003989,Male,60,Standard,15.49,52,33.2,2,3,3,1,0
OTT-003990,Male,68,Basic,9.99,4,3.3,1,5,5,0,0
OTT-003991,Male,68,Standard,15.49,14,58.0,10,3,5,2,1
OTT-003992,Male,65,Basic,9.99,17,1.0,2,5,5,2,1
OTT-003993,Male,31,Standard,15.49,29,46.1,1,5,5,0,0
OTT-003994,Male,68,Premium,22.99,26,32.2,4,2,4,1,0
OTT-003995,Female,47,Basic,9.99,35,41.6,6,1,1,0,0
OTT-003996,Male,45,Basic,9.99,42,75.2,5,1,3,0,0
OTT-003997,Female,37,Basic,9.99,54,5.7,7,5,4,1,1
OTT-003998,Male,25,Basic,9.99,23,52.4,1,5,4,1,0
OTT-003999,Female,27,Basic,9.99,37,2.4,27,2,4,0,1
OTT-004000,Female,34,Basic,9.99,38,1.0,24,4,3,1,0
OTT-004001,Male,63,Basic,9.99,19,6.7,0,5,5,0,0
OTT-004002,Male,47,Standard,15.49,39,51.9,1,2,2,1,0
OTT-004003,Male,66,Premium,22.99,23,79.2,0,3,2,3,0
OTT-004004,Female,60,Premium,22.99,20,32.2,4,5,4,1,0
OTT-004005,Female,67,Premium,22.99,14,32.3,2,1,1,0,0
OTT-004006,Female,30,Standard,15.49,56,50.3,3,3,3,2,0
OTT-004007,Male,43,Standard,15.49,44,5.4,24,2,1,0,1
OTT-004008,Female,18,Basic,9.99,9,5.7,19,3,3,0,1
OTT-004009,Male,68,Basic,9.99,38,62.1,44,5,1,1,1
OTT-004010,Female,18,Standard,15.49,11,57.1,10,1,2,0,0
OTT-004011,Male,61,Standard,15.49,12,84.8,15,5,2,0,0
OTT-004012,Male,22,Basic,9.99,31,34.1,22,2,1,0,0
OTT-004013,Female,27,Basic,9.99,54,27.4,11,5,5,0,0
OTT-004014,Male,24,Premium,22.99,57,41.4,3,2,5,0,0
OTT-004015,Female,19,Standard,15.49,18,45.0,27,2,1,0,0
OTT-004016,Male,59,Basic,9.99,29,58.5,6,2,2,0,0
OTT-004017,Male,57,Premium,22.99,17,65.7,13,4,2,0,0
OTT-004018,Female,26,Basic,9.99,6,32.4,0,3,5,0,0
OTT-004019,Male,61,Standard,15.49,7,29.9,11,5,1,0,0
OTT-004020,Female,36,Standard,15.49,45,49.8,6,2,1,0,0
OTT-004021,Male,47,Standard,15.49,9,47.7,15,4,3,1,1
OTT-004022,Female,34,Basic,9.99,33,42.6,0,5,1,0,0
OTT-004023,Male,33,Standard,15.49,41,70.4,26,1,4,0,0
OTT-004024,Female,40,Basic,9.99,22,5.9,15,2,2,0,0
OTT-004025,Female,58,Basic,9.99,51,59.4,4,1,5,2,0
OTT-004026,Male,31,Basic,9.99,11,43.0,0,1,4,0,0
OTT-004027,Male,62,Premium,22.99,18,72.3,11,4,5,0,0
OTT-004028,Male,60,Basic,9.99,8,63.7,0,1,1,0,0
OTT-004029,Male,56,Basic,9.99,18,28.3,3,4,4,0,0
OTT-004030,Male,22,Basic,9.99,46,92.4,11,5,1,0,0
OTT-004031,Female,21,Basic,9.99,40,50.7,0,3,3,0,0
OTT-004032,Female,25,Basic,9.99,16,1.0,16,1,1,1,1
OTT-004033,Female,53,Basic,9.99,18,41.1,3,4,5,1,0
OTT-004034,Female,32,Standard,15.49,53,33.3,6,1,5,0,0
OTT-004035,Female,29,Standard,15.49,30,30.1,8,2,4,0,0
OTT-004036,Female,28,Premium,22.99,18,58.8,2,1,1,1,0
OTT-004037,Male,65,Premium,22.99,28,58.2,12,5,1,0,0
OTT-004038,Female,65,Premium,22.99,45,35.7,10,1,3,1,0
OTT-004039,Male,29,Basic,9.99,22,40.8,66,5,1,2,1
OTT-004040,Male,56,Basic,9.99,14,45.8,1,2,4,1,0
OTT-004041,Female,46,Basic,9.99,42,48.1,1,3,4,2,0
OTT-004042,Female,58,Standard,15.49,30,69.6,4,1,1,1,0
OTT-004043,Female,65,Basic,9.99,1,60.7,3,5,1,1,0
OTT-004044,Male,60,Standard,15.49,5,15.0,8,3,2,1,1
OTT-004045,Male,23,Basic,9.99,16,16.5,5,1,3,2,0
OTT-004046,Male,30,Basic,9.99,22,11.3,10,3,5,1,1
OTT-004047,Female,55,Basic,9.99,59,30.8,24,5,1,0,0
OTT-004048,Female,62,Premium,22.99,12,78.4,32,5,4,0,0
OTT-004049,Male,22,Basic,9.99,11,65.2,3,4,2,0,0
OTT-004050,Male,69,Basic,9.99,43,31.3,20,1,4,1,0
OTT-004051,Female,55,Standard,15.49,57,1.0,11,1,3,0,0
OTT-004052,Male,31,Basic,9.99,37,51.8,1,1,4,0,0
OTT-004053,Female,37,Premium,22.99,53,53.0,5,2,4,1,0
OTT-004054,Male,49,Standard,15.49,50,58.3,18,4,2,1,0
OTT-004055,Male,25,Standard,15.49,40,23.8,12,5,2,0,0
OTT-004056,Female,39,Premium,22.99,58,52.8,59,3,3,0,0
OTT-004057,Female,37,Premium,22.99,32,62.1,15,3,2,0,0
OTT-004058,Male,37,Standard,15.49,43,15.3,19,2,4,0,0
OTT-004059,Male,24,Basic,9.99,2,42.2,7,1,4,1,0
OTT-004060,Female,41,Standard,15.49,14,28.5,0,3,1,2,0
OTT-004061,Female,62,Standard,15.49,59,42.7,11,4,1,1,0
OTT-004062,Female,53,Basic,9.99,45,6.3,14,3,4,1,0
OTT-004063,Female,29,Premium,22.99,27,100.3,1,1,3,0,0
OTT-004064,Female,57,Basic,9.99,7,51.2,4,1,3,1,0
OTT-004065,Male,33,Standard,15.49,43,57.6,8,3,1,0,0
OTT-004066,Male,57,Basic,9.99,29,70.0,18,2,2,0,0
OTT-004067,Male,42,Premium,22.99,54,39.5,14,3,4,0,0
OTT-004068,Female,47,Premium,22.99,48,48.1,8,1,3,1,0
OTT-004069,Male,26,Premium,22.99,56,36.3,3,1,4,0,0
OTT-004070,Male,37,Standard,15.49,42,23.3,18,1,4,1,0
OTT-004071,Male,39,Premium,22.99,33,46.5,38,1,1,1,1
OTT-004072,Male,54,Premium,22.99,28,78.2,6,4,1,1,0
OTT-004073,Female,62,Basic,9.99,51,40.6,7,4,5,0,0
OTT-004074,Female,37,Standard,15.49,40,79.1,1,3,5,0,0
OTT-004075,Male,41,Basic,9.99,55,33.9,5,5,5,1,0
OTT-004076,Female,51,Premium,22.99,9,46.1,5,1,3,1,0
OTT-004077,Male,59,Basic,9.99,27,57.9,35,2,2,0,0
OTT-004078,Female,52,Basic,9.99,11,53.4,20,3,4,0,0
OTT-004079,Female,38,Standard,15.49,3,41.5,31,3,2,2,1
OTT-004080,Female,23,Standard,15.49,58,7.9,13,1,1,0,1
OTT-004081,Male,55,Standard,15.49,52,41.7,12,2,2,1,0
OTT-004082,Male,51,Standard,15.49,10,83.1,5,4,2,1,0
OTT-004083,Female,47,Standard,15.49,5,5.8,10,3,3,2,1
OTT-004084,Female,58,Standard,15.49,57,71.5,8,5,1,0,0
OTT-004085,Female,48,Premium,22.99,36,26.2,13,5,3,0,0
OTT-004086,Male,34,Basic,9.99,16,22.2,6,1,4,0,1
OTT-004087,Male,39,Basic,9.99,7,17.1,2,2,5,1,0
OTT-004088,Female,21,Premium,22.99,36,14.6,0,5,5,0,0
OTT-004089,Female,65,Standard,15.49,48,59.3,33,2,3,0,0
OTT-004090,Male,49,Basic,9.99,51,19.0,8,5,3,0,0
OTT-004091,Female,28,Premium,22.99,31,4.5,1,2,1,0,1
OTT-004092,Female,19,Basic,9.99,54,32.8,13,4,1,0,0
OTT-004093,Female,31,Basic,9.99,35,18.8,0,5,4,0,0
OTT-004094,Female,49,Basic,9.99,9,35.1,28,4,3,1,0
OTT-004095,Male,37,Premium,22.99,31,52.8,6,2,1,2,0
OTT-004096,Female,47,Standard,15.49,45,63.0,6,1,3,2,0
OTT-004097,Female,34,Basic,9.99,22,38.0,6,1,1,1,0
OTT-004098,Male,39,Standard,15.49,25,65.6,12,2,2,0,0
OTT-004099,Male,43,Standard,15.49,8,37.9,6,4,1,0,0
OTT-004100,Female,62,Standard,15.49,44,63.3,17,3,4,1,0
OTT-004101,Female,18,Basic,9.99,2,64.8,2,3,2,0,0
OTT-004102,Male,22,Basic,9.99,51,62.0,24,3,5,2,0
OTT-004103,Female,36,Basic,9.99,59,55.6,10,3,3,1,0
OTT-004104,Female,58,Basic,9.99,39,8.5,10,1,1,1,1
OTT-004105,Female,39,Basic,9.99,51,53.3,37,2,2,0,0
OTT-004106,Female,30,Standard,15.49,12,30.2,2,2,4,0,0
OTT-004107,Female,31,Premium,22.99,11,23.4,3,4,5,0,0
OTT-004108,Female,58,Basic,9.99,41,25.5,25,3,5,2,1
OTT-004109,Male,36,Basic,9.99,21,51.4,6,2,4,1,0
OTT-004110,Female,31,Standard,15.49,51,77.4,27,1,5,0,0
OTT-004111,Male,56,Standard,15.49,32,34.8,23,5,5,1,0
OTT-004112,Female,31,Basic,9.99,3,74.4,10,3,4,0,0
OTT-004113,Female,59,Standard,15.49,13,29.9,14,5,3,3,0
OTT-004114,Male,57,Premium,22.99,33,85.5,9,3,1,1,0
OTT-004115,Female,69,Premium,22.99,35,35.4,10,3,1,0,0
OTT-004116,Male,42,Standard,15.49,49,33.2,13,1,5,2,0
OTT-004117,Male,47,Standard,15.49,14,36.2,25,5,1,0,0
OTT-004118,Male,55,Premium,22.99,1,19.7,0,2,2,0,0
OTT-004119,Male,48,Standard,15.49,38,49.8,2,3,4,1,0
OTT-004120,Male,47,Standard,15.49,48,71.0,5,5,4,0,0
OTT-004121,Male,57,Standard,15.49,31,10.4,1,5,4,0,0
OTT-004122,Male,29,Premium,22.99,26,79.1,11,2,1,0,0
OTT-004123,Male,23,Standard,15.49,17,4.2,3,3,5,0,0
OTT-004124,Female,64,Standard,15.49,46,48.8,28,4,2,1,0
OTT-004125,Female,35,Basic,9.99,29,36.3,1,3,3,0,0
OTT-004126,Male,29,Standard,15.49,43,49.1,0,1,5,0,0
OTT-004127,Male,19,Standard,15.49,14,40.4,6,4,5,0,0
OTT-004128,Male,52,Basic,9.99,56,59.6,2,3,4,0,0
OTT-004129,Male,55,Basic,9.99,57,23.4,15,3,1,1,0
OTT-004130,Male,52,Premium,22.99,56,87.0,8,3,5,0,0
OTT-004131,Female,34,Basic,9.99,5,39.0,3,1,2,0,0
OTT-004132,Male,57,Premium,22.99,24,31.5,13,1,1,0,1
OTT-004133,Female,40,Basic,9.99,34,72.0,20,1,5,0,0
OTT-004134,Female,34,Premium,22.99,18,32.1,7,5,1,0,0
OTT-004135,Male,20,Standard,15.49,3,37.4,17,5,5,2,1
OTT-004136,Female,20,Standard,15.49,43,53.6,3,3,1,0,0
OTT-004137,Female,28,Basic,9.99,22,109.0,5,4,4,1,0
OTT-004138,Female,32,Basic,9.99,28,28.4,1,3,1,1,0
OTT-004139,Male,66,Premium,22.99,21,22.7,0,5,2,1,0
OTT-004140,Male,30,Standard,15.49,54,59.3,32,2,5,2,0
OTT-004141,Male,21,Premium,22.99,2,38.3,3,1,3,0,0
OTT-004142,Male,19,Basic,9.99,10,1.0,1,1,3,0,0
OTT-004143,Female,18,Standard,15.49,9,106.2,6,4,4,2,0
OTT-004144,Female,52,Premium,22.99,8,62.2,22,5,1,2,1
OTT-004145,Female,66,Standard,15.49,25,35.5,6,4,2,0,0
OTT-004146,Female,59,Standard,15.49,3,20.4,2,1,2,0,0
OTT-004147,Male,39,Standard,15.49,33,17.8,5,5,1,0,0
OTT-004148,Male,30,Standard,15.49,1,56.7,1,5,3,0,0
OTT-004149,Male,44,Basic,9.99,37,72.9,44,4,2,0,0
OTT-004150,Female,48,Standard,15.49,53,45.2,12,2,3,1,0
OTT-004151,Male,40,Standard,15.49,14,47.8,3,2,4,1,0
OTT-004152,Male,26,Basic,9.99,1,53.2,28,2,5,1,0
OTT-004153,Male,37,Basic,9.99,11,52.7,3,2,3,3,0
OTT-004154,Male,67,Basic,9.99,41,77.6,11,4,2,0,0
OTT-004155,Male,26,Standard,15.49,47,20.8,16,3,4,0,0
OTT-004156,Female,26,Standard,15.49,3,74.5,0,4,2,0,0
OTT-004157,Male,34,Standard,15.49,28,10.2,11,3,4,0,0
OTT-004158,Male,24,Premium,22.99,5,30.2,2,2,3,1,0
OTT-004159,Male,65,Standard,15.49,49,27.7,7,1,1,0,0
OTT-004160,Female,45,Basic,9.99,45,15.6,7,1,2,1,0
OTT-004161,Female,42,Standard,15.49,13,15.4,3,5,1,0,1
OTT-004162,Female,51,Premium,22.99,18,41.4,7,2,4,0,0
OTT-004163,Female,55,Basic,9.99,20,44.0,15,4,1,0,0
OTT-004164,Male,50,Standard,15.49,19,69.0,4,3,1,0,0
OTT-004165,Female,40,Basic,9.99,19,13.2,0,5,2,0,0
OTT-004166,Male,24,Basic,9.99,21,45.1,20,1,2,0,0
OTT-004167,Male,52,Standard,15.49,35,52.8,2,4,3,0,0
OTT-004168,Male,60,Standard,15.49,31,30.4,1,1,3,0,0
OTT-004169,Female,19,Basic,9.99,53,25.7,0,1,2,1,0
OTT-004170,Male,61,Standard,15.49,30,63.2,17,5,4,1,0
OTT-004171,Female,51,Basic,9.99,13,68.9,16,4,3,0,0
OTT-004172,Female,20,Standard,15.49,43,54.3,17,3,3,1,0
OTT-004173,Male,45,Standard,15.49,4,40.7,12,1,1,0,0
OTT-004174,Male,56,Basic,9.99,17,64.5,0,5,1,2,0
OTT-004175,Female,19,Basic,9.99,27,55.4,7,5,1,0,0
OTT-004176,Male,62,Basic,9.99,56,34.3,6,1,1,0,0
OTT-004177,Male,33,Standard,15.49,59,28.2,1,2,1,0,0
OTT-004178,Female,55,Standard,15.49,23,19.9,8,4,5,0,0
OTT-004179,Female,54,Premium,22.99,41,1.0,8,5,1,1,1
OTT-004180,Female,64,Standard,15.49,28,48.3,16,3,3,1,0
OTT-004181,Male,18,Standard,15.49,49,88.7,11,2,2,0,0
OTT-004182,Male,45,Standard,15.49,22,36.8,7,1,2,0,0
OTT-004183,Male,41,Standard,15.49,52,63.3,34,1,3,0,0
OTT-004184,Male,47,Basic,9.99,23,59.3,7,5,3,0,0
OTT-004185,Female,21,Standard,15.49,5,27.1,16,5,1,1,1
OTT-004186,Male,40,Basic,9.99,21,31.5,7,4,1,2,0
OTT-004187,Female,55,Basic,9.99,52,18.6,26,2,1,0,0
OTT-004188,Female,58,Standard,15.49,50,23.1,4,2,4,0,0
OTT-004189,Male,42,Standard,15.49,6,28.1,0,1,3,0,0
OTT-004190,Male,60,Standard,15.49,23,21.1,9,4,1,1,0
OTT-004191,Male,61,Basic,9.99,13,53.2,4,5,4,1,0
OTT-004192,Female,46,Premium,22.99,42,39.1,2,3,5,2,0
OTT-004193,Male,34,Basic,9.99,4,33.7,18,4,5,1,0
OTT-004194,Male,57,Premium,22.99,15,66.7,12,4,3,0,0
OTT-004195,Female,68,Premium,22.99,32,79.0,27,4,5,0,0
OTT-004196,Female,32,Basic,9.99,54,22.7,6,2,2,0,0
OTT-004197,Female,49,Basic,9.99,46,81.2,5,1,4,0,0
OTT-004198,Female,42,Standard,15.49,15,24.4,3,3,2,0,0
OTT-004199,Male,36,Standard,15.49,42,64.4,6,1,2,0,0
OTT-004200,Female,35,Standard,15.49,43,60.0,38,2,3,0,0
OTT-004201,Male,28,Standard,15.49,2,106.2,16,5,4,1,0
OTT-004202,Male,46,Basic,9.99,23,39.4,4,4,2,0,0
OTT-004203,Male,57,Basic,9.99,39,54.4,4,1,4,1,0
OTT-004204,Female,44,Standard,15.49,2,56.2,19,4,2,2,1
OTT-004205,Male,44,Basic,9.99,43,41.2,5,4,3,2,0
OTT-004206,Male,50,Premium,22.99,32,80.2,11,2,4,1,0
OTT-004207,Female,18,Premium,22.99,2,44.6,3,1,3,1,0
OTT-004208,Male,66,Standard,15.49,32,40.6,0,5,3,0,0
OTT-004209,Male,69,Standard,15.49,8,38.7,4,5,2,0,0
OTT-004210,Female,22,Standard,15.49,25,49.2,12,2,1,0,0
OTT-004211,Male,64,Standard,15.49,16,1.0,15,4,2,0,1
OTT-004212,Male,35,Premium,22.99,52,59.8,7,3,5,1,0
OTT-004213,Female,20,Basic,9.99,32,27.9,39,5,1,0,1
OTT-004214,Male,46,Basic,9.99,37,60.1,24,2,3,0,0
OTT-004215,Male,44,Standard,15.49,34,37.6,18,3,2,1,0
OTT-004216,Female,33,Basic,9.99,38,34.6,3,3,1,0,0
OTT-004217,Female,54,Standard,15.49,55,53.0,13,4,3,1,0
OTT-004218,Female,32,Standard,15.49,19,46.6,28,5,2,2,0
OTT-004219,Female,41,Premium,22.99,6,34.5,33,5,3,1,1
OTT-004220,Female,29,Basic,9.99,17,41.5,1,3,5,0,0
OTT-004221,Female,18,Standard,15.49,33,59.6,11,3,4,0,0
OTT-004222,Female,44,Basic,9.99,59,78.1,34,3,3,1,0
OTT-004223,Male,19,Premium,22.99,2,29.7,3,1,5,0,0
OTT-004224,Male,18,Premium,22.99,49,26.5,2,4,2,2,0
OTT-004225,Male,48,Basic,9.99,54,71.6,7,1,2,1,0
OTT-004226,Male,33,Standard,15.49,7,2.7,14,4,5,1,1
OTT-004227,Male,68,Standard,15.49,45,58.2,2,5,1,0,0
OTT-004228,Male,40,Standard,15.49,36,13.8,5,4,3,0,0
OTT-004229,Male,69,Standard,15.49,59,53.7,0,2,4,0,0
OTT-004230,Male,68,Standard,15.49,48,58.1,2,3,1,0,0
OTT-004231,Female,24,Standard,15.49,25,17.5,8,5,5,1,1
OTT-004232,Male,19,Basic,9.99,5,1.0,2,2,1,0,0
OTT-004233,Male,63,Basic,9.99,57,86.9,3,2,1,0,0
OTT-004234,Female,60,Standard,15.49,45,35.3,27,1,3,2,1
OTT-004235,Female,31,Standard,15.49,40,43.1,3,2,5,0,0
OTT-004236,Male,42,Basic,9.99,8,68.4,39,3,1,0,0
OTT-004237,Female,48,Standard,15.49,48,43.1,7,3,1,0,0
OTT-004238,Female,59,Standard,15.49,37,22.8,20,2,3,0,0
OTT-004239,Male,19,Basic,9.99,39,55.5,35,3,1,0,0
OTT-004240,Male,64,Basic,9.99,44,35.2,35,4,2,2,0
OTT-004241,Male,50,Premium,22.99,43,47.8,6,3,4,1,0
OTT-004242,Male,64,Basic,9.99,39,58.4,0,1,4,0,0
OTT-004243,Female,23,Standard,15.49,6,7.8,44,4,4,0,1
OTT-004244,Female,38,Basic,9.99,20,26.8,0,2,1,0,0
OTT-004245,Female,49,Basic,9.99,52,16.6,14,2,3,0,0
OTT-004246,Male,52,Basic,9.99,31,74.4,4,1,2,2,0
OTT-004247,Female,41,Basic,9.99,37,27.4,4,1,3,4,0
OTT-004248,Female,68,Standard,15.49,58,62.2,16,3,4,1,0
OTT-004249,Female,50,Standard,15.49,18,18.4,21,5,4,0,0
OTT-004250,Male,32,Standard,15.49,9,32.0,7,4,1,1,0
OTT-004251,Female,33,Premium,22.99,42,33.2,36,3,2,1,1
OTT-004252,Male,29,Basic,9.99,58,43.2,2,2,4,2,0
OTT-004253,Female,56,Basic,9.99,59,41.2,20,1,2,0,0
OTT-004254,Female,62,Basic,9.99,49,35.9,41,4,3,0,0
OTT-004255,Male,31,Basic,9.99,40,1.7,5,1,2,1,0
OTT-004256,Female,66,Standard,15.49,47,36.0,12,5,4,1,0
OTT-004257,Female,34,Basic,9.99,55,38.9,47,4,2,2,1
OTT-004258,Female,34,Basic,9.99,14,1.0,9,4,5,0,1
OTT-004259,Male,36,Basic,9.99,7,53.2,5,4,3,2,0
OTT-004260,Female,49,Premium,22.99,3,63.8,1,2,2,0,0
OTT-004261,Female,30,Standard,15.49,15,84.0,10,3,5,0,0
OTT-004262,Male,31,Standard,15.49,19,60.2,9,3,1,0,0
OTT-004263,Male,32,Premium,22.99,38,49.8,29,1,1,1,0
OTT-004264,Female,47,Standard,15.49,10,55.4,24,5,1,2,0
OTT-004265,Male,28,Premium,22.99,59,28.8,13,4,4,2,0
OTT-004266,Female,21,Premium,22.99,30,47.7,12,4,3,0,0
OTT-004267,Male,35,Basic,9.99,38,46.5,29,2,5,1,0
OTT-004268,Female,53,Basic,9.99,7,1.0,10,4,3,0,0
OTT-004269,Male,51,Premium,22.99,16,21.6,2,5,3,0,1
OTT-004270,Male,19,Premium,22.99,59,68.1,0,3,2,2,0
OTT-004271,Female,19,Standard,15.49,18,78.6,0,5,2,0,0
OTT-004272,Male,46,Basic,9.99,41,28.9,3,4,3,1,0
OTT-004273,Female,63,Standard,15.49,2,1.0,2,1,5,2,1
OTT-004274,Male,34,Standard,15.49,45,20.3,3,5,3,2,0
OTT-004275,Female,67,Basic,9.99,27,8.6,11,2,4,1,0
OTT-004276,Female,49,Standard,15.49,36,40.5,0,3,4,0,0
OTT-004277,Male,64,Basic,9.99,29,49.5,11,4,4,0,0
OTT-004278,Female,31,Standard,15.49,29,44.9,5,1,4,0,0
OTT-004279,Female,55,Standard,15.49,16,57.6,39,5,3,1,0
OTT-004280,Male,61,Basic,9.99,59,50.1,24,1,5,1,0
OTT-004281,Female,43,Basic,9.99,36,71.8,0,1,4,0,0
OTT-004282,Female,21,Basic,9.99,44,60.8,12,3,1,2,0
OTT-004283,Male,55,Standard,15.49,38,67.7,3,4,5,0,0
OTT-004284,Female,33,Premium,22.99,39,67.8,3,1,1,1,0
OTT-004285,Female,65,Basic,9.99,7,49.7,6,4,3,1,0
OTT-004286,Male,51,Standard,15.49,46,53.3,25,2,2,0,0
OTT-004287,Male,26,Standard,15.49,28,25.3,10,1,2,0,0
OTT-004288,Male,39,Standard,15.49,50,1.0,0,2,1,0,1
OTT-004289,Male,42,Standard,15.49,10,64.7,21,2,4,0,0
OTT-004290,Female,67,Standard,15.49,18,104.2,37,5,5,0,0
OTT-004291,Male,43,Standard,15.49,28,37.3,8,4,5,1,0
OTT-004292,Female,61,Standard,15.49,46,39.6,8,2,1,1,0
OTT-004293,Male,53,Premium,22.99,5,32.8,7,3,3,1,1
OTT-004294,Male,60,Premium,22.99,41,42.3,5,1,1,0,0
OTT-004295,Female,61,Standard,15.49,55,19.7,8,1,3,0,0
OTT-004296,Female,22,Premium,22.99,53,57.7,8,5,2,0,0
OTT-004297,Female,63,Basic,9.99,24,24.7,8,5,1,0,0
OTT-004298,Female,55,Standard,15.49,19,55.7,8,3,2,1,0
OTT-004299,Male,47,Basic,9.99,42,51.0,1,2,5,2,0
OTT-004300,Male,58,Basic,9.99,31,48.1,8,2,2,0,0
OTT-004301,Male,51,Basic,9.99,58,17.0,16,2,4,1,0
OTT-004302,Female,48,Standard,15.49,3,55.9,3,3,1,0,0
OTT-004303,Female,33,Premium,22.99,46,68.8,3,3,1,0,0
OTT-004304,Male,44,Premium,22.99,59,3.5,3,2,4,2,1
OTT-004305,Female,46,Premium,22.99,38,71.3,13,3,3,0,0
OTT-004306,Female,23,Premium,22.99,50,62.4,18,4,1,2,0
OTT-004307,Male,54,Basic,9.99,12,43.3,6,4,1,0,1
OTT-004308,Male,52,Basic,9.99,30,51.5,8,1,4,0,0
OTT-004309,Female,26,Basic,9.99,31,34.4,2,5,5,1,0
OTT-004310,Male,59,Basic,9.99,9,13.9,21,1,5,0,0
OTT-004311,Male,39,Premium,22.99,58,65.5,2,4,2,0,0
OTT-004312,Male,38,Standard,15.49,4,43.1,3,4,4,0,0
OTT-004313,Female,38,Basic,9.99,56,10.1,17,2,5,1,0
OTT-004314,Female,45,Standard,15.49,58,38.7,3,4,2,2,0
OTT-004315,Female,69,Standard,15.49,22,67.9,13,4,3,2,0
OTT-004316,Female,60,Basic,9.99,44,62.0,5,5,1,0,0
OTT-004317,Male,40,Basic,9.99,27,54.1,5,5,3,1,0
OTT-004318,Female,39,Basic,9.99,26,76.2,28,3,4,1,0
OTT-004319,Male,48,Standard,15.49,16,73.0,6,3,2,1,0
OTT-004320,Female,61,Basic,9.99,1,45.9,25,1,5,0,0
OTT-004321,Female,36,Basic,9.99,59,76.0,16,1,5,2,0
OTT-004322,Female,28,Standard,15.49,37,43.2,1,2,5,0,0
OTT-004323,Female,21,Basic,9.99,54,41.5,8,5,2,0,0
OTT-004324,Male,64,Basic,9.99,54,97.9,7,5,5,2,0
OTT-004325,Female,38,Standard,15.49,38,24.7,22,1,5,1,1
OTT-004326,Male,23,Basic,9.99,27,27.9,9,2,5,0,0
OTT-004327,Male,64,Standard,15.49,30,84.9,0,3,4,1,0
OTT-004328,Male,53,Basic,9.99,58,43.1,46,3,5,0,0
OTT-004329,Male,31,Basic,9.99,51,11.6,12,5,2,1,0
OTT-004330,Male,42,Premium,22.99,59,48.4,0,3,5,1,0
OTT-004331,Female,57,Standard,15.49,18,23.0,22,4,4,0,0
OTT-004332,Female,21,Basic,9.99,47,75.6,19,4,2,0,0
OTT-004333,Male,39,Standard,15.49,44,34.5,42,1,3,0,0
OTT-004334,Male,64,Standard,15.49,26,29.1,2,1,1,0,0
OTT-004335,Female,46,Basic,9.99,7,20.0,13,3,5,0,1
OTT-004336,Male,47,Basic,9.99,32,26.5,6,1,5,0,0
OTT-004337,Male,24,Standard,15.49,42,81.9,7,3,3,0,0
OTT-004338,Female,32,Basic,9.99,11,32.8,5,5,5,2,0
OTT-004339,Male,23,Standard,15.49,37,28.3,0,2,2,1,0
OTT-004340,Female,50,Basic,9.99,41,30.7,7,3,4,2,0
OTT-004341,Male,28,Premium,22.99,58,79.4,4,4,1,1,0
OTT-004342,Female,51,Standard,15.49,52,33.5,9,3,4,0,0
OTT-004343,Male,55,Standard,15.49,55,89.8,20,5,5,1,0
OTT-004344,Male,29,Standard,15.49,47,29.3,8,3,3,1,0
OTT-004345,Male,44,Standard,15.49,20,20.1,2,1,2,0,0
OTT-004346,Female,30,Standard,15.49,32,28.5,11,1,3,0,0
OTT-004347,Male,39,Basic,9.99,30,59.6,7,1,4,2,0
OTT-004348,Male,35,Premium,22.99,24,18.8,8,5,3,0,0
OTT-004349,Male,26,Standard,15.49,57,5.6,2,2,5,0,0
OTT-004350,Female,69,Basic,9.99,6,68.1,12,3,2,0,0
OTT-004351,Male,36,Premium,22.99,20,26.5,46,1,1,0,0
OTT-004352,Female,48,Basic,9.99,32,14.0,14,5,2,0,0
OTT-004353,Female,42,Standard,15.49,11,46.1,5,5,2,1,0
OTT-004354,Female,61,Premium,22.99,43,71.5,13,1,3,1,0
OTT-004355,Female,54,Basic,9.99,29,73.6,3,3,2,1,0
OTT-004356,Female,26,Premium,22.99,29,47.7,4,4,5,0,0
OTT-004357,Female,29,Standard,15.49,17,62.0,27,2,2,1,0
OTT-004358,Male,41,Basic,9.99,46,54.4,71,2,4,0,1
OTT-004359,Female,31,Basic,9.99,41,94.9,0,3,4,0,0
OTT-004360,Male,59,Basic,9.99,28,63.5,11,5,3,1,0
OTT-004361,Female,46,Premium,22.99,30,17.7,11,5,4,1,0
OTT-004362,Male,48,Standard,15.49,14,43.2,3,2,3,0,0
OTT-004363,Female,18,Basic,9.99,27,60.1,3,1,5,0,0
OTT-004364,Female,51,Basic,9.99,35,60.0,1,4,3,0,0
OTT-004365,Male,42,Premium,22.99,49,48.9,18,1,1,1,0
OTT-004366,Male,48,Basic,9.99,53,103.8,15,5,5,1,0
OTT-004367,Male,25,Standard,15.49,48,90.8,11,3,4,0,0
OTT-004368,Male,24,Basic,9.99,20,69.0,22,1,1,0,0
OTT-004369,Male,47,Standard,15.49,9,80.0,2,2,2,0,0
OTT-004370,Female,47,Standard,15.49,24,35.3,0,2,4,1,0
OTT-004371,Male,43,Premium,22.99,6,16.2,34,3,5,0,0
OTT-004372,Female,62,Premium,22.99,58,43.4,11,3,5,1,0
OTT-004373,Male,29,Standard,15.49,16,55.7,10,1,4,0,0
OTT-004374,Male,52,Basic,9.99,8,2.6,12,3,5,0,0
OTT-004375,Male,63,Basic,9.99,12,46.3,8,4,3,0,0
OTT-004376,Female,30,Basic,9.99,43,81.0,6,1,2,1,0
OTT-004377,Female,25,Premium,22.99,19,33.9,4,3,4,0,0
OTT-004378,Female,37,Standard,15.49,2,61.4,3,1,5,0,0
OTT-004379,Male,42,Premium,22.99,1,35.9,1,3,5,0,0
OTT-004380,Female,46,Premium,22.99,27,70.7,8,5,1,0,0
OTT-004381,Male,44,Premium,22.99,19,61.2,9,1,1,0,0
OTT-004382,Female,56,Basic,9.99,50,72.8,14,4,1,0,0
OTT-004383,Female,22,Basic,9.99,13,36.7,8,1,4,0,0
OTT-004384,Female,52,Basic,9.99,51,11.3,4,3,3,4,1
OTT-004385,Female,54,Premium,22.99,29,52.4,2,2,2,0,0
OTT-004386,Male,67,Standard,15.49,22,22.3,11,2,3,0,0
OTT-004387,Female,58,Standard,15.49,53,83.3,9,4,4,1,0
OTT-004388,Female,66,Standard,15.49,51,1.0,6,3,4,0,1
OTT-004389,Male,33,Standard,15.49,27,78.4,4,1,2,0,0
OTT-004390,Male,27,Basic,9.99,39,71.4,18,2,4,0,0
OTT-004391,Male,58,Basic,9.99,34,29.7,3,2,1,1,0
OTT-004392,Female,40,Standard,15.49,19,36.7,1,4,2,0,0
OTT-004393,Female,41,Basic,9.99,36,66.4,23,4,2,1,0
OTT-004394,Male,63,Standard,15.49,25,39.1,11,1,2,0,1
OTT-004395,Male,43,Premium,22.99,36,87.9,0,2,3,1,0
OTT-004396,Female,50,Standard,15.49,45,57.0,16,2,5,0,0
OTT-004397,Female,46,Basic,9.99,52,15.9,1,1,3,0,0
OTT-004398,Male,66,Standard,15.49,12,96.7,6,3,3,0,0
OTT-004399,Male,35,Standard,15.49,12,35.7,6,1,1,0,0
OTT-004400,Female,42,Premium,22.99,9,21.5,8,2,4,1,0
OTT-004401,Male,22,Basic,9.99,21,62.7,16,3,2,0,0
OTT-004402,Female,48,Premium,22.99,14,42.9,0,5,4,0,0
OTT-004403,Male,61,Basic,9.99,58,21.0,16,1,4,0,0
OTT-004404,Female,18,Standard,15.49,51,67.8,59,1,5,1,0
OTT-004405,Male,42,Standard,15.49,18,54.5,11,3,5,0,0
OTT-004406,Male,51,Basic,9.99,47,43.6,7,3,2,0,0
OTT-004407,Male,63,Standard,15.49,40,51.1,21,1,2,2,0
OTT-004408,Male,53,Standard,15.49,44,48.9,5,5,4,0,0
OTT-004409,Female,56,Basic,9.99,41,4.5,2,5,3,1,0
OTT-004410,Male,67,Basic,9.99,54,4.6,17,2,2,0,0
OTT-004411,Male,35,Standard,15.49,11,33.2,10,3,1,0,0
OTT-004412,Female,35,Standard,15.49,57,39.7,23,1,2,0,0
OTT-004413,Male,33,Standard,15.49,39,38.1,6,3,4,2,0
OTT-004414,Male,36,Standard,15.49,32,26.7,4,3,4,1,0
OTT-004415,Male,36,Premium,22.99,59,1.0,3,5,5,2,1
OTT-004416,Male,29,Standard,15.49,4,35.8,2,5,5,0,0
OTT-004417,Female,47,Standard,15.49,26,112.2,12,5,4,0,0
OTT-004418,Male,29,Premium,22.99,20,64.6,15,2,2,0,0
OTT-004419,Male,25,Basic,9.99,47,4.1,7,2,4,3,1
OTT-004420,Female,29,Basic,9.99,37,62.9,13,5,5,0,0
OTT-004421,Male,54,Standard,15.49,5,68.2,0,4,5,0,0
OTT-004422,Male,43,Standard,15.49,57,32.6,9,1,4,0,0
OTT-004423,Female,62,Premium,22.99,9,81.4,12,4,4,0,0
OTT-004424,Male,46,Standard,15.49,20,1.0,9,5,1,0,0
OTT-004425,Male,53,Standard,15.49,22,21.0,36,5,4,0,1
OTT-004426,Female,48,Standard,15.49,38,1.0,2,5,2,1,0
OTT-004427,Male,27,Standard,15.49,31,16.6,1,4,4,2,0
OTT-004428,Female,56,Premium,22.99,46,62.7,2,1,5,0,0
OTT-004429,Male,44,Premium,22.99,44,3.8,1,1,4,0,0
OTT-004430,Female,27,Standard,15.49,11,81.7,9,4,4,0,0
OTT-004431,Female,39,Standard,15.49,30,25.4,14,2,4,0,0
OTT-004432,Male,50,Basic,9.99,9,63.0,13,3,4,0,0
OTT-004433,Female,33,Basic,9.99,16,32.1,20,2,1,1,0
OTT-004434,Female,20,Basic,9.99,54,39.9,0,2,2,0,0
OTT-004435,Female,33,Standard,15.49,56,76.4,20,1,3,0,0
OTT-004436,Female,58,Premium,22.99,34,39.0,3,4,1,0,0
OTT-004437,Male,42,Basic,9.99,26,26.2,1,4,3,0,0
OTT-004438,Female,19,Basic,9.99,9,66.6,0,4,4,0,0
OTT-004439,Female,40,Basic,9.99,10,61.6,1,2,1,0,0
OTT-004440,Male,68,Premium,22.99,50,29.0,3,4,3,2,0
OTT-004441,Male,33,Standard,15.49,49,5.5,21,3,5,0,1
OTT-004442,Female,67,Standard,15.49,29,54.5,8,5,3,1,0
OTT-004443,Female,19,Basic,9.99,34,50.4,1,1,1,0,0
OTT-004444,Male,36,Standard,15.49,42,59.6,17,1,2,1,0
OTT-004445,Female,58,Standard,15.49,11,46.6,29,5,4,0,0
OTT-004446,Male,51,Standard,15.49,37,34.8,6,1,5,0,0
OTT-004447,Male,49,Premium,22.99,28,41.2,17,4,4,1,0
OTT-004448,Female,54,Premium,22.99,20,81.6,2,3,4,1,0
OTT-004449,Male,59,Standard,15.49,14,38.9,1,5,3,0,0
OTT-004450,Female,63,Basic,9.99,2,46.6,3,1,2,1,0
OTT-004451,Male,25,Standard,15.49,25,15.7,14,2,5,0,1
OTT-004452,Female,65,Basic,9.99,49,76.8,26,2,3,0,0
OTT-004453,Female,19,Standard,15.49,13,51.4,16,5,5,1,0
OTT-004454,Male,48,Basic,9.99,34,54.8,12,1,2,1,0
OTT-004455,Female,52,Basic,9.99,33,46.7,10,3,3,0,0
OTT-004456,Male,66,Basic,9.99,31,57.0,58,4,4,0,1
OTT-004457,Male,53,Basic,9.99,18,69.6,6,5,2,2,0
OTT-004458,Male,56,Standard,15.49,38,10.8,24,4,2,3,1
OTT-004459,Male,25,Basic,9.99,27,14.7,2,5,2,0,0
OTT-004460,Male,26,Premium,22.99,34,72.8,10,5,4,2,0
OTT-004461,Female,29,Standard,15.49,45,36.7,54,2,2,0,1
OTT-004462,Male,65,Basic,9.99,27,57.3,5,4,2,2,0
OTT-004463,Male,60,Basic,9.99,59,1.0,39,1,2,0,1
OTT-004464,Female,30,Premium,22.99,3,41.3,12,4,4,1,0
OTT-004465,Female,26,Standard,15.49,19,46.6,5,2,3,0,0
OTT-004466,Male,69,Premium,22.99,47,46.2,18,4,1,0,0
OTT-004467,Male,19,Basic,9.99,34,29.5,22,1,3,0,0
OTT-004468,Female,53,Basic,9.99,7,1.0,2,3,3,1,0
OTT-004469,Female,63,Basic,9.99,4,5.5,7,1,3,0,0
OTT-004470,Male,40,Standard,15.49,2,30.1,35,1,3,1,1
OTT-004471,Male,68,Basic,9.99,28,89.7,11,5,5,0,0
OTT-004472,Male,33,Basic,9.99,32,18.4,0,3,5,1,0
OTT-004473,Female,38,Standard,15.49,8,64.2,0,3,2,0,0
OTT-004474,Male,29,Standard,15.49,47,60.1,2,2,1,1,0
OTT-004475,Male,39,Premium,22.99,34,101.1,4,1,4,0,0
OTT-004476,Male,61,Standard,15.49,11,56.1,2,1,3,0,0
OTT-004477,Female,36,Basic,9.99,40,26.7,2,4,3,0,0
OTT-004478,Male,42,Standard,15.49,43,64.3,0,1,4,0,0
OTT-004479,Female,48,Basic,9.99,39,32.6,21,2,4,1,0
OTT-004480,Female,62,Premium,22.99,2,87.0,7,4,5,1,0
OTT-004481,Male,21,Standard,15.49,44,46.7,24,4,5,0,0
OTT-004482,Male,55,Standard,15.49,13,59.3,8,2,3,1,0
OTT-004483,Male,47,Standard,15.49,25,58.2,21,2,1,0,0
OTT-004484,Male,48,Standard,15.49,25,25.3,6,2,1,0,0
OTT-004485,Male,25,Premium,22.99,19,31.2,8,1,2,1,1
OTT-004486,Female,45,Premium,22.99,33,32.3,1,5,3,1,0
OTT-004487,Male,61,Basic,9.99,15,62.4,8,2,5,0,0
OTT-004488,Female,65,Standard,15.49,15,53.1,18,5,5,1,0
OTT-004489,Male,20,Basic,9.99,4,23.1,11,5,3,0,0
OTT-004490,Male,33,Standard,15.49,53,53.4,5,2,4,0,0
OTT-004491,Male,24,Premium,22.99,14,24.3,5,3,3,0,0
OTT-004492,Male,34,Premium,22.99,32,79.3,2,1,1,0,0
OTT-004493,Female,37,Standard,15.49,10,71.0,9,2,5,0,0
OTT-004494,Female,20,Standard,15.49,42,36.7,4,2,5,0,0
OTT-004495,Female,66,Basic,9.99,12,68.2,9,3,3,0,0
OTT-004496,Female,18,Premium,22.99,31,19.8,3,1,3,0,0
OTT-004497,Female,66,Basic,9.99,13,4.8,21,4,5,0,1
OTT-004498,Female,53,Premium,22.99,47,29.2,10,4,2,1,0
OTT-004499,Male,19,Basic,9.99,2,68.0,15,5,1,1,0
OTT-004500,Female,63,Basic,9.99,13,1.0,9,1,4,0,1
OTT-004501,Female,67,Standard,15.49,33,23.9,18,2,4,0,0
OTT-004502,Female,48,Premium,22.99,28,16.2,5,3,3,1,0
OTT-004503,Female,20,Standard,15.49,57,44.8,3,2,4,0,0
OTT-004504,Male,38,Basic,9.99,46,81.6,53,3,3,1,0
OTT-004505,Male,62,Standard,15.49,43,28.6,8,4,3,1,0
OTT-004506,Male,23,Basic,9.99,21,44.7,2,1,2,0,0
OTT-004507,Female,69,Standard,15.49,4,6.4,65,5,3,0,1
OTT-004508,Male,43,Basic,9.99,49,17.3,3,2,3,2,0
OTT-004509,Female,23,Standard,15.49,26,12.1,18,5,5,0,0
OTT-004510,Male,26,Basic,9.99,14,23.5,35,3,4,0,0
OTT-004511,Female,68,Basic,9.99,42,1.0,12,2,3,0,0
OTT-004512,Male,35,Basic,9.99,36,27.5,7,1,5,1,0
OTT-004513,Male,68,Standard,15.49,39,41.6,7,4,1,1,0
OTT-004514,Male,65,Basic,9.99,54,71.0,82,2,5,1,1
OTT-004515,Male,29,Basic,9.99,23,57.9,8,5,5,0,0
OTT-004516,Male,69,Premium,22.99,6,37.3,20,3,5,1,1
OTT-004517,Male,37,Standard,15.49,55,25.3,16,4,5,0,0
OTT-004518,Male,37,Standard,15.49,38,58.2,0,1,2,1,0
OTT-004519,Female,23,Standard,15.49,56,18.0,1,3,3,0,0
OTT-004520,Female,41,Premium,22.99,54,34.1,5,2,2,0,0
OTT-004521,Male,42,Premium,22.99,54,14.8,4,3,4,0,0
OTT-004522,Female,46,Standard,15.49,49,1.0,17,4,2,0,1
OTT-004523,Female,39,Standard,15.49,47,55.5,9,3,3,0,0
OTT-004524,Male,58,Standard,15.49,58,72.5,79,3,3,1,0
OTT-004525,Female,57,Standard,15.49,36,39.3,0,4,5,1,0
OTT-004526,Female,47,Basic,9.99,42,20.6,33,4,2,1,1
OTT-004527,Male,44,Basic,9.99,31,74.6,15,4,3,0,0
OTT-004528,Male,37,Basic,9.99,30,73.5,0,5,3,2,0
OTT-004529,Male,59,Basic,9.99,27,52.5,0,3,3,0,0
OTT-004530,Male,24,Standard,15.49,20,35.8,21,4,1,1,0
OTT-004531,Female,62,Basic,9.99,16,52.5,0,5,5,0,0
OTT-004532,Female,64,Premium,22.99,2,106.3,32,4,3,0,0
OTT-004533,Male,56,Basic,9.99,59,40.2,0,3,3,0,0
OTT-004534,Female,63,Standard,15.49,15,63.6,7,4,2,2,0
OTT-004535,Male,62,Premium,22.99,27,55.3,34,1,4,0,0
OTT-004536,Male,62,Basic,9.99,7,25.0,2,2,1,0,0
OTT-004537,Female,27,Standard,15.49,22,56.3,12,2,1,0,0
OTT-004538,Male,60,Premium,22.99,6,24.7,10,1,3,0,1
OTT-004539,Male,41,Standard,15.49,29,54.1,13,4,1,1,0
OTT-004540,Male,53,Basic,9.99,30,57.7,4,5,1,1,0
OTT-004541,Male,19,Standard,15.49,33,47.4,27,2,1,0,0
OTT-004542,Male,58,Premium,22.99,20,26.5,6,1,4,1,0
OTT-004543,Female,62,Basic,9.99,36,32.1,7,2,5,0,0
OTT-004544,Male,50,Standard,15.49,14,97.2,2,3,1,0,0
OTT-004545,Male,43,Basic,9.99,10,76.4,5,1,4,0,0
OTT-004546,Female,25,Standard,15.49,7,52.0,2,5,2,0,0
OTT-004547,Female,59,Basic,9.99,35,18.3,28,1,1,0,0
OTT-004548,Male,30,Standard,15.49,6,23.5,5,4,5,0,0
OTT-004549,Female,33,Basic,9.99,46,40.6,13,2,4,0,0
OTT-004550,Male,33,Basic,9.99,43,1.0,14,1,4,0,0
OTT-004551,Male,28,Basic,9.99,4,48.7,13,2,3,1,1
OTT-004552,Female,30,Standard,15.49,5,15.9,8,2,2,0,0
OTT-004553,Female,43,Standard,15.49,43,46.4,5,3,5,1,0
OTT-004554,Female,38,Standard,15.49,31,10.5,14,2,1,0,0
OTT-004555,Male,65,Standard,15.49,7,69.5,26,5,5,1,0
OTT-004556,Male,30,Basic,9.99,53,78.1,2,3,3,0,0
OTT-004557,Female,50,Premium,22.99,35,4.1,11,4,5,0,0
OTT-004558,Male,44,Basic,9.99,47,54.7,19,2,4,1,0
OTT-004559,Female,21,Basic,9.99,35,67.5,4,2,1,1,0
OTT-004560,Female,40,Basic,9.99,50,6.5,18,3,5,1,1
OTT-004561,Female,48,Standard,15.49,55,106.1,30,1,4,1,0
OTT-004562,Male,52,Basic,9.99,45,62.2,11,1,1,0,0
OTT-004563,Female,32,Basic,9.99,20,11.5,25,1,4,1,1
OTT-004564,Female,21,Basic,9.99,6,31.9,1,4,1,0,0
OTT-004565,Male,43,Basic,9.99,48,2.2,22,5,4,1,1
OTT-004566,Female,31,Basic,9.99,31,22.4,3,2,2,1,0
OTT-004567,Female,36,Standard,15.49,33,49.9,1,1,1,1,0
OTT-004568,Female,68,Standard,15.49,53,1.0,0,4,1,2,1
OTT-004569,Male,47,Standard,15.49,32,72.6,5,1,5,0,0
OTT-004570,Female,53,Standard,15.49,40,65.3,18,3,1,2,0
OTT-004571,Female,59,Standard,15.49,19,28.2,18,1,2,0,0
OTT-004572,Female,23,Standard,15.49,26,6.5,39,4,2,2,1
OTT-004573,Male,27,Premium,22.99,35,41.5,8,4,5,0,0
OTT-004574,Male,56,Basic,9.99,8,45.8,3,5,1,0,1
OTT-004575,Female,66,Basic,9.99,59,35.2,9,2,2,0,0
OTT-004576,Male,56,Standard,15.49,11,46.0,19,5,1,2,0
OTT-004577,Male,48,Standard,15.49,25,58.0,27,4,4,2,1
OTT-004578,Male,20,Standard,15.49,10,37.0,2,5,4,0,0
OTT-004579,Male,22,Basic,9.99,47,60.3,32,1,4,0,0
OTT-004580,Female,41,Basic,9.99,19,57.6,2,2,5,1,0
OTT-004581,Male,29,Standard,15.49,33,20.9,16,4,2,1,0
OTT-004582,Male,30,Basic,9.99,4,60.2,8,2,4,3,0
OTT-004583,Female,65,Standard,15.49,34,15.9,32,3,5,1,0
OTT-004584,Male,20,Standard,15.49,51,34.3,12,2,5,0,0
OTT-004585,Female,27,Standard,15.49,15,16.6,0,5,1,1,0
OTT-004586,Female,31,Standard,15.49,54,38.8,12,5,5,0,0
OTT-004587,Female,54,Basic,9.99,16,56.2,15,1,1,1,0
OTT-004588,Female,30,Standard,15.49,41,62.3,9,2,1,1,0
OTT-004589,Male,23,Premium,22.99,47,71.0,4,1,3,0,0
OTT-004590,Male,33,Premium,22.99,5,55.3,12,3,1,1,0
OTT-004591,Female,34,Standard,15.49,14,56.8,16,4,3,1,0
OTT-004592,Male,54,Standard,15.49,48,56.7,3,2,1,0,0
OTT-004593,Male,40,Basic,9.99,2,58.9,4,3,1,0,0
OTT-004594,Female,64,Standard,15.49,2,38.8,10,4,5,0,0
OTT-004595,Male,29,Standard,15.49,30,64.2,34,3,4,1,0
OTT-004596,Male,61,Basic,9.99,56,30.2,1,5,3,0,0
OTT-004597,Male,48,Standard,15.49,59,47.4,5,5,5,2,0
OTT-004598,Male,63,Basic,9.99,40,53.1,15,4,4,0,0
OTT-004599,Female,19,Basic,9.99,20,32.6,48,3,4,0,1
OTT-004600,Male,52,Standard,15.49,18,91.2,0,3,3,1,0
OTT-004601,Female,35,Standard,15.49,36,17.6,6,4,2,1,0
OTT-004602,Female,54,Standard,15.49,26,59.9,7,4,2,1,0
OTT-004603,Female,21,Basic,9.99,42,85.6,10,5,4,1,0
OTT-004604,Male,39,Basic,9.99,58,1.0,3,2,2,0,0
OTT-004605,Male,57,Basic,9.99,33,66.7,31,2,4,0,0
OTT-004606,Male,18,Standard,15.49,10,15.6,1,2,4,1,0
OTT-004607,Male,38,Standard,15.49,28,32.6,5,1,1,1,0
OTT-004608,Male,27,Basic,9.99,17,20.5,18,5,3,2,1
OTT-004609,Male,31,Standard,15.49,9,26.4,24,5,5,1,1
OTT-004610,Male,55,Premium,22.99,11,23.3,9,4,3,0,0
OTT-004611,Female,24,Basic,9.99,38,30.6,1,5,5,1,0
OTT-004612,Female,37,Standard,15.49,52,32.6,10,1,4,2,0
OTT-004613,Male,55,Standard,15.49,23,83.8,4,3,4,0,0
OTT-004614,Female,30,Basic,9.99,53,63.8,16,2,1,0,0
OTT-004615,Male,63,Basic,9.99,51,8.2,23,1,5,0,0
OTT-004616,Male,64,Premium,22.99,44,44.9,16,2,1,1,0
OTT-004617,Male,28,Basic,9.99,56,33.7,16,4,2,0,0
OTT-004618,Female,20,Standard,15.49,25,56.3,7,5,1,0,0
OTT-004619,Female,18,Premium,22.99,13,74.7,16,1,1,0,0
OTT-004620,Male,20,Basic,9.99,51,4.3,1,1,1,1,0
OTT-004621,Female,44,Basic,9.99,35,33.6,11,2,2,2,0
OTT-004622,Male,31,Basic,9.99,14,42.2,1,5,5,4,1
OTT-004623,Female,42,Standard,15.49,41,1.0,5,2,5,1,0
OTT-004624,Male,51,Basic,9.99,22,33.6,2,2,3,0,0
OTT-004625,Male,19,Basic,9.99,50,32.5,0,1,4,0,0
OTT-004626,Female,69,Basic,9.99,16,66.8,0,2,5,1,0
OTT-004627,Male,44,Premium,22.99,26,43.4,14,4,2,1,0
OTT-004628,Male,28,Standard,15.49,16,1.0,0,4,3,1,0
OTT-004629,Male,53,Premium,22.99,42,52.1,0,1,2,2,0
OTT-004630,Female,43,Premium,22.99,35,29.9,14,3,5,1,0
OTT-004631,Male,43,Standard,15.49,34,71.2,4,5,1,0,0
OTT-004632,Male,67,Basic,9.99,23,96.7,5,5,4,0,0
OTT-004633,Female,66,Basic,9.99,50,29.8,4,5,1,0,0
OTT-004634,Male,39,Basic,9.99,39,54.6,23,3,5,2,0
OTT-004635,Female,45,Basic,9.99,49,36.1,19,4,4,0,0
OTT-004636,Female,43,Basic,9.99,34,45.3,13,1,2,0,0
OTT-004637,Male,48,Basic,9.99,50,7.0,16,3,1,0,1
OTT-004638,Female,56,Standard,15.49,34,26.3,5,1,3,0,0
OTT-004639,Male,51,Standard,15.49,24,29.5,12,3,1,1,0
OTT-004640,Male,65,Basic,9.99,26,1.0,10,5,5,0,0
OTT-004641,Female,35,Standard,15.49,35,56.7,9,1,5,0,0
OTT-004642,Male,41,Basic,9.99,27,50.2,43,3,1,0,0
OTT-004643,Male,44,Basic,9.99,19,38.7,4,4,1,0,0
OTT-004644,Female,62,Standard,15.49,50,57.8,3,5,1,0,0
OTT-004645,Male,46,Basic,9.99,55,60.1,9,5,1,0,0
OTT-004646,Male,55,Basic,9.99,38,44.8,11,3,2,0,0
OTT-004647,Male,55,Basic,9.99,56,68.2,6,4,1,0,0
OTT-004648,Male,50,Basic,9.99,10,47.9,0,2,1,0,0
OTT-004649,Female,57,Premium,22.99,49,107.9,8,2,5,1,0
OTT-004650,Female,51,Basic,9.99,15,61.8,26,2,2,0,0
OTT-004651,Female,26,Standard,15.49,28,51.8,7,5,5,2,0
OTT-004652,Male,68,Basic,9.99,53,66.7,1,1,3,1,0
OTT-004653,Female,25,Basic,9.99,32,66.7,7,4,2,0,0
OTT-004654,Female,33,Premium,22.99,54,63.6,0,4,5,0,0
OTT-004655,Male,67,Standard,15.49,9,25.4,1,5,2,0,0
OTT-004656,Male,37,Premium,22.99,28,64.2,4,1,4,1,0
OTT-004657,Male,29,Basic,9.99,53,100.7,1,2,2,0,0
OTT-004658,Male,43,Basic,9.99,21,30.5,3,5,2,2,0
OTT-004659,Male,59,Standard,15.49,8,25.8,0,5,3,1,0
OTT-004660,Female,56,Standard,15.49,49,83.1,32,3,1,1,0
OTT-004661,Male,54,Standard,15.49,35,51.7,7,1,4,1,0
OTT-004662,Female,20,Basic,9.99,5,15.0,9,1,5,0,0
OTT-004663,Male,68,Basic,9.99,53,19.2,8,3,2,0,0
OTT-004664,Female,48,Basic,9.99,14,4.9,3,1,4,2,0
OTT-004665,Male,22,Standard,15.49,11,13.7,25,4,1,1,1
OTT-004666,Male,20,Standard,15.49,25,9.4,2,5,1,1,1
OTT-004667,Female,36,Premium,22.99,37,45.9,4,3,1,0,0
OTT-004668,Female,61,Basic,9.99,51,49.6,8,5,1,1,0
OTT-004669,Female,56,Standard,15.49,9,37.9,1,2,4,0,1
OTT-004670,Female,37,Premium,22.99,12,50.6,42,1,5,2,1
OTT-004671,Female,23,Standard,15.49,13,55.3,6,3,2,0,0
OTT-004672,Male,66,Basic,9.99,25,12.3,4,4,5,1,0
OTT-004673,Male,40,Basic,9.99,39,4.7,5,1,4,0,1
OTT-004674,Male,23,Basic,9.99,13,47.0,10,2,1,0,0
OTT-004675,Male,68,Basic,9.99,39,81.9,4,3,3,0,0
OTT-004676,Male,50,Basic,9.99,7,40.1,2,4,4,1,0
OTT-004677,Female,66,Basic,9.99,50,44.1,8,2,2,1,0
OTT-004678,Male,67,Standard,15.49,28,27.9,4,3,4,1,0
OTT-004679,Female,49,Basic,9.99,25,52.6,7,4,5,1,0
OTT-004680,Female,37,Premium,22.99,10,33.8,16,4,3,1,1
OTT-004681,Female,33,Basic,9.99,25,45.8,4,1,3,0,0
OTT-004682,Male,24,Premium,22.99,33,1.0,1,3,5,0,0
OTT-004683,Male,69,Standard,15.49,13,59.0,16,1,5,2,1
OTT-004684,Female,43,Basic,9.99,5,12.2,17,5,3,0,1
OTT-004685,Male,32,Basic,9.99,52,38.3,3,2,4,0,0
OTT-004686,Male,56,Premium,22.99,35,75.5,16,3,2,1,0
OTT-004687,Female,64,Basic,9.99,19,69.5,9,4,5,0,0
OTT-004688,Male,39,Standard,15.49,9,33.2,5,5,1,0,0
OTT-004689,Female,62,Basic,9.99,21,40.7,3,2,4,1,0
OTT-004690,Male,23,Basic,9.99,12,39.5,4,3,1,0,0
OTT-004691,Female,53,Standard,15.49,1,60.9,1,3,4,1,0
OTT-004692,Male,35,Standard,15.49,31,96.9,17,4,2,0,0
OTT-004693,Male,35,Standard,15.49,21,25.7,43,1,1,0,1
OTT-004694,Female,42,Premium,22.99,50,31.4,12,5,4,1,0
OTT-004695,Male,49,Premium,22.99,36,89.3,17,2,4,0,0
OTT-004696,Male,32,Standard,15.49,45,64.1,18,5,4,0,0
OTT-004697,Male,57,Basic,9.99,39,21.9,18,2,4,0,1
OTT-004698,Female,37,Premium,22.99,12,60.5,2,3,2,0,0
OTT-004699,Male,32,Standard,15.49,46,59.6,2,2,3,0,0
OTT-004700,Female,22,Standard,15.49,53,40.7,1,4,3,1,0
OTT-004701,Male,50,Standard,15.49,41,47.3,6,5,4,1,0
OTT-004702,Female,49,Standard,15.49,57,60.8,11,1,4,0,0
OTT-004703,Male,57,Standard,15.49,9,21.2,6,5,1,1,1
OTT-004704,Female,52,Basic,9.99,52,1.0,5,1,5,0,0
OTT-004705,Male,52,Basic,9.99,15,61.9,7,1,4,1,0
OTT-004706,Male,34,Basic,9.99,6,84.2,9,4,4,1,0
OTT-004707,Female,62,Basic,9.99,32,51.5,1,2,2,0,0
OTT-004708,Female,58,Basic,9.99,13,36.2,7,2,2,1,0
OTT-004709,Male,47,Basic,9.99,4,45.9,12,3,2,0,0
OTT-004710,Male,30,Standard,15.49,30,14.6,0,4,1,0,0
OTT-004711,Female,54,Basic,9.99,38,49.9,1,1,4,0,0
OTT-004712,Male,48,Basic,9.99,58,68.4,14,5,5,0,0
OTT-004713,Female,68,Basic,9.99,54,55.7,4,3,4,1,0
OTT-004714,Female,28,Basic,9.99,50,54.4,4,2,4,1,0
OTT-004715,Male,25,Standard,15.49,21,16.2,12,5,4,0,0
OTT-004716,Female,61,Premium,22.99,22,38.4,10,2,4,1,0
OTT-004717,Female,40,Standard,15.49,33,21.5,1,3,2,0,0
OTT-004718,Male,61,Premium,22.99,25,44.2,7,3,5,1,0
OTT-004719,Male,26,Basic,9.99,29,79.6,3,5,1,0,0
OTT-004720,Female,24,Standard,15.49,22,33.7,50,1,1,1,0
OTT-004721,Male,32,Standard,15.49,16,39.1,3,1,3,1,0
OTT-004722,Male,23,Standard,15.49,11,82.7,26,2,4,0,0
OTT-004723,Male,48,Basic,9.99,55,44.5,12,1,1,0,0
OTT-004724,Female,29,Basic,9.99,30,40.7,3,2,2,0,0
OTT-004725,Female,32,Standard,15.49,42,105.6,19,1,4,0,0
OTT-004726,Male,40,Standard,15.49,54,14.1,10,3,1,1,0
OTT-004727,Male,69,Standard,15.49,11,25.8,15,1,3,1,0
OTT-004728,Female,49,Basic,9.99,38,61.7,22,2,3,0,0
OTT-004729,Female,35,Standard,15.49,29,26.5,20,1,5,0,0
OTT-004730,Female,26,Premium,22.99,48,55.2,1,2,3,1,0
OTT-004731,Male,29,Premium,22.99,49,54.8,10,1,2,0,0
OTT-004732,Male,40,Premium,22.99,54,42.2,8,2,1,1,0
OTT-004733,Male,68,Basic,9.99,37,69.9,8,1,1,1,0
OTT-004734,Female,38,Basic,9.99,17,14.0,13,3,3,0,1
OTT-004735,Female,49,Standard,15.49,59,57.4,2,5,2,1,0
OTT-004736,Male,41,Standard,15.49,26,66.5,18,5,3,0,0
OTT-004737,Male,36,Standard,15.49,57,72.2,0,3,2,2,0
OTT-004738,Male,45,Basic,9.99,39,4.2,4,2,4,6,1
OTT-004739,Female,39,Standard,15.49,14,38.8,16,1,2,0,0
OTT-004740,Male,68,Standard,15.49,35,65.2,12,3,4,0,0
OTT-004741,Female,51,Premium,22.99,36,110.0,11,2,4,0,0
OTT-004742,Male,40,Basic,9.99,11,69.6,2,5,4,0,0
OTT-004743,Female,39,Standard,15.49,35,11.1,15,2,2,1,0
OTT-004744,Female,68,Premium,22.99,14,1.0,7,3,3,2,0
OTT-004745,Male,22,Basic,9.99,50,39.7,11,5,4,1,0
OTT-004746,Male,51,Basic,9.99,34,13.3,23,2,3,1,0
OTT-004747,Female,22,Premium,22.99,40,34.9,30,1,5,0,0
OTT-004748,Male,39,Premium,22.99,40,8.4,16,5,2,2,0
OTT-004749,Male,22,Standard,15.49,33,80.2,24,5,2,0,0
OTT-004750,Male,65,Standard,15.49,22,52.7,3,5,2,0,0
OTT-004751,Female,60,Basic,9.99,8,54.1,24,4,2,0,0
OTT-004752,Male,67,Basic,9.99,7,59.4,24,3,4,1,0
OTT-004753,Female,53,Premium,22.99,14,68.1,3,5,4,0,0
OTT-004754,Male,53,Basic,9.99,43,57.0,0,2,2,3,0
OTT-004755,Male,26,Standard,15.49,13,82.8,2,1,5,1,0
OTT-004756,Female,54,Basic,9.99,43,78.9,25,2,3,0,0
OTT-004757,Male,31,Basic,9.99,11,44.7,18,3,3,1,1
OTT-004758,Male,58,Basic,9.99,51,14.2,11,1,5,1,0
OTT-004759,Female,29,Standard,15.49,9,1.0,6,4,1,1,0
OTT-004760,Male,55,Standard,15.49,1,57.0,5,4,4,1,0
OTT-004761,Male,40,Standard,15.49,12,65.1,3,4,5,1,0
OTT-004762,Male,49,Standard,15.49,20,70.0,1,1,5,0,0
OTT-004763,Female,56,Standard,15.49,53,93.7,30,1,3,1,0
OTT-004764,Male,36,Standard,15.49,29,42.5,11,3,2,0,0
OTT-004765,Male,35,Premium,22.99,37,63.5,13,1,4,1,0
OTT-004766,Male,38,Standard,15.49,37,53.3,16,2,4,0,0
OTT-004767,Female,63,Basic,9.99,42,73.5,0,2,4,1,0
OTT-004768,Female,26,Premium,22.99,24,64.1,2,5,4,1,0
OTT-004769,Male,30,Standard,15.49,34,12.9,7,5,1,1,0
OTT-004770,Male,29,Basic,9.99,55,30.6,21,5,1,1,0
OTT-004771,Male,27,Premium,22.99,57,49.3,3,4,3,2,0
OTT-004772,Male,40,Basic,9.99,43,30.9,12,4,2,1,0
OTT-004773,Female,24,Basic,9.99,7,18.1,0,3,2,1,0
OTT-004774,Male,64,Premium,22.99,52,34.8,2,3,5,1,0
OTT-004775,Female,44,Premium,22.99,48,54.8,4,2,1,0,0
OTT-004776,Male,39,Basic,9.99,53,26.9,1,5,3,2,0
OTT-004777,Male,54,Standard,15.49,50,63.6,21,3,4,1,0
OTT-004778,Female,38,Basic,9.99,23,50.5,22,2,5,1,0
OTT-004779,Female,28,Standard,15.49,21,26.2,14,5,3,0,0
OTT-004780,Male,22,Standard,15.49,54,45.7,17,4,3,0,0
OTT-004781,Female,27,Basic,9.99,39,74.7,39,3,4,1,0
OTT-004782,Female,66,Premium,22.99,19,45.4,22,4,5,0,1
OTT-004783,Female,64,Standard,15.49,15,80.3,0,1,1,0,0
OTT-004784,Male,58,Basic,9.99,54,49.9,9,5,4,2,0
OTT-004785,Female,48,Standard,15.49,11,17.5,0,5,5,0,0
OTT-004786,Female,32,Basic,9.99,21,1.0,34,1,4,0,1
OTT-004787,Male,34,Premium,22.99,53,62.3,8,2,5,1,0
OTT-004788,Female,34,Basic,9.99,50,27.4,5,2,1,0,0
OTT-004789,Female,69,Premium,22.99,55,9.8,50,2,2,3,1
OTT-004790,Female,34,Basic,9.99,22,37.8,2,1,1,1,0
OTT-004791,Female,26,Basic,9.99,8,52.0,0,5,5,0,0
OTT-004792,Male,69,Standard,15.49,58,43.8,3,2,5,0,0
OTT-004793,Female,41,Standard,15.49,36,8.8,1,3,2,0,0
OTT-004794,Female,54,Standard,15.49,33,51.4,7,2,1,0,0
OTT-004795,Male,51,Premium,22.99,6,43.6,1,1,5,1,0
OTT-004796,Male,60,Basic,9.99,50,50.7,5,2,4,0,0
OTT-004797,Male,47,Standard,15.49,2,50.6,15,5,2,1,0
OTT-004798,Female,68,Basic,9.99,14,72.2,0,1,1,0,0
OTT-004799,Male,23,Basic,9.99,57,69.7,18,4,1,1,0
OTT-004800,Female,50,Standard,15.49,18,1.9,41,2,5,0,1
OTT-004801,Female,62,Premium,22.99,54,61.7,3,4,3,0,0
OTT-004802,Female,29,Standard,15.49,43,52.7,0,5,4,0,0
OTT-004803,Female,40,Standard,15.49,29,32.6,12,4,5,0,0
OTT-004804,Male,30,Standard,15.49,6,59.3,17,5,4,1,0
OTT-004805,Female,32,Standard,15.49,54,72.6,9,3,4,0,0
OTT-004806,Male,39,Standard,15.49,36,65.9,0,5,2,2,0
OTT-004807,Female,57,Basic,9.99,59,20.4,0,3,5,0,0
OTT-004808,Male,28,Premium,22.99,7,33.9,1,5,3,0,0
OTT-004809,Male,46,Premium,22.99,53,30.3,18,2,2,0,0
OTT-004810,Male,37,Basic,9.99,29,90.0,2,1,5,1,0
OTT-004811,Female,47,Basic,9.99,36,15.6,7,2,3,2,0
OTT-004812,Male,39,Basic,9.99,9,43.3,10,1,5,0,0
OTT-004813,Female,41,Standard,15.49,51,10.9,8,2,3,0,0
OTT-004814,Female,38,Basic,9.99,35,12.5,8,3,3,1,0
OTT-004815,Female,29,Basic,9.99,22,42.0,12,2,4,1,0
OTT-004816,Male,44,Basic,9.99,16,55.2,13,3,3,0,0
OTT-004817,Male,23,Premium,22.99,31,38.2,20,3,2,0,0
OTT-004818,Male,49,Standard,15.49,48,91.3,1,2,1,1,0
OTT-004819,Female,41,Standard,15.49,33,51.8,2,2,5,2,0
OTT-004820,Female,52,Standard,15.49,39,54.4,17,2,5,0,0
OTT-004821,Male,41,Premium,22.99,23,25.2,12,2,5,1,0
OTT-004822,Female,59,Basic,9.99,39,40.0,2,3,2,0,0
OTT-004823,Female,20,Premium,22.99,34,90.9,5,3,5,1,0
OTT-004824,Male,58,Standard,15.49,39,1.0,7,1,2,2,0
OTT-004825,Female,67,Premium,22.99,8,25.2,13,3,5,0,0
OTT-004826,Male,37,Basic,9.99,42,83.1,44,2,3,1,0
OTT-004827,Male,34,Basic,9.99,47,37.3,2,5,5,0,0
OTT-004828,Male,45,Premium,22.99,6,26.7,14,1,1,0,0
OTT-004829,Male,19,Standard,15.49,52,2.3,12,3,1,0,0
OTT-004830,Female,69,Standard,15.49,29,62.2,12,3,3,0,0
OTT-004831,Male,42,Standard,15.49,41,29.3,3,5,3,0,0
OTT-004832,Female,51,Standard,15.49,50,36.0,35,3,5,1,1
OTT-004833,Male,37,Premium,22.99,56,49.4,4,4,4,0,0
OTT-004834,Female,63,Basic,9.99,14,38.2,13,1,3,0,0
OTT-004835,Female,19,Premium,22.99,53,33.1,15,1,3,0,0
OTT-004836,Male,24,Basic,9.99,58,66.2,1,3,1,1,0
OTT-004837,Female,36,Basic,9.99,10,67.1,11,5,1,1,0
OTT-004838,Male,48,Basic,9.99,3,12.8,7,5,4,1,1
OTT-004839,Female,48,Basic,9.99,1,48.8,2,1,1,1,0
OTT-004840,Male,54,Basic,9.99,2,35.0,6,3,1,0,0
OTT-004841,Male,32,Basic,9.99,45,55.3,13,1,2,0,0
OTT-004842,Female,43,Basic,9.99,20,42.7,0,4,5,2,0
OTT-004843,Male,29,Standard,15.49,56,25.9,6,4,2,0,0
OTT-004844,Female,26,Basic,9.99,3,39.1,1,2,3,0,0
OTT-004845,Female,34,Standard,15.49,17,106.8,23,3,4,1,0
OTT-004846,Male,29,Standard,15.49,7,77.6,12,2,3,2,1
OTT-004847,Male,66,Basic,9.99,10,51.1,17,2,3,0,0
OTT-004848,Female,68,Basic,9.99,28,49.6,12,3,5,0,0
OTT-004849,Male,19,Standard,15.49,53,49.1,2,4,5,0,0
OTT-004850,Female,48,Premium,22.99,5,50.1,6,4,1,0,0
OTT-004851,Male,31,Standard,15.49,28,99.1,0,2,5,1,0
OTT-004852,Male,28,Standard,15.49,42,75.2,1,2,5,0,0
OTT-004853,Female,54,Premium,22.99,17,18.6,0,4,1,0,0
OTT-004854,Male,26,Premium,22.99,14,55.1,5,3,2,2,0
OTT-004855,Male,27,Basic,9.99,24,83.2,29,4,4,0,0
OTT-004856,Male,52,Basic,9.99,9,25.7,34,2,3,0,1
OTT-004857,Female,60,Standard,15.49,35,11.9,7,1,4,1,1
OTT-004858,Female,44,Standard,15.49,31,31.0,4,2,5,1,0
OTT-004859,Female,18,Standard,15.49,52,78.1,3,3,1,0,0
OTT-004860,Female,65,Basic,9.99,9,38.2,3,4,2,1,0
OTT-004861,Female,36,Basic,9.99,21,47.2,8,2,3,0,0
OTT-004862,Male,66,Standard,15.49,14,30.6,8,3,4,0,0
OTT-004863,Male,30,Standard,15.49,12,51.4,7,5,5,2,0
OTT-004864,Male,68,Standard,15.49,46,78.6,14,3,4,0,0
OTT-004865,Male,62,Premium,22.99,9,38.1,13,4,5,1,0
OTT-004866,Male,66,Basic,9.99,32,69.3,4,3,3,0,0
OTT-004867,Male,25,Premium,22.99,20,37.8,4,3,3,0,0
OTT-004868,Male,47,Basic,9.99,41,35.9,2,2,4,1,0
OTT-004869,Female,38,Basic,9.99,8,65.9,5,4,3,0,0
OTT-004870,Male,58,Standard,15.49,6,91.2,5,1,3,3,0
OTT-004871,Female,28,Basic,9.99,15,38.4,11,3,1,2,1
OTT-004872,Male,47,Premium,22.99,20,32.1,18,1,1,0,0
OTT-004873,Male,67,Basic,9.99,11,30.7,10,1,4,1,1
OTT-004874,Female,63,Standard,15.49,12,87.5,3,1,5,2,0
OTT-004875,Female,46,Basic,9.99,30,1.0,3,4,5,0,1
OTT-004876,Male,45,Standard,15.49,35,44.9,2,2,1,2,0
OTT-004877,Female,23,Standard,15.49,46,5.4,29,3,5,0,1
OTT-004878,Female,61,Basic,9.99,48,25.7,10,1,2,0,0
OTT-004879,Female,39,Standard,15.49,55,38.4,17,3,5,0,0
OTT-004880,Male,38,Standard,15.49,36,80.2,1,4,2,0,0
OTT-004881,Male,55,Basic,9.99,14,40.1,25,3,1,1,0
OTT-004882,Male,31,Premium,22.99,12,33.2,12,5,1,0,0
OTT-004883,Female,68,Basic,9.99,39,87.6,0,1,2,0,0
OTT-004884,Female,49,Premium,22.99,43,47.6,1,1,4,0,0
OTT-004885,Female,27,Basic,9.99,27,56.7,10,1,1,1,0
OTT-004886,Female,56,Standard,15.49,17,49.3,33,2,2,2,0
OTT-004887,Male,49,Basic,9.99,30,38.4,1,4,2,1,0
OTT-004888,Female,46,Basic,9.99,39,64.5,3,3,3,0,0
OTT-004889,Female,22,Standard,15.49,32,17.2,6,2,5,1,0
OTT-004890,Female,27,Basic,9.99,33,59.6,2,1,5,1,0
OTT-004891,Male,61,Standard,15.49,32,1.0,3,4,5,1,0
OTT-004892,Female,28,Standard,15.49,32,46.5,6,4,3,1,0
OTT-004893,Female,43,Standard,15.49,22,19.6,0,3,2,0,0
OTT-004894,Female,53,Basic,9.99,44,17.9,15,4,2,0,1
OTT-004895,Female,63,Basic,9.99,8,38.3,23,3,4,0,0
OTT-004896,Female,43,Basic,9.99,34,61.0,1,2,1,1,0
OTT-004897,Female,27,Basic,9.99,33,69.4,23,4,1,1,0
OTT-004898,Male,30,Premium,22.99,51,45.9,20,2,4,1,0
OTT-004899,Female,68,Standard,15.49,6,23.4,9,3,1,0,1
OTT-004900,Female,61,Basic,9.99,18,39.3,22,3,4,0,0
OTT-004901,Male,39,Standard,15.49,36,38.0,7,1,5,0,0
OTT-004902,Male,31,Standard,15.49,38,45.2,0,1,4,0,0
OTT-004903,Male,67,Standard,15.49,50,37.7,11,5,5,0,0
OTT-004904,Female,30,Basic,9.99,32,33.4,20,1,4,0,0
OTT-004905,Male,57,Premium,22.99,6,21.7,11,1,1,3,0
OTT-004906,Female,65,Basic,9.99,43,45.5,8,1,1,1,0
OTT-004907,Male,55,Basic,9.99,56,39.9,0,1,3,0,0
OTT-004908,Male,33,Premium,22.99,6,9.4,6,3,4,0,1
OTT-004909,Female,36,Standard,15.49,25,64.3,3,1,4,0,0
OTT-004910,Male,66,Standard,15.49,29,41.5,6,4,4,0,0
OTT-004911,Male,42,Standard,15.49,29,79.7,2,3,5,2,0
OTT-004912,Male,63,Standard,15.49,24,64.7,6,2,1,2,0
OTT-004913,Female,42,Standard,15.49,55,63.9,19,3,2,0,0
OTT-004914,Female,42,Standard,15.49,51,60.9,12,5,1,0,0
OTT-004915,Male,64,Standard,15.49,20,63.3,14,2,3,0,0
OTT-004916,Female,24,Standard,15.49,13,86.9,16,1,1,0,0
OTT-004917,Female,67,Basic,9.99,30,1.0,22,4,5,1,1
OTT-004918,Female,69,Basic,9.99,29,64.3,13,3,2,1,0
OTT-004919,Male,31,Premium,22.99,12,93.7,37,3,5,0,0
OTT-004920,Male,26,Basic,9.99,32,43.1,3,5,3,0,0
OTT-004921,Female,48,Standard,15.49,27,15.1,1,5,4,0,0
OTT-004922,Male,35,Premium,22.99,59,53.6,2,2,5,0,0
OTT-004923,Male,52,Premium,22.99,42,29.0,0,3,3,0,0
OTT-004924,Female,43,Basic,9.99,39,54.9,0,1,3,0,0
OTT-004925,Female,48,Premium,22.99,5,70.9,7,2,2,0,0
OTT-004926,Male,37,Basic,9.99,27,44.9,17,5,4,0,0
OTT-004927,Female,33,Basic,9.99,23,15.6,3,4,2,1,0
OTT-004928,Male,49,Basic,9.99,38,8.0,19,4,3,0,0
OTT-004929,Female,58,Premium,22.99,12,8.6,3,1,2,1,0
OTT-004930,Male,29,Standard,15.49,48,83.9,12,4,4,0,0
OTT-004931,Female,49,Premium,22.99,7,1.0,15,2,1,1,1
OTT-004932,Male,20,Basic,9.99,4,36.9,36,5,4,0,0
OTT-004933,Male,26,Standard,15.49,4,1.0,2,2,3,1,0
OTT-004934,Male,22,Standard,15.49,58,74.9,0,5,5,1,0
OTT-004935,Female,31,Basic,9.99,51,97.3,11,1,3,1,0
OTT-004936,Male,29,Basic,9.99,47,70.6,3,4,2,0,0
OTT-004937,Male,62,Standard,15.49,2,44.1,13,1,2,3,1
OTT-004938,Female,51,Premium,22.99,9,47.1,20,3,5,1,0
OTT-004939,Female,63,Standard,15.49,24,46.8,4,4,4,2,0
OTT-004940,Female,22,Premium,22.99,55,58.4,4,1,3,0,0
OTT-004941,Female,63,Basic,9.99,43,44.1,9,3,1,1,0
OTT-004942,Male,47,Standard,15.49,27,71.7,13,4,2,1,0
OTT-004943,Male,42,Premium,22.99,18,33.6,0,4,4,1,0
OTT-004944,Male,50,Standard,15.49,38,7.7,2,1,1,0,0
OTT-004945,Female,19,Basic,9.99,39,87.1,1,2,3,1,0
OTT-004946,Female,58,Basic,9.99,17,63.3,7,4,3,2,1
OTT-004947,Female,42,Standard,15.49,12,48.8,2,3,3,0,0
OTT-004948,Male,49,Premium,22.99,10,94.3,14,5,4,1,0
OTT-004949,Female,53,Basic,9.99,21,65.4,12,3,1,0,0
OTT-004950,Male,20,Basic,9.99,16,27.3,16,4,5,1,0
OTT-004951,Male,51,Premium,22.99,3,61.7,11,2,2,1,0
OTT-004952,Male,67,Standard,15.49,33,11.1,3,1,4,0,1
OTT-004953,Female,30,Standard,15.49,35,11.2,4,4,3,0,0
OTT-004954,Male,47,Premium,22.99,48,51.8,3,4,5,1,0
OTT-004955,Female,53,Basic,9.99,57,47.3,18,4,2,1,0
OTT-004956,Female,42,Standard,15.49,1,73.4,1,4,4,0,0
OTT-004957,Female,29,Basic,9.99,15,69.8,6,4,3,0,0
OTT-004958,Female,57,Basic,9.99,35,63.5,10,2,5,0,0
OTT-004959,Male,26,Standard,15.49,20,39.8,1,4,1,0,0
OTT-004960,Female,21,Standard,15.49,26,54.5,5,1,5,0,0
OTT-004961,Female,37,Basic,9.99,1,16.8,5,2,3,1,1
OTT-004962,Male,54,Standard,15.49,48,88.1,2,4,1,1,0
OTT-004963,Male,37,Standard,15.49,57,41.5,4,3,3,2,0
OTT-004964,Male,35,Standard,15.49,57,89.1,24,2,4,0,0
OTT-004965,Male,43,Premium,22.99,1,77.2,4,1,1,1,0
OTT-004966,Male,66,Standard,15.49,21,24.8,6,3,2,1,0
OTT-004967,Female,20,Standard,15.49,13,65.2,3,5,5,0,0
OTT-004968,Male,47,Standard,15.49,9,73.6,33,5,3,0,0
OTT-004969,Male,19,Basic,9.99,37,28.5,30,1,3,0,1
OTT-004970,Male,50,Standard,15.49,40,76.6,19,1,5,0,0
OTT-004971,Male,48,Standard,15.49,26,62.1,23,5,1,0,0
OTT-004972,Male,46,Standard,15.49,48,63.3,10,1,2,1,0
OTT-004973,Female,62,Standard,15.49,46,52.5,4,2,5,0,0
OTT-004974,Male,56,Standard,15.49,36,71.8,11,3,5,0,0
OTT-004975,Female,36,Standard,15.49,24,44.2,21,5,1,1,0
OTT-004976,Female,28,Basic,9.99,1,42.0,15,5,1,0,0
OTT-004977,Female,37,Basic,9.99,54,1.0,14,3,1,1,0
OTT-004978,Female,60,Basic,9.99,21,55.3,5,5,2,1,0
OTT-004979,Male,34,Standard,15.49,30,66.9,1,4,3,0,0
OTT-004980,Female,62,Standard,15.49,28,46.5,5,5,3,0,0
OTT-004981,Male,23,Standard,15.49,54,43.4,2,2,2,0,0
OTT-004982,Female,22,Basic,9.99,43,68.5,13,4,2,1,0
OTT-004983,Male,46,Standard,15.49,31,76.8,10,3,1,0,0
OTT-004984,Female,45,Standard,15.49,39,12.7,56,1,5,0,1
OTT-004985,Female,63,Premium,22.99,50,31.4,0,4,2,0,0
OTT-004986,Female,41,Standard,15.49,9,55.7,3,4,5,1,0
OTT-004987,Female,55,Standard,15.49,56,30.2,7,3,2,1,0
OTT-004988,Female,68,Premium,22.99,38,54.0,5,3,1,1,0
OTT-004989,Male,29,Standard,15.49,59,90.6,0,2,4,2,0
OTT-004990,Male,21,Premium,22.99,36,63.0,4,1,2,0,0
OTT-004991,Male,35,Standard,15.49,53,43.8,22,1,2,1,0
OTT-004992,Female,41,Premium,22.99,26,48.4,6,5,4,0,0
OTT-004993,Female,60,Premium,22.99,26,46.1,33,4,1,0,0
OTT-004994,Male,47,Basic,9.99,40,72.5,1,3,5,0,0
OTT-004995,Female,44,Basic,9.99,54,59.0,31,1,2,0,0
OTT-004996,Female,37,Premium,22.99,42,50.9,11,4,1,0,0
OTT-004997,Male,59,Standard,15.49,12,22.2,13,5,4,0,0
OTT-004998,Female,37,Premium,22.99,56,77.9,8,1,1,0,0
OTT-004999,Female,18,Standard,15.49,32,47.1,18,4,4,1,0
OTT-005000,Female,29,Standard,15.49,41,69.2,26,2,3,1,0
